0.351236729992544849
0.332412498313766847
0.345953431785420373
0.342614631320520946
0.313862774844504699
0.322063290357527232
0.295467265779499166
0.317943607595269517
0.331373751346480838
0.338453263983477581
0.333846702415356522
0.327393621861756134
0.320917173446485737
0.323997696554792436
0.335575762950615974
0.37438062979676745
0.321258728894316725
0.356914494860632425
0.352309461038161409
0.34258639709077271
0.377153952266695347
0.308580610738445837
0.327041609820932222
0.349766994762520156
0.306883656392555548
0.375863614436090621
0.315437184944509952
0.319071688542263365
0.345993837717318398
0.320740734160037788
0.37589380658648347
0.349855260719312611
0.316628517677597976
0.335914532291682999
0.357482814145396566
0.35222754231035136
0.333996330107842077
0.355839872919787581
0.309958285114567911
0.348973810591580669
0.354695328623187756
0.345846092045937137
0.345822841880674581
0.360011250309888675
0.296765825639791536
0.352055476869526152
0.348132588992188963
0.338255627117558688
0.358185128555062515
0.348374629205323805
0.359452858319931401
0.350571588229362852
0.338790062144035842
0.327809526033055965
0.342398512502423258
0.304077531536682655
0.335355038984676612
0.331066259012407604
0.30681668721040084
0.344989389566543125
0.316401598992896327
0.332913329346013587
0.302409726604884077
0.312203315097353051
0.290522579319603291
0.332500509694037272
0.338157634972949206
0.311074550620158485
0.307644478345199257
0.331326367078593864
0.32068549407505148
0.322627781260994451
0.324925276423653264
0.349829104365991961
0.331704445139088033
0.34400412428686461
0.315337290946099857
0.317685423402141176
0.299343749079001742
0.345914285992070136
0.346032509168062108
0.347183612384827367
0.310269814701142677
0.337856844585675276
0.323000936748081613
0.332186403694111898
0.344198588824401852
0.325684562392984656
0.302622544539704552
0.317008397209927018
0.324277327753436262
0.351272353049915498
0.328079742002673813
0.33227811184307765
0.351680662726809812
0.348508115466518109
0.301745118313335947
0.327189204603833661
0.321173412348577658
0.339161632592444251
0.31809517497910772
0.363183365882144726
0.322056276614607728
0.333651198134745142
0.357686906004618332
0.345443178698057018
0.329636403480508877
0.349060359196634362
0.345174007272524119
0.372317173452323569
0.31831465930744679
0.33046245534667007
0.327210808946749698
0.346307765946231305
0.341689531857483797
0.314748441607545726
0.361658293552350796
0.356077674466088956
0.315229911300514642
0.298196295683547052
0.356541885048017648
0.347434654493306183
0.295960339529892646
0.349117962951283611
0.296649716685308984
0.32543077396391501
0.328858415106397961
0.307995905835553363
0.31065653826303341
0.35616656339925723
0.308591710169449585
0.31159216290807229
0.303468699868834735
0.32868961600646468
0.353177814204637619
0.344501276334989004
0.298345077559964922
0.330795799053378192
0.323093681492294393
0.302447161702769085
0.338842317795622627
0.329631243784615224
0.334106969687620547
0.325538096533831589
0.302078329689056457
0.337318103674541347
0.337785511072477174
0.364751336595657449
0.347735520843439616
0.309084866258966251
0.320034011757399484
0.32686182668842334
0.318213326082156078
0.303502845724435921
0.333657830438885861
0.312752191128928436
0.376043759054208948
0.328215147001390317
0.30601421453197214
0.325186382085425219
0.342103202754083069
0.334425759968122072
0.33628390975171174
0.299819950660040302
0.327068154559645108
0.302023082033776813
0.305236517856867284
0.319359514968959812
0.30076338418371068
0.351136966342708357
0.333767785132472017
0.326968221051299468
0.302588125717908996
0.332800507286048819
0.348743764591547878
0.341441634262244442
0.323487208083742594
0.346674734842638499
0.350606195351891914
0.323700568644441355
0.293038713344661528
0.325949780570283565
0.330796094028380061
0.291356727117656034
0.358805285978109123
0.343593932759596654
0.329096444054392201
0.318905455241202396
0.311402935101602441
0.343559993263795826
0.357112985017585038
0.3050873288694253
0.30942348215805926
0.317429808769112365
0.342944067740160508
0.355046400749535307
0.360591991719580618
0.317503951178226884
0.352327203297178149
0.344197139790143825
0.353217657840159904
0.318308821593058955
0.316791651179523237
0.354568036000967313
0.337898449139023949
0.32137878689427074
0.341570029649802376
0.320796537616603983
0.31994633740310563
0.343792130593505441
0.350238634700352103
0.334784502195241196
0.329454989691734368
0.312137511743481422
0.298079564612895531
0.342875875022978172
0.336009410377151763
0.349596028762173494
0.305718458186785447
0.311894801936452748
0.319195788016012172
0.310908379251177092
0.336612125471433099
0.341897841466367036
0.327023630338307947
0.307812500311261839
0.314990089935634821
0.303828394568572469
0.295858299904190492
0.327639217207809641
0.315043347040674715
0.316898229796184761
0.316754542374471926
0.324701558762653997
0.374777052155982282
0.316527828618858642
0.303704015430438123
0.343098526050071018
0.310148650914722379
0.333071729649047299
0.351630823199735543
0.328430770682531181
0.337006931846614899
0.35530265138789735
0.304390473019503116
0.33749756157209676
0.330879696389005606
0.301400120148646478
0.294521997108546152
0.347425966777095752
0.355800436835509826
0.363936773116663836
0.316552203626613904
0.322346423099737545
0.33550434925886069
0.323110436005438761
0.295895019795827663
0.31965207319166894
0.303047534530788254
0.335952975295210898
0.362062114901285759
0.322447984539215859
0.307127924904293581
0.345642882615951996
0.354021866999646106
0.337531641436983165
0.34312859743282359
0.333579088518178302
0.329421239821953704
0.338855514340859365
0.30350868249821833
0.275336555858426535
0.366187163826075135
0.342502876082364849
0.299034241769743525
0.331200449311583101
0.329478978705623093
0.307362153166871543
0.315866074745972392
0.335187420067993014
0.347092279943168436
0.291289966450714921
0.322666755516507142
0.329715468230293851
0.338984013166815756
0.307820132186102657
0.295706005973545349
0.333967430597643999
0.296685069888066089
0.306455583353964056
0.310348134726743774
0.30580472039908374
0.374590218151733267
0.356699707127498322
0.301299745684121156
0.358336469020752724
0.289000976494701023
0.305215111959010799
0.317025424540423428
0.342294225323895029
0.290134831042543451
0.358304632063451423
0.324974321304313418
0.325796105320270979
0.336250913023230236
0.334830503376074007
0.338868762100731746
0.33988848508444397
0.336726801397748521
0.345106856573145881
0.34054312476236448
0.313590052089338933
0.331527225429334549
0.328972348478799081
0.344787740691571809
0.327258408672365941
0.311055366953228773
0.35309247631733276
0.29011641252087722
0.333037203067269472
0.350449646504312817
0.351367179443998312
0.304935252662586309
0.299066402889760607
0.334453675072166945
0.295383031005627295
0.329052845138078254
0.321018366940378108
0.324297357854826107
0.300221940812390675
0.350416963122165359
0.329710592813652115
0.312633460782832717
0.326982165252683643
0.352668976762500586
0.335483722479175683
0.3381673942905698
0.344651459001211247
0.308943246332775756
0.311774928553082809
0.343569514198561632
0.331055916430020414
0.344374855986882555
0.3002392152397661
0.34514469306595813
0.324076838182623783
0.334808000077232104
0.287040542183514658
0.323156620827269647
0.358988444684182728
0.343263593756781893
0.31876125469075689
0.320818266206574387
0.327966621407536352
0.309926249820805744
0.311557900296085932
0.295892167809004292
0.321389541089706576
0.330877674918920894
0.328629136422351475
0.322259698081866497
0.315724827946255504
0.312698861997388278
0.330336653972078231
0.316693993059495527
0.335858300518744823
0.337074129343795548
0.356221140384004598
0.338279213990711092
0.306495549618315877
0.281821263296921254
0.328091890907876216
0.294404148640013519
0.346637720516503656
0.310046997723453177
0.321941751076927463
0.337236099307320292
0.351786236485650716
0.356093144027694763
0.342394896378639735
0.333601932139126867
0.317072593325373298
0.341828495228494622
0.321615628054312375
0.301894930251562887
0.30462158773850051
0.363649397896290305
0.365271922002784077
0.321921135335684672
0.320191916352706329
0.334911509280462372
0.314337369566539127
0.31785577473438642
0.323492070349835681
0.317186308064260514
0.343657114068986635
0.319105915615123525
0.328846810272184431
0.299723191809246448
0.317983970261486282
0.321327407681373745
0.322259132832229511
0.30128222750919692
0.306858364046169729
0.312345861596673158
0.314002911401641216
0.333349684668330315
0.328876884816689086
0.315602856117906838
0.319779146675885251
0.31754430510745707
0.31738693415522945
0.342388269733739592
0.324504382310545403
0.321079362048063699
0.313923048161210694
0.337752782840489485
0.316870323262255726
0.313029173327207533
0.349121474355597816
0.316013142878917075
0.346806781350637749
0.332327607340399844
0.344034490475117805
0.304947178324016188
0.312039020706558867
0.350085890134115896
0.339212554074487249
0.30860333838610271
0.337446138382910266
0.317996659669724735
0.329675669056251897
0.3398878276399806
0.331370430930713999
0.313851757938308273
0.295181250945377671
0.282139584319016368
0.303556762176871608
0.328007393213472664
0.294438228368907762
0.317375208339930104
0.315913143441837962
0.275701301779005759
0.347898296435815879
0.34369161405806381
0.296659146178509359
0.309374771384351821
0.378289997799691358
0.341454066636771358
0.316420621223556575
0.335624182493961531
0.346042399086803232
0.34227561092213632
0.288017489032785456
0.309080908063272541
0.356316880512668521
0.306512047811492327
0.32483274109549426
0.350599691824056203
0.321617768666389081
0.303020132669422571
0.324277786251228217
0.337154758941993427
0.32742662812057971
0.341250893086165741
0.307928141445319603
0.300621261990166533
0.314706455219676717
0.331613360799801693
0.323793865854255902
0.297679967639397469
0.311220549741264119
0.310441269798950537
0.325075162244225779
0.329655560525511926
0.334015048253341829
0.349284392054087345
0.349026635428836718
0.333552019495064134
0.337303887138479752
0.308508735151044489
0.328295047783873528
0.324710048840117338
0.33022356319098134
0.320887791740662898
0.327196924918971233
0.284838158739212977
0.325807950805023727
0.357110822559483565
0.329817518630437678
0.32265518647409025
0.298153683586729223
0.339171463383463601
0.334374369118824177
0.292402241474143954
0.321592802567613634
0.317268923865939245
0.326351601728456897
0.347823251120624399
0.337804724753068719
0.355793990748496824
0.294388762447038543
0.373313057023003103
0.338414555051835486
0.354096360073573369
0.344378641693108056
0.315399894965408101
0.346880054573150354
0.369106834190110922
0.310959349047625289
0.348032918851063522
0.313552863939684623
0.339506965264384619
0.328078421218875427
0.321467017357126683
0.323529351684877342
0.277409716316168065
0.350233934438895611
0.344271064196415066
0.285399484575258711
0.328393811336418817
0.273933409409435114
0.309001611813849775
0.310052466373984981
0.29660329908932237
0.326647604333425823
0.316432196473526106
0.358868862833730373
0.331627651710883986
0.316258848522004032
0.32542539058764236
0.317686837989331006
0.343603231801560938
0.332321137849946657
0.300127060692257752
0.345282870687677323
0.324489684536236389
0.295958379446254805
0.355772635405980975
0.360820508826918518
0.302635557428967694
0.309868488063385128
0.298801933262644759
0.311388423689742233
0.320445997843501695
0.346692298590925041
0.308250048489423445
0.325020931817357694
0.33498174905236372
0.331525344659803323
0.341550771227617678
0.351749517890592334
0.323861411910934927
0.301195409654099688
0.33949101858818298
0.291718331911229201
0.359636372237243707
0.317633842363974517
0.279524119223142575
0.328218939114096053
0.312770948190813858
0.307983662717291495
0.284399636226166486
0.319117108735145816
0.339466993243982995
0.323178689935989971
0.337263642055460333
0.319088556565915504
0.322296759666812427
0.327364147047627618
0.336428903032083226
0.330566760634694201
0.373254462402968668
0.331110718493009437
0.356036653055382013
0.343756296155525831
0.254350256942921626
0.345798846342708521
0.312498346956880224
0.364192216211696396
0.311109142175066855
0.332096874956061661
0.304483902613789603
0.323960406316264327
0.352750404610667978
0.356972080423636429
0.308491882272547813
0.321605368110691459
0.324531052577135937
0.329142318354437635
0.292374951973083275
0.315287080021128541
0.289136515481603518
0.31639852589895795
0.33554473537148205
0.306893459266903923
0.330170538771441702
0.31609153055183653
0.360010208152460931
0.340973658559925508
0.319593763193302349
0.330495304829889425
0.304949818178242404
0.314101260693477435
0.355321640595568256
0.331529598083654176
0.306786787505804737
0.309361015590534472
0.35254639027260487
0.322154782098382497
0.298241289189522807
0.327008925711922194
0.352453685288562912
0.297976492746074573
0.325250125549757629
0.342284125754711899
0.329878065063617054
0.323353373283731538
0.361547187247982738
0.316722062440368934
0.351869869429346782
0.320023367641363521
0.312594011475081091
0.300716923321823038
0.328022940296426757
0.358905454457485229
0.336258051532788649
0.355844986883623593
0.334135072548590817
0.327937998382435258
0.315137394635814028
0.327746871189743882
0.285654972241084826
0.331101238337555059
0.292130185244849794
0.320045100302017993
0.337205466777425245
0.323294346535225707
0.29727092575133246
0.314775035862855601
0.305357179393464073
0.280479545990691748
0.304010120390247773
0.311005032416609761
0.319570229690603225
0.32837723270042396
0.317865899886259573
0.314598174579757417
0.301871000039472426
0.319706551881423384
0.29443810256533981
0.295375509209144405
0.304827110736275664
0.324980809551300875
0.304442201095349807
0.318073853511986637
0.324756510980912405
0.306442541325322226
0.320553477265479669
0.330829730542729628
0.332441041888849209
0.316079450912494786
0.352284346055418807
0.313537506054068049
0.360664614951092699
0.342081222221591097
0.347605611237142897
0.319327331671004633
0.350007110770248597
0.34356707716937851
0.30202257658071241
0.338827589875821622
0.28278448802587286
0.305802033414370455
0.311945626939155451
0.277598256959028122
0.309921679970676323
0.318822054511020858
0.327833091975072266
0.340286456503690049
0.329227451927442738
0.284317491566796199
0.343227054794455977
0.342956621954066343
0.339140121223093893
0.310271367964086109
0.341209854677480995
0.328366797078308292
0.345680832211414713
0.33108339584905816
0.33360821952060532
0.285736261660852697
0.295948142364125588
0.305143489330888473
0.318759764517750732
0.315723424529823327
0.298207227499291516
0.308751076660586876
0.330529921736763765
0.332484996094860707
0.341379844106156072
0.337442332723741634
0.318973132244506685
0.333080842428741086
0.307909975289737181
0.336249355509057046
0.30377155620845997
0.370678389492531513
0.350623034526925448
0.332214757675903971
0.337180759711223521
0.346737329370710556
0.324936721201764867
0.315112901322549543
0.314252821103515378
0.321839404851744781
0.281766945338284724
0.310180980111252669
0.306566247607694742
0.300378281111247369
0.33746111883906027
0.293927244998059667
0.283024937201126536
0.32284647041581177
0.29449829817459261
0.351964923692780873
0.31967142764310913
0.342430269193054471
0.351429462827695716
0.292428500540359515
0.334263301797086687
0.320794288182245202
0.34929970014724343
0.315008261190250105
0.317736360153494601
0.318055239466901951
0.314728602202422214
0.327751162514562044
0.297518276317941255
0.296644211751115605
0.371008919298797757
0.286884989052994532
0.338574111093571717
0.334741464970260527
0.306772471299903482
0.314021791867947264
0.297658276470231298
0.31290688295355662
0.291720757868478064
0.332176891407618469
0.288523416203007421
0.319443709926736374
0.344154573089484384
0.339256762672999368
0.320741287653729057
0.3319577331516958
0.315747881516099449
0.357992415396061858
0.311082744267294875
0.326575847050669332
0.306284904840078698
0.347426008855421298
0.326892279201488667
0.315045226412822954
0.335048637721994502
0.34611737608392984
0.333000680524340675
0.316793187860034076
0.305591910621292484
0.346733979145073534
0.339858215553069554
0.319814203516301521
0.3200489174032356
0.336902842662633817
0.301904633054256133
0.327463243512089719
0.367848297665245738
0.312621755233952414
0.312073769709287685
0.343416848747024162
0.330397688474628581
0.29621336981911206
0.333051047514686338
0.327454617436152562
0.349886003135442658
0.329244327115476021
0.328097956181706285
0.323530336111389927
0.32049211419092577
0.330259106442798656
0.322128622640040607
0.291497485074641294
0.321455109413228912
0.325559344455367883
0.313023945247362323
0.318770683818089762
0.307701972898460407
0.34696769191229121
0.313399270078225267
0.341202945423681014
0.289908909196066267
0.312805329131626009
0.314462058316597848
0.329627502916786441
0.290304346178140604
0.34512130021769355
0.321997868878924842
0.319628743611621302
0.34373191328602648
0.318388813899080469
0.346384962884639602
0.322711350818096376
0.301761112600073211
0.321538658485667761
0.357531638028736054
0.32488410489230396
0.338420637913511124
0.34222846842331156
0.305726781622563892
0.361361152002647901
0.313076858493328891
0.319173572494924618
0.367403985549147438
0.339551259870320754
0.345561805898840113
0.338638858611522875
0.307990520153942349
0.314000847619197776
0.345249594456752185
0.325963912099047626
0.300484192929715732
0.316844867002368968
0.331529325280022658
0.320881903711193295
0.34287628769783296
0.349277255901647044
0.326029106088874698
0.290674711311877998
0.297041156539504636
0.346455476092439374
0.335332393891688341
0.285194724382322295
0.338570062873452537
0.351573007310991614
0.311299829388721638
0.296784947407081223
0.309627281054984715
0.320907718823902621
0.318843472409847339
0.31897076590299106
0.334643766133331244
0.340101111808711443
0.314983690262187699
0.347856897537202614
0.338145028509571566
0.349010060819215595
0.358269448365423571
0.332171008730175521
0.321777132314846892
0.306658995346741403
0.323162911838362987
0.326669271589212884
0.324572034674454779
0.303709847453791926
0.320381746451049665
0.341925383389236837
0.28215669116179759
0.338822930091676133
0.292195973499889294
0.314391390504634327
0.319851980925290158
0.301334522482563871
0.324719081350327454
0.314768322446369986
0.312541444413274749
0.301110695471116019
0.359459485498674181
0.310097133680786674
0.326500143821211286
0.308505041891276477
0.337960125588314175
0.303798390126376161
0.32694048822015892
0.30321714670512756
0.292333862223948082
0.314493895716015825
0.305437945632396401
0.317233333098096315
0.343079839790898511
0.335812987867312618
0.320398051657543814
0.316097273032708626
0.358443719281723749
0.327864006475558689
0.332497246170601835
0.338135145701517981
0.312070560617689341
0.357408439942162093
0.29812983354267214
0.324767946195150314
0.3062971111938943
0.328434179569190687
0.34990319204764353
0.327154279905571999
0.270841088382975714
0.318154318595827323
0.330210981490294486
0.269357037781794539
0.289959616867992043
0.297174931680237508
0.320975174973677446
0.294302622484199417
0.29548068020546997
0.318337339655389628
0.338658033633208677
0.307727657459318904
0.32486271624012758
0.33051076519360667
0.333093848676152271
0.311039786734023771
0.305389434076099198
0.339309625348192367
0.303383330625658754
0.319367171264334893
0.33608514781048654
0.288786633486686484
0.341729900487173666
0.322284247450341288
0.325212245807702249
0.298983264960685502
0.312701765631459128
0.324313769635723337
0.289431464060455335
0.333063836294509974
0.354123682190563616
0.286447447890480322
0.355465984938762747
0.292049647857034467
0.307422612722381805
0.310061170973791989
0.316254014882558609
0.33388918722254568
0.29190243678656308
0.312899262972005043
0.270428449909037694
0.32183281969211297
0.302892063269876055
0.321986411203000811
0.293418953938581251
0.300259414881034359
0.322884959378144265
0.361487651758403694
0.323881124015926447
0.32786232486053396
0.321977520684774088
0.319865905299614006
0.314728124380571628
0.32196690034848735
0.32264477476230019
0.36142781386743017
0.31725078403219642
0.273497968487651233
0.310523342481075992
0.299839873810152757
0.310979738487914992
0.3538894071134569
0.31011501884768039
0.293837434627664762
0.341673166732117839
0.290201657322383733
0.303509558491695031
0.335769440284057197
0.292072422776220308
0.331561299996664394
0.30523195711282386
0.324929735286048127
0.301871915937335034
0.366602249218026088
0.322735132925542623
0.329733716816648814
0.31349298418472199
0.350663296023887239
0.310434861871487222
0.309431520589682485
0.32510256665844145
0.324684929600992378
0.333141480331493989
0.300682934344717101
0.31715336560901064
0.327191310532134405
0.29836948170275851
0.28789374906004106
0.328205961952128089
0.318330595620101742
0.336420512329415167
0.285795395009776299
0.3238736367692438
0.316545117888097027
0.34242320890426714
0.330790391448945564
0.329369325753047559
0.295978845199235119
0.292149344985679682
0.302368942255405171
0.325329190227134635
0.311376487847731032
0.338541574410964052
0.349948101969869974
0.316696226419078131
0.308852616110714184
0.330538350565370398
0.299818235780168474
0.298449266110929812
0.331860621478655637
0.308428665979767647
0.311113883762112353
0.342645482511984123
0.329546724969778049
0.307409960152841222
0.310562192376237722
0.320354228295146926
0.352889980457120722
0.313034590777696631
0.312855504743234647
0.327800295719389068
0.353680249012109316
0.326239628817473426
0.318676243604041565
0.31881571584146251
0.310482744964033386
0.323277039147476131
0.316964767311512685
0.29638322522836813
0.309695775877557866
0.285974731074258415
0.297753881375666052
0.331699612211186878
0.306112443076574481
0.31313706473374664
0.303900012846267997
0.345524491153703373
0.330455677235872325
0.341577567482348743
0.315538281045571467
0.320685028850191733
0.340238075757167635
0.328946113027620946
0.333808699239095064
0.334804090223575546
0.302012645182400341
0.320240913759196444
0.307298977837532294
0.293352286672140028
0.297997378092709486
0.332555160270576633
0.352819237769061211
0.304641659484931659
0.327351401785412388
0.327022926865985386
0.326773305295083416
0.291087382415896878
0.340793919513496024
0.316262693495025671
0.303885842741317691
0.301801875267703301
0.322704933753118761
0.284354377713156081
0.323981033816872044
0.317746587539675607
0.307753158854319975
0.329836299569189639
0.301822297132023798
0.281347369006033576
0.356093609338322403
0.303876108175882009
0.312773666493570635
0.325195080394020286
0.329625771316166993
0.304769590274742319
0.338625915392935684
0.337194957098436943
0.316021510809993078
0.347173941361406724
0.321429457487740655
0.335190448046139955
0.311677453399915094
0.292735946747636089
0.304282325310094914
0.338477788449031369
0.301670501917463474
0.35542860849275254
0.299006033155261308
0.305804426545120245
0.319993885518081556
0.318618715111005368
0.29422567981693204
0.303803800624117382
0.328610871789927983
0.317769296005748492
0.320071148961797058
0.333138556570037991
0.317971135410877181
0.326628308402514167
0.295886467868435366
0.314700318300897841
0.325054081281764107
0.318498924876155221
0.326967504502928441
0.319101763070478106
0.291573241325641219
0.291153072543859193
0.341115383531171712
0.326492373442574702
0.33543852379058664
0.332975155002210976
0.308121608891592291
0.319142221109879887
0.294540399582160828
0.329435685138260881
0.338967344666382842
0.320453244487594047
0.335350303238297398
0.28452819498152887
0.321218917808739068
0.311925870562795082
0.295651376616068884
0.308617438242035858
0.324214634794762757
0.324250861706099847
0.310965942506607751
0.308508301885112635
0.338704319777082097
0.304541314434366939
0.291639175803550921
0.331220149061576041
0.318612033176204512
0.309986713712261608
0.304721266233060228
0.308103098112262497
0.354161910954937431
0.342002370768368813
0.315871791231292443
0.318716190642264696
0.359541504353735442
0.302095911277338702
0.328344214905749721
0.281204371538177678
0.318711840535684909
0.317175040979512879
0.283051177116837194
0.319238682331444423
0.354284550725121161
0.353213273145460027
0.325046802390213108
0.31551743809970767
0.310086939973561571
0.312446376005822146
0.335487513015501559
0.33445409906093887
0.309147017482294395
0.295049163109907919
0.323541694283939196
0.314796533663868283
0.306225809811636551
0.28956232004940391
0.332790915029040624
0.301312781019703824
0.285589868925299972
0.321970011904363085
0.326231931683437226
0.290533205458030963
0.32133889099855617
0.31487312278919305
0.344995547809190561
0.26706418083568384
0.332134969048281548
0.294842629115125154
0.308989287004304058
0.296569558584483417
0.324179553311699453
0.308240713611351469
0.326075505640109342
0.318022250106342164
0.329191128132112154
0.332999644035263276
0.337721602395483655
0.325835453469282388
0.297877801443014401
0.337236876294388699
0.302334066653229872
0.340848402350395097
0.32651839209199951
0.342612668975596391
0.297067552246592259
0.320388176060165619
0.337974968140032361
0.361864787102116281
0.312956202994963795
0.303203010056912914
0.299400893074847185
0.307833851139663328
0.297688754046837201
0.29995765881609826
0.314899195701325185
0.289430987147777319
0.310623813067982812
0.340805931598311851
0.328260020769914784
0.346225550435550589
0.293826201244485663
0.318982215384012446
0.314337091895803722
0.305808350770288784
0.339957546952866174
0.334695129441068273
0.320840268492931235
0.318657060812540693
0.321664063024894697
0.271320681552070897
0.284358209785761651
0.316403515193871887
0.329409994213132273
0.304181145895841221
0.300676557993760252
0.292819108673651241
0.321615515335131663
0.29473162235071898
0.304403733380092467
0.325464941530121066
0.330154186320310739
0.319547202375237926
0.272415850654009306
0.309289772022601828
0.325407202803344453
0.297993154063464882
0.335365459834689017
0.329913209754262471
0.340567559287902832
0.306556290194099856
0.318351899505475044
0.323359141379990944
0.299028732100934391
0.302745524664760624
0.264286499542362274
0.294339644664503963
0.308724352082903053
0.306958978171525176
0.286336689015174672
0.348887832448130764
0.309684941294854077
0.313974410636928325
0.331122945030467575
0.317614871831082946
0.299343956744736128
0.31244036045084056
0.324121050022086132
0.325961773995566195
0.285827624905263533
0.289349530729007987
0.296491702589518735
0.316538754430038427
0.299183823764110624
0.295889247954277013
0.32617307408158025
0.314433798588249158
0.295643221461014238
0.311565721735299228
0.284450079127754052
0.311319708827029418
0.305900956131123003
0.318744665279052264
0.335979027690184895
0.300147578855580188
0.318901882786020885
0.318521892305903331
0.310359231445452632
0.274608979476787474
0.299120367484188021
0.302842073634335684
0.32433201211209306
0.270993656339093725
0.306435606630572788
0.280667009127821165
0.284815691880796196
0.314213328782286416
0.311063189474412416
0.287568504236666411
0.341892479323624321
0.312115779715414876
0.288687839729663553
0.308501865985756851
0.330679156063607815
0.280445708552708894
0.306001851959385507
0.311584209937640466
0.267564571221587222
0.310371416873014949
0.294630342007915602
0.306827469167489431
0.320861156550623416
0.29491824193775229
0.309758888817933287
0.331638801803926686
0.326288635705288932
0.307244627869601383
0.303950982566124794
0.285712356854088523
0.373162707540557803
0.305399761173972162
0.339240512145961071
0.294920202785550534
0.312204636303607341
0.26599444793639726
0.310847981763583303
0.302441435889174104
0.324969084798365615
0.301976599361314213
0.325487872231997155
0.293362913875485687
0.282471767047419109
0.308047756742262702
0.314161988435221973
0.340384328577678974
0.337719462193173392
0.302634072503149054
0.302878146720996777
0.294025001716969103
0.279542819986280666
0.326910477015689149
0.313199853698782615
0.325316278194890562
0.301222176065919223
0.314158535052325771
0.315806422955308641
0.309216631716175472
0.284349203172405807
0.306316259253810452
0.322345616069780239
0.313905075480482021
0.302858314222810565
0.322588910239890003
0.280846143239038837
0.297408350939146526
0.317653985187782151
0.295908476217101479
0.317407770144851165
0.309113471204773338
0.299157629989095286
0.318322620785212118
0.287049223288864785
0.289417328418291653
0.347440141099544131
0.306466354338393587
0.340181020319452132
0.327519219800899819
0.29488870086509994
0.302402387429614894
0.283985284899261892
0.288608983011486186
0.316989582602542341
0.304779473117945954
0.327571887916614068
0.286997285485331433
0.288717321947902728
0.295874773662727075
0.30440440256074125
0.291797970547393259
0.295752696593237774
0.31550257157298367
0.305818393581316073
0.274608111737560667
0.299591673804328829
0.292212811024339825
0.298599687226722532
0.293767162480143673
0.311696149129120026
0.305463769510190331
0.360384930000668846
0.326543765929727836
0.289820026219519411
0.287672321640930317
0.31438039398712142
0.337649152749886439
0.31255698319050329
0.278740540873344489
0.277983524395003456
0.326536212880402243
0.29937198260748954
0.317806459587050338
0.296146860238290233
0.308119223473807602
0.340173608090745927
0.301136187211634432
0.338299989926614364
0.288651558104545403
0.294759897663855186
0.289264692583889593
0.304291305602267692
0.285464033749016077
0.316517347504309099
0.311280394431476148
0.323254558766087885
0.328823075680103272
0.323435232834087538
0.288405263337445372
0.284259898423019297
0.324386207870597798
0.290002086016859617
0.3106631380144661
0.315197525800795408
0.283062674764126054
0.319434143311789764
0.313144560518244686
0.300310730770422252
0.283716066822885304
0.292703845663209894
0.337574067654995258
0.296800002927677442
0.304396240341489321
0.298036193242954939
0.286830061304886641
0.290215166599794738
0.295772344481705696
0.299497405048879561
0.314070027587161293
0.316988366853583392
0.284213592070369891
0.293313270298494855
0.316683374102361526
0.259729497793634689
0.295883320784775306
0.311128975233798788
0.303270695019413949
0.334491219967403719
0.254278934546692981
0.296663259727346473
0.306558095138854569
0.333987334765643518
0.288859860458886508
0.307044492234297584
0.35243887481715741
0.302136858149207654
0.295389066730919969
0.295997720195777303
0.295855590845248262
0.30441010124591189
0.278635814049747965
0.307821772575297414
0.295148187626255665
0.304068598336377338
0.291271259992323284
0.297691601451659127
0.27171159327878569
0.294224134175337659
0.299542735487677458
0.311650131101237016
0.270473040451510938
0.289485899897113041
0.279532643900417044
0.35411830285232837
0.294976193771193995
0.314008238432427367
0.300463441335563297
0.280754062444272257
0.275761889027568374
0.299638470316257732
0.292133853278349342
0.312560290662385887
0.268699675212677069
0.327717354428166796
0.307812787293491985
0.239175403205395154
0.325930455025058519
0.308120445673112808
0.309359963442915997
0.304975296647096827
0.256669208218765155
0.326261745801610659
0.295329417392508287
0.266460746562422857
0.29383521549827929
0.33456188002459003
0.306669798621784173
0.2667900458537249
0.276392942943422204
0.325467825822556345
0.286110388577126562
0.319873641684137122
0.297002130626294603
0.297212086451310198
0.289252294406684651
0.305911912437173694
0.274350804479816412
0.254435784671281862
0.274372455764527512
0.28504086622600916
0.316302976671648861
0.291489350431140715
0.263627050002990082
0.308879931752455594
0.297932101154068596
0.309557287569515949
0.30954556447767495
0.274971693012366014
0.309570860314095753
0.302236815376526469
0.331839943192351217
0.270384058155412887
0.301839407055848274
0.31978529188952981
0.272178042820535093
0.285968096614634348
0.299137068642580606
0.310823419143164414
0.321838194296929225
0.246700848494266656
0.282307974650491011
0.30921385173426158
0.300642508831288791
0.294050932122848774
0.30666559895969675
0.295913675989746716
0.307872662288103505
0.277797031877911937
0.262069065573916071
0.274955674664853766
0.301010890065677328
0.261426330819034214
0.30329942344684141
0.306748100149163927
0.327644442620585341
0.25965718529051518
0.266672264360829914
0.293342648132780603
0.259412561482632864
0.307952160401216424
0.291654420040765416
0.312353614890909959
0.296755002508161336
0.272525717949739621
0.326485216538864698
0.304620722342815953
0.27364266857286712
0.299556543946069453
0.272058118255433745
0.278447630859597561
0.272188499524318506
0.297550675370956863
0.277661673256465402
0.260279534936550316
0.301223133760534112
0.286582075268925596
0.320918041945967347
0.256562877206187256
0.295771123500050526
0.317382758910766671
0.290843635067788819
0.293018187889933834
0.292607860891960503
0.335213854538768841
0.282517856652150068
0.278815396479814404
0.295552329029998062
0.257652362064047846
0.299787181876578768
0.272996614180757602
0.256148524848657355
0.30660103091155877
0.280446950879258528
0.28501132017404629
0.282149181010189154
0.323813540013256296
0.253742620116948259
0.312858118304497723
0.33881378340969337
0.30384085722944959
0.259999014732683553
0.291836816709520941
0.267568938908460896
0.282183742286754358
0.267411692776962251
0.306929730026920089
0.281454259416823949
0.31215415711165001
0.272067866621147902
0.273583445711190254
0.264919670274979757
0.269146838916605513
0.278636270487283733
0.306159680768718023
0.296314354619447551
0.285436887246312998
0.277805183045482518
0.24186571236152396
0.30053962701687903
0.276713897506220996
0.25939487203566336
0.303173531525019468
0.277132427573705653
0.268787921844010069
0.271727742658730009
0.266327592771394395
0.263397318933248636
0.271925718504178571
0.245212068734413313
0.268345317292992769
0.285822538161467743
0.298257132727999252
0.298822486435083468
0.310456882400674261
0.300803510996194123
0.289259358234552677
0.292194861068112544
0.291652145447349465
0.276279139244618999
0.26060410189144384
0.288277136623902197
0.264672286162913328
0.296217408121831116
0.291431924369573159
0.261493958614577027
0.271957117968488482
0.29270288180044074
0.276880122789453176
0.276474011008169596
0.276594646202875383
0.243507630620839466
0.28781487942039391
0.276354035609485404
0.280115638995547589
0.268070318341413816
0.261158378233497246
0.293414380983718692
0.32094044203336819
0.299391931600966887
0.261036307936372169
0.247977367005953214
0.279511203925928542
0.317114984148978096
0.261654493510313113
0.26146858345609103
0.259981260354539501
0.293863338030951993
0.272946295729963817
0.260725645997420097
0.263159392192847452
0.278735084002259048
0.286178910978533985
0.270088817550619364
0.256057552035953206
0.294486487697017851
0.293475548003760522
0.270312417702138097
0.27896215183739087
0.302192386643903244
0.268076314387819814
0.264844621761593901
0.275122152112188434
0.305105858622567505
0.29287285253832418
0.262633169549346179
0.28165129570410774
0.277370715053117722
0.208346588590892556
0.287871372596758934
0.302756141232071563
0.263877295751630936
0.279312522561980636
0.259132302545391713
0.283720519135982008
0.292823269775808637
0.285680559584431115
0.305364010984956358
0.269431567207223943
0.285076617675479316
0.291335497037452318
0.245126726579234677
0.278385968099546244
0.231302986730161864
0.287085693163591116
0.27519774951520809
0.320636847843142225
0.274106217962971188
0.247022829893985107
0.280920391392546542
0.323379244226514317
0.295267326411586317
0.247964338556294378
0.296931563339810467
0.274183526780318487
0.296707667109445905
0.281364224054056533
0.261392383565820452
0.265991373398804132
0.288216820102167537
0.267316756208962669
0.245134152427851443
0.284499369257341816
0.244615139044463414
0.297183124648283448
0.258741670612453067
0.258911522512133396
0.295606021606966141
0.288797955561743147
0.232603935309246779
0.247491282143353503
0.263096196479931987
0.278001506513682328
0.268807259430570655
0.255828333512806483
0.252050380768304938
0.261394256321110297
0.254780157216275727
0.279184855071941573
0.253331366456969131
0.248327566803201921
0.302851293124594578
0.243727987213420066
0.286749376298596093
0.292208569498216608
0.273814506025381821
0.287145961691491036
0.327100988160952399
0.276436282846128367
0.256988612463501187
0.296367221235786293
0.269994159576765091
0.269630063821886534
0.276381791570259661
0.24213344672864226
0.258972078558506735
0.279225367987549433
0.263961915360578225
0.28623461328757871
0.276126318632839762
0.238978278814820866
0.295432571897095375
0.282969718511502155
0.252505450389170438
0.284389521503284559
0.29414063226173659
0.269224477350460512
0.279260875672520226
0.298238886892233546
0.298320036287460288
0.25654201531912918
0.235291229604050439
0.272177198645820961
0.266971875893978416
0.263958164747009005
0.294045132849532487
0.242544746324592331
0.268762874579951794
0.225310685467644406
0.263798517033562829
0.261931896765527639
0.27855950496397297
0.231515600608515615
0.286135980491512509
0.22111164326625371
0.254475277935682476
0.265577904028541645
0.270091248462957068
0.267931554428281204
0.273540361340179172
0.274783098607662368
0.249107114340449881
0.258171407560698063
0.236541439251259616
0.247387513219248234
0.266806633142284311
0.290802266861857117
0.261202414170453312
0.259733642358191519
0.241239672312538539
0.25585676694163817
0.23618826744113991
0.244815451594898287
0.255678239505629346
0.265282970283419239
0.253513999454607897
0.262285321275242789
0.251351736987796448
0.237303097996873325
0.273829772918937731
0.297481156900433197
0.281863466449119415
0.262300356785343192
0.274637729072995496
0.242202540537435451
0.255298657568905407
0.256647742771225096
0.247332174488192669
0.275435458093696572
0.291977448474203038
0.192259200532605617
0.288014340961586401
0.2338297801798912
0.258528203018632108
0.248465427048652876
0.278911892288405294
0.285220396507545937
0.27728432103761208
0.29336721971752755
0.239369340361312161
0.232781750364811663
0.259503762053568121
0.238390766480568256
0.26087396757335013
0.266502321618295124
0.262809372593466983
0.263337717495254975
0.298850508723270181
0.269166832352892071
0.258075181081881544
0.294112185808669491
0.253539600378410668
0.237112934616609483
0.294873748568426963
0.282184521049182568
0.259806010808432131
0.276696486043641665
0.245001403633154397
0.248227751368728849
0.258215159327367494
0.247180810495616632
0.241720038929206821
0.266956980345228967
0.273145719415940402
0.231154973973155875
0.279487634412265817
0.271211597709596519
0.253975990426974774
0.283628157020777316
0.253829432934323918
0.284953863826328813
0.237659957920281634
0.263168896206990688
0.283025862519617533
0.244996346971701473
0.264828000932068708
0.212821154086606401
0.256486837826594261
0.255228384838688982
0.238911617861554293
0.216571243612168757
0.23306833123496809
0.271147807835847687
0.262021444256282765
0.26567548794817536
0.279871169910717699
0.225786283167550894
0.253051769529640591
0.245530568304988345
0.248937204467831297
0.248172981333999954
0.262952388904844792
0.247264613409671152
0.282350234694768665
0.211590747964625264
0.251889968692922517
0.284610070471786991
0.2728510979933918
0.25019730825043196
0.238585279699558145
0.265137776005299086
0.252744221227376831
0.240395296377899165
0.24361320773497111
0.227229299818860225
0.22750790168390167
0.261069342251761094
0.258302267117520634
0.244615415649347967
0.240941243357786133
0.269559339541851961
0.269658256952301389
0.264596126205627724
0.252551094288241962
0.238889703447941637
0.270234659983497993
0.235097361976351921
0.266786089012498118
0.228419235099773271
0.287349247443886957
0.271131675067283084
0.215170414033890728
0.235618849801489672
0.253004394556813561
0.259408645736460997
0.211641124985304296
0.214492412900107288
0.259040096697626676
0.276210434405691485
0.257556076052427307
0.23595904279024657
0.233331939168964969
0.239697884890062329
0.259701968204636147
0.245941778302456199
0.21907907645780797
0.263279421437699612
0.221000044970477538
0.282476136869199923
0.26261863023500337
0.249083453567686103
0.266162489389249746
0.248116653564521172
0.289757293462162724
0.255402760029245612
0.244757264372744365
0.235173106302072055
0.242068551095873746
0.297242960968843173
0.221468550581038814
0.263918238515151671
0.230573401495781233
0.215783381482931413
0.214538390348373104
0.226086019439876329
0.248708460776081441
0.228602077744157167
0.240326224495515772
0.245625688172297213
0.235725817954384659
0.22315151549019735
0.279572205473498481
0.238302442324649033
0.260651268952147186
0.234132598679586801
0.269709609065014289
0.232446886882830828
0.231048321103131976
0.191586707890598479
0.241229121431324967
0.230364916227197458
0.242216173683472646
0.260094792626066162
0.242046464109749643
0.226654452721274963
0.201102573646781857
0.250455965230735322
0.269080833366474204
0.186678356642105525
0.239527454548538854
0.236059053224488224
0.276452969568793061
0.214178220315122708
0.246839516935569436
0.239920618715191158
0.241655487216934944
0.229331220284988896
0.235177835799072282
0.261555685549498873
0.238163175126230031
0.196010349949439999
0.240869912088586297
0.233525767256136024
0.227462231154471783
0.221468519206776349
0.2364956618398176
0.272541505154519414
0.234710086633184517
0.236255462276900863
0.246454967495032123
0.222540932125980695
0.245690646424828102
0.285264914977704676
0.218400451904277898
0.199421946860309451
0.25120011500179068
0.226766237170732993
0.261251127826282847
0.251321420283568409
0.24210968549350842
0.26615784542178772
0.235719290057884945
0.208365737788821781
0.219712459693130829
0.244847824508055534
0.251182884585115618
0.25088521030718719
0.233634112654590803
0.21717045136317531
0.252831480435391553
0.220409210721322607
0.219465900921116952
0.220481304821264545
0.21759169492739136
0.230641849125545473
0.232520028955231245
0.235290388075367257
0.223227149091889787
0.247034290064066742
0.210116225752257468
0.255853286034422867
0.229405956462513716
0.201269130543223734
0.20499707774869258
0.200355901292475463
0.212695999225475135
0.194265976878700952
0.228800305772347418
0.193965390297400564
0.242972629906133136
0.252190017509995479
0.243199112113088783
0.202606457529740741
0.204589024338867387
0.223721683597143367
0.251623168971404132
0.228831562376396458
0.262530197341344029
0.237713195035055086
0.255684419968994825
0.225467295722761418
0.238370614146204668
0.21332687418456564
0.244354344430037229
0.233777670430886292
0.197430432874256129
0.20193754155056054
0.17582837878369556
0.191414466150147844
0.246333451988540481
0.204837001068437385
0.243509195765641812
0.238882076446808561
0.212836156298212648
0.237419446726204075
0.226058447853017375
0.233276476758607881
0.198541642210139424
0.238757171364281012
0.209962038516816107
0.225076302177896481
0.215804033995165206
0.209529299719118739
0.183028996401673832
0.209322799746060023
0.200453990504943141
0.235543303044729785
0.237776069168799287
0.198370448649021092
0.210846396452701479
0.223318025821578642
0.231995414241622927
0.240580405912116241
0.199752078911420133
0.22221703199105261
0.255740982092189539
0.241752207444378697
0.21196600566870924
0.241854363582501591
0.209061630644000324
0.216787773175243947
0.235614066366806457
0.232143583337197035
0.215397432200168548
0.243294848506318884
0.213416257447918145
0.2370429230997535
0.217419428688822414
0.193757915233769756
0.210148795578159853
0.226591086751171761
0.224374143961825701
0.246881301254930519
0.206148623362514161
0.207095441247830248
0.216439446416158088
0.221516864495822446
0.182987665952517614
0.203501498164858075
0.218375240669131332
0.232992867895903844
0.232020924682117435
0.207766325075217362
0.223539052457488369
0.207050701963153089
0.197938667627448689
0.230018497734040817
0.214016256047286052
0.191828828176051153
0.232893531584498714
0.219350329917884002
0.211177153446932858
0.21492699947373789
0.221604685446504301
0.244438277207288224
0.242500262042746328
0.209024772325747288
0.178864711631482792
0.192218417992069568
0.19287234148541163
0.200857421608339581
0.216410469871601535
0.18165217594078592
0.185384192493356748
0.198944975886233305
0.257874633756824678
0.220372583845100278
0.191547460674497017
0.248442113156378097
0.228935761553737543
0.274441752013976248
0.167721194918591804
0.191965685761468524
0.195381725730626676
0.197989150849551293
0.228506745217772311
0.218425860712894271
0.201025761196943487
0.229157964449136858
0.200717113499875893
0.219073260607051484
0.220891064066030124
0.175497721494762782
0.24975221336845671
0.200670797856443123
0.242715724307722341
0.224513961895572128
0.211553676125372681
0.205682625004856595
0.194833827181209562
0.156076588422671719
0.223863741139711608
0.219086490345962226
0.220954768179223188
0.215263178645781678
0.20910416634653653
0.208455179489348524
0.198131956326006525
0.218038322546508956
0.154852596708255602
0.222687597681471922
0.212798612818473593
0.20351554231706126
0.225980362188885037
0.214855511162054924
0.170291287213913678
0.195785143230706032
0.204727140864312651
0.21669643050590115
0.165559657276229316
0.241954806796430055
0.235573272728989563
0.191787547785610857
0.18936865367981412
0.223373245494415701
0.21101448232613218
0.202744489491133356
0.232380866882784726
0.215516402434023258
0.190631619157431015
0.192787978696405765
0.20630853911651903
0.202955693502204854
0.232430585385349081
0.181914987632456698
0.229928727092559182
0.22133349819962872
0.214642640967626308
0.206665754123642992
0.201704203175853108
0.190003876140710792
0.214528029944955345
0.198624985707136492
0.199985744740240556
0.165122770178126765
0.19474070164233051
0.180642198584323066
0.198588117031655298
0.203771551202324763
0.174845450973344557
0.200705799274939423
0.226259896920960935
0.191785412407700223
0.207626159808768807
0.214226724665479984
0.218612458745679444
0.209455210333690856
0.204213031844141912
0.222126906785575728
0.212905881756593862
0.188090499197248601
0.19108238452981488
0.21097010670171798
0.187379645055914562
0.176562913195344229
0.188550344962613775
0.216070943682351913
0.189471386449784701
0.17821873580474154
0.198759843540452535
0.190441586851671979
0.201055603589870374
0.236421474755122568
0.179644802247731522
0.174031652567954054
0.179698741375487969
0.162966979585735416
0.217771170103650158
0.171919753051027857
0.167958513604079152
0.186023312911584082
0.172384189288673606
0.208139521022341567
0.208665346015337927
0.197543778717296226
0.159402262411179663
0.196786415060466263
0.229623776845791577
0.176434556992644931
0.209634002742067282
0.204800759957354861
0.195104869959271232
0.196684526636188683
0.197356588020526968
0.174079197940306241
0.206586694519034664
0.199157050450006312
0.204191110616853799
0.199058767115580376
0.178505787953383122
0.212317680848345153
0.159260583704671277
0.201767447689213342
0.183225772419493449
0.196957748820963591
0.190705952535905859
0.187178918508402431
0.192261688300093242
0.20448007131231985
0.191709724803122206
0.197978086741516568
0.209658062151649005
0.207818272250764768
0.20737687097197488
0.169966195111652452
0.195397726594877891
0.173541985690054329
0.215683191341992209
0.182080450430589874
0.172160762496528313
0.151931350589006309
0.166092310578901753
0.177153514506221049
0.205499683820428908
0.185511851794934485
0.156332079966610249
0.189452768096759205
0.167555496852605457
0.185880294186266309
0.179412109706836242
0.163439411780279015
0.209420177940540131
0.194676937674851919
0.169134230754506121
0.177235431633328916
0.161362025583484253
0.189288019715928763
0.183276412443902442
0.206770301014289615
0.190034129878934144
0.177943222308346749
0.18239772204590296
0.155312342960646832
0.160315374287925388
0.172768564803717106
0.166887498754159536
0.193348230676757021
0.189419525364829311
0.189454040350966385
0.173317320022859683
0.16419860226769234
0.18801386480976176
0.157908261012390638
0.163098608196582423
0.188453756616250717
0.189853193390578184
0.208581606302956218
0.165892903458345065
0.162794530181621599
0.138341248566346664
0.198405476679473197
0.180279488670483073
0.174176916655452402
0.202434129920492312
0.187202272812940634
0.168230123096608591
0.16489177761799656
0.121770641202745805
0.199828311085415433
0.178368196693641012
0.205886934828497931
0.213895698160871672
0.180537660531922939
0.150294475275744299
0.199339287972239404
0.154576865566976696
0.192962922514631818
0.174723342976596141
0.18851219262362659
0.151734109817711266
0.192326706959342841
0.168247599450985358
0.17863675743434998
0.188075748298045131
0.199354416667154366
0.164807577250752346
0.156728346434946764
0.167732306743754611
0.139324237868998502
0.172136686008599993
0.189538686648363652
0.186682178993037656
0.179139378790306031
0.18207854649337632
0.178287183956844841
0.133037258977193873
0.159113352945218972
0.152101692933235721
0.162199268203504221
0.151138028551703635
0.160342783544877437
0.172256092341800254
0.155310662729608223
0.170753622824799195
0.167612385841050898
0.178855473635290113
0.168368408121469276
0.167931512647407577
0.133624534461879552
0.159588110678707484
0.162254222942203458
0.183467197235824941
0.183317798292492173
0.162857367116022611
0.171675485146895623
0.161931242813281778
0.155722765058781409
0.208482107370144165
0.195710394650459307
0.153912498809514409
0.153614557407043856
0.166210430011466209
0.123093771116565387
0.141768707627932339
0.190032958846508143
0.182451749467107405
0.185015624918645205
0.171154696566539199
0.170520699200103626
0.161461992887769218
0.183501557979162649
0.163649904980521038
0.170892309094701961
0.182511720905474933
0.167633911986079326
0.174044395971659022
0.153602386521940082
0.135422788071120542
0.205807814386545718
0.148458406606352677
0.17301561723507719
0.162248806729729411
0.156019342995799282
0.146500273981913176
0.193760447861401425
0.169898776128936446
0.148964697344949437
0.171637659986462687
0.194559281098274417
0.188900483212756654
0.150183092371859395
0.159148433773597719
0.154649465293017235
0.178239950367831856
0.167778180223318224
0.157091346724117481
0.150021538953726774
0.13256292190412719
0.158095178968350653
0.165386029129610451
0.138418658546869078
0.144437330708628353
0.168863486392259898
0.156717427933972392
0.12620955164619696
0.183257265979774459
0.180645434588806664
0.160638899675607932
0.166745191334912529
0.158650553023330948
0.165832878529520139
0.136839691665354368
0.170612700060676525
0.14430586858591557
0.0921981525981876715
0.180892105111964963
0.137382782357900024
0.167942642637973344
0.203913477875397875
0.180954467473009722
0.104834615664739533
0.114957369358993367
0.14169811682506761
0.167917994669216253
0.121183154264415449
0.157099645501639157
0.155046377174861916
0.145497904514682197
0.162906611979344862
0.200027299121645075
0.180534730834927243
0.189914132692246773
0.18952852013619842
0.149430697069527857
0.168974611818783177
0.129684445192245729
0.125983970120465166
0.158991827018579335
0.183994762132999423
0.16011825539746391
0.101047357913488164
0.151810140137769445
0.141166244483242248
0.156279784528149362
0.163669081881040207
0.162244656945705279
0.170833807608413296
0.128052322831085891
0.138233772057058973
0.179353431694207394
0.108713629283199081
0.153164799660427897
0.179476244947773561
0.160260214431379222
0.154894685391037734
0.122296718219629189
0.174898337946776894
0.176371362579812008
0.147189113568396701
0.106660349250642023
0.128126974566725643
0.153299083532368319
0.146313846066984721
0.136169211880836805
0.145285803719316237
0.117430002444642897
0.161354231354111144
0.145973326048732394
0.163879665830646531
0.110878199471526245
0.131545458986068009
0.134245546649649605
0.179270408131278619
0.114957358266998433
0.163962151041568471
0.115932911664060265
0.150925848273437441
0.133002606652528971
0.151569501799641682
0.142254685449715534
0.108888675795559123
0.177325037533383689
0.128915651040838825
0.194032630431183489
0.128563964962668059
0.127598146085738079
0.114721922079437585
0.143981137136594217
0.114693918787402246
0.14756178450312718
0.150292600553144279
0.127577720304882319
0.146853702909645556
0.142733905816084389
0.109830713211573949
0.1078429014963459
0.115300462906183981
0.143353504302862228
0.163013129074488949
0.128438145328616748
0.13354978179439142
0.126372642191797585
0.165853080391839075
0.144321217464771917
0.106509319983086603
0.15617950292050492
0.164253363644794204
0.138016184891415539
0.171688885880700443
0.116493870139730005
0.135080336655613115
0.12023668474767582
0.141667987268120216
0.108757039907496217
0.153462694412376505
0.132257442377305107
0.153140175994663869
0.11054639214391121
0.123904755318763549
0.141531538251902178
0.124148550133923591
0.111335690643375937
0.120322209965670057
0.138572294889266895
0.143680369614993725
0.186122770145556365
0.106433755188154011
0.130334295648814907
0.125165868455758
0.143706191227168961
0.113349851136888946
0.136159379936953456
0.105450846726366759
0.0952612903599583671
0.142797938543794828
0.143470322038196874
0.146965639340685433
0.130379905199457913
0.120166534001672612
0.150439669444866087
0.169819116891761324
0.13334200629359122
0.128988693818559069
0.120998914271957289
0.108670556895327439
0.125360656311445523
0.120851110839318321
0.0915308216885204751
0.157153446435127325
0.114253374324595564
0.141736113345075632
0.149404328285909993
0.127780830493463754
0.155432259867881922
0.128376818045474572
0.136148522897107854
0.0810047693312400952
0.121948213092756858
0.131637860488655584
0.109049732253587398
0.12743462659610133
0.148222822920496072
0.131542212063431169
0.137906896370808524
0.117337870055899587
0.122746335050035751
0.116875897029468642
0.113199217122148879
0.113436408275472994
0.121857527437430391
0.114850748911673906
0.116464919569160968
0.145328310604705996
0.114400332096711785
0.120712869246877547
0.0945673797486247664
0.0959242406079012233
0.137641552285619362
0.116927435756910517
0.0947921545409934618
0.125553343430334113
0.135356347010762934
0.154283231277349109
0.0995236282848545178
0.141699374488293117
0.127785014200585079
0.118296993352338925
0.0976108752989123113
0.119461969933570417
0.133491499395706814
0.117535586411647824
0.0983688887457828814
0.0996974817526836282
0.133136655971652001
0.119788573018113936
0.147183306679343318
0.0850234965717586721
0.0871506716544342974
0.130014895365256011
0.127873193366909221
0.129015055280138541
0.118439435219425529
0.151348604180876894
0.12579981498294493
0.0925914897527885111
0.131606151256645959
0.119589824616607499
0.144797871043882614
0.117786137586632228
0.113894040880077679
0.0632949581946495032
0.132210691280783138
0.119979797037905539
0.120481315594200444
0.125830918267280101
0.116636587409962869
0.131463277574522031
0.110616117309330186
0.12275220151430459
0.0935214002129985955
0.0882748189938722116
0.105570332269429551
0.0977027217811754223
0.128797276297939939
0.106172371400880344
0.0942412267026080941
0.133733215629550706
0.0820001877410815316
0.0797183124542828192
0.120119377605686639
0.094424262733517339
0.102104370302341513
0.0711586684312250084
0.122901147926385651
0.114379054187734336
0.104958223507228748
0.126062439185286729
0.128098475279522284
0.131542742118450212
0.0938080040589490682
0.117730937304523095
0.12841944434700478
0.127908794677416365
0.13757379319570967
0.0931257016115546593
0.146551856365313399
0.117012003808339801
0.114027242051870453
0.0571039293719466795
0.119207866759824421
0.115925005794996427
0.0929282314697629647
0.132725506889559752
0.11921921667359292
0.100109866220990176
0.106660266112369062
0.122202232521112855
0.115972301130683964
0.114357539100273881
0.110415535014354804
0.0681450144153284976
0.0935215842797248176
0.127767141240555826
0.120869770054635034
0.0772312954754823255
0.122978337629496226
0.103443153596465068
0.065441337158293103
0.103677163460002636
0.113691754913274337
0.0971642901337345932
0.104332565586124637
0.0720326068780267059
0.116299521913458395
0.101919594054769108
0.107357853113298873
0.0652282783754325468
0.0692858494383715717
0.128303683518187356
0.103331003131892848
0.076941641524425175
0.130644797010524727
0.0778622407230275121
0.0864685563133259089
0.105618003962845639
0.065768303567206865
0.0954156445330864578
0.106398401899559944
0.112263003167589026
0.0954413922748964666
0.11956987332900687
0.102678968590666608
0.0928941073598413547
0.102348787741419325
0.100088082826307032
0.110734759239565897
0.0911073870068880853
0.111525018015298669
0.101476020272156894
0.10361933236417567
0.0912512195126344017
0.114253067528418184
0.0932166872481194064
0.09934815372334313
0.0823030612288282865
0.11670078209783448
0.0679931261071812232
0.057743236825625148
0.0898302293937552065
0.073700578786112636
0.112899925405283263
0.0904340482306623394
0.0839790034599513929
0.0934901211151086819
0.100959704521529622
0.0802749278870692889
0.099732994986777096
0.105495569232987238
0.091621810850056426
0.109008361720569713
0.100578031788574607
0.104563387668158148
0.0698217647404732467
0.0764474892766189712
0.111588124029486341
0.0921975239131869323
0.116435711248209936
0.121334232495275002
0.141023461150925788
0.126382004759865385
0.120537417193096449
0.10386009306365869
0.0715513045410922921
0.10849519344297652
0.0877581140385348124
0.080689092904890139
0.106133310758045149
0.0874807390438131771
0.0641388293788951042
0.0916405519156656828
0.0761415221235250267
0.107931320986117296
0.0897295317773695589
0.0934317733206568302
0.110985278965875039
0.0946375637266367864
0.0906801924835786283
0.0580336165846929986
0.0856478311900353423
0.0539565231556989391
0.107405113062086985
0.0979041890044636542
0.0801969873889265134
0.0674169016125007042
0.0798678498081903804
0.0764100518977254978
0.0934474202376387175
0.0341574126677568063
0.0659180290212482423
0.0970563757306879271
0.120083480696252132
0.0324931937108289687
0.073629068059465369
0.0679084615549629816
0.0593716932504673445
0.130660715462814964
0.0636397532020370887
0.0908758657900765043
0.0880546164176898571
0.108042689578920575
0.0725375312702534747
0.065167775426459254
0.0628586252275616514
0.0789046552402922763
0.109702703433075074
0.0572348992828932701
0.10547395375189797
0.0662176362400875851
0.0538892648811033007
0.0531923765031843826
0.105391414636106212
0.0838465485577278014
0.10424998490332113
0.0956610598134328
0.0697440761239734031
0.0631614801295000278
0.0435017357316500805
0.0888957859613752205
0.108627589815424724
0.0864196896895415984
0.0473705000403000787
0.0652946307424189659
0.0690498690377630286
0.0815830472416768093
0.0791108165225556659
0.123752176937290417
0.0825007888303360831
0.0639097013868680647
0.0971768213855738611
0.0601133443319433886
0.0821178052946442832
0.102422323845894558
0.0736909259908351127
0.0808314365728857731
0.0910043584018055685
0.115276304605493263
0.0774124595488046713
0.0794124327744754888
0.0741415865205250907
0.0669222302653169898
0.0623154393725991046
0.0546110269940266041
0.0812811492446128825
0.0596461009158283303
0.08031458881919816
0.0601482016662866353
0.072687167347283449
0.0745617055541494822
0.0942895058506238309
0.070219929239918058
0.0754531951233222281
0.067136838966166193
0.0598455260905552747
0.06644225535500764
0.0739321296525890653
0.0667665728579981826
0.0586984399336376028
0.0505270610406146278
0.0676174076065659824
0.0693305693812305834
0.0745786283793502675
0.0659763028949927749
0.0859470621793961692
0.0469805298197486648
0.0535840994771998522
0.0943221758615512829
0.0530689405187299221
0.0734817604963562826
0.0918912525812843606
0.0726857509480690195
0.0767257198764755705
0.0935939965313384303
0.0582702690864366768
0.0626540811342795045
0.0510930895150894168
0.0799794185315769457
0.086766019540635772
0.0619399817256787166
0.0622459442175133451
0.0532204228585986192
0.067033232663245429
0.100144222661255278
0.0503681043943631571
0.0417609257247577581
0.0622123692012078872
0.095290414051832778
0.109116247201610048
0.084048130171880453
0.0390268531688746922
0.0648071168389226238
0.0406491596899578866
0.0769490219949684473
0.0650112034012466367
0.0750783592947426859
0.0503995070663051312
0.049588776995287194
0.0738208216127560213
0.0719612933841678598
0.0403908402623466001
0.0556908718341437223
0.0743487717449310553
0.0685102092180229633
0.0461640265403886682
0.0484279709173922393
0.051675700012469683
0.0617937682038462999
0.0699532095081673438
0.0470503760220978909
0.0320395210453878962
0.0797799808786559678
0.0587984940692120248
0.0990347275690150741
0.0677982650044330476
0.0594708261299733629
0.0264287952286290304
0.0841445121934925461
0.0371740030312299879
0.0525916168712593016
0.057879652898966967
0.100012638524241665
0.074419784335371747
0.0461421706344246549
0.0539084297984587374
0.0490442778117965231
0.0973971460677168221
0.0454407433720390719
0.0191076272188360763
0.0486142714749934965
0.0592550176084831598
0.0772979443724613746
0.043734383764309416
0.0761641247900540219
0.0735257702817892767
0.0553194112827369508
0.0474821150532781164
0.0533545332615216819
0.0335250075881066839
0.0153893790362737842
0.0496920647354695266
0.0460452318763442392
0.0245502879152491998
0.0763791015143304858
0.0412100676090481205
0.0729138001896727089
0.0515378536601167475
0.0403890663425327118
0.0580599785500007654
0.0319547238284002139
0.0709421273970070043
0.0485908232286299605
0.0567251226981041953
0.0131894293228870599
0.02838615804462594
0.0698581226816655521
0.0776809994780027768
0.053715658745033576
0.059729308913095927
0.0469130817469935527
0.0441604905704510026
0.0315114179264283367
0.0305122918899977079
0.0580708836286103272
0.049953769074572045
0.0760780505554471131
0.0417490610223125308
0.0775296031389081791
0.0438819261927507337
0.0562298970672079901
0.0353463010784662648
0.0417432949780396495
0.0520958433778135263
0.0323804116817455051
0.0523954730425196316
0.0448477382345811443
0.0387166929060567266
0.0127318573399993959
0.0483334543396328267
0.0679016522408026346
0.0260606108452598149
0.0382514576398339315
0.0116887066449753163
0.0434308395027812461
0.0243993268794793737
0.0357918706390574909
0.0558562090672559061
0.0739779485261898295
0.0272759506166991572
0.00311751996562436434
0.0402065914249595049
0.0120833508923198184
0.0587368645044055587
0.029278970140742086
0.0567533287085673632
0.0232131446976609028
0.0224979610646031357
0.0631758706138758341
0.0154227233341606602
0.0182771958187469274
0.0173975896549980399
0.0223719915169417367
0.00113252733727343263
0.0443375617181127682
0.038653029458007436
0.00907776646983111946
0.0334624256678403703
0.0135368832692543718
0.00868617823972599179
0.0579858044853013566
0.0460219572495456364
0.0369576371368687817
0.00206786720488455478
0.0458036200780291142
0.0742868269336231235
0.0497206038425499278
0.0456311193558970873
0.0312464653658959257
0.038951508207508298
0.0418301996273079124
0.0671925378936705647
0.0287739028099801009
0.0203382417199425777
0.0327778709020610307
0.0168440313031200141
0.0232397796571010146
0.0115872066166092594
0.0653951491645437533
0.0336099456315085421
0.0189742479338217244
0.0348289339302391629
0.0840816328837305227
0.0220114062688101381
0.0454322036654974809
0.0482262460244585953
0.0117618083339411268
0.0562168151134126298
0.0537376503500350544
0.0336807916244342073
0.0345489895272321282
0.0231614479951312083
0.0289910835063474301
0.00657593766560133144
0.0437547292858616599
0.0354877149676914375
0.0417162686439597336
0.0253779509599825343
-0.0168763169325182663
0.0214764518667669851
0.069351197282500554
0.0286328672657167015
0.00133792031492516866
0.043097494842416012
0.0543648701276783913
0.0536057648559311872
0.00974872855718396034
0.0332447457428361182
-0.000204710578027962609
0.0260705036877754009
0.00417796783988176254
0.0380375436088616209
0.0548629601581408638
0.0232356258281193467
0.00566542972502676045
0.0383744198272302842
-0.00595758784427261046
0.0108125719831073629
0.0527407316318678071
0.0537191782397336837
0.0328893528980995498
0.023325763337644443
-0.0146259722990447968
0.0421503399226556413
0.0332609249619039912
0.0177927405089212051
0.019950443914884812
0.0315102784334126279
0.0488800417975101681
0.0433234231235854611
0.00796814893729683518
0.0235963502231599787
0.00412891921086563918
0.0354629059432776603
0.0363667219841844191
0.0313256890157320445
0.0145315125303638847
0.0236564729481732496
0.0183485996019740957
-0.0314631837366159961
-0.00893300883401956791
0.0276927147054455911
0.0228952443225803499
-0.00944556000233119641
0.00454600028002518156
0.033921137738159711
0.0324325849552606765
0.0451488071580617503
0.023142740759431419
0.0126230409311241382
0.00825644401255468986
0.0307740842329118844
-0.000702706160569246258
0.0155895987230558822
0.0457522325446836214
0.00750958326624359511
0.00584961157828435552
-0.0109525700612447194
0.0351522639312128876
0.012055501177170273
0.0366059304409666608
0.0137746028516273836
-0.00367546743260125167
0.0202029111507443376
0.0223527114463859949
0.00495548425254602708
0.0316771797452481546
0.0149974800175900341
0.0268590210466988638
0.0294908550653666529
-0.0257025011736420825
0.00909959823404768962
0.0311199476466283188
0.0245677462494123394
0.0567476540946562844
-0.00184055621427641619
0.0414354812081899199
0.025100044975565762
-0.00663576626259691077
0.00517071469081403778
0.0155442978256735299
0.0289348951065287949
0.00686290601673391482
0.0032103988171894287
0.0181258191244067259
0.00267000117852630482
-0.00218359596378260579
0.00791011120627780479
0.0190243115511745491
-0.0021135307707227189
-0.027968127034014835
-0.00504829497811332475
0.0404109319551558543
4.29935780649551291e-06
0.00770846354307554681
0.020974415890558179
0.0062654400235760228
0.0342875059684678088
0.0162053498535817964
0.0297829292335282346
0.0282003937740669432
0.0254347260744338319
-0.0134466264921201291
0.00741192416085898875
0.0221924263814866976
0.023181327380488153
0.0183906625877741578
0.0194714483810455308
-0.0346122352524713267
-0.00347908899129881558
0.00506831672666911877
0.0311570428320192029
0.0155946719543824212
0.00144801272321827285
0.00900509633125753592
0.00639079256107743469
-0.0119501565788957577
0.0281740083530443997
-0.0059556309559131073
0.0267137367264286413
-0.0012469013198240543
-0.00387934337558874798
-0.0114880896743022806
-0.00268806518788886235
0.0152268474552897919
0.0357711522923642028
-0.00151142225142872517
-0.0122527174219249808
-0.0191817290189745908
0.0125182653380824377
-0.0102047077259218959
-0.0254061945338876632
0.0270600299920627611
0.0360396379775172124
-0.0288658055757766083
-0.00377347313918381146
0.00418685201310721369
-0.0231474144781416841
-0.00349069527363859902
0.0130728357857972585
-0.00599424980933580681
0.0147276128223157287
0.00165882814135357597
-0.00778892778544636698
0.0195407237690442062
0.0138325383632736196
0.0225698917509189814
-0.00616520005404747572
0.00959248602327636077
0.00815502377442039322
0.00210826320958276822
0.0039445713522172068
0.0114464186323737366
-0.0155254101315797505
0.0154334010577493672
0.00320107896648247174
-0.0313894708736503006
0.0054914576512422892
-0.00686421739007737289
-0.00301234390778823543
0.0122528429220694155
0.00949678674993375237
0.0154088731052427607
0.0244908378374172689
0.0130739980420291457
-0.00715600786089634882
0.0285809532155744811
-0.00928087048677059961
0.000682110578406979308
0.00403295614169966316
0.0306668735945231571
-0.000695372717426865294
-0.00404170682661877684
-0.0200956503815928021
0.00392853482348892377
0.0158287376971033913
0.0121094964792252211
-0.00966454250320584324
-0.0179625356927088711
-0.0111768174983290745
-0.00506311288762479293
-0.0265032505065804468
0.00215358336114398769
-0.0335129738080167244
0.000872696556379789525
-0.0348349021939890549
0.0222933664101156483
-0.0213889371345295509
0.00376185188912841681
0.0237885900904592357
-0.0326368421095446296
0.00473833283983726185
0.00207070022071267033
-0.00822002176609248555
0.00860913805624065852
0.00533732864442077251
0.0192388572100783174
-0.0153964119412662893
0.00869696359249939703
0.00512556981330334303
0.0273015090200646737
0.0015731595758398751
0.00224472384690954999
-0.0333807121204065527
-0.0132148510060630681
0.0137218914185096609
-0.0253363125780913245
-0.017522463515612801
0.0222169253808263516
0.0146564810029190459
-0.00638874358885018617
-0.00754404360425693643
-0.0403563003970896228
-0.0388641135129142029
-0.0263633665255989594
-0.0265755118792718389
0.026848065121083349
-0.0115314338504338785
0.0200719157549538729
-0.0192295286861945205
-0.0119401279960852629
-0.0243959747129738058
-0.0145001772407001329
0.00585290900850998774
-0.0239997105650711293
-0.0228205166346659265
-0.00355121581089299677
-0.00208150759205015176
-0.00382089331163458935
-0.00459704928635299229
-0.020351464165310057
-0.0326899549701990116
-0.00389346921206604711
-0.00383807480728380439
-0.00377018607202827052
-0.0382526315344312445
-0.0121167597474656965
-0.0142749017643389198
0.00685328910848624975
-0.000184104517185425601
-0.00680674462902196211
-0.0299925574955933576
-0.04240697449673312
-0.0276943361174810179
-0.00349573798692782468
-0.0274783128303819069
0.012467307167773254
-0.0168884669941665802
-0.016199297575521833
-0.0514727344763289199
-0.00561684804549740513
-0.0504843341787677147
-0.0114169585474996633
-0.0123640733892345558
-0.0203154981903654989
0.00640757099382800385
-0.0350261904336558183
-0.00845839072262066782
-0.0126210120170919468
-0.0656547099322112304
-0.0466860946191529486
-0.0453587782275787776
0.00125194617950198997
-0.0139836876458496896
-0.033493292762474515
-0.00592416900276091125
-0.0419286485407251996
-0.0337587684538465244
-0.0482171068622234827
-0.0420477242077881147
0.00643574714498834632
-0.0143582812594337632
-0.0389267505990947629
-0.0491866886241778128
-0.0334614797085833748
-0.0323926860511679696
-0.0510973055099468651
-0.000199651313262976665
-0.0363404517392843657
-0.021201122915893187
-0.0268948193035191546
-0.0340725803247983114
-0.0146689674394673494
-0.00522079264831059459
-0.0458647009796735172
0.0281060428039291293
-0.0291528126609879867
-0.0248822352231733886
-0.0225418416874149583
-0.026837960481246436
0.0124560343334822604
-0.0442318177028014348
0.0176142901350758996
-0.00691542751067086847
0.00574538276544176579
-0.0208457591102998337
-0.0543657029483014392
-0.0171630274540130502
-0.0342895935050415573
-0.0717406938596415744
0.00615151099837394494
-0.0312991255647323066
-0.0385212335022619284
0.00837069875800957458
-0.0420130142296769801
-0.0291098477318468968
0.00685952375315504112
-0.0707093736713659549
-0.0176864877675645994
-0.0233792441676965654
-0.00523451828987136006
-0.00821028938998374924
-0.0132403814394924033
-0.0309970324984853648
-0.0190484167441624594
-0.0570870597722825876
-0.0197538564491369639
-0.0311304017437407272
-0.00772831269947057975
-0.0231736418248574098
-0.0245130122643677506
-0.0164768678416380814
-0.0270779568446773526
-0.0068465439568710304
-0.0401781141504018585
-0.0170651424102121474
-0.0499650816712253615
-0.0133576026424696102
-0.027199436517349098
-0.0165063248905626958
-0.0330780411428310689
-0.0244950202735711303
-0.0252840814232761467
-0.0545180467946337066
-0.0103616562019019677
-0.0318876144163669356
-0.0112783968241621409
0.0293480048471063057
-0.0171831518640644734
-0.00973916971641212298
-0.0324090316016472646
-0.0220903832791446847
-0.0435469592610361333
-0.0113045720927151573
-0.0407937224214984656
-0.0225381713109280013
-0.0204908132866270173
-0.0349745562471754229
-0.0245601567656134265
-0.0414845340837032769
-0.0492580696828140152
-0.0192855198526231328
-0.0663280203936181256
-0.0217273479214698112
-0.0176801105902561449
-0.0112619307721051401
-0.0666294444670422759
-0.0161012427951940859
-0.0532440232872471303
-0.00612530893111564237
-0.0433873254226693067
-0.0403735595058879876
-0.00175717694008178937
0.0100175881930472804
0.0036518015706441323
-0.0541464063451997588
0.00351606395201752714
-0.0206880555365135492
-0.0224159042987902846
-0.0342818607003204032
-0.0290201620327489029
-0.050354931457098781
-0.0125262420767128166
-0.00642363576672101005
-0.0427554761358406171
0.00071594552710775583
-0.0401884538836647098
-0.0382474125311274629
-0.0521781671514856688
-0.0060128810673424557
-0.0171340013636509768
-0.0198562596766165521
-0.0153730004932158132
-0.0563168476735925599
-0.0831906216288169353
-0.024864944050487385
-0.0277643666604215911
-0.0436846122160813657
-0.0607178046040840191
-0.0845036049203106709
-0.0238491558794320796
-0.0469161127767687425
-0.0562309825861199777
-0.0145443034155019989
-0.0596395827410507867
-0.0287901787410108495
-0.0276578553678939326
-0.0873283893165659325
-0.0500495782010751192
-0.0237918561898592951
-0.0477439854685854509
-0.0335512955755209591
-0.0641498200852286815
-0.0526652667934893945
-0.0471563795525442586
-0.0320096735130019142
-0.0325053059258160748
-0.0372356809148544979
-0.0231069821443133927
-0.0669106186809813319
-0.0644917477243935611
-0.0367931604884806362
-0.0304440439225411308
-0.0151055197309767318
0.00316021741451339572
-0.0296723541591552287
-0.0379740239548945688
-0.0326284101411275437
-0.0408586247095158103
-0.027107164835960762
-0.0221259757193172854
-0.0127284136962250542
-0.0508240360953241543
-0.044639868551087751
-0.0227910501356103738
-0.0218396705879434529
-0.0319239264490455282
-0.0637190686118044025
-0.0178971430359574843
-0.0396022042124726525
-0.0327203214146065194
-0.0342208487912551568
-0.0532775224035757292
-0.0128182511329604509
-0.0185335216080093658
-0.0575386873408392577
-0.0432887466310618238
-0.0315946886408335348
-0.0318522818150240999
-0.040101400105286622
-0.0665563791584291298
-0.0575476429420328506
-0.0189089398948528754
-0.0648667966648263095
-0.0329742664403721852
-0.0459918905229186534
-0.0631159129104007649
-0.0580967757880057334
-0.0483505102908298318
-0.0482049329548947525
-0.0687552523427985007
-0.0472017813531524222
-0.033272117935151134
-0.0331146183675656083
-0.0355375601125090673
-0.0509462682546207857
-0.0767004368540375736
-0.0743976451753191464
-0.0458306069600533036
-0.0242043233454129099
-0.0484943019117306459
-0.0192550498921844858
-0.0243156596791754762
-0.0495543204534761167
-0.0385713740056568347
-0.0398574072121095566
-0.050068823430562695
-0.0201816445018378546
-0.0456333482605424806
-0.0407158339159780364
-0.0291855884000894496
-0.0397185976807116065
-0.0409651173208392949
-0.0564135991582569857
-0.0485882344948746075
-0.0617036972623967589
-0.0265685115761376822
-0.0306372623005812424
-0.0347305002519611994
-0.043036953402437586
-0.0307770077978447403
-0.0276562605150314708
-0.0570514206947369817
0.00658354095107338555
-0.0567419394351863851
-0.048217806201525798
-0.0649066125349225947
-0.0122807406650870116
0.00758072837705763697
-0.0269804638094562101
-0.0313457465348280645
-0.0760105690903433162
-0.0354038156844769941
-0.0650921891388420437
-0.0622959477697074965
-0.0755945919799307781
-0.0847733728254884411
-0.0436647887420936881
-0.0294687911904205797
-0.0455335803035597439
-0.0530492190213759235
-0.0365499270030117812
0.00706333095981607345
-0.0787490414099526748
-0.0596380626936768299
-0.044217548977245523
-0.0238341944173668663
-0.0510126174513945985
-0.0701241966374694242
-0.051540170067020101
-0.0454740531868832107
-0.0578311684140098842
-0.0156670524011234893
-0.055404831653312496
-0.0616411739972946085
-0.0263795694063603363
-0.0650686545490756635
-0.0602846936386043017
-0.0701105212225281715
-0.0886728615915207963
-0.0429282659932341895
-0.0241279189967937152
-0.0337017140017081135
-0.0521193893913277778
-0.023270231044610748
-0.0566162532964863824
0.00287138589028583524
-0.00346587115589135075
-0.0988024882221380796
-0.078241049794848111
-0.0672899092599806015
-0.0850425027405561917
-0.0698561601502165896
-0.055217733420738345
-0.077433293855559665
-0.0748071645804108537
-0.0753949782620515069
-0.0725909456807231068
-0.0192966737883169051
-0.0720635289966438664
-0.0676554411538028561
-0.0596985653714713418
-0.0501037681211849162
-0.0821258346171385434
-0.04357335931193701
-0.00554836837003871292
-0.0697634911201348573
-0.0635117027004938328
-0.0405761274781398229
-0.0530223155384675973
-0.0392269645830168323
-0.0455632203589313722
-0.0475534565838415663
-0.0137805748805208753
-0.0775580162337520529
-0.080778030540613957
-0.07371740644806489
-0.0545342329511269569
-0.042144170141316141
-0.0497733185857785893
-0.0433055033882491086
-0.0272808623150386093
-0.0200173714489743013
-0.0757193312740080116
-0.0732960440567060195
-0.043826550297952141
-0.0653508165360631027
-0.0723781074083705012
-0.0338654179763879098
-0.0727204297259686216
-0.0600942563751919526
-0.0440487912410221227
-0.0470760412761333791
-0.0864089331660216758
-0.0660534344067337797
-0.0482865967245323796
-0.051186292780914501
0.010836225493622488
-0.0853457634639699231
-0.0532704594668916911
-0.0435774650759188503
-0.0338386508223650698
-0.0406832594376250467
-0.0376163169224718943
-0.0238640326467169372
-0.0477961831111956142
-0.0646659993952458517
-0.0749287846901607324
-0.0593727513650143673
-0.0212338427145995767
-0.0665292329600041393
-0.0680751656021278823
-0.040301331843693014
-0.0430046758612394886
-0.0984474694270977835
-0.0851930578274999739
-0.0679953703200557313
-0.0609517803887646981
-0.0788871900786140279
-0.0695601963502670007
-0.046365782525761963
-0.0690747739836334584
-0.0636111754089890707
-0.079972421607179392
-0.039857051228797874
-0.0627789447087462038
-0.0448459190886339315
-0.0907806057582593029
-0.0911572826601547287
-0.0435231545780380424
-0.0718958162705012338
-0.0334299947958734689
-0.0825541511237725817
-0.0673473079552425469
-0.0613629183969469916
-0.0380219261098633243
-0.0820541138795147368
-0.0401518373581825766
-0.0857832021087739649
-0.112368871378706367
-0.0894716721278107363
-0.0946494768331722774
-0.0458589501265141905
-0.109382578218661167
-0.0849203584860389465
-0.0478424653917205109
-0.0958972853960901594
-0.059101932933457127
-0.0950168610754525689
-0.0581818652964032554
-0.0953510056796092326
-0.0825373631798815427
-0.0578860248287384332
-0.0922197709317040398
-0.042553545053654801
-0.0804733087017475979
-0.0897051880291850207
-0.0847011141908650678
-0.0508093565132749087
-0.0919875755983803473
-0.0567607727198129741
-0.0688989407272692089
-0.100462480759114459
-0.102603240943236501
-0.042083199190517534
-0.090914848291160491
-0.0759918675734848892
-0.0592394928667157247
-0.0606239856893386955
-0.0662946471266470105
-0.0739067834471058976
-0.0654412568379813125
-0.0548130142816620411
-0.0897366453178919249
-0.0824694609976643206
-0.0781498597426364267
-0.0655535535231401151
-0.0902780606621423759
-0.0513090029725137495
-0.0925106239563214944
-0.0895674581718217122
-0.0705958923791621396
-0.0701059152922120093
-0.0614954580324467356
-0.0896140959111369345
-0.0764360300172564761
-0.0545171304333830348
-0.043529560071783574
-0.0726224904497426715
-0.0929208436668420151
-0.0962253804384929079
-0.0687559265091450544
-0.0821367686621976151
-0.0674554771934372244
-0.0732349794086829126
-0.0642435005444754459
-0.0431028652393437295
-0.0549685628494919337
-0.0413347194803225723
-0.115784850818024088
-0.070407874599047085
-0.06225690180001274
-0.0805622891977557515
-0.0377985055010406495
-0.0629406091083892366
-0.0871572361758109759
-0.0311243226358282679
-0.0643521448099398791
-0.0814521025907099516
-0.0571955977276405736
-0.0455980316096276303
-0.0611356109807192627
-0.0977831785111624163
-0.114304450840477315
-0.05458392748002832
-0.0707141082173250585
-0.0559493327559448597
-0.0609570917005217289
-0.0529070528285286029
-0.0622243169819906433
-0.0493345452595996894
-0.0659122403668684215
-0.0868471668483665193
-0.0442014415714357678
-0.056988667881115021
-0.0340287150409449776
-0.061698731270783784
-0.0710190331493351923
-0.0783827787934788106
-0.0861345842135228523
-0.073748860925992421
-0.0718909681188099892
-0.0749619374127304117
-0.0873271159834105859
-0.0900039816922859615
-0.0789743964461724623
-0.0584377391796161091
-0.0798217055047485829
-0.0485082093051432406
-0.0534380864257311822
-0.0896444795235010333
-0.0487762631188723011
-0.041229790744265582
-0.0589226694215211552
-0.0891309218637649503
-0.108828541311264571
-0.0929291644138535572
-0.0792819626814494915
-0.0704022159207019077
-0.0842263789633904553
-0.0834270457664535309
-0.105525307952337999
-0.0947635674001128664
-0.0553346194160959856
-0.091126981568380061
-0.100337942867251367
-0.0811444969931689186
-0.0618505529542221627
-0.0629023100962692872
-0.101093744691081747
-0.0358424216753127703
-0.0837421738883986494
-0.0578649757569805467
-0.0837063974889496604
-0.0801217954096995477
-0.0871895008355770829
-0.0944643827491537941
-0.0651823211774304606
-0.0649524510894969598
-0.0637302915568652428
-0.103801111493831921
-0.0421438431318341689
-0.0486109807313320347
-0.078792948219520112
-0.0516633045212245845
-0.0839031494138196415
-0.0647666549328621555
-0.0670456212534093765
-0.0525591792634314131
-0.0687751150497940555
-0.105072863040171105
-0.08002825030648196
-0.0867175230999179397
-0.0901856532769660935
-0.0758154176467295687
-0.0889715361682446304
-0.0937271392297724382
-0.0653369601568199593
-0.0795994732341563094
-0.0738676135722335231
-0.0791896300810378956
-0.0881809904760521013
-0.0781301415387682524
-0.0502384027524199472
-0.0910534756940505063
-0.0719657617268901068
-0.085033706150300481
-0.103396143967390053
-0.0792324318570457875
-0.0585826254247153178
-0.0685633600229168527
-0.0692724622496421055
-0.0956952514642165908
-0.0995134122366702345
-0.0744727888613509609
-0.0817638556456743854
-0.0673648050780022434
-0.0605066502879459539
-0.0666318542533267388
-0.0832281923762805687
-0.0814781638147843296
-0.0720676253330263666
-0.0595214921522378496
-0.0451611906030119498
-0.0632090346291203226
-0.0615533854067046096
-0.0770311257720422554
-0.0624694617785022874
-0.0821077467317843923
-0.0706946667775710108
-0.0707794533898642442
-0.0901118870990551823
-0.0925799759814064926
-0.098785816583066538
-0.077482336601459742
-0.0987134475150280438
-0.063441968010133562
-0.0852953207018636028
-0.0704366627497645253
-0.0664014366689252428
-0.0653932636432367348
-0.105347787487272221
-0.0645304219282783753
-0.0471519511355495413
-0.0954600718529909215
-0.116696022099752439
-0.0616057207892710401
-0.0967998261971056151
-0.0906766311906243294
-0.0761089331678073827
-0.0971750183395983375
-0.069955645444253034
-0.0635557664983068954
-0.112961673450546335
-0.104209101949141902
-0.0710574447537273696
-0.130215636739172025
-0.0781204136854917464
-0.092598880794902666
-0.101170678172014958
-0.0449508904501752446
-0.066570198916994755
-0.0787759688088248838
-0.0810067134280047646
-0.0541839792505570059
-0.0784752945197598195
-0.0334671732175778058
-0.0784298751199813127
-0.0687412180996651023
-0.0889024932825288605
-0.0443170455719018377
-0.0360242225929326906
-0.118273453104192267
-0.0466241042116787921
-0.095823138660207724
-0.064532379141276186
-0.114204129041648408
-0.0669664751267875225
-0.0802434006404532524
-0.0843922813976778208
-0.0788052663950439408
-0.0739469729306313772
-0.107473616258087712
-0.0987814575930071048
-0.0959254752920084414
-0.09794235328409584
-0.0435547448154636196
-0.0955092654440422018
-0.0575396958848377882
-0.112807502540209104
-0.0826386878124617114
-0.0386585871725480049
-0.108175235610358383
-0.0530765655172353024
-0.104274362061828524
-0.0720667862074865356
-0.0892310157397580017
-0.0711663361751078277
-0.0719327714983997724
-0.0982738589580727656
-0.0750902551600657192
-0.100797438951355497
-0.0447440975926289425
-0.0453993804372993734
-0.114335122509356832
-0.0564552706206181906
-0.0688064091388334159
-0.0819111593422441747
-0.0711800277895821704
-0.0713819699414310338
-0.0710318064622529194
-0.065764327246749299
-0.0906705740653556136
-0.0813255221324426514
-0.08105994320080738
-0.0600496029314818991
-0.078010291703244819
-0.0667619641463830099
-0.0756554218547974278
-0.0762978781322151411
-0.0536010027721530308
-0.0667321507453202678
-0.11920964660074708
-0.0797283013525813822
-0.0805729594949996797
-0.0992982900277396829
-0.111732857147349929
-0.0725400604604860971
-0.053938519838147965
-0.0799649257961469323
-0.090335727550311079
-0.0917326328705731636
-0.0609883169561311472
-0.0926363499214437475
-0.0715613980439564618
-0.0487671387138003606
-0.081766245588589137
-0.118680874558580784
-0.0350261004014066138
-0.0789743037074674137
-0.117987015354849831
-0.0842540298983802532
-0.0539164102238793505
-0.078589886373985271
-0.133759407969636923
-0.0652785103140116063
-0.0520818061507284519
-0.0839253671705264825
-0.0933104633390264143
-0.0702639390326779412
-0.105275233982875194
-0.0644771464679540218
-0.0938807567641090496
-0.105151174546039991
-0.116327454440520298
-0.0985642156780656559
-0.0687408461878222798
-0.0829364985495423396
-0.0939653830174328603
-0.0636151261759199671
-0.117305890829334208
-0.0989033126253484607
-0.0902421870391388048
-0.0643834916500172494
-0.0615503008832157805
-0.0692278611968275143
-0.0945318937738230947
-0.0909298609295771804
-0.0984457069702620174
-0.0844779970428726767
-0.0963642345003905554
-0.0992008385378147645
-0.0746924896252234988
0.00382549882106050787
-0.0630615167846876601
-0.068375958541882137
-0.0309519170517097292
-0.105896474002062216
-0.073107165399053195
-0.0776293892229567989
-0.0994360137729672633
-0.0651760252536034701
-0.11379174556086738
-0.0627208967142167811
-0.100948537890776777
-0.0837327705492915408
-0.038970426400782722
-0.0691428489170321653
-0.11319143488570356
-0.092086804867718669
-0.0865643938214916142
-0.10011208146514225
-0.122258616270987108
-0.0829876994560501818
-0.0625739283225593967
-0.104691478316448511
-0.067476965676310327
-0.106731799034542205
-0.0350135080850072014
-0.0669591338516554863
-0.105282984955047398
-0.0973796978220437814
-0.0831081388522140335
-0.0705702326452766343
-0.0617645481526458845
-0.110862700268051742
-0.0971408951241525542
-0.047164275448997442
-0.099554221872955817
-0.0526505770652481372
-0.0971525137142533884
-0.0629367693054479205
-0.132493659903707733
-0.0934154627041217239
-0.0836735384217005412
-0.0675791495202376913
-0.0893424893471675557
-0.0562018251150600348
-0.0949067367773234888
-0.0810309425397908317
-0.0707567782383056038
-0.10262425762700754
-0.0876765833940806177
-0.106414566637005908
-0.043001838233513355
-0.114648510593984759
-0.0925365598496950825
-0.0563625717698460552
-0.098850714368512671
-0.0941221505465800606
-0.0968042528949016601
-0.0913039493576432021
-0.0662117164772332983
-0.0401753532635487562
-0.0920307919753484555
-0.0849806004896850459
-0.070333980814524133
-0.0639198417424021587
-0.0613840986694433668
-0.110384575158378379
-0.0839242553712705314
-0.063100349030547731
-0.0924994983154441147
-0.0891292217568035033
-0.0485006546333361238
-0.0586789482711150973
-0.0697712975750172382
-0.0901303009135857869
-0.0859042538266688721
-0.100128837009152399
-0.0878048066213224787
-0.122416654084816889
-0.0967902937866756269
-0.0738585990090710742
-0.0880505155212164964
-0.0500695535375725795
-0.109141759901098784
-0.075364296085548621
-0.0691615411295719712
-0.0632439227955651495
-0.0893197010971778227
-0.0949999802587358916
-0.0855731877334281604
-0.0977598722034451334
-0.0978066265667152102
-0.0696969318996266962
-0.0828699916561113359
-0.0771555210408666065
-0.0745029146766974376
-0.0887599433224081774
-0.100980260297361193
-0.0827712034427873222
-0.0879322737340622884
-0.0690859262893697146
-0.0949030443669270224
-0.0724935748613903114
-0.043641327363690828
-0.0569505119032421708
-0.083194897666983042
-0.0678877444487314269
-0.0712054224227890442
-0.112602411295205027
-0.0499524542948657363
-0.108134109279885635
-0.0710732276730580842
-0.094626590175733799
-0.094811258255508235
-0.115066872887566202
-0.0777102379950354166
-0.0655906891895395999
-0.0885449107274642183
-0.0600879399641019926
-0.0660800647057252777
-0.0600666120352259386
-0.12152945123872555
-0.0798313720582813635
-0.106802662692965691
-0.0894803296597544845
-0.066918313628540671
-0.0819162938876491914
-0.0978007425251208456
-0.0985065862648869667
-0.120320495661677712
-0.0744919170083219728
-0.0953821900105768644
-0.0582019774034907636
-0.0758394237465355725
-0.106247935085227729
-0.0738797472610327466
-0.110072553272378901
-0.0502381646987184322
-0.0605446192360993701
-0.06476881106026533
-0.112548441664716642
-0.0744623415622455709
-0.0838743242932878941
-0.0745455245498334307
-0.0560953766906004264
-0.0589118364851399789
-0.0660433996487238273
-0.102401251941323879
-0.0414295803483294561
-0.0596113779888120254
-0.073770272187763164
-0.0771062283353612932
-0.128739589521664338
-0.0876938891885055971
-0.0992479468593824854
-0.0669679379378362999
-0.0856273469884913235
-0.102820244510373179
-0.0950965478570823392
-0.0894173756704459283
-0.0754889890883905512
-0.0775183982546301525
-0.0726328401638356574
-0.083927014797368471
-0.0563576852767680922
-0.106665180970287446
-0.0676366845448479748
-0.0961805784028826882
-0.0861739058208718101
-0.0679780111175256607
-0.0307155003503641957
-0.0814236346091120888
-0.0662526969427443269
-0.0931963730531530921
-0.0713508621155547196
-0.0563559873142523357
-0.100052969571391953
-0.114242925920085087
-0.0940045732927787397
-0.0770942180826015983
-0.0773739794934253655
-0.106238704978088155
-0.0672074847137203862
-0.0540638483964064748
-0.0859087199445076194
-0.0730015035374631527
-0.110059122083394412
-0.0937782076124163977
-0.0759369956705981536
-0.0639125565036165327
-0.0991730253906909637
-0.102917359868270455
-0.0951358166195667154
-0.0859471755768245194
-0.0482966874569442581
-0.0793592400274761023
-0.079655621704047469
-0.058066378544845268
-0.0722406705867493226
-0.0769949501541592612
-0.107755609036406005
-0.0742410912959537567
-0.0795500296036064786
-0.10598849981300032
-0.0736127607812224888
-0.0321816114057168687
-0.111004714156242343
-0.0891745051634562913
-0.0829023842287254648
-0.0998894560032997647
-0.0603918779490284635
-0.0458251424676552957
-0.0927352748849939595
-0.0551884782067652291
-0.0770008687798981045
-0.0971734563826744668
-0.0885995012186764075
-0.0762570658023358217
-0.0835008715819261088
-0.0826902098850132439
-0.0835609883472373111
-0.0556123162190769182
-0.0769513585578630865
-0.0812062463941974622
-0.0589210946062732957
-0.0843334316711920468
-0.0885610694670780907
-0.0918245906243119747
-0.0794074310072600403
-0.0663810007902090882
-0.0545731111329630994
-0.0992405352045828554
-0.0888610231676907752
-0.101327489071600621
-0.0805534593942990734
-0.0807533320539273042
-0.0691426614222767078
-0.0822542404009569406
-0.060997849898832876
-0.0506738746662748762
-0.0804439035860702312
-0.110536528398664874
-0.0758496877627442556
-0.0541009337787675543
-0.107414253200771651
-0.0980630689925547777
-0.0549197425638571352
-0.0711826402947741271
-0.129525445146450369
-0.0563365654871728766
-0.0565115296617716839
-0.0689852321304691707
-0.0634452169249954401
-0.074193712784384927
-0.0923420550406797436
-0.0997182980513444117
-0.103891457545101595
-0.0913746060171571201
-0.0637917288155923357
-0.0750891527139363052
-0.0944829804505200738
-0.047113324132399749
-0.0800813722419864843
-0.115737252835004051
-0.06123074932821225
-0.074442691153285015
-0.0670068324528747955
-0.0759193773967193758
-0.0770878344058877341
-0.055236842463291802
-0.0386020186395947887
-0.0967083399947660516
-0.0649747140277752988
-0.0737498336742140603
-0.0701245977768499146
-0.0666542465613877144
-0.064263915528574439
-0.0933217136060893182
-0.083246133020393201
-0.0832549798227906201
-0.104869895265181576
-0.0916849897241760192
-0.0404122591501012637
-0.0755082250113872921
-0.0740793023035234421
-0.0630987171154459847
-0.0865576563522878761
-0.0757216768322122591
-0.0679649432207449777
-0.0698600738448842962
-0.0484887162300605065
-0.107746628924195745
-0.0826749339674568706
-0.0874796941798715588
-0.0665819518082365891
-0.0768225299505759379
-0.0697807430713764942
-0.0428896992598924373
-0.0866609838188646953
-0.0688791156870334764
-0.0691854610669291742
-0.0933029898589076701
-0.122476251754059018
-0.0665664721997043518
-0.0793420601956153632
-0.0964456328889904957
-0.0921091127991158776
-0.0942667730697927253
-0.0880249013617164511
-0.0741841467112768077
-0.109393876365692977
-0.106421466006068832
-0.0814738080095947781
-0.0961530648005810007
-0.110597997354137695
-0.0801739633342794522
-0.0423860324964554572
-0.103028414853188255
-0.0674374902266350329
-0.0316327369420521948
-0.0760929921805533066
-0.0518287182149257258
-0.0566402468721807217
-0.0927986717398817107
-0.066118603600045206
-0.0956762384085287076
-0.0785522733331022738
-0.0940309203706335139
-0.08410912894217136
-0.0896209927236011616
-0.0878394324999003245
-0.0981763357780755519
-0.0968280601835288385
-0.0859009219778602007
-0.0586655669165926721
-0.0652328407142876571
-0.0866665190572654121
-0.103439853871477222
-0.092350276209596377
-0.0817004981071181025
-0.0743242682036392571
-0.0587009014271586971
-0.0849878659476304421
-0.0667077074052195435
-0.0549103070168835972
-0.0592353860686007302
-0.0803863636162058248
-0.086124290362638467
-0.086747531765159272
-0.0780763458984272962
-0.111936627069862071
-0.116799112398752902
-0.0629748532534143701
-0.0886612359573580866
-0.0689447901013565401
-0.0793802997743052324
-0.0855815173772363769
-0.0457841849657861788
-0.0641027382738782181
-0.0553141933648461509
-0.0478812824902281053
-0.0827048790938385014
-0.100937494483436446
-0.0745163426872050977
-0.0770387268751761001
-0.0616409242556020739
-0.0654002379832286235
-0.0840006641588772474
-0.0768079485032436976
-0.0424872831076355123
-0.0842526168644167212
-0.0565888302671432031
-0.0710870052805332442
-0.0904742029733795056
-0.0877884087342264419
-0.104481928446145109
-0.0764410541020070639
-0.0394071804314493832
-0.0837641034091649306
-0.0652864957933194101
-0.0889735102628228802
-0.0680835714979499268
-0.0992691400494298271
-0.0845101571494385612
-0.0895076603231043516
-0.0789334810689377858
-0.070369136401562421
-0.0797472025662216144
-0.0247334918623576122
-0.0971383808137478155
-0.0430298705695973394
-0.0434616382416766894
-0.0336132182333768875
-0.0666024199902107011
-0.110222306544731571
-0.0651212662804223491
-0.0606198491021621017
-0.0517537473992267169
-0.0727378139269481139
-0.0740203456423355471
-0.102746582964774805
-0.0742791710596757693
-0.0632594943910235186
-0.0907877569097397391
-0.0708448813631330082
-0.0956982106764864282
-0.0548418686015277046
-0.101612886665254767
-0.0552750259778642256
-0.0894803476830517974
-0.0691395572997324792
-0.0685496298474741056
-0.0700291711024647323
-0.0608905587886898955
-0.0900979294708763173
-0.0707714661416072727
-0.0918514317720482421
-0.0536951499096797458
-0.0879029899586253188
-0.0661123486744727706
-0.0478341418101407151
-0.087533263759087987
-0.109271461758509075
-0.0788812744177649766
-0.0734494498323352424
-0.0561235654637797371
-0.067623102901438123
-0.0410792739558698064
-0.0592659270531023519
-0.0568861159987771176
-0.0885882443167443356
-0.0430234660283906542
-0.0835513488552298011
-0.0702655078058735533
-0.0538203209812140593
-0.0363193888767667367
-0.060047381924388625
-0.0471112608861358612
-0.0529404814508418059
-0.0726671527697353159
-0.0452855554520305431
-0.0972069874108755227
-0.0809280984898973488
-0.0643472971849329278
-0.0859988357679576931
-0.0769631902796766298
-0.0805019845232494563
-0.0405216965748859681
-0.0999582998538600248
-0.0105054036699753495
-0.0594582128615076672
-0.0924096748811399499
-0.0767364020888555709
-0.0647593230936656106
-0.102556971239527339
-0.0504898039329616938
-0.0732484950302917243
-0.0586400453721449277
-0.06406968263021659
-0.0729424343398104996
-0.070155138168835382
-0.0783498296556500162
-0.0648954245008500075
-0.0772838536548626914
-0.0603814767752728909
-0.033115103268996679
-0.079652655705373332
-0.093477064204557897
-0.0685094000272093856
-0.0650360234587799707
-0.0773136602047850147
-0.0716806938455980119
-0.0854809539331353452
-0.0681653674102372792
-0.0465223725160762366
-0.0379457780005445638
-0.0588976793869280535
-0.121342424111875374
-0.0877209812855364868
-0.0470412732249981397
-0.039957791896357342
-0.0866519060722959478
-0.0987798521775432453
-0.0920586292695449726
-0.0895514462093495722
-0.0654469405614997862
-0.0802832649810391319
-0.0701274508176090994
-0.0767401460976097072
-0.0787963822657548191
-0.0553953706017120406
-0.0643533796313657536
-0.0738686429862990268
-0.0671462152525552358
-0.106599536596509087
-0.0574388667540710676
-0.0746292386533666252
-0.0157105156828751535
-0.0846791508219275346
-0.0788588007974564686
-0.049878134271585918
-0.0428459152311564603
-0.0748732036255914252
-0.0590409554732145639
-0.0727528316355508659
-0.073582492456445589
-0.0305806878345737457
-0.0492922260453554431
-0.0778831118821425583
-0.0426521721526778724
-0.046196222481248661
-0.0927673381082629728
-0.066614823534798917
-0.0711536579946364794
-0.0706034506891317082
-0.0393357348089509451
-0.0817837741624602432
-0.0275649195004669667
-0.071840552280665923
-0.0915623660446119175
-0.0437448010059141926
-0.0776146123948714406
-0.0496211225822294003
-0.0805862040430851412
-0.0850779970536668928
-0.0602714215334127015
-0.0542410946176281467
-0.070882558361525988
-0.047297068323616985
-0.054618671857352967
-0.0620605751120288582
-0.07942158891974202
-0.0675771257410638648
-0.0373571420177909869
-0.108069128433714995
-0.0663203738707660168
-0.0554340248463532498
-0.066671063578178133
-0.0560127818055876844
-0.0775611050010706765
-0.076422900026503135
-0.0756047643039416684
-0.0850078439355964055
-0.0705802159102286025
-0.0640577512860348308
-0.0525177252621478879
-0.0653119486620544198
-0.0658371281411016113
-0.0599051567278203745
-0.103507835394000269
-0.0559085116736705301
-0.0463710006729168567
-0.0498985485045662161
-0.0697395600809088412
-0.0775035068353261136
-0.036848020634277584
-0.0842179509745284022
-0.0743660898944684262
-0.033491673554507731
-0.0540930186816284408
-0.0247701135584681501
-0.035273294492620344
-0.0575490519748384707
-0.061577191329751875
-0.0733151988978502367
-0.0687249080345682384
-0.0601340795007613352
-0.0322025667137531696
-0.0939821203026316027
-0.0877746535781104981
-0.0661872809736975959
-0.0539209357951061299
-0.0425732851854921102
-0.0302643438898615863
-0.0748296148010085677
-0.00587416009836712327
-0.0540533193836307685
-0.0463797563210251451
-0.0446858132169339617
-0.0973647170445829241
-0.0381118413383621513
-0.0778098508578173309
-0.0917323381600564924
-0.0571351019717661959
-0.0860262617740395752
-0.0965692622632227521
-0.0448984448546942763
-0.0722070759852705274
-0.0456453939108336371
-0.065934971595443162
-0.0280165865978785691
-0.0301752267791038399
-0.0767542247157817631
-0.0489291597633786796
0.0131309091911309336
-0.0518389938346875967
-0.0376201764152997858
-0.0885035532367208222
-0.0713984873892249683
-0.030162686032139157
-0.0633213256826590243
-0.0258066363142677273
-0.0279362390188093029
-0.0619523607381285771
-0.0673463605546861105
-0.0441520891093578755
-0.0560099671545212854
-0.0652568917054971998
-0.0404125046527426882
-0.042898057153892985
-0.0622253034305843625
-0.0341576578412365467
-0.0647019988688829761
-0.0487016006313567146
-0.0890158536552314583
-0.0892609079776388453
-0.0392207531726604525
-0.0473018577960996264
-0.0346156623071154843
-0.0608148574797891875
-0.0862585868733311834
-0.0776188392584594572
-0.0702907814354894744
-0.0769786791236716506
-0.0511412308963829915
-0.0306012845358053752
-0.041158510759613548
-0.0413570946725072275
-0.0520757537052265115
-0.0598678612902375368
-0.0711618373465276177
-0.0283749516085964118
-0.0556395608738718753
-0.0475617107456022814
-0.0694884995228064739
-0.0125898438600483206
-0.067743256430943477
-0.0320492731603545661
-0.0388846982514764739
-0.0504168763248696791
-0.032224193368531738
-0.0364449385645209817
-0.0478372401288901725
-0.0475579591913892069
-0.0741173269899665921
-0.0491652390670207287
-0.0466036824365440513
-0.052907276544894348
-0.0521174923862120706
-0.0355968088568571484
-0.0669953091052167687
-0.0669019220043302609
-0.00749261751457603459
-0.0316521393726853437
-0.0802203931520070329
-0.0418240470439405557
-0.0560158161948071387
-0.0501692788721179311
-0.0514776136007526336
-0.0243915253280640697
-0.0608969856940919096
-0.057321333007007029
-0.0301576404101670734
-0.0149147306880413055
-0.0384651061447929266
-0.0395202279877205701
-0.086381916013956575
-0.0548667851811816265
-0.0304543969852211181
-0.0489557546016891054
-0.0607384812120409373
-0.0676556288225296926
-0.0744398585009079239
-0.0615335654945432173
-0.0524352782883917221
-0.0345560795265500778
-0.000879169461847115197
-0.0191620579217060306
-0.0556754587373729931
-0.0761023113670957069
-0.0542232402313629486
-0.0512244813391412659
-0.0346481096652326986
-0.0374364493454295288
-0.0404390336617424379
-0.031062807984097409
-0.0767862902300340822
-0.0139026627784149467
-0.00414402842383972819
-0.0889193335937937812
-0.0398474673768382873
-0.0453652873937010551
-0.0541643339036938787
-0.0447274497720912961
-0.0404426333554438328
-0.0608908665618363362
-0.0188772303974094578
-0.0545916761528065647
-0.047470016667327114
-0.041600466985001458
-0.0152245116443500313
-0.0390167522616403223
-0.0490255477135717321
-0.0802359787356074772
-0.0277911827666095373
-0.0238825472250067256
-0.0693540519666856203
-0.0368979186602930859
-0.0583168000435621559
-0.0622071283114135273
-0.0256595602145591045
-0.0367319164299995393
-0.057116402087759463
-0.0546280810598314959
-0.0043221160250860105
-0.0366309886300295595
-0.00492410905750186034
-0.0507988707269248635
-0.0805733825314119967
-0.0346561209003843698
-0.0471361314152492147
-0.0212805114193657836
-0.0562118571173015613
-0.0202346561682735168
-0.0389682893647640971
-0.0232056474643885548
-0.0174670623818331851
-0.029869048132961401
-0.00383813802912895408
-0.0421556629160322396
-0.0502018110775336035
-0.0288876285665190594
-0.0534865627124945092
-0.053207259814027047
-0.0430857059318059399
-0.0418506760557587482
-0.0690982234980156984
-0.0884024874872902933
-0.0663892936200903006
-0.0114764123353316184
-0.0682519239983212234
-0.0387224565048639099
-0.0430055530459021729
-0.0446291738330361482
-0.0315018829365530245
-0.0374656881260627267
-0.0624255854687528686
-0.0606984627940283239
-0.0107122385790558404
-0.0499835962535073869
-0.00651469605620221687
-0.0527814165896603391
-0.041482296161216195
-0.0488003676213081897
-0.0594854316093907723
-0.0590852803833131213
-0.0564971789590934526
-0.0395415008268607884
-0.0421622093047328492
-0.0343787039038185166
-0.0738794060292182336
-0.0193823237419937129
-0.0233761972597361159
-0.0293835031754349427
-0.0380344024804579531
-0.0543055171481931359
-0.0147058583354084393
-0.0358810291052517327
-0.0504280843067177117
-0.0275325906922959177
-0.0323460515477151656
-0.028567204095022232
-0.052792399351329504
-0.0178648419820845138
-0.0105126190575482691
-0.0563955864269509999
-0.0512094781158541346
-0.0397605250809850361
-0.0146858851713740739
-0.0130173135374704284
-0.0553932105595054403
-0.0718595563488008959
-0.0533128837432075842
-0.0459237532693043127
-0.0362973801176829369
-0.0480375785145571443
-0.0238526325243511791
-0.0420174160250682133
-0.0416110871862538506
-0.04216723381325789
-0.0414969653168476629
-0.0443306110220269001
-0.0459823027137125084
-0.0354489544492019443
-0.0803515777206044862
-0.0293593558179224418
-0.000159368481286330244
-0.051376833446773143
-0.0403817404276005099
-0.0482305776110626833
-0.0221170655050373227
-0.0283255635474211273
-0.0158701777525972615
0.000594195349577171517
-0.0446802777493796599
-0.0312360938027668872
-0.0225770577780333714
-0.038065445044514902
-0.0404733583796474811
-0.0427346501280546215
-0.0361212490975650821
-0.0231491503290311151
-0.0308413251503915423
-0.0406879720720364907
-0.0829596477987803449
-0.0230619982731285166
-0.0127537039274543441
-0.0823640465504121844
-0.0282641928704097552
-0.0163444379878430086
-0.0022892925703642715
-0.013711798158364135
-0.0112144921139913298
-0.0345953150439620855
-0.0509233452164358086
-0.0377946696239890648
-0.037535072684813521
-0.0325153208681420378
-0.0280289646636151454
-0.0346145993572691407
-0.0440211488024765743
-0.000204701488616995664
-0.0365742152836481677
-0.0340514248840696407
-0.059321797176266719
-0.0348462937169303627
-0.00832723745050960307
-0.0591215743855272313
-0.0414715771439199202
-0.0181218583076747652
-0.0476066905623082348
-0.0126288267061173548
-0.0320313646291088827
-0.0251070038826934974
-0.00880804094410545316
-0.0264702286186983445
-0.00881306809346876774
-0.00193634041950741312
-0.0205560462553124358
-0.0461167470814552727
-0.039405388177676054
-0.0424951050085549259
-0.0354331849256679862
-0.010413871746751957
-0.0541064667881877639
-0.0104592792855853316
-0.048767269501082372
-0.0016187344666071142
-0.0288210000460802501
-0.0291357922968278303
0.00237511065914306624
-0.039377125760347402
-0.0118656473103019994
-0.0239711091024551702
-0.0107667972720731156
-0.0321828770521587759
-0.0359669252761191729
0.00319591665953778206
-0.0174440249531788577
-0.0309629935456686711
-0.0436081103067507414
0.007814719927766587
-0.052482877063674771
-0.0136742769487480358
-0.0433761807919714956
-0.0416999762296370868
0.0123979857994929651
-0.0223574025380554701
0.0137333377625890561
-0.0297017584294701972
0.00644053628950023646
-0.0376066803134278566
-0.00104142428168139609
-0.0134564167123914953
-0.0353102778082825253
-0.0496134567023082049
0.0291952733306480514
-0.0466477994966774875
-0.0145178154070012191
-0.0590965294236016347
-0.0412731261395003352
-0.0102120099915853236
-0.0575744356594867918
-0.0353602264886616335
-0.00451315993527566864
-0.0356569922657597391
-0.00197081473142241004
-0.0287211363110183165
-0.0496333031896544416
-0.011926685501633047
-0.0064073589486781015
-0.0367603251837207504
-0.0133682524253258307
-0.0339143511594620084
-0.0153437328002805941
-0.013631593669483924
-0.0311404852333395099
-0.0445731224450892013
-0.00727641359488603
0.00278532454500279511
-0.0145304459029096389
-0.0209658015584429681
-0.0130541024944618566
-0.0278017706964226383
0.0097086535855323737
-0.044645849805955623
0.0135742923455657478
-0.0342837760368714523
-0.00356053585840663926
-0.0231412921611098138
0.00251601524809545382
-0.0165562862652895403
0.00887191851736419262
-0.0471313583298822725
-0.0352299401435150206
-0.00150225201615281079
-0.0413178968524055348
-0.0173409278518672008
-0.0432159534015878408
-0.0271687944793879699
-0.0329066524326470794
-0.0241639513697058765
-0.00894386929726307886
-0.0212983788051205603
0.00216126857857199331
-0.0199419566498981078
-0.0401073945559942135
-0.00692678939139933399
-0.0316935819687600012
-0.0083995056952316724
-0.0458950235266133919
-0.0548907245402832158
-0.0323406882456008793
-0.0397779834785521869
-0.0222378931707821748
-0.0369363980896776564
-0.0431856737994297385
-0.0283822542158170057
-0.0154635654289596493
-0.0223831820048949574
-0.0270787226337052891
-0.0147347661863148609
0.0354324993673511557
-0.00207856370631038026
-0.0729869179545290514
-0.0294714766375849535
-0.0616039314273509053
-0.0350716784554023359
0.00291528826830131718
-0.0492913020204023417
-0.0208960191164972754
-0.00708907017623591502
0.0323562207433076982
-0.0105146480927492889
-0.0379290413813442306
0.0305641387109749675
-0.018107978460437546
-0.00647250152840843449
-0.00838303514255119529
-8.94597711086266706e-05
-0.00373941032536679457
-0.0310577568109708449
0.00615566577415290611
-0.00784249439996935645
-0.0255891173165288116
-0.00471320259553286835
-0.0229230307764580858
-0.0276729468975642906
-0.0250101820570209146
-0.00864359051138042372
0.0381309593824190191
-0.0266366532572218095
-0.0316863827451002028
-0.00220272507663335504
-0.055289387591151172
0.0146391419415948382
-0.0119096416413087512
-0.0118265509845677519
0.0111505100020032159
-0.0169922426530217247
-0.0150885456189060463
0.0311114046060328685
-0.0283826849621108789
0.0109700023861719325
-0.0193258988625716575
-0.000354405896634255035
0.00862495114327331905
-0.0156977609244114483
-0.0108088110245599112
-0.000583466536773447238
-0.00947331591283870865
-0.0181536653007304712
0.0135044570528395531
-0.0287863177840848722
0.0113044198692670052
-0.0341378077901306337
-0.0332893931061266704
-0.0106397308507916195
-0.00249660588442693777
0.00743574542042242832
0.00648296649220088048
-0.00411596766966397173
-0.00202806266751001229
0.0111052780586863818
0.00866325578027212981
0.0098628128852206523
-0.0137234372200484359
-0.0169340923607115869
-0.0215262034008775333
-0.0546146273969691856
-0.0149194838284485709
-0.0169198263725775164
-0.0359439019584692904
0.0192706171824534381
0.0146276624869651536
0.0402641955470358012
-0.00563330622413236223
-0.0452948249240228279
0.00629015715802335937
0.0115435121701736032
-0.0144973268451606338
0.00425373905096453064
-0.0313566162945907861
-0.0374823170276138984
-0.0178567446935621078
-0.0198466757705961123
0.00675840653154617839
-0.0218570231528985685
-0.0278838538014991554
-0.03870240656945826
-0.0101008353001608812
0.0269418060300106489
0.0382031633270042692
0.00604562282359608766
0.00298252583089872285
0.0408569021891106582
0.00187243740604160639
-0.00212540824855972799
0.00398269923748750809
-0.00409565556702893695
0.00858565059314502291
0.023790362403196267
0.0304208691397949982
0.0242121248894968909
0.00270784757076890457
0.030799014571889223
0.00719485210478716577
-0.00921258417417668285
-0.010907715316069818
-0.0143988776602252053
0.00554816117801378798
-0.0159239859578031336
0.0164742238817157487
-0.00427137503425317321
-0.018933566512687381
0.0350828253076310298
0.0158922166059754094
0.033679045856927825
-0.0137085289320223562
0.0109023456973548118
-0.00195835745697577751
0.000703500055405509089
0.00985064245811225793
0.0240057057876226637
-0.0414575244235391507
-0.0224573916411361374
-0.0109905197865059426
-0.00359888304877381679
-0.0262547640209869551
-0.00156809189566739331
-0.00774464295642653903
0.0080328401757246426
0.00134156966029288236
-0.0143471389487276717
0.00850426209578051748
-0.0130748065460662838
0.00853949991696800401
-0.00803717387103566362
-0.0169270472099322875
0.0204831308954652631
0.0434913437130105968
-0.0158703364950467662
0.0185786536654752935
0.0362884893054453844
0.00369350892584468507
-0.00667870137044826017
0.0238550729383373884
0.00405931954102513141
-0.0111854998160947905
0.00590489891701425317
0.00884242245439332934
0.0247087686373259272
-0.0201931136680173068
0.0056328376307703508
-0.00779442297532215427
0.0238586874343690893
-0.00540046635645685929
0.0255956444486553567
-0.00586755845158216157
0.0587378778527732764
0.0284307398801371819
-0.0112832464109417704
0.029456866169540831
0.063038886176543768
0.0434667937707680432
0.00912256613449391116
0.00258805841528666775
-0.00629451464373527794
0.0351093615370050224
0.0360495424975211948
0.0418241468904646946
-0.00771857337697931002
0.0141516483094539149
-0.00181063972893086463
-0.0282946191790967583
0.0234062137699316414
0.0303029194982495156
-0.00144144143821725405
-0.0179817921711301967
-0.0269609055732158084
0.00938896504177853634
0.0301609510631738707
0.00334159651019105049
0.00318956843893263096
0.0141675043963605911
0.037431790214580353
-0.00229302612811950815
0.0232352297489926418
0.0256565555584171434
0.0168913992698955899
0.0381660613302853974
0.010863466502130081
0.00893190797612328571
0.000583118832491232725
-0.0205949430023457739
-0.0102304800758550533
0.0134342997960007725
-0.0161472230195786638
0.0357751421971503128
0.0129589898266133045
0.0190271087847262155
0.0165022202029041845
0.0360822496753062522
0.0057396859712567673
0.0107486306109141807
0.0291883556465468152
-0.0215138620284150844
-0.00720259845612186353
-0.0150842458257500027
0.0499139986899222107
-0.00420176996595487788
0.0147921566789583677
0.0606007898488773455
0.00609975538624942144
-0.00787624100197110814
0.0154200990625617609
0.0187862493399520575
-0.0034132247993610941
0.0164715152252442772
-0.0246459493357116741
0.0198463948158866497
-0.00480424083543059405
0.0121949842849938071
0.00982503907941290229
0.03838040122409829
0.0191206821924372536
0.014070941434824822
0.0159573212881234487
-0.0039329099153376755
0.0293400282882840327
0.0169791916126028584
0.0240174930223140126
0.0293298223213190601
0.0213070479466848928
0.0483516060719618238
0.020851081974818525
0.0502466835082014951
0.0130585011874535147
0.014461778978688021
0.0317608529703308912
0.00713468063829284654
0.0455832182623664012
0.0600035491743861893
0.0319838893466491969
0.030017162122217507
0.0112272380711974425
0.0127156600339366245
0.0193921677239487257
-0.000835638752741479918
0.0110700441182474078
0.0187456172563084597
0.0179530109726345373
0.015856162349974931
0.00334065669912466875
0.0330909024939448626
0.0213620966730293065
-0.00730353485311961356
0.0232128379684255134
-0.016778629689943092
-0.00753286413113832265
0.0178403398509459528
0.038690862802924407
-0.000945284112978235502
0.0133532279397401855
0.018122800944931676
0.0188148944770133823
0.0457535567988493277
0.0397074061437322351
0.0122233809348545851
0.00627918661949541934
0.0255967332916001745
0.0365143184169391677
0.0377159065847959413
0.00207070808435503087
-0.00761769296653632202
0.0484004696169786225
0.0532275056205939595
0.0341259666985018056
0.0333551803567563657
0.0505744759622166334
0.0178014047476906558
0.0436582218232979269
0.012502735961724994
0.0488885983767338023
0.0201523857577480814
0.011809442143447332
0.0057698883023634788
0.0314151210681416354
0.0359279455949855081
0.0300224141973822502
-0.02171387586956754
-0.0122183551894363869
0.0313706941841598655
0.0479238416803731623
0.0507071429750121511
0.0316980720712832509
0.0236152309233588868
0.033072099162335937
0.0241191031229446018
0.0334696478413214898
0.00883712905094899415
0.00780608367521072599
0.0185356749579055624
0.0268766242696556988
0.0443375146379405977
0.0189014804737864875
0.00161316927014839087
0.0616674725764589995
0.0208643913303091233
0.015938456748719694
0.00834567077341785354
0.00678899079901319064
0.0203748924548186328
0.0614694634868990925
0.066015573218271395
0.0459404034078177009
0.0180454561746162465
0.00675335487804636786
0.0118132066993378616
0.058047918528107631
0.0490679137323964815
0.05104909968632311
0.0297184487502539438
0.0214576664936795072
0.0095721133212328495
0.00609925338911364995
0.0229777212108112985
0.0313128394500577709
0.0132037408142425365
0.00826629043148133236
0.0579966482435295416
0.0590428654338744779
-0.00236630782291835651
0.0481324195962774051
0.00496721540985089333
0.018395043198950578
0.0568948563333180751
0.0803494884731943276
0.0643935727574687922
0.0155609768755358598
0.0292311917703015796
0.0500472655155932838
0.0539929138960830723
0.0534962320942481001
0.0610986079308421665
0.0284847497364090901
0.0711515997178656101
0.0214974012700279785
0.0405202900172970601
0.021574473491739514
0.0464333165248544261
0.0272108909578049236
0.0263770968021592028
0.020889815674197322
0.00298396261412321728
0.0210141364102442024
0.0212576513917861094
0.0317351074620357138
0.0513086638678697596
0.0692852336917478273
0.0469147212687418408
0.0488795143143709171
0.0434290346730973054
0.0189631501898827361
0.0131907048988406904
0.0464303655147204966
0.0366424008639033363
0.0564349887354053531
0.0320559141732470326
0.0171104910547825555
0.022495681796117592
0.0466618583416088736
0.0322178452601828702
0.0535260342272966677
0.0295918161611033875
0.0352148660578390851
-0.0119526046299216968
0.0476500244438607251
0.0234818307781360612
0.0204157188982556324
0.0371513957919845234
0.0027821485734054463
0.0733273400270552378
0.0406889449570517481
0.0554612133254973882
0.0585858742626808454
0.0438737431135153358
-0.00966651850283514052
0.0360655165420098595
0.0273303233488185818
0.0403368079522608558
0.0343232733127182693
0.0364482568551263361
0.0713411374817417288
0.00224667561575181418
0.0218864484852190622
0.0415908801022990479
0.0619841429720945775
0.0822778806396449736
0.014718306150075737
0.0391677435771117868
0.0697315261943960985
0.0499300670139334671
0.0142778613990373442
0.0431981811151715481
0.0225826229657217527
0.0480421685008710977
0.00120412483796916714
0.0326598953206701861
0.0281549055091506323
0.00410321678629550768
0.0408460408371510361
0.0124710610161448583
-0.0107810175529228572
0.0351014376249224325
0.0501548990950150958
0.0364127171619847353
0.0238655654067194585
0.0349204291259897215
0.0388943046628907746
0.0995476871214202585
0.0453132777843465728
0.0300580422076667172
0.0291041608847564838
0.0463465236256621407
0.0443977398911848189
0.0629621114457175057
0.0525319026591406432
-0.00252615925378256445
0.0558022112179153845
0.0432357945070499516
0.0334085631834788732
0.0474304672847957465
0.0379359893063261622
0.0731209678457302448
0.0154079621972144226
0.0907125049399086919
0.0624890077680028688
0.0138882670879168571
0.0597310420886211502
0.0264913614706799097
0.0455816712522040118
0.0796574154184400973
0.0331551419166709604
0.00284775741986557224
0.0387194404791165875
0.0465407363335547664
0.030458186296553242
0.0368556062358987163
0.0487116742542614209
0.0614961863859759539
0.0562122223935683091
0.0432614463517838332
0.0754852301165324924
0.0446545136343366941
0.049330875792657998
0.0458695380012287823
0.0530863635006535023
0.0167097433464831469
0.0625651553887467959
0.083319710846028211
0.0590823517706251522
0.0552550443209531839
0.0108031588623937885
0.060247531506147145
0.0561192858436774036
0.0403410793989249922
0.0235959326895193409
0.0376252552251756384
0.0565218256151864898
0.0475986670511230892
0.0440382359368658369
0.0502953591235284284
0.0463287660947475019
0.0169858618161692135
0.0638590334084454953
0.0799829809384086654
0.0627035090557202107
0.0731228779239865567
0.0812063600602047908
0.0542767052202819261
0.0908873319818616493
0.0874508548716750045
0.0638512159848368677
0.0471605136465923364
0.0802122246717206777
0.0522069729426237125
0.0547191968541211674
0.0854917189278147638
0.0402582806372254465
0.0140260831879317899
0.0838795245680031276
0.0315528467118577349
0.0611382237214532706
0.0768643346853538356
0.051043484677533682
0.0527543140543430544
0.0537407677985737298
0.0874337644218543819
0.0639689649846543751
0.059908208638079774
0.0766148295103910582
0.0916658261856484469
0.0653057873715820192
0.0549021807608677803
0.067284798406082133
0.0199385302508733112
0.0471054683061608859
0.0575693106365459187
0.0567991039594464564
0.0561844723485211903
0.0610422768485771941
0.0527561267569389356
0.0225152884521500063
0.0620134299567697
0.0570247055838378064
0.0976840530645199656
0.0438109440767322639
0.0470661154673279805
0.0229790343389980195
0.0685979686889463258
0.0605402428670747048
0.0282942031611985827
0.0732755432248758665
0.0420342528691919348
0.0417228970608961997
0.0477531404881937488
0.0497409879413382369
0.0761229470950373632
0.0358484825515066469
0.0424132788576764355
0.0776305079995005115
0.0472464114022259074
0.0763128440306924255
0.0987081662230335638
0.0763480025792782069
0.0868612476997979166
0.0519106213403175143
0.064296964679084731
0.05811488121451093
0.0652762126813909993
0.0895546182917108108
0.0918515814830367511
0.0430515011208534165
0.0790249876494237141
0.0732840075588502976
0.0868829909495662522
0.0583274715776840522
0.0523367893848351654
0.0755568893581558265
0.0254656937260627006
0.0665965774074566558
0.0661684208986852984
0.0365818934435445872
0.0949617925441278432
0.112462995901634222
0.0523235836285304359
0.0532492085753252242
0.0719029040232597449
0.0379208600494011228
0.0615579009443192049
0.0527394080575519023
0.0582892457510284998
0.0783197688122573427
0.0236812002906527652
-0.00352031860143978137
0.0401862401460353069
0.0893393918472141918
0.0757178292469175701
0.0779624990566543663
0.0369892091897941894
0.0684251434827227029
0.104627483878120597
0.0841163603205313526
0.0833306958178215984
0.0393055299902847488
0.0656167052768228953
0.0518352574228036905
0.0776881062511119436
0.0540775893365665963
0.0362037903469314692
0.0714235944520965477
0.0309886265320131193
0.0554147231543378888
0.0797203529653373877
0.0592496793678737588
0.0429430594640120428
0.0698679749452982835
0.0873641170578067783
0.0583073868450435101
0.0760798753377183723
0.0643407191088862379
0.104758480658162997
0.0855778241037550708
0.0394600602136849221
0.0775407409929845665
0.0802437311885870613
0.0555263504496391891
0.0393342868641406787
0.0967802616661918857
0.0832340878361806091
0.0859684181842246403
0.0550554235427060112
0.0784369558044791526
0.0649430135054398505
0.0336730337290479798
0.0702658317482894451
0.0908782707778659632
0.0641663276614889977
0.04811591429858917
0.0818632523566139442
0.0477705751264556402
0.0977591662434853931
0.0912798094773799445
0.0541372731902861962
0.0707466857686396972
0.0893202979284191817
0.10670728331667223
0.0700431876122924874
0.051649351093482572
0.0763007600704314337
0.0810389687693830324
0.0971252190297838547
0.0654340681069094793
0.0662038604158795008
0.0696342344788437734
0.102271583551748146
0.0786164808954500083
0.0485976768618290242
0.0424555483552405549
0.0320133326528975679
0.0801196839340469757
0.0623132467995090172
0.0527395273234859338
0.124665072454042042
0.0636930387351375416
0.0617541375696199629
0.0633805779555388082
0.0792867090268881691
0.0790836958016855607
0.0312240171755301735
0.0405300961157504316
0.0911640382553206147
0.112718617269048915
0.102535584652011014
0.0779053766380380791
0.0600359436668656266
0.0833715504529686235
0.131253757366289747
0.110528007855625776
0.0600035233283649216
0.0725265951717017215
0.0651590022542643948
0.0363006296142763946
0.079433255490315352
0.0826944631878148151
0.0321168226147730065
0.0863099793877535743
0.0757479590558765292
0.0793238725243951004
0.0823673021406627903
0.133075559857235293
0.085465484874629849
0.103921084663912505
0.0687224661406327098
0.0611952127779592098
0.0695011737202966134
0.0321625404392090405
0.0503172083065459227
0.07884810787865211
0.0738911761292238012
0.0699035384668181964
0.0828577157768110584
0.109491044275417837
0.0539132845884554845
0.0410570242139254027
0.0507360928037591877
0.0807187792873353127
0.0924446172021110152
0.0502464845322272285
0.101360235168414053
0.0335701070439970994
0.075047948423516031
0.0711716101441140087
0.0402589833739487382
0.103141658612059622
0.0412542759370415762
0.0881303924870794897
0.0640105463942313574
0.0472203931727319948
0.0321857970370970775
0.0720466604665950666
0.088284127578668728
0.0682815865630412439
0.0682106499116108683
0.104708190847638438
0.0864322499024408469
0.057142169990034089
0.0681688364045567041
0.0910773780794953691
0.0760634184762387644
0.0878193587345454524
0.0993533004698871763
0.11996523665382422
0.0963610001333435467
0.0496747468330999142
0.0807974979483392364
0.0687321703243125998
0.0777443991287939812
0.0876058670360342073
0.0644269949841780598
0.11024512029512272
0.0892118586416529302
0.0864228045497861114
0.0573012762877577186
0.104093641362021927
0.063127727139651521
0.088652817553041191
0.113957174069310968
0.0444691024288260614
0.0962955266708154234
0.0926991308946397002
0.099397715010976273
0.0901984105658035218
0.0400785711690812216
0.0820230558173336427
0.100918150357455688
0.0810828924269772905
0.0891105506784917456
0.11008118654693308
0.103785402045590655
0.0715963728272868971
0.0932805842722911477
0.113608872871468272
0.102864119773275128
0.0852860565455063058
0.0885858345018116083
0.128649997919293796
0.0726520177133164607
0.0964821476022081487
0.0951738596278288995
0.116302605241595289
0.0655171237234205284
0.0671303338280158785
0.0627492280269225378
0.0835312771951825656
0.0910386104003682028
0.0714699548236084337
0.0753916185153981205
0.0864319233763111427
0.0848344440790698984
0.0778811705228420886
0.0867732841365523727
0.0833004350839194468
0.0652433046041304837
0.0981347882232891516
0.0944683778810557762
0.109052588120779725
0.0883133409950579151
0.0922568311078705572
0.0986324624477197542
0.091480884714405894
0.100515393403501463
0.101377344531147037
0.0879776882719833786
0.0943703539571201511
0.0709202405107335621
0.0303978243332236608
0.0969248057628347148
0.0792069794884187051
0.0661944995634313749
0.0775077577431245029
0.0790979943084878095
0.114307396222003851
0.0618810191326494563
0.0696397453712697262
0.0630929273462342843
0.0771367285789197055
0.0904926043628712373
0.0869532616500644784
0.125056791041128434
0.0934447849761596561
0.0630107061160140175
0.102199131691840278
0.0776050994657105087
0.113328294354937409
0.127976978202265945
0.101476343881179112
0.10996599978019457
0.0872740958850201365
0.0983090811735856246
0.0737202160067581269
0.0680745836766435408
0.0874231964785243398
0.0697467274424340006
0.0730773977404958058
0.0751790933476223222
0.11106992336594694
0.0603557297875574467
0.11110593163808194
0.0447553085972212106
0.0949091325358582261
0.070270461300331738
0.0834787190552393893
0.0826639426249386883
0.0861456910051534852
0.129507440615226899
0.10067302315720264
0.0929193755832753987
0.123509272699139805
0.0885056770657878383
0.0544744835279015668
0.104972450352479041
0.106729063191588092
0.095729064554401111
0.0664989339768367466
0.0742896563191400156
0.111561375252263367
0.0768654299842339295
0.0830538748009517491
0.0626475389867099802
0.0902055008337315778
0.137360669188792472
0.11898083014253058
0.0674235883583224477
0.135904362592382422
0.0726210136626090075
0.0591171178136177394
0.0877384998767135466
0.0817710594641839483
0.0914617559876806235
0.110747806653030759
0.0773393895714859642
0.119441872638891874
0.0898913149143056034
0.0981851379106243316
0.123136482649367024
0.0839365779963272413
0.147594579264483439
0.139746786655746774
0.0794615641466335787
0.081661975448417759
0.0753548678850685522
0.104261468543187297
0.145180211695100564
0.0780704093385321402
0.106568263761923326
0.0927805558845879591
0.115302644521067699
0.111231821601511821
0.104315719752146818
0.104395726466241456
0.124086592311307212
0.104099496010090511
0.119454197935270123
0.105009272255377165
0.114508030918098219
0.0873627996922436145
0.0984965706742584324
0.113288641798498527
0.100488713543271296
0.105758560413719505
0.0954653912558207363
0.128756840974405345
0.102351852157302553
0.113223570729154607
0.0880256234152640565
0.0816168145628500818
0.0735717505534139726
0.122446483758920727
0.121891371474330851
0.108025481695608869
0.121134942396905795
0.116607469138189312
0.0652962110195704076
0.0883229524860887211
0.150273802070609697
0.112774337658522877
0.0519001827404612717
0.107910281415551049
0.110660288109458091
0.0826034064387507205
0.10104537213836462
0.1082587113016414
0.108074264724739827
0.0744169989286181804
0.103282076622803934
0.0929629217158008253
0.108523093445299285
0.111776042009070112
0.118290789236848007
0.0974889023756009554
0.094953579089378487
0.0745352671399543698
0.138308722311049404
0.119877465105163644
0.113645544230794732
0.0872810239333215027
0.0887676854120419551
0.109195844141602369
0.100431415336468252
0.0906455828825537824
0.0872632435383004501
0.093444384335630154
0.083545450348457756
0.0821878095465649328
0.0948538143583966958
0.099841933014205464
0.0855641658193085908
0.0853104384147893025
0.130291917769267934
0.0763164502354282959
0.120643682537115701
0.0780878744383181889
0.12461331405659147
0.0866462850774568777
0.0843358706233346134
0.115343204522727658
0.111618265824283414
0.10386517651255843
0.107558146780033392
0.0717376122318214848
0.0784009829630904487
0.112937185671804635
0.125936204350437425
0.131701796687886452
0.125219639518766579
0.108792453817664517
0.109343451462096203
0.0963257864985661155
0.115149704230652572
0.11253682042901729
0.110709443977437275
0.107653605241980602
0.0943964936656045833
0.118459809691498649
0.11734953356061259
0.126209730327856789
0.0896615508939537648
0.121768193869746064
0.108364782632665829
0.101432826911585949
0.0738000548330751821
0.127536187045945049
0.12320253329664925
0.139327925831140398
0.101901128458462581
0.0975870234574806178
0.11719410233939434
0.0873176059822212552
0.0906858519955249659
0.0943398429931291693
0.108282055934969382
0.0889032301229021049
0.110542670960643366
0.122249640573959956
0.108999265447206062
0.12275688377188107
0.100947608386355914
0.0762604854077740119
0.122081204476034655
0.100544496170377418
0.0902522262935876451
0.12041226865379423
0.0989419104859286247
0.0844253424374240696
0.0766749550630044518
0.100990804979556398
0.077094342953512876
0.0793531351447447075
0.160956883296882125
0.108048313461107451
0.0972022108568592474
0.142796281979159695
0.121696555731405379
0.105187078862372149
0.126315857728018038
0.110967230677193246
0.0440184809757061882
0.137352312439984969
0.0735903115186599122
0.107862462856544869
0.156543834766988688
0.067427150782920664
0.113527813284931972
0.105041264745333374
0.0891242673550671216
0.125532018963651792
0.081761460603464689
0.0695656130831800446
0.104347423888625696
0.0855975374849839571
0.135187882742442089
0.0829514222661367762
0.135849438777312675
0.103966771960981419
0.118392359236059702
0.155897639886449307
0.109442786228973896
0.0796856846342021558
0.138682982140640065
0.139262051159480704
0.130855416593981977
0.112243138874591891
0.119077891312182743
0.0978463773764461087
0.123468609792671227
0.114227396557694344
0.150349785914396822
0.0950617386602413822
0.0958248812231884267
0.0984499003429568087
0.11145065902136668
0.118292941746735172
0.130371421090262452
0.0976883681697621603
0.106707288424229482
0.092080133020447319
0.137434962214421225
0.138683747095007082
0.145317959792697182
0.117341234653737067
0.120831232583691869
0.0761407641903456417
0.137592168722765223
0.127800499923369115
0.121204138104504228
0.09560726388469315
0.0879250031112302904
0.122223058585746211
0.103898674141052055
0.0962018412156557673
0.0856848689146393616
0.125614462267154114
0.103681295513833219
0.101530689138732588
0.11613922030791482
0.110818319915486393
0.118551081797671043
0.1172917878342353
0.108655125258183605
0.113670876178188079
0.11052908207976235
0.107369625190798013
0.11722421669258952
0.100134139422174862
0.10749180857951543
0.127361727828838839
0.109187163513310884
0.0922941548005852125
0.105073860938084893
0.118851138011288618
0.107592062431962704
0.102698075549853218
0.131390868629775809
0.113729561176112048
0.091610669830952382
0.13014551182485451
0.118614426543589058
0.104533502952599444
0.128009220160919535
0.13392454202222473
0.111963952733782693
0.10741520172086462
0.12464094103951702
0.0939546570457678587
0.1033077014176456
0.0901942352688421822
0.13435230044387042
0.13677332952003507
0.128512434151188071
0.0939079483133273829
0.105151063941682499
0.14913267130511762
0.096840097936845046
0.0929939669219143894
0.139033353242795005
0.102911721845642443
0.0739237402848688108
0.0850652689606288398
0.107760053005933998
0.1095274928621736
0.128853145175070127
0.122173240409382169
0.114703645876923527
0.107243813964153847
0.175954587384874128
0.126001009609120279
0.0931158902745631567
0.121729497071813186
0.110622334529348568
0.123967907441782946
0.106978725395653146
0.11770518823979001
0.100663399650630869
0.09987532840864774
0.110941558543242974
0.117350455752089466
0.0938929172854619798
0.122358690088384958
0.136157422472097028
0.136933060879483315
0.10918097953656003
0.106894683662765444
0.0903658279629429434
0.105082512606124417
0.101598195495145274
0.114190917707208781
0.111523376744788835
0.0897964680530129039
0.11670950881466538
0.108119511476565344
0.136386497242346527
0.158117580226138504
0.133042197181913596
0.100946232353112272
0.120362750151867287
0.0941236282904885646
0.134170707599639893
0.122196744330116361
0.0805502130262219507
0.125972461208443548
0.103448233984758831
0.133867178367619827
0.106444193478398674
0.11228301609948968
0.124039839009897429
0.10010541418820304
0.105249515603460811
0.142094919203352571
0.129329470678782199
0.102311930741740345
0.12925838689639213
0.127319723643002897
0.134408332977520056
0.128844804090324422
0.12014001278999055
0.110799265042381329
0.167089848388315587
0.093762843560587672
0.122911977840042944
0.0923883138194090126
0.112349167965108881
0.0813632008850651012
0.125578216732915082
0.139254564082294363
0.114110096816741335
0.104004505085917937
0.122445483470683764
0.127465461916213024
0.140570560265876165
0.13982742266735973
0.108523329914500533
0.0942011894751703383
0.106701139043656565
0.128698928515669386
0.152660881252797198
0.10933337317225765
0.129452901052998642
0.112310077630561264
0.112083899280575383
0.130482704022187007
0.105021031002274612
0.0918946366075856363
0.157208703814816997
0.139442771868448223
0.122441075741684197
0.10219498968114106
0.150868858569177089
0.141457768153348484
0.122771431662953984
0.115419638925543272
0.0993210768027638635
0.0963408608522580284
0.100965495344540995
0.127353519122376857
0.123788936708846359
0.122440552175011902
0.0954794983330985725
0.119301465496301246
0.140186702385328155
0.128959631621217707
0.130498026999788325
0.117289160247464455
0.123294866697473346
0.108703267386978081
0.126046548940667358
0.12600107754298423
0.101122415607298177
0.152991600774612713
0.0801663360928233371
0.0923954154396075811
0.131082887457486169
0.143183231552027224
0.104945802982475883
0.0803046512697367099
0.105665490452557798
0.123864391963125695
0.109026745404224606
0.119190926222271107
0.118971282316236465
0.15145072310806762
0.113515624333601392
0.10917320347443564
0.127023158369591105
0.133508749321328002
0.125111869529897723
0.0987206573209882393
0.106957861209235741
0.120808275490134565
0.116517423397788908
0.157732163162318861
0.0760021451170456164
0.117789013378985202
0.0983797888264228704
0.154241777907769551
0.108215366534210336
0.117417439990973177
0.12118863316277885
0.0650744747453663869
0.120050787030610603
0.116181357473074356
0.134794800571153561
0.106433259168877109
0.134741005375385636
0.135360639331557481
0.120620179803173716
0.0966770044060973055
0.161205777165327219
0.113033162418572156
0.137390701303112178
0.155278428977612737
0.105918248097908174
0.113669555459961963
0.104236585817770983
0.101595649556087866
0.114224174845374421
0.114573973006752108
0.120453642682619363
0.109814235694842902
0.115080803113047678
0.129709265726906303
0.10921511576790402
0.115359667353138406
0.119218858971484654
0.155592800008465704
0.114937071126496149
0.113928416634377097
0.119488225318330296
0.116904053117818624
0.104536868039575903
0.135761772215766435
0.119980977254390067
0.113484348268619792
0.144216370664605825
0.105335186387076202
0.13528892766980849
0.124164540067581874
0.105063399653772566
0.103997419906590727
0.140410438927277142
0.0954655251018842882
0.147786621696555737
0.0590719378363813996
0.0975663098735954498
0.0942230393183978859
0.0760140108867339015
0.113128813523611718
0.117710055997461205
0.119337184335542912
0.119501416419733386
0.122264270553826118
0.163040801121161316
0.130947990078165766
0.128247775295073863
0.140481073550914326
0.129408514377936434
0.142922254019476586
0.130886074623378285
0.101502972654489029
0.139582170454146948
0.125828853388010975
0.111845958841350873
0.116199741500506645
0.112788670111152525
0.111568140666944968
0.127726111909322371
0.128741747369524484
0.138345673890859
0.091640275368145091
0.116402929018148818
0.148851952195254433
0.174072737732901606
0.152979079873358098
0.135706010074246208
0.0910192319623358698
0.129071350695321885
0.137795858114197672
0.137580555240872482
0.0824256105417778828
0.106092891318358223
0.139267238780862029
0.122123943516683223
0.125725276446550849
0.118476612324158542
0.117679633118838625
0.103146888692825234
0.0989120268109110468
0.14319671913595966
0.163518115395391683
0.14047664469458962
0.104871747630728471
0.118935213483579397
0.114308159065768716
0.115666633230214699
0.127723183950389035
0.143877842249765492
0.115927499494431749
0.169642835444173024
0.151842788159999326
0.0922611170640965095
0.131070306194416702
0.130884188780389543
0.136821704953485973
0.0855532048939652012
0.145617056598257466
0.0869510566876783159
0.105329629424212104
0.107522151773413302
0.145600122438068996
0.126580720540111769
0.100824300801162489
0.120453905600523728
0.114508271290519867
0.12953367544379471
0.134963563150869187
0.144898729934780757
0.145535334170831337
0.164699864991017714
0.123510651036526323
0.1225847033325448
0.0982126802963072809
0.115687641383275155
0.132295807695650774
0.152851700208347402
0.134574459564956117
0.119555637527439224
0.143713679567397418
0.11647202176920772
0.133840364670651413
0.0937955371016359618
0.127723850457795607
0.10163357038796926
0.125642557908218044
0.1619487395947522
0.0983537403255985154
0.134064895113370469
0.10641107531803895
0.175256598864015845
0.120012636998554634
0.110837539171738025
0.12695545738968611
0.129577318915036294
0.112677176656952802
0.140088873383502094
0.127313062929081316
0.121766158247235259
0.113008990591655006
0.146976867299434516
0.144290168859146001
0.124516849068073143
0.138608222760337019
0.161123745286888165
0.101102661308120775
0.144174215533992012
0.142358730209952211
0.112615407406651047
0.0768843427328981532
0.0676521032019611335
0.128669285301303837
0.126640875839813677
0.0903198923365334805
0.143209714770392238
0.0861878519682848787
0.106823024853618262
0.171400089532164346
0.11679889558885459
0.139269345268316941
0.133872199956074966
0.0964432682260212698
0.13480765629757957
0.101571744873191219
0.0768252710211175804
0.117423373604087625
0.128972116237754425
0.134577875364262523
0.133795434111019712
0.132269868370595151
0.118194434380515939
0.132853004571030886
0.0988010238864300838
0.121770740049860132
0.154795796977035105
0.165270763116185215
0.141527046358018938
0.136774418669533354
0.0910268099205243653
0.0838876265312962638
0.135277856496621635
0.120179430701059034
0.118431574695662664
0.147641187543160912
0.126060549217298312
0.115704931308276984
0.128907135120195415
0.126409619580499261
0.0987008518446976235
0.120482199298713427
0.103018542565964599
0.134748169501335585
0.123428163603333391
0.148927237210735725
0.126931563114544232
0.167141189806449875
0.140172769342823217
0.134591437309260958
0.146808972913885533
0.136262211311431403
0.102357098042657371
0.140198106473176543
0.125491458258182448
0.148186090100541179
0.128664473116728739
0.11480325272785577
0.146086414961761835
0.134203254165450897
0.132205177427121651
0.131316370875668192
0.100210678068717279
0.1432436741978661
0.117566828844265892
0.125346157625260524
0.138307116583379575
0.113552130186682781
0.109612271726055144
0.13111107722709997
0.108609394735808412
0.126262546929081537
0.138448230551966617
0.141349054236178356
0.0886911768460512673
0.102990675095241846
0.0890223965516925286
0.110684222914148742
0.162110117586860031
0.119091876185058357
0.10192095100201129
0.13086440733867763
0.134755493236296459
0.136679414157260787
0.142544025733100321
0.141004034929618799
0.10530985873674073
0.155373094848195059
0.146268154517983473
0.106521417354793091
0.124983169884768458
0.10851015050455709
0.134067581028653682
0.106735955968631835
0.0957024109146757118
0.125548978645721121
0.133430779464495913
0.141454258001195488
0.103990043241401348
0.134517106290004324
0.111752185446740801
0.114805566755382185
0.119270550616216511
0.107901513278301386
0.140688236213205975
0.101166856574350608
0.155563855100786352
0.0971372186638013169
0.0969925728886635724
0.12213710260605494
0.124048862052746525
0.143388308727452729
0.14127678283808992
0.132823372644174736
0.135285179706334552
0.120670201199996677
0.120806471045572447
0.120331219442064499
0.111427053726697478
0.134603432882510615
0.116223580565808199
0.124459960285304788
0.130499035860595247
0.0846455658503954267
0.147258646225749468
0.113428090971663523
0.154081851020437893
0.123574476770856562
0.0848850773281805415
0.118397504679024004
0.149150137984098125
0.116225517190145636
0.13855131905197543
0.115864453435032433
0.123953451890437438
0.120300775036522187
0.125694897235399422
0.14478806180236925
0.155293029520616521
0.121207121088445821
0.0962624384279910233
0.106654279292423437
0.119005994853568373
0.0801533752008459499
0.167017651305957304
0.123873304839240445
0.148129439274104047
0.138056571756110025
0.104085354202207103
0.108149017110210299
0.160395509995964497
0.10025357644404731
0.120700887003863569
0.11483644857446576
0.130381838126358368
0.0996074927342843752
0.124970649631412203
0.112797721376075646
0.125940105310565292
0.157776226780204865
0.129754869366012049
0.0983420732143966414
0.0976500069441676305
0.0960141500597866682
0.0994761632803833895
0.177486396729781309
0.0884742223209522144
0.131976207313618754
0.0915050303640416313
0.135763262237504595
0.124837128942001274
0.126183553706707585
0.115187734026731062
0.0919435696060042218
0.142529307903508567
0.127093240058974988
0.137602798507311136
0.144969727890356392
0.128168720146875248
0.108833704773922971
0.125717525490826293
0.134340630086446006
0.108778251027202427
0.137543438585484623
0.156357690261119842
0.100023600510836738
0.101661919878278564
0.0926498452397068184
0.142900765406935942
0.109654509208763101
0.122034357358677806
0.113059602415140861
0.13325839572210374
0.114752127438303611
0.118512474974060533
0.143042781033318495
0.169167273147612596
0.106869520420915243
0.114382636226678241
0.129509938723471885
0.119844690365171938
0.176889367272171361
0.103923783780534615
0.100259296225796421
0.138626584141719023
0.147745523391294459
0.105621978064314448
0.0892684575148948861
0.0835165289071454209
0.123835959221214625
0.117371236093586559
0.119474449281065029
0.110189576830027627
0.119663227057294597
0.140665350995937272
0.160139598841521458
0.103825568119832012
0.120066257475804031
0.123664177895509
0.153090274871680504
0.169994095747760893
0.0762404482579060738
0.11847769723327202
0.107135901457596688
0.0803108893740420021
0.108722773209627532
0.131211016872655795
0.120597142187859857
0.119061021729690408
0.114054844821371099
0.118469202221982553
0.114267229427202063
0.103318210142392453
0.109589376207148134
0.108319696413231206
0.119937998338164029
0.0945319455148835169
0.122787510025799726
0.126627210037673382
0.124412551281907133
0.0804094850024331398
0.0910078205895177433
0.105275568051925367
0.173357684603877904
0.113506337861198153
0.108844415505666051
0.105895328326614566
0.0873129772624916534
0.116089361363920396
0.122248001039838294
0.133059174956649012
0.108609136660647906
0.106863117470354943
0.11323875396806983
0.0941907896110246445
0.121350425853528329
0.103466777532194187
0.114300480785700306
0.137254047822166519
0.137370520896717557
0.135563925968216981
0.0847677094436688344
0.111378824287100081
0.129232970751903958
0.102814345564625681
0.139134116287128407
0.073706177707218129
0.121733951063401541
0.132774731149393838
0.134515080345081584
0.113138970945639142
0.153147525612330693
0.100551655699066739
0.13611574280505051
0.148740099086716898
0.089774615614566261
0.0931396497387654149
0.137516114273528306
0.135759091826602951
0.117396772822516968
0.118856573029026066
0.148040235773966161
0.115064127871772545
0.115053140294754108
0.0810353942917662606
0.112074571364808862
0.123824432824454295
0.134002427636719212
0.112843795194814522
0.0961383901379441186
0.126408137223958744
0.126021530346703464
0.0952234442369634115
0.109205680023023249
0.162070243871199393
0.0911708444689856845
0.120529040700420073
0.10831114203193723
0.117218771164684821
0.0819005223960003748
0.131086255002042129
0.125725376896430707
0.150398751211744619
0.144149530129696335
0.101270657922273188
0.112074923897593715
0.115307705973748759
0.128932701648439896
0.132278688730849997
0.118751123633456787
0.117288482242047326
0.131634599650154976
0.137384586291601302
0.100059982545228923
0.119106586974410358
0.124634093963239531
0.133781373385322588
0.106508597978321504
0.0999270397483762451
0.0858114556442618193
0.137341349377371996
0.11284637251079141
0.113793472101522589
0.115588897788654735
0.119914711190308679
0.108522078747144674
0.102111298405616516
0.112480083494771191
0.113432990877739559
0.0987371907079065969
0.106922432723773025
0.111705212884282062
0.150331775207159235
0.103241258444757025
0.112106292800525073
0.140610013042160087
0.131186836238381593
0.0991169777448335926
0.113214388732525706
0.126369612489209915
0.122430388289551426
0.105790392293939745
0.133391824443001433
0.0871767268983706933
0.128890107222197986
0.101824227415302823
0.128744390758264937
0.107514617669220477
0.138709568387173521
0.081648250444556647
0.139859404884117799
0.106987561352866675
0.137028966593067181
0.0921081866753254014
0.109436393299653933
0.154999876240516421
0.160279004152336757
0.119936612022248243
0.13706424160614572
0.129588780481850935
0.135179226734345903
0.130397327740392005
0.143203174697177138
0.125475142581618432
0.132645858086814117
0.1112379398480218
0.124169841649224247
0.113513901233964612
0.118692639309605816
0.118589243672737141
0.111727589214990139
0.0816810020439801276
0.129453957152245391
0.129248335366738687
0.0795174999934736421
0.114115736479837346
0.15247517736088495
0.132344206488302307
0.0682438433260342397
0.105061065099033651
0.123628663185543761
0.122980034273007507
0.155555508431057504
0.0778245735429956564
0.144585123428756179
0.146711683852228492
0.0703529441557556451
0.150393439072948998
0.115473578551826661
0.0979512223194541343
0.131089363005368109
0.131544381222288509
0.121973667687969564
0.138408135860635245
0.107759604870660011
0.114464483179526968
0.151298802227449652
0.12752692315321465
0.072975511590981007
0.115757447182345499
0.111783346477021983
0.0881110208935335093
0.109055223232110227
0.114884526674441628
0.11906816833603906
0.118794590870048608
0.139623805922429095
0.11248944181921279
0.121708298475281668
0.0942663465172828979
0.13050149090782831
0.123845248527146609
0.0599224663674821426
0.122254942048955859
0.119366088149973446
0.142959946795897103
0.106796336101363562
0.102781650427074184
0.102602113349515148
0.102737089145375105
0.117952555305374199
0.104827935913050993
0.0991510819304537994
0.0821497045881083854
0.0902908969815680446
0.103646795318941332
0.144013169397007812
0.096786147217684193
0.143586881288753992
0.138975791754997746
0.127587676936317868
0.11254508701715224
0.102577269802528848
0.102705336509129289
0.107416244199924085
0.106755633582192658
0.124479641289359372
0.123179623688214834
0.143684370665214417
0.117198100606143316
0.122371441571005907
0.115390192076016737
0.0725563900369985693
0.0956493150922751584
0.077207572303646485
0.122482523817354041
0.086348564014249618
0.152694770961228798
0.117910074540809512
0.12653507527335292
0.138304033774220486
0.0830582358483711869
0.0915260741395852173
0.112851043726356584
0.121703115929569949
0.112014604906015836
0.108838831041277603
0.123608484044281833
0.102491620923956181
0.0994922492859775659
0.111926660044352547
0.127555463001137126
0.104230957172841351
0.108119029983063483
0.104612813703577306
0.115267959770748357
0.116495182156069826
0.135541845426193547
0.107483598909964534
0.141620249387304192
0.0871854603901736774
0.082407718159438148
0.118489815225582801
0.116841295719473742
0.13971678508470195
0.107805909801800992
0.124324332505858906
0.107366109868669984
0.12445511632463406
0.130792980118639268
0.116756675075375863
0.0883250077781577853
0.124106960058695648
0.10386023232190561
0.105083916958813153
0.139672335156053345
0.0911331954630612423
0.137905527803011269
0.0970622973237260517
0.130405829346384117
0.11775977973201017
0.126076743027953242
0.124561774417761922
0.10039324709516545
0.0998068705832516612
0.0943639966230481325
0.116210069117648293
0.101906215247480475
0.127332481472055253
0.0910268022680305045
0.100949710388426525
0.117281318892715564
0.11377296812974437
0.078934236816179365
0.0998114102112650087
0.13127416658445698
0.110533238652961135
0.104334091166627882
0.0701346031593418073
0.119457693872629292
0.0646180284180035702
0.0843020471750915434
0.143266697827910378
0.110340413821853861
0.105973344813793377
0.139346814139099662
0.12783479925836122
0.0767329910186952402
0.123867498141159063
0.12339930556396235
0.0969697030096145218
0.110449591695821442
0.145047969410514205
0.112920509573476616
0.147081173387123093
0.113448359276245775
0.138044127858017701
0.106486908786667042
0.143173061586584771
0.113387614728881383
0.11250088997431025
0.0906677936561203074
0.115317858761861944
0.111727330950565029
0.118472127244227232
0.0623463758560359113
0.0944600568518280809
0.0817104795893104086
0.120679032932548724
0.149593053844682133
0.161356943054588864
0.115761761783990377
0.0986559880299600067
0.0965087217707546463
0.121871669648781197
0.111144846458941141
0.124785843121953663
0.129424101647243522
0.103128749920401594
0.142808318048053162
0.121297331782211248
0.16229187633004466
0.115840284531325846
0.11233536292613637
0.132322974925517617
0.124276973233493987
0.0908796709705011752
0.0938692522395625367
0.132359206695667808
0.108444932310726702
0.10795084283965832
0.123416357446572339
0.0759739752420934
0.124806061689209657
0.124526893700693614
0.108985493989795346
0.127980442881683254
0.0776141618430886276
0.114011928040466573
0.0758813615737988223
0.118033839782025904
0.101244589934773324
0.103778436022406481
0.103948464929521395
0.121834567770735647
0.121395202559831758
0.0890426529476983086
0.102739024840084514
0.116824948589697247
0.0832438795189076042
0.0903996118122712272
0.0999228214996649988
0.102925632386519056
0.114212326972000372
0.0893985107415037616
0.11494078299545811
0.0882644845423966595
0.123556218248881161
0.136638965354071551
0.0998268087567999729
0.121423324997426002
0.100609034258949015
0.113085275215916936
0.0893234141819621297
0.07967556529345729
0.153920293621356952
0.119083202620350173
0.0936233485173481872
0.116457872729591461
0.0842676645890818588
0.102765840010366122
0.10528673401058794
0.0816276196327410386
0.0904951305342380913
0.0776561490042478042
0.0725041490497846941
0.0976347121957191894
0.131327773045887386
0.0716581830810633091
0.121816251240867604
0.109793760820442551
0.0827738708509195287
0.104974088945428992
0.107788477501875438
0.115805241720776733
0.120782993367550856
0.122229992446825197
0.142867729681812994
0.0863895102159602662
0.10729194328781283
0.0861773130802009624
0.136143094019083033
0.120002671815696335
0.0712172673691220393
0.0867296953438222717
0.0731652444775325733
0.115973133377616208
0.108037323785466419
0.0952398700537475523
0.0565864216711585155
0.109068564194498008
0.11745843831707109
0.123035525681294708
0.150437774767481491
0.084690530317773155
0.0982085851793629144
0.114256977803560283
0.110064062297010226
0.0985115630872665099
0.10569186318749145
0.13874759608488102
0.111657148256593661
0.128530281866667179
0.110515876899572901
0.101390974780019877
0.0741335513613168157
0.102407365589077898
0.106228305428406361
0.106917846212598519
0.105218518106652462
0.141770443555988251
0.097175272880584182
0.0944661013613123102
0.118951420005503336
0.0715442293486529962
0.0755219500712884795
0.084141326886900264
0.113109271681130635
0.0786338236175556926
0.0929196132288466897
0.112764937040325905
0.091515691038291741
0.108364665326119797
0.0802792698261563104
0.0957818530377884808
0.117028066638342698
0.0963566251524324707
0.0876771050314100325
0.121184041782006396
0.0970799860252542224
0.118791811159833366
0.0934274497756088507
0.110273595542963371
0.0714842335378402804
0.110829042071563078
0.0911413641439572098
0.12046717380075922
0.112200279016960211
0.0976241204417499508
0.119176729351527219
0.104772329075177167
0.109610938506489064
0.0795675882841243021
0.119003677235351116
0.0904515480638626856
0.0903862761947386989
0.0628198495802017032
0.08572955831048297
0.123256268685437695
0.082614094660740614
0.055737418045762932
0.113404998970994458
0.0843817683047668743
0.087873301696149167
0.136861846751694549
0.0885353297261123884
0.117261571699140033
0.153507345564801945
0.10650097163015057
0.124860403724464192
0.107550314364946609
0.0888401353865204274
0.0964467975265679844
0.0755073651670619683
0.0632223137226273213
0.0911450735745002322
0.122559501401022258
0.0978957409095304598
0.113441296893340787
0.0703688548231367061
0.121660695352065307
0.111751169220813421
0.0855732837096359472
0.0944511472176530753
0.0888038123280584235
0.101534278681825296
0.104801727320248242
0.102587077368514731
0.13418562690162536
0.105209855133133315
0.0998108984811747618
0.103684690321875203
0.0988823235078382934
0.0548244684872238042
0.0886556526328729222
0.139297594651335566
0.114093023253123954
0.11681004318106078
0.0721942978592268608
0.0713821194533804937
0.134662947107905773
0.109913816626797972
0.0907753813491628397
0.115925124677986005
0.111640651274343181
0.115301851121482668
0.0676601153521810411
0.078145671154802171
0.0944397079545980234
0.116874692864010837
0.128497372394491466
0.0984287210427829545
0.0743026011224196259
0.119969886614249566
0.113316437589490948
0.12666263898448768
0.110759329447283367
0.0914796610124051224
0.0949905397575762644
0.0899891699516301991
0.0727475540854824604
0.0623608887015885682
0.0892419054795321326
0.111590866825846735
0.12516865862802859
0.0906410228278256569
0.11777349415855147
0.118653629010842046
0.0980696771742444601
0.146267945234442587
0.0945427626379631153
0.0969907480691196699
0.118186556695750095
0.145537762085867273
0.0945350386452545322
0.0808905187779065254
0.0812222820710100518
0.087383518080333053
0.107458283069838276
0.0927073744637456065
0.0887255550264471893
0.0943867323413047354
0.112185115108860423
0.136467150481248967
0.0678094334415121208
0.075170856478817133
0.0910740790072932793
0.130043610104324137
0.0897603035122353649
0.075676767733717204
0.0503209561982759512
0.091198737497195162
0.119232479210393746
0.0961636346044954099
0.0995255855969496561
0.0864770775598291963
0.0938394440869691759
0.105084230531855102
0.108043320644426899
0.0898592927461060592
0.103905530308440922
0.0793648671890634372
0.0928663463074036188
0.0875409502794507882
0.0957892459571957622
0.113706009071475156
0.066611381080761492
0.122931579790161061
0.098574661764201002
0.121785853417224907
0.0847758668088752637
0.0551373729617369163
0.106659384464498838
0.0978010981317190276
0.0718155772788144076
0.132149599787938665
0.0668687577395171706
0.0803510291552409772
0.0535986674377677899
0.113280227387461269
0.116019558551064508
0.100236203489440123
0.0919264654900326383
0.057336521642851794
0.0952808833754999612
0.11329232346638643
0.115834416454284411
0.108758034653416005
0.119310230080416274
0.100331613210860704
0.105419438915545061
0.115373826968842894
0.0845376623106594283
0.0658808400259389693
0.0963924223479995651
0.0979758282086351656
0.0940834303144849615
0.131153461138279165
0.0944991042345933868
0.112760557610599332
0.0747117611076597993
0.116355590616104468
0.0564004860700893992
0.107569619179241391
0.0513939726691779314
0.0569838364873656369
0.08941405825924989
0.108409209607794377
0.0905229950621344454
0.115483765341001909
0.102518039594742982
0.0709763057828566579
0.0774820899051642809
0.0772875354254667774
0.114422144936265124
0.0586015035182050475
0.0905945853928663281
0.086704196297450728
0.123593834145113962
0.0664929778991842635
0.117212595108490747
0.0679775533721245634
0.0782295380699189052
0.0901858447549759301
0.0838855943190610492
0.121531236938221099
0.0978754549453832168
0.0928053600239490684
0.102427514655899846
0.0767256723478358521
0.104983189935474536
0.0942237697832245535
0.109464657478048205
0.08393269761319469
0.0645894937378945072
0.108015690389741223
0.10739752571768385
0.0704434376212147995
0.0660868595816560822
0.101711575072821372
0.100298572955410267
0.0778278892345641155
0.0985242744569009149
0.0845958274444816999
0.120701512204812775
0.0956296055364441733
0.0794212541934140176
0.0889245727543522824
0.0712741427417357964
0.0935860393743368213
0.1128878352436858
0.0921243417380949864
0.0743202726997652108
0.10390979478240539
0.0855725298851558319
0.123594971674569939
0.0795008298658146928
0.100293158993129489
0.0981993093692492408
0.0442066303623701237
0.119194173558706873
0.0970374936155315726
0.0521058389631020372
0.0510954623269221989
0.0977468412846060897
0.0744688083344534346
0.0657691235635975702
0.0770331730833095779
0.119164396771319001
0.0583958202703834736
0.0802582849160719813
0.105325994958342453
0.0840775678598163351
0.0832391611131258202
0.0827680274453274772
0.05344111492798128
0.102764476186454526
0.0671956918097942335
0.0752469513485182484
0.10026755358502247
0.0808401104070817639
0.0818272487528802078
0.0581658694327298054
0.0965563708533636045
0.11327602551299161
0.0483111925118146143
0.0594241693137218321
0.0792815214048069317
0.0986497331126480193
0.0489393313425231027
0.0619690760627975429
0.0719751960159046994
0.0985372594414381103
0.0998847600767721056
0.0742995087246792751
0.0627477353255275067
0.0734400389988095481
0.0811880222105618304
0.0552051437310124085
0.0839226616298259925
0.0548038155198972837
0.0715646278148403675
0.0882245040496931893
0.0615359605463427078
0.0756436234558052756
0.087464848824574129
0.120950466506316523
0.0776227746135583346
0.106875635166767652
0.0323594135962637919
0.0956574925839701051
0.0656389027863364671
0.0704974784114089092
0.0820402923582513738
0.0970716956741684706
0.0568556595845818302
0.0603255823003324629
0.0589385397552820434
0.0842127267058885437
0.0506844508586607595
0.0512235714313631352
0.0922878900483918851
0.0822627006955014145
0.086089920228883357
0.0382806075637367529
0.0839312089456281385
0.0570375312654003153
0.0847936556611949277
0.0801274667575305605
0.0466345164638271095
0.0829754968190096198
0.0391148854996945586
0.0597297981216709656
0.0659112041294648288
0.0594730933625679942
0.0947464424963688073
0.109503314540584151
0.0798327513856793985
0.116646503208503602
0.0471437422705255488
0.0581757987584476804
0.0475084992353160609
0.0962276846314877449
0.065013641493690974
0.0742101407544046021
0.0617551368463013506
0.0914125901175187466
0.0665432857689627622
0.103066086577325328
0.0788767536541623293
0.0699452365068994469
0.0529268203461634792
0.07253152339021679
0.105037690200715156
0.0765732759936249424
0.109464750895907958
0.0506046829939130333
0.0807208868783649558
0.075360389674904632
0.113182892952999783
0.0688475079348543212
0.0577510044416893534
0.0705332344206734685
0.110787519342306934
0.0588408658972970205
0.0934898072849933842
0.064559154628674259
0.0449679093212969824
0.0909260137054823669
0.0813087604440805578
0.0972536935580325945
0.0895040742501093389
0.0667672522866323559
0.0779892859803928973
0.0835056768983253872
0.11270847741064402
0.0796997750155724605
0.0846920906491001185
0.0698467594947266845
0.113790420809571052
0.0740039821080288457
0.0567406469396137259
0.0934132866019283248
0.0781325896997641378
0.0403723909477681289
0.0513361500777079899
0.0458516427396271006
0.0788452237735014078
0.0830987449716559939
0.0703523083971720753
0.072358114145797417
0.111646231540964397
0.0885550838849294419
0.0920488326838446308
0.0605250808142430291
0.0669199136947715711
0.0913154947923922183
0.0696143539255400651
0.0655508276850012561
0.0711736261758672828
0.0865999667995230454
0.062510066030229447
0.0512775674545178223
0.0823723794630778633
0.0580916789592837296
0.0632236797104949871
0.0686840812709976767
0.0893108237170550656
0.0790154626085936285
0.0826294223480614209
0.0711601480037011569
0.0489354392741057631
0.064700650713795882
0.0627702059737370727
0.0536812088428267054
0.0758510194240403085
0.0790189185760717949
0.065600685052982749
0.0979571035853619015
0.0631917508460508731
0.102320189439430637
0.0271910704132523537
0.0670325823812215477
0.0707837778757778452
0.0919750513300207906
0.0427355244810075155
0.0637240005255609032
0.0598005212658184668
0.116677457997006601
0.0777126355693265602
0.102739967216795777
0.0912195099563729017
0.066240451393471303
0.0567377890858166145
0.0812774654350706116
0.0738545950705824933
0.050309311241676466
0.038730938201705159
0.0563588553218891536
0.0733059297565231832
0.072942477214661447
0.084270286713580167
0.0766773015316729589
0.0595906943463564986
0.0838943176965474269
0.0694618547460455621
0.0577354599415284275
0.0706587115860868309
0.0570845608264694618
0.0484884818155208244
0.0754492523867685005
0.0967172367509313013
0.0755843469636573312
0.0369407476271816082
0.0465206262946545532
0.0763906140114228444
0.0524609223098605609
0.0557107026980788039
0.127165934129008645
0.0876485693873577526
0.0623218398940759283
0.0658585459423577657
0.0483760770253536393
0.0695367799233396477
0.0855819616101672481
0.0705710785012044345
0.0937220659346860302
0.0401463403440074917
0.0554974643708338808
0.0724464170998525281
0.0813952265703272032
0.0834607200330190063
0.0519589167582037922
0.0507219939127737662
0.0576529205626311742
0.0396173775361695624
0.0585385217707461991
0.0442616518622866301
0.0840528240634348667
0.0778715944183895059
0.0894488081880936009
0.061528493155658788
0.101742290528102866
0.0996284292140459105
0.0871522586035082397
0.0513228881373642698
0.0785696132156597921
0.0970658181723078051
0.078164383642287602
0.0758870599730982476
0.0838712335690822708
0.0548209744943043281
0.0924692700255686367
0.0589302409451840925
0.0805304751252677725
0.0917845579819049906
0.102919265608774818
0.0911823818885605653
0.0587927873377256591
0.0792974911214754802
0.0800458755468239497
0.0923809777192561299
0.0716464968213753745
0.0601760161174883373
0.0448168602726476267
0.0622425598129092844
0.0640607375798472184
0.0591617670870072596
0.0748974124309933903
0.0762150688547601068
0.0787178384882244175
0.0888876973996117065
0.0984872534286408696
0.0617479157376947183
0.0940002876387901476
0.0641588460274360867
0.0677198800882438945
0.0909120878938091681
0.0723767075226075945
0.0866000758685909061
0.0612414378850619015
0.0877821184690483203
0.0594315156518113244
0.0839248724622992659
0.0586407770923365324
0.0771321926144407088
0.0545069210207281413
0.0983814289965524447
0.0616784350780804694
0.057030466378608341
0.0921175393926391139
0.0941091316976429976
0.10000115768713691
0.0630705786941687385
0.0724351956026476063
0.0889349449234128203
0.0293571105636892052
0.0685261657383449546
0.0772740133273576574
0.0985862226009000114
0.0720083707820177443
0.0983007344156606039
0.0543959468777764563
0.0501301542632554692
0.113676820901545544
0.0977030281656027788
0.0667816058376237143
0.0317668413838627095
0.0589130632836440127
0.0665265753465087983
0.0657754086680491651
0.0515182649827798725
0.0642994344124139527
0.0775744948986230864
0.0742119505209500596
0.0713660355543946495
0.0454283192273133088
0.107965896058668159
0.0846033956650438512
0.0525311446854036732
0.0647586315658103817
0.0453047669645326584
0.083579832254563044
0.0891270030587580503
0.0413418582565577078
0.0796388856514070598
0.0456139122199313643
0.116086859804433867
0.0690154901582117203
0.0652051240860598291
0.083475741228916045
0.0848742582969229387
0.0662694341633147388
0.0707415072376088999
0.0831584559854113281
0.0293495421728916725
0.0681222091710368266
0.0603483655369656535
0.0689317196853607983
0.0521101989723551026
0.038236492785851367
0.0871550498321446848
0.0567326235616686936
0.0563447762938090388
0.0551201251149549404
0.0633617100512346987
0.0488102607957474344
0.054792968598783437
0.0510933343237161067
0.0589176574340500581
0.0240913960112798323
0.0642351393661534792
0.0738119112355775375
0.0430717778918646155
0.0596001876882528078
0.0710651115878048606
0.0719316146628278807
0.0490361379508594472
0.0724876734363859299
0.0522207140865949548
0.065933941690102707
0.0858889142335180211
0.0440015814207328007
0.0784409524647623757
0.0986026327343194897
0.0479961027062432155
0.054099142971215472
0.0425718637270589145
0.0377639909553377784
0.0493832211501434373
0.0831839314874861513
0.0576254414750619684
0.0489383678153565913
0.0638548876922002961
0.0861458221629527177
0.0528331729243796677
0.0705259483407422449
0.059942483598171982
0.0794270597737106732
0.079488482113367509
0.0720036311574520083
0.0830927987785508582
0.0877203011734683236
0.0750050875020048385
0.0865357543776952287
0.0466939268506103428
0.0607736289471437069
0.0823222045454411744
0.0894751409085884075
0.046917432622618091
0.0802132859211027449
0.0732827243142782359
0.0327214361474553322
0.0642677854008143062
0.0716444422036343065
0.0696051687632816413
0.0376511922236791863
0.0977653038368251348
0.0236240610531166864
0.0910957563797070019
0.0890903994322961301
0.0589391203716936318
0.0554901764588444021
0.095812150462486062
0.0644699726851139243
0.0700260059436561139
0.0437563364337757998
0.0513104310612037193
0.115023119886227959
0.0633743043639855702
0.024843152860788198
0.0478766755193303986
0.052293859456062769
0.100340492732983899
0.0715475689842402646
0.0586264190851137831
0.0555970378525617176
0.0469373349964734357
0.0553101304757114484
0.0951941384088250825
0.0662170195315544968
0.0407852112399619826
0.0329124738041453591
0.063805306812325796
0.0405657527505690618
0.0542404640661472356
0.0715100835800101808
0.0513713659311580001
0.0547169460930993085
0.0630299946123842048
0.0495287485790596102
0.0718250493983062371
0.0497755025380987731
0.0704955177975588321
0.0962594247142665449
0.104581617336372126
0.0814300753345905126
0.0228904508668378998
0.0786259105900493777
0.0711808023606682327
0.0622078199708052532
0.0350208285723233453
0.0830114149659673672
0.0710328054730274827
0.0598530632571446994
0.0690121251839045796
0.0684077183756579832
0.0404323329302370346
0.0707204875956373991
0.0678593732404820099
0.0906916338625112783
0.0697403858314099845
0.054190740492978666
0.0317389584133009883
0.0559260467417236964
0.0523072167780593844
0.0399518980417932768
0.100581086647386381
0.0752926583484220258
0.0494263663731899922
0.045134432252454372
0.0723059571290678993
0.0484611459665475128
0.0713962275532565721
0.0651646992596184027
0.088671921088474881
0.0386170318741820562
0.0511544888235956341
0.0785334362948925807
0.0535215661858383027
0.0700629329703425369
0.0489730416766756549
0.0382739529581165375
0.0768469912150329115
0.0778988978688664319
0.0767045853135138039
0.0627172028678895377
0.0604008922902042888
0.041644908067298092
0.0675031085114461138
0.0493074141623312534
0.0905246433058755351
0.0652619539315329178
0.0425954263889941412
0.0361622132850621947
0.0149555991829313784
0.0570205238243183601
0.107281054186993824
0.0518720802995700572
0.071240046338048521
0.0885378908833285294
0.0596837003338975339
0.0757720710120830948
0.0940410654065135243
0.0436683122064724788
0.066780015589441577
0.0881168033780379834
0.084107563468596741
0.0763325536640380303
0.0361942280357524654
0.0670325704435011521
0.0483782081554005386
0.0853134381605873959
0.036486171450988876
0.101624682322067963
0.0794053647900798132
0.0497277920875594734
0.0548374433894781091
0.0707333472653277201
0.0625373793007355516
0.0756506429420768789
0.0534878728694814301
0.0663179905349678689
0.049801466656714255
0.0732867135322277791
0.0670411970689048786
0.0473385186825378487
0.081782115005055861
0.0936651273925108024
0.0715975584704559437
0.0885090714483781626
0.04082207144289033
0.0346004420899353321
0.0504972684666536997
0.0396782577505429626
0.0522430227983482418
0.0742297300186857689
0.0518385153200606186
0.0495916108683411572
0.0603685143562318546
0.0202008929251725894
0.0504908858873108421
0.077323771615688458
0.0683806111766963598
0.0675860878003348431
0.0720622954271888799
0.0357390529427055459
0.090624681933387824
0.0836637374636148567
0.0340309944613692641
0.0646115477786822212
0.0572324220113168414
0.0757230886619431193
0.0929923012223626416
0.0921235342861912998
0.0368853382578976582
0.0566535435866588818
0.0239011254688981795
0.0254714758663188295
0.077419437366163496
0.0123587077433790632
0.0600998324448592247
0.0604197456622999549
0.0592721476575118131
0.0458925169672817004
0.00904600808175003157
0.0295095833801449214
0.075535935018583425
0.0365168622400485476
0.0542372932734470764
0.0342823186542412228
0.0468608126319058488
0.0583994583802790249
0.0698445008008402868
0.0472959483443177661
0.0623622344136369536
0.0116671439689034692
0.0748351992853561465
0.0680545934436626726
0.061080097295513773
0.0752217709151125347
0.0773133910598699514
0.0451257932403499248
0.0393445203227723028
0.0857629013475399715
0.0710442682615443494
0.034384327392827263
0.0854191729788585374
0.0576643027612016648
0.0496013737504784405
0.0552899067706333555
0.101014677814307313
0.0577211021640678529
0.0234057422026753073
0.0582415631140494744
0.05302034423019239
0.0652706271154063211
0.0357825570667355403
0.0181518612363611095
0.0305185638831609041
0.0870115583863376174
0.0266383282203972657
0.0548172508229376396
0.0634911233971737071
0.0678458748775639664
0.0579229784566989633
0.0894029230357221705
0.0598606242726715185
0.0687707136614876952
0.0889994801063873076
0.0583380503156471775
0.0667738957414389517
0.0695294995411613465
0.0251084164340983733
0.0244107185998855905
0.0692789716088177687
0.0545081570648542277
0.0699145814766489321
0.0743427897520464731
0.0756338623363013857
0.0674121668470393787
0.0798331846063153605
0.083781006153996071
0.0736033231579357877
0.0514456596837440869
0.0869897789005286831
0.0679409415547779505
0.0594184617814034408
0.0515628390177911011
0.0728865723226967133
0.0605487055800252791
0.0283091879282774961
0.0507872712232529458
0.0814134980532468244
0.0447410565371016006
0.06035671097279241
0.0908987749462070727
0.0519086233487481771
0.102163006278768453
0.0734883899079429997
0.0564499121991124536
0.0835777236004811158
0.0516004483376502482
0.0480844705405485823
0.0310981980821483338
0.0326651441820547256
0.0584593177540155828
0.0750019263061924985
0.033220011080462658
0.0704451170790514614
0.0631662389534100449
0.0909985206967119098
0.0531171900820674101
0.0677570671614399211
0.0476843686979169859
0.0615749989704803893
0.0916050118256075685
0.0439827399211863562
0.0453147028928296905
0.0714471167925158218
0.0622140661090585939
0.0240995623567633564
0.0393420255511251274
0.0452510157224801784
0.0394748953550333528
0.046130576369621451
0.047005601762220281
0.0603992939301876211
0.099218570837839859
0.0221695397291729809
0.0769084583262488047
0.0723328080349268931
0.0772528741669617214
0.0266531058682365832
0.05833179953642606
0.0638791976336828826
0.0575007094152782117
0.0681411772500971208
0.0543214826252837457
0.0566261031496600037
0.0391267154473930526
0.0682288427693559102
0.0404413930141228409
0.0605394908006394172
0.0609573553863437395
0.0581210933001071253
0.0796414522532701702
0.0133751664766665265
0.052196850827661373
0.0562728470200431069
0.0439154205748674142
0.078130509937244727
0.0490810646617796109
0.0424620654465180103
0.0459220648192432829
0.086898217079928744
0.0247093786614775747
0.0549612230106907781
0.0525020435526658141
0.0503418436866853725
0.0486742771144695885
0.0508863013164887121
0.0226291067049051581
0.0744034234912379355
0.0757142750630008798
0.0688720744799133089
0.0570278047447860675
0.0260316998961793965
0.0403910556745954163
0.0520374749172275095
0.0717482218836853064
0.021542955181271306
0.0608443529504989269
0.0525059512926509334
0.0673489292803394063
0.0819584601638729676
0.0409675419531970245
0.0391905388251988923
0.0520992815225346517
0.0535837482109575505
0.0247528195078563981
0.0470793590165842352
0.0638015203614239745
0.0355696932047432912
0.0772190437949496211
0.0726006994089625074
0.0161260612040944606
0.0793422595247971346
0.0529380299772678198
0.0533706367283838523
0.0561867969568889888
0.0684070270088624477
0.0637141925509242119
0.0637233311500636224
0.0886711416534886887
0.0710270894707725198
0.0491334252332497473
0.0659390003018265752
0.0558291458409388083
0.039661399466941083
0.0619251474476232716
0.0341070253964372086
0.0321252709063274827
0.0330632199420999723
0.0585342208033554495
0.0857753746564774988
0.0467293312566821467
0.060779742167242648
0.0411361523037103299
0.0996165667054119131
0.0439296501015803767
0.0397689897942498927
0.0588854302039458835
0.0533958471586374883
0.0492521598683257483
0.0783720562740288507
0.0189943822532234741
0.0506040509777731032
0.0539552702149543803
0.065141290770608512
0.0896689250987245806
0.0527869390734281574
0.0202279006920864646
0.0881669536912245283
0.0409737122418486616
0.0523852860157529993
0.0724768165473820558
0.0292648305841387672
0.0787815487736318321
0.046007720303109019
0.0669161593095003032
0.0609799537127653848
0.0560608595345017807
0.0328962703628285502
0.0320482388929273915
-0.00197061820393010234
0.0939520932677324061
0.0993651196780293011
0.0255049531485498186
0.0202567075857748025
0.0805576737630805534
0.0351579611017331373
0.0663887168295961561
0.0238290763387664778
0.0803411495431859551
0.0459115134731904045
0.0293226575977634796
0.0187508715328197004
0.0781024495614196512
0.0533627715197897562
0.0547556773613303779
0.0722188167073162524
0.0465884230004409844
0.0568371481330242345
-0.0042705079577374655
0.058629104970752792
0.0508730025548486189
0.0277770926660716663
0.0846170447444757057
0.021181478725217362
0.0438474690017548879
0.0645743033836136404
0.0645117705387848739
0.0485310321561487137
0.0701832497685633272
0.0338737046154489879
0.105207060313651929
0.0612240718515130386
0.0371104725456618267
0.0720238625496065488
0.0292248832220285658
0.106018126164380097
0.0339335369442454599
0.0389174723266965325
0.0558093825878297964
0.0343645169683713669
0.0861922164101907723
0.0679877488134981861
0.0523395709123893049
0.0657927050985006173
0.0617038996710241594
0.0508919631736821088
0.0529509898986365093
0.0339078893610801207
0.0811372963586845519
0.0559586476979733669
0.0664850028277758631
0.0778835193949289767
0.0701709316853768167
0.06763904923209349
0.0405103041844605966
0.0458332501118754246
0.0769249023486544281
0.0415503708185427922
0.0909739833231125172
0.0439551595854320715
0.0293168102748270834
0.0477381212246891784
0.0753299927390221474
0.0499378640481028674
0.0431374353537865574
0.0808230562611939596
0.0544137733978876936
0.0611768086814761872
0.0348773437938554864
0.0424926333018664643
0.0414552215174873243
0.0757193266868679687
0.0616321582219425818
0.0380792597516249748
0.0497301309312851783
0.0358408681672960638
0.0284064861630484757
0.0458667259732801896
0.0857009046872413416
0.0620795611494082689
0.0534300793892475701
0.0685515385272074396
0.0910854275569638605
0.0761017172398219394
0.0309315410916469156
0.0482808610136907582
0.00904152456126844362
0.0627664695138630685
0.0625505694103746235
0.0278856784036558662
0.0411998421223634392
0.0800809684333045335
0.055858463579079129
0.040760359323072419
0.024037095541385986
0.0761738411122807185
0.0736398050937585313
0.0674484298368793894
0.053213496562237679
0.101921143977749082
0.0499261095483354844
0.0756620751909987677
0.0816706085420237926
0.0486717014815243043
0.0604574547328570813
0.0466393843863266433
0.0500178026790911098
0.0466350705032712795
0.0450273708819707227
0.0639798421095131159
0.0410149720397492284
0.03227565301349479
0.0481823580517638586
0.0766658480447097446
0.0928505480531621463
0.058375430255782873
0.0493691227809482935
0.0683930639177746796
0.0436574903582236731
0.0475262543297012424
0.082823170783649952
0.0732421411115139892
0.0481425610509810878
0.0649844703161829296
0.060567658190518861
0.0489465658090666444
0.0715137813216976809
0.0610753347843487962
0.0730670198151584238
0.0699043374082841396
0.0438414635918760592
0.0608753960760819238
0.0766246146346836188
0.0668903290050400223
0.0809701331677832453
0.0577368113602509808
0.0681639604719045528
0.0392343025336846785
0.0647475902938410841
0.078621929435162205
0.0601831283354291591
0.0426872187722762073
0.0747728152866278389
0.0809702470239993116
0.0643042667638686338
0.0746078910633093256
0.0862393929867967812
0.0514783449906486834
0.0352182131128304654
0.055378195111390853
0.0517086624318880972
0.0549681380916154719
0.0575721231226534111
0.0596041156889225224
0.067045027559940934
0.0959656426488430248
0.0502486050538956466
0.0444724334963629148
0.0771604097342248746
0.0256160691782786262
0.0529447376772987713
0.0425263819083075145
0.0398360371956285389
0.0749589570385926496
0.0677254714849820499
0.0379496609577741756
0.051232358486715604
0.0683401631047588914
0.0378143271653913135
0.0615802084868415228
0.0637205358144848494
0.0819069373456435823
0.0581917285021235353
0.0708353115867559058
0.0335020392020471749
0.0384322134376799407
0.0671410730375368442
0.0733594999853451613
0.057166670249634885
0.0572345791849256172
0.0938751924917972658
0.0550159516092010165
0.0790044563319707988
0.0649132530621947673
0.0788748842983109377
0.0607208150088390242
0.0757968561626903292
0.048534064131978992
0.0678827906968556827
0.0603806896934756809
0.0527561641015859145
0.0553063822266497765
0.0641863284427082043
0.0486750058965272209
0.0288273602276822097
0.0566632268037896292
0.0350791786034197611
0.0402506743957103813
0.0768458133011822447
0.0359085567724384824
0.0523337401227950555
0.0539324182788286505
0.0769350422722840932
0.0765977370789764772
0.0836919685541101938
0.0701354003072289928
0.0681553152538074553
0.0561139718375398971
0.0634045544565283725
0.044628856744564592
0.0718464347859665564
0.100827051785662841
0.0757761220509021588
0.0656338450401318108
0.0434497584512136617
0.0247401624882466961
0.0298149048362805827
0.0820174706162071498
0.115653621121135711
0.0592265507585057194
0.0817506999263145073
0.123115090975149777
0.0568389223318401318
0.0302375145770059084
0.0733172275463916112
0.0463232318840896273
0.0570301678888326044
0.0702900026040554071
0.0607408952040186731
0.0795700715294258148
0.0604758229309398307
0.0826297337545953831
0.0164814027531825155
0.0551421761844343855
0.0810556636103610395
0.04931664983456132
0.0387125771241863814
0.0772555499812084129
0.0887685644078161085
0.0518768107053379224
0.0499826753030708226
0.0765264870131812103
0.0473130817576449744
0.0713535088783419369
0.0445961729066327237
0.0574244545673095949
0.0855522817782114753
0.06503728188214776
0.0714265248165924377
0.07202657470777038
0.0764313025130482493
0.10680938615700547
0.0453421353787859666
0.103110861390090541
0.0584204300083039155
0.0876365628462718038
0.0467777012959946087
0.0575510989208629017
0.0763442461705319542
0.0763557376920207947
0.0661089937820918128
0.0513690799311551441
0.0597665581163381449
0.0302626693478917977
0.0227181152524011595
0.0695291777906402036
0.064971797801825909
0.0799365295026526895
0.0310464577411089585
0.0567204076154565612
0.0676141578137828686
0.0432869316571287965
0.0890573215598410572
0.0511871774496777399
0.0556368340348478291
0.0407156966079397498
0.0621740570416744881
0.025646348245073898
0.0992310992561775684
0.0790145582489688442
0.0596194613084757019
0.0397619942193579851
0.0680592755833373114
0.0703182969084416992
0.0935194874296973178
0.0528845752621490417
0.0700777758799795841
0.10115218020320095
0.0588052292043301505
0.103155264597205615
0.0752000066316081267
0.0798802557074179825
0.0710704440487531508
0.0752534924067996686
0.0422867757569312941
0.0601309924092158082
0.0753894310771713039
0.0595005017231691954
0.0574397891117015141
0.096523398813313302
0.0767171332134570505
0.041936018763368374
0.030998828644034325
0.0513549358157280589
0.0455116621609366612
0.0624389023434405374
0.0615307544037671031
0.0737482338176703583
0.0672773999011135188
0.0386058469663196416
0.0769795967341135035
0.0646810920670502221
0.0337285908343163687
0.041043030963144024
0.0990978095231629108
0.0557486723545222024
0.102054480437921063
0.0593750801325463873
0.0785178531167702587
0.041972993953826504
0.0572245497921524057
0.0430869784586695309
0.0327037366419560271
0.0796375006407016861
0.0883063532089033432
0.0903529204831473587
0.0720196289379034377
0.11101892765609242
0.0312525790944183021
0.0600505142194256852
0.0847395545636961123
0.0615026848733273152
0.0761124444650400772
0.0592480409285734769
0.0573161564269404483
0.0753137567151180159
0.0759116839019832734
0.0816281486051319977
0.0841622104459005954
0.0795028279681032762
0.0873014751262190802
0.0882982931423638706
0.10681449730549572
0.0643420195197371703
0.0596803109327085912
0.0888201292285388799
0.0584310513964779871
0.0269160504253652469
0.0587371810119250159
0.092965553729215139
0.0881154252901036605
0.0524080495931787682
0.0659313917024060697
0.0554101997288873049
0.07081004322359985
0.0858892617673239211
0.0565714642828881453
0.0595030947207986147
0.0853231792058636029
0.0794990713396573623
0.0876213652860150655
0.0503427473560481217
0.0492192680927353993
0.0848400342998320844
0.0631837494808823452
0.107703332704669197
0.0498290802020402088
0.114685958977972652
0.0826646889229487453
0.0567093411038172845
0.0934507386451124689
0.0759588935681267119
0.124960383978683587
0.0612716046466652148
0.086673434406018629
0.0966592682591479041
0.0676840832006862514
0.0458569530506099943
0.102171405688686212
0.0611874170725268951
0.0758298843902977526
0.0358122451341229484
0.0227820571030691518
0.0923888806001325891
0.0970304108772124668
0.0788625328961521932
0.0678915210140553504
0.0705661133390789591
0.0419080627896375665
0.068516020285026083
0.0896033706399024105
0.0704181265323700345
0.103077118902079795
0.0822713883058517337
0.0663970107090286199
0.0592895990383594806
0.081961991380177332
0.0962745227083868504
0.0525897642353839317
0.096424116398147422
0.0900256767594500712
0.0841937123297915591
0.04967567099383665
0.117588196224669289
0.0650474084330046054
0.0409638092606636542
0.0665140738957073069
0.0821254390259176792
0.0447470873734466049
0.077595934572579614
0.107890055203080287
0.049630332624933729
0.0648075942042244252
0.0681578329532284977
0.0766090764181436984
0.111757397359773081
0.101423356576550133
0.0889573544776500469
0.0368761379646639076
0.0973113288283070088
0.066178099519762737
0.10611672332680322
0.0463229023700445081
0.110093764123310567
0.0459889109435913726
0.0468675374148952162
0.065905017131017124
0.0767116072824896023
0.0788536390667710918
0.095936962877117532
0.120312003377327559
0.0854082009312798346
0.0670177613719486753
0.0602482052036547797
0.0432608336267008495
0.0818464453281912419
0.0748645909365256296
0.0820226789886502466
0.0932527768112037386
0.0674688016092454823
0.0415122477161972772
0.0755544600465624522
0.0910000153746071544
0.0658126444681834399
0.0732241505853278851
0.104957666835733307
0.098335411113302032
0.102166012069221837
0.109090727744180993
0.0756634712364002843
0.0652655354869931814
0.109791064579618278
0.0554467574149645759
0.0889631986048716877
0.0711377597103135806
0.0596520960057714544
0.0842414884304747702
0.0772958808981394629
0.100353597164094199
0.0915943511994859322
0.0746167204928763067
0.116619219558314155
0.0884982183431353014
0.10466176538582983
0.0475968738909939432
0.0806782633150987666
0.0933981844765149061
0.0973461928492082851
0.0761930013245194493
0.0903613267510065266
0.0735903454792557893
0.104821900219836783
0.0630388553636404142
0.0630465286691181265
0.0782378012889802937
0.0831788821865034056
0.0708362643785373919
0.0776066422252921356
0.0684836735025112359
0.101276540309844509
0.0774939985977785295
0.0737977489102171064
0.0722385732951341814
0.101907001231901148
0.0773718583720220399
0.0834040150748326659
0.0875559278906057337
0.0666195788574666103
0.0846289944719580411
0.105401646783453554
0.120768643278596766
0.0768949975075752523
0.0750098884303164321
0.120149525670150165
0.0988245384146730493
0.0917919322976002844
0.0940853256608741306
0.111337593968663162
0.0669470520059405327
0.111612646082130743
0.0687228716982693499
0.101223991763491311
0.065517486162425545
0.100979944099754818
0.0730229245817691081
0.115885420076587892
0.0735045164368366144
0.100613817081629808
0.110303823752821065
0.0553310884248849055
0.0599628210378430615
0.121708432940071831
0.0569158533449869164
0.0609719462076255964
0.0848278136673763783
0.117488969177047403
0.0804200219207462097
0.0667315227440698489
0.0875973680140849642
0.0697866869903270015
0.130721104956385586
0.0515194079192356283
0.0908357942774642296
0.0780586306566409538
0.129699928848914181
0.0595003030136333766
0.107346367929495673
0.065702928213516601
0.0882591340283931658
0.113281445316671087
0.119591245196775678
0.0876208980793412168
0.0988694318820316498
0.129864020027237237
0.10969221470041024
0.0858353504693482039
0.0875637944480941732
0.072987987260421619
0.0858527839949076443
0.0552564884932614311
0.0389223759479631753
0.0875595222902743608
0.0950369521299180009
0.117920346465084591
0.0709364407168294187
0.0764858717395089371
0.108391641986972598
0.0889207153754312252
0.132188223425736495
0.0720421249177667089
0.0990106560166375965
0.0862299019873776496
0.0913925468991103052
0.0731535073080994136
0.10890513801120584
0.128427035380474341
0.0790327318517373978
0.0781016388273202689
0.0801753913922932104
0.0620430182854507378
0.111178368358350696
0.111143511593066846
0.0856422028145998465
0.0931126779844460156
0.0923446883446010364
0.123865015553984048
0.108352575702552231
0.0887929760723787515
0.061422801859457074
0.0913475847707162919
0.0944274190919949241
0.0777174462349373152
0.0856058537842696865
0.120412111157150781
0.0851497918323701475
0.105052115903734047
0.0787031556914392222
0.104696323805605798
0.0863752230800073767
0.109733846159830756
0.10143510245045298
0.0728532430235612205
0.0693970171167554994
0.0748920745188601245
0.107465484664580238
0.111662006647483214
0.113208444488387391
0.0743325296120873197
0.0690392606213096061
0.072981305443444916
0.0943627953276318515
0.0903621888176713989
0.112404587590499261
0.101170400457224391
0.0870015125888607965
0.0831025084714536316
0.100437029084572374
0.0780120506133776537
0.104720997278708816
0.0783176757117314548
0.141226377326593322
0.125681634347079768
0.112070574601370584
0.101876082988740374
0.0852052500969126547
0.102929706345906605
0.0832105194575642471
0.105378936963085423
0.110930383047116846
0.112467495365491402
0.0712267996139062803
0.0847742345734777275
0.0976176270308870553
0.102696645238638737
0.0718202796727756831
0.112655245433893866
0.0902365505379605082
0.114787206076790133
0.110662222757017537
0.0981719923187688442
0.137621729666591863
0.0979205678377980809
0.0774522563683749665
0.133861385832767577
0.0835011491972834502
0.098450307071200352
0.0918975029673147203
0.0997494037866608896
0.134459685620306746
0.123107687336928132
0.0854104629649558855
0.138789127282439417
0.0917494851928705446
0.0875346246818232698
0.081532596985871772
0.108747204499958269
0.0875864106649088675
0.111890982910171397
0.106333897870312583
0.108528038510238789
0.124238431940163332
0.0887486931400449097
0.116892644525781422
0.129888584810671698
0.0835644230125875409
0.0909457441575096809
0.0903698979500198313
0.0936297349588064293
0.123576904203895041
0.12295015112241936
0.0972462221378313646
0.0930423798230963495
0.122039537040381812
0.136283893702996872
0.109149118673024279
0.104388584591231487
0.0897301585887448905
0.0936095908704496771
0.104629746780459998
0.0650058770972387345
0.0894172105932781458
0.126741229948697631
0.0901601766146274686
0.0857351829268602067
0.116879308843057625
0.0911989004958357191
0.139354671813943037
0.136667178350951546
0.0807946888932130347
0.115840434470819514
0.0978122492447731223
0.134770179462595896
0.115137202330857655
0.11814177023051016
0.0703299249037581398
0.102898563274704771
0.116932255472202942
0.132512282471803688
0.130833324532094925
0.106785093730421235
0.109856995913523145
0.12231135238638649
0.116180298568026127
0.0893315806723672945
0.0712354450337412959
0.0888051525127497854
0.066130988453512618
0.139200232259916956
0.133779980909764395
0.144406634131960532
0.131249169860790327
0.0977115713878553283
0.115200226689042937
0.133444291020680367
0.108288815281632422
0.0816002290279392722
0.107243238807034472
0.112290722408026775
0.107624681220700999
0.129295780201874516
0.11589528474962088
0.100454462887006227
0.100505033883685035
0.115986980298080772
0.103857471512625629
0.0885237821622822663
0.0997328768310967728
0.121362326306936899
0.159926254960755965
0.122028871807252789
0.121121308824960805
0.113597173129236381
0.114708903848533217
0.101672081154917909
0.108958711712317566
0.112013646934536609
0.151546543778706411
0.110564410292615392
0.125173605160432383
0.0863257094965069333
0.147657835817926686
0.100922473668614676
0.131111134503700599
0.15429040774175351
0.144741164462715011
0.135581566636731765
0.13263407813091152
0.127663678633176542
0.107489154102513751
0.119761422040576007
0.098829649083499907
0.134342390205714812
0.159224988306625626
0.146089088989911464
0.109680930715562425
0.0814393760602335759
0.130180566866655245
0.113688147100265258
0.0929846931449177239
0.139327265030882969
0.143521359048242619
0.112888497955894798
0.14720041464691716
0.159574125297190256
0.159313934177561511
0.122616121117751109
0.104062577812296622
0.103578430014627756
0.165204021874718193
0.0946875026608526016
0.08212261379867411
0.111392803559058631
0.122151311011219746
0.122820442690124737
0.0989911281345691452
0.113750746945798176
0.129130298319391656
0.135662001476280991
0.0866394380845908196
0.117628259425265794
0.128461727245328255
0.100466835559742701
0.117946091236192055
0.0873816386714081073
0.150321517299897262
0.137446844110028249
0.110228096528236424
0.104360225406405105
0.148349454980171602
0.0981251372857581128
0.171093805139487715
0.110957100151412885
0.104411629206494966
0.111275733868004864
0.169462271374142076
0.104665162961036007
0.182890379506628703
0.135360197196593979
0.162369434249233419
0.127123494657775754
0.102618784026811044
0.14673390314560783
0.13809489007264214
0.122088386029889237
0.15103290334838404
0.157328707772104504
0.129557565327752588
0.123017240937698946
0.14675876620351741
0.154473896817635292
0.132785358310782059
0.114403980172245678
0.100463923896245394
0.0908408178134263444
0.140196842308045522
0.14117789100887454
0.137245302238958394
0.130955111747187297
0.119972684955860373
0.139683688297374264
0.1139909778066934
0.160022524811226141
0.142702839138846321
0.116342728095590681
0.094831911038948058
0.112386535161122431
0.136838867507436845
0.147692320343827899
0.154865252490553829
0.137435300452313447
0.101108227772760129
0.131641665378343486
0.155569392111040705
0.142203793165598058
0.117068611056101515
0.119640658496549424
0.143436939987090006
0.153182958330136981
0.114324701231405423
0.157603810044987747
0.0852379705577986369
0.15936499685607608
0.120029337508782794
0.137603070557332313
0.142719361073632645
0.151569775225985387
0.164302823269443038
0.114426993233345806
0.165963812450126397
0.166114659686620869
0.133133129770643066
0.0799937364961398056
0.140203426844637463
0.137048112830283675
0.171578399697309064
0.135017255727499591
0.141093003530467165
0.147505801414124532
0.129651808109187083
0.125534498324061355
0.174201472145024183
0.15553497816695766
0.134234541568341886
0.177249332554047956
0.14836198434981368
0.165806230761575163
0.127350525997381142
0.154349227229021085
0.145725545874965501
0.136524646274109734
0.129758059952367305
0.140131559649400744
0.108147224835610331
0.138272845990858095
0.145173123088013917
0.140579991410766048
0.137299588983246845
0.165995792772218348
0.135522237102846138
0.175187106389933733
0.157884842377931822
0.148296142364781725
0.17519565498657419
0.144261505501905141
0.158996707536302767
0.14882852082333739
0.115957129002997733
0.173482667077081321
0.14684311227550903
0.101569948518650977
0.16120397392011715
0.142981228195938198
0.11196553863599118
0.160874519452416154
0.0993863735540554405
0.149249564870081147
0.117268224279591132
0.135734839122270134
0.141639754726675032
0.156728966874006503
0.133703836414246657
0.121449016868659554
0.156078237400831932
0.153049376368324802
0.159733674617215354
0.106315134134593647
0.17826810194061718
0.18847431752375346
0.162286312267222954
0.127243449313836327
0.135875686328122164
0.201328340453252291
0.156805160434092622
0.123428929413213817
0.163707421428424982
0.146191631172747666
0.160978206165548171
0.168851672231722816
0.178664463096970566
0.181457819269060738
0.163053023234276728
0.185143687242014798
0.1359374750697529
0.127169390293139839
0.164982586614617954
0.153157692529523354
0.154122529620045329
0.148060357849602364
0.178015304172154443
0.146295146913352853
0.161369402801833262
0.157750939373168669
0.201359568917678589
0.13767714812751472
0.14611448889807932
0.177584087763730497
0.157799867014687623
0.104737770758242171
0.150396039175271695
0.141393567007343374
0.107248642661894739
0.191291026228607025
0.143495290989394286
0.172816950472110792
0.123467913195736065
0.152097204971626349
0.160205488760666287
0.15340147632186199
0.133739128417848935
0.176601192227618775
0.162980117176340228
0.134019607889267145
0.122175341068623849
0.143352763047418424
0.169630667254280915
0.122101140710453054
0.141717346381235121
0.141898130501470043
0.160151130962245009
0.151810694888530995
0.144546031398392394
0.130069233050843752
0.154885316441979337
0.168216553937082264
0.149240810020088766
0.135460801874787512
0.169326572367496792
0.160455345214446821
0.160321645155993314
0.148240974177032941
0.185504144258248793
0.208283505911457778
0.167858162752296813
0.193710479664969765
0.20160464520884569
0.149845598164494664
0.126668831026227197
0.164292545121862921
0.161620394555495456
0.157121230967939896
0.159934280930293132
0.164989299169546494
0.163685592346871772
0.17945590264135805
0.162678328475106965
0.143867196943880338
0.199197189936313912
0.208179612834741068
0.150633514535382651
0.125947902139745105
0.148949370872006853
0.167349303721747528
0.150417198325933421
0.169896996058128052
0.160988162376781541
0.186411724288203989
0.21151909674927899
0.170417597616883021
0.175818904251818536
0.140972916939521381
0.165235322624534803
0.157858786721371519
0.169742853484915024
0.173249341248120997
0.185874012017528761
0.187487141999726603
0.178632888721529021
0.165651354639438642
0.189446068445233345
0.182511998657181568
0.184022378179794777
0.178410637944216355
0.179925224493393848
0.163273647719933329
0.160507684188988975
0.156841271499275015
0.193719127773745919
0.15664397778330566
0.154460299488274472
0.16526498103108761
0.144584380547587266
0.156353605920807021
0.184912447642877703
0.172869218420671378
0.178605694995084441
0.181867129338569994
0.147371578725612545
0.166561401825557898
0.187169715072895537
0.190397575400840735
0.139272293849173556
0.168199505048493347
0.15133860530051077
0.205987232579941448
0.149069551667764283
0.19679051690060459
0.187732955942703644
0.195278280077192889
0.196882531141611639
0.174860897896355227
0.166237018643864781
0.196428499121814815
0.198155810776627278
0.190131900431303791
0.214387167664211481
0.15034556495256296
0.173104825977203114
0.177973912160410419
0.150234160355653013
0.154019149561505392
0.170975054917423513
0.145957897446085172
0.186409167516378288
0.175446193213464552
0.165282963958820445
0.143438201215951633
0.173310647645189997
0.213166881699560606
0.177493419710731959
0.184457375553880976
0.185017005238209187
0.191645060179573251
0.197635171801844811
0.168977857658075825
0.185421063067877978
0.197675548765280318
0.192589733686452047
0.153819767921860306
0.143028928213675771
0.170303866898874501
0.189228017109077301
0.167293705791532049
0.186223422575407527
0.171671072162254329
0.215486775914080886
0.239158447665202778
0.176045077961678009
0.214103058702029364
0.164392868573571549
0.156154067588972822
0.219577965857570057
0.198662804848519309
0.168809940772789269
0.176725068395975488
0.185384833504497776
0.173590174069331554
0.180447482515617902
0.222469517584023613
0.196323126377308338
0.196384527808152826
0.203962942955860344
0.168659992893797822
0.173650173289783105
0.177194581233273085
0.201339991124111467
0.17279860053791643
0.184580688662565023
0.193476776023066954
0.177853194991129421
0.198684304868116751
0.185811973304151695
0.205203030291699395
0.200372554686262527
0.167642177021168154
0.176403352862582186
0.17368029011061123
0.189821706802101836
0.199140233201773015
0.156541007401918814
0.199024486220229502
0.208816455298775239
0.165667080936708316
0.185122131501314902
0.242988930047278812
0.191473555437844861
0.219005618901906229
0.247901641776202025
0.196068037530703426
0.167628190814099548
0.171685021274200239
0.202037427159712818
0.178489348061647318
0.210310448228224867
0.19198315554059589
0.202667130288336134
0.1878160246847487
0.203025749598473193
0.21136386941215915
0.16306549006621468
0.238024379458301905
0.207832780272415141
0.17904837181784275
0.228721468011537477
0.210907744839047978
0.182276680067491426
0.179789337686613371
0.194334704580802181
0.19462110702866034
0.208053364407158492
0.203050358859292901
0.194458404392974571
0.223528864417903234
0.195879223134695413
0.219301728257857292
0.236451156862747341
0.201251861225199891
0.166742785887573242
0.208901916507659213
0.149854118682205051
0.21340216686397756
0.20766674580949096
0.211464748291542076
0.238374904730816739
0.188852239185860665
0.237549248480631942
0.201241197852946946
0.17722397096811382
0.204746526168170295
0.161962920586252196
0.226892751439189883
0.224906210439666576
0.225546520709400816
0.219663954193331373
0.235407942985823432
0.200644663479714214
0.180795126838238812
0.227136828775044347
0.209180671829912901
0.190280175740560942
0.182414837919089606
0.214326245150671058
0.187295252556907682
0.201593707788451176
0.154389560922878782
0.181994554072359177
0.214162825172723698
0.197584331585790529
0.201330145375891473
0.206638241974630682
0.20972517722345882
0.23559702616617989
0.19807843413762477
0.246995843196524872
0.201622223395409861
0.220093881904534355
0.202079154204442446
0.230342864741058195
0.228047816809110876
0.241162521429872378
0.205544647067602171
0.204933593381144696
0.213726346631442604
0.219329441262798408
0.240828828409061863
0.222855944274808371
0.20824849359952996
0.236575215806315214
0.201467292207747367
0.207885049334215061
0.225449032904572494
0.234686817347732168
0.195993268674751059
0.194711092301978472
0.213905487771596153
0.213811964216314793
0.197659401126488776
0.212235799722001212
0.21244165115848232
0.213726646940743059
0.185458089217552968
0.205919740302275028
0.227357328985487855
0.216973031371739206
0.206064709485904218
0.213811845731294164
0.242584135405960327
0.234422411076641968
0.239064435660870017
0.219887588916121313
0.246076494625310255
0.225493343723762035
0.192583407598293954
0.22767124249277243
0.211500342140144737
0.218839085928283272
0.231230525814106941
0.189822494318717699
0.199115542889847869
0.224509836849061784
0.212692585102350257
0.230499810951666106
0.220879439890774298
0.211660848242743949
0.235417864800021082
0.223443289287656
0.241689815424549259
0.233430461126131555
0.222739081335197098
0.247388866766423104
0.223749305216118244
0.227589378936626924
0.220362962656354355
0.21641662677912693
0.21994145329073736
0.228756777637193931
0.199623411206078488
0.205372466040813551
0.208957336589007253
0.234459559545592361
0.200757028174388064
0.231041067632795805
0.233767020958203425
0.230743413201123293
0.221328064864009466
0.219848368677080797
0.207584521138137579
0.225868590599769825
0.221810325915931777
0.200419031855674806
0.23272316576464927
0.19853405864948237
0.181527222718897929
0.206745892515777518
0.198267756600157441
0.221737510941150545
0.222845753905504956
0.230995080464737712
0.246103420073081669
0.218500606795951097
0.232217348351403952
0.21448496178189283
0.238164136881226313
0.256826278515562501
0.224370573998628614
0.226265221458235855
0.217472438396781265
0.241133902098516428
0.234953262756126408
0.198292994895105879
0.247209413705655773
0.215227950156354819
0.242892270082678996
0.236080899062224875
0.246326554361053968
0.252630155715017179
0.270198376946332697
0.250433607460435526
0.217384404445215756
0.227772888226914161
0.237062274025331948
0.22483331142799462
0.243179178057638501
0.212061515386075095
0.238080871033364311
0.232110520969662143
0.223207673599129214
0.270333930978363779
0.210304446755636532
0.20887393215868183
0.202820429701313171
0.287362905898552012
0.249015522749840651
0.231005156713408377
0.224988037800746332
0.255156344212885244
0.245158111387514505
0.243334619219272269
0.238663514369647611
0.24690229174122344
0.239257799074812483
0.253315083062402469
0.245392984379853407
0.246593942692063639
0.272527110980689657
0.235158751428636847
0.227380551166451922
0.231103285964507216
0.240140106070935777
0.218993944710239974
0.241615932988823973
0.231258789102029988
0.262184742920708258
0.240918529794202529
0.260665203529646172
0.229329106008101052
0.265478393199719498
0.259719172713883895
0.265077368663670321
0.240178548267265007
0.247346781127444348
0.22956715264281094
0.241754053790445761
0.245243213326426651
0.255957456191156396
0.277372371153600916
0.28528403345014669
0.244326203213549531
0.224118635410529149
0.243941679355558078
0.238321032410848482
0.223852564148133121
0.270308206148558661
0.239651628151529794
0.266164990979631533
0.25585448729726612
0.270392786692100873
0.226593904245758981
0.26101524682513727
0.205201394433589757
0.23369458316309466
0.246593961986085713
0.257473426839738173
0.252812770091610906
0.257703426872909092
0.246953940042054204
0.232441405478090529
0.262200333848009448
0.248343444767222116
0.282560125280444163
0.215121365677293119
0.255661439267376223
0.250241320360212349
0.287779225812235695
0.230173471617565462
0.265320534007597697
0.250337881413497443
0.251656598933359565
0.254279516512142312
0.216395651814202394
0.22280995347376098
0.249841185418493872
0.285189750778107265
0.246417535618144612
0.22943641466340578
0.260795549841786489
0.238220826860787327
0.243656139312244224
0.234043299047263592
0.257053977324957383
0.253953599843727118
0.265968368720400805
0.247610274494299287
0.258797549521134318
0.267722044793781755
0.221816358996354407
0.292898348695238564
0.235022880247470423
0.267523374748512899
0.240405536729777325
0.290292552080382071
0.253524693780165788
0.276206642366290389
0.217799535001230116
0.284531455491450536
0.262235748636399923
0.274868717622149261
0.256438013195945391
0.287314555265789195
0.288324109846719301
0.261798507109253231
0.259949936241464341
0.275818022837811427
0.281567111809371495
0.244620681098732973
0.271115552534149318
0.254940148241264208
0.263996690484741947
0.273404818912917402
0.271102942734561092
0.266346464755235213
0.28491353005379827
0.27987822465786788
0.272360944912488911
0.26953752008753834
0.25732771404626642
0.258941783229189759
0.322435981320258358
0.2629566350833899
0.294657088900822262
0.250832060921216127
0.244090625890027807
0.259306929710139356
0.255523854827449215
0.278336853869194489
0.262822445010566619
0.281966590668493111
0.291288079453079884
0.270896771149949256
0.265589216041577647
0.243648259848453397
0.312149473138649824
0.284227606350801465
0.286985441606684322
0.285572101218320606
0.235915461608097593
0.262358598107715946
0.286319909854764798
0.251234390651874084
0.273049768085813882
0.306979933771523883
0.262009359013204823
0.293971681693791342
0.290122010133357588
0.290821111240409436
0.286334578335362855
0.299301285104299486
0.224494768605767892
0.287853640027445734
0.282522275048195493
0.30551204953488087
0.258545332823617302
0.330017654473448163
0.308569779358033813
0.279045315055369392
0.295362957167707441
0.309489414944293662
0.2754713448917257
0.274164989093697242
0.308393740320034027
0.25903591501310913
0.255546601962759357
0.250140474167017623
0.319680762166513865
0.304742908017246572
0.279016883839676932
0.295207585816479101
0.266174832704855868
0.264801963328494649
0.308417495271901765
0.233570900682986388
0.283075889702256334
0.296476658452244635
0.310594619255431303
0.316845919103066143
0.297556209857440468
0.271431604051473097
0.256984367668293079
0.291783481215989071
0.288394121506983292
0.264242675410612415
0.265882350762177977
0.290047350371127721
0.24668836814058831
0.290183624976519616
0.287977791939211969
0.257080710374357091
0.275582205264789382
0.277436203953029537
0.251655328011924029
0.317794936080578017
0.289609545030402371
0.297347221322704969
0.337571036607665131
0.313996111114883181
0.284008963940956261
0.28816978474067878
0.299910663836609914
0.286362482361942117
0.323651332801847047
0.304985432005584201
0.315919208377891114
0.288141418256220749
0.31099401047966535
0.311045126413779127
0.291703318271938239
0.320274571232146865
0.279984213248105407
0.312546418703124829
0.28886556873758551
0.290645942230163268
0.265237076725462484
0.302023729469099944
0.302264458114998358
0.315248836648466979
0.285339353259873585
0.291407700439887507
0.293859673517752162
0.292940674383053656
0.269971319367848461
0.322497847316293496
0.316091756505881394
0.297984362542250025
0.29601118765449097
0.319925831483738377
0.301816791746860547
0.292570144029223711
0.333221361761759094
0.301888819095010696
0.282343451382865041
0.283938402820060776
0.261121121245105059
0.316271795536433309
0.294701216755904161
0.32794831761037524
0.291069827353754085
0.323127470535726879
0.322645497882105503
0.322437931160793279
0.305455384841213706
0.30383902083839609
0.335334714317392146
0.281332184247025718
0.287839531944540539
0.277910776028696516
0.306123503390404617
0.28895773642243433
0.30590522792939806
0.306084832089783931
0.320679403403341723
0.328009797607160147
0.289968866582251017
0.315585449996710177
0.332778411000854091
0.299123587401238233
0.269405046016250482
0.300659638508074811
0.313641607918962673
0.336110485246159496
0.300693745111727528
0.302922395403346201
0.346730358062577126
0.254869301883371313
0.275309726662913479
0.293900753961151506
0.290845789091682072
0.317984496402650696
0.299144352951127734
0.266819614802296434
0.302426634623492896
0.306397309016917974
0.316684818534220092
0.313605482905254918
0.294275786980626453
0.293236981725986334
0.321541632438860414
0.311569733764125667
0.31920982826806843
0.324534388571744825
0.293149785495989967
0.322497600104690085
0.311938264220665173
0.319357469216892897
0.320405791498083958
0.363174598889422384
0.298014321698612084
0.280514641865673708
0.30663916865521329
0.308798506989638066
0.299690216693507094
0.333083749555362185
0.347009218735349512
0.283034800508018436
0.317907780751082114
0.314997620831031111
0.318284839324519231
0.329075231142561542
0.338550525345245323
0.301759880579113737
0.34242706033264636
0.307044333860782448
0.323863245392667698
0.33865133038901063
0.325803357271163496
0.299486413242169625
0.330374878496284219
0.348811166306375098
0.336509760403141123
0.325324724483450289
0.304769065810171214
0.347929832769450609
0.337474441845503681
0.339709435115897629
0.31121532571464039
0.323006762242265211
0.334771986338662786
0.350621048337191155
0.352213019398146698
0.372877143544860623
0.351607288623944192
0.317900463055044991
0.317760883530050886
0.344702858823408564
0.341896890163428502
0.301187581002058447
0.317268703945210728
0.343257201460752337
0.301675323472176071
0.31958170576022743
0.323206603405714055
0.322512638879955682
0.352138736602288949
0.322059472407525138
0.316047920848349262
0.353187907240311239
0.333448259684742898
0.322473325084274898
0.355087098480008356
0.354829617706736322
0.318276253616651517
0.342489322642947847
0.325031920547516617
0.336535859693808503
0.324948437455515993
0.315778650432991081
0.335482462005519066
0.348200378595732163
0.353098504103332489
0.322053185931845842
0.335645967896343045
0.342734271919605316
0.3870329104227474
0.375115194952364228
0.335848369196491969
0.357811727388294643
0.333032719913893827
0.331675260113760806
0.363380361090266168
0.304090394171448064
0.361163175499897071
0.321681426828386074
0.32201329534850115
0.329771550010635683
0.340488152665588462
0.355094498079549015
0.354281621102487509
0.340924637311340761
0.308079489950157714
0.316138426453995702
0.354642102131293102
0.339035753550488428
0.322216837272285173
0.309140644757490091
0.313203665610355508
0.367707852906321242
0.371550911360110314
0.324173105099500924
0.314457332838701809
0.348090896874523437
0.36493171650621492
0.338500498641235104
0.354103130807740474
0.349598698753443293
0.361487874056086789
0.34061449440269731
0.344907475222711368
0.360300108287308352
0.338677424504549296
0.371992405007920413
0.358203369332528276
0.328087911736374138
0.343213697095142323
0.359324284250255588
0.337625725532359089
0.345853978228537862
0.364937280823315002
0.364619200485841455
0.395937339594113591
0.34857528647041397
0.341355905787960767
0.37937858387544765
0.360331162165621277
0.356461556375843758
0.355748411477362247
0.348479628700249122
0.362193414646396594
0.346563622161662976
0.352880811481390111
0.366854247271262479
0.345387999329785478
0.372555603068337848
0.366364412626332958
0.314107607229077768
0.349925944224612429
0.307417002410451445
0.330812551362511753
0.34643353355007428
0.346223496658100371
0.319553374464221163
0.345858655090130251
0.382039823026754655
0.294492544795320277
0.356526770245956415
0.356796981308988292
0.34261417497489588
0.31681914338416467
0.37045367421379416
0.367079147307593945
0.362609219205332955
0.351112277592122379
0.378066915008632709
0.352234981923867818
0.339608535931945066
0.357829947005332327
0.344148200179330788
0.300861043991858756
0.359478666704234562
0.357458111774398624
0.360031528466570439
0.361030113645411821
0.38290232760341264
0.362747814582976391
0.365347895319579286
0.392382958717046593
0.300574076561604397
0.325039201001995015
0.356089623347114692
0.369758351358861259
0.363483813535870781
0.348761206859897532
0.351980182214819248
0.405137154327313675
0.360740115161788111
0.374332164949541413
0.399040905210398089
0.328133934781259573
0.372868449186220308
0.342392062734648228
0.353384245985290335
0.344744708541710743
0.371177241921095691
0.405956365459810398
0.388394964667636511
0.394885407803876765
0.317614472660617375
0.344037714878143941
0.371064754487243131
0.363084302638194523
0.409161026118867954
0.367268608595611556
0.352077367952466191
0.369635541588301864
0.363532368542856976
0.346904638018169398
0.391594260924848836
0.382408540744027137
0.349880004527519328
0.370253592423363753
0.382611396611346966
0.384136614375135577
0.396899906295910487
0.370835243792773661
0.383369921017032655
0.399081290109213727
0.3774286173185879
0.398927769117590814
0.347988212767410543
0.374176413749828907
0.350951700622312457
0.380074039125224861
0.350670127754880101
0.370635648127561834
0.36491222360416109
0.36130060443468387
0.379085097562094242
0.346443856742899181
0.390958236459443387
0.384278068179459975
0.385451844326654802
0.365184821092189638
0.40815692082349736
0.390145272241418595
0.351225085000197723
0.402424775379987221
0.380225223666295631
0.374401448983498253
0.392295957197779821
0.352370569483167972
0.357104079765364457
0.377960453525001905
0.423332960286915805
0.383556811773105355
0.37365202025154276
0.341621573524834243
0.379201256505659889
0.372322157313138224
0.392846744916383217
0.4169814751955776
0.398238525268638899
0.36992728999512442
0.35477055880321301
0.329383016855399835
0.367390073821318108
0.408940746575784664
0.358994564704141372
0.390290741642869199
0.378703113831650895
0.41080310496841449
0.377212441544005461
0.417180274599798728
0.380798528632667499
0.391135999957260005
0.4047002358824901
0.392424094710061289
0.39059307889989453
0.366565579528149443
0.406504346012839801
0.375576162080721032
0.402465976563428363
0.420188748094245057
0.38523613986407157
0.390826203070949618
0.384020014912992369
0.38624468169362719
0.420066851806588371
0.367675110604957389
0.366985691677945924
0.392045499141711717
0.38382107080770328
0.39306195016895995
0.401857101179501019
0.373605708907868761
0.424256191694233398
0.372437511365410701
0.356971850253354317
0.379827013343832731
0.37795705179264083
0.417913131301534957
0.361765489962808995
0.361219565493744454
0.408338508270325751
0.407791808019530577
0.390767075694916977
0.378458902470565572
0.420711220505569916
0.405008078601219179
0.378245308090022325
0.39037341818286897
0.383413103265283883
0.40020768161710546
0.37536063935155678
0.406800457729700804
0.417346396943945042
0.44779420417381377
0.400325555296710545
0.440114049945709518
0.429819385396205123
0.4140565619238461
0.367542509725402533
0.413476152779479966
0.429681134528982656
0.39475177752375501
0.407060019989392452
0.380654471599469746
0.402886294066852613
0.437691972447963484
0.437055077768353728
0.445486665297149309
0.42342802334255436
0.408428201938754787
0.379412812962313939
0.428114869627345851
0.401267434055167627
0.407507889580998872
0.410744568669470789
0.396314003256761471
0.421427295124492951
0.434898884208400616
0.411818109638742214
0.425984111761038897
0.401777619041000955
0.402165298545639482
0.433644897726843559
0.410284458234104199
0.435555526550043925
0.424644223135112131
0.385953837001661026
0.406584928196516204
0.404596617228628219
0.400870928906738144
0.406828895298146531
0.405907071311931378
0.39568480026478503
0.385427919320910473
0.427503601636334996
0.400845252655911977
0.426096896411801485
0.420184953679550555
0.410974879338412369
0.43218444989094873
0.414797106249780279
0.4110494599209365
0.440544685407931291
0.392889554097132887
0.419996016067446187
0.375760354008994657
0.396287628993233443
0.429171933166512309
0.422328857848966344
0.445613361237733041
0.405075671088421518
0.415369104502319564
0.389441768011381417
0.447156393107217387
0.387007303607830866
0.408348834384049231
0.410843417438955416
0.426810464264927802
0.399007114221925085
0.428055982137080071
0.418902709471406953
0.446069528639201629
0.408549223960974206
0.442565497082475667
0.410884822647662906
0.407597833821393418
0.409481309141921934
0.421170653361224889
0.415460329872572198
0.425974993115555811
0.41090930874105458
0.411749175117329502
0.361952992614450297
0.416795177706696884
0.409006911451327004
0.441918111504554845
0.388920554344123759
0.425124556802290332
0.375241223364972454
0.415619229153286196
0.378553057494104839
0.447914745033860195
0.418854935225405067
0.409980437426655964
0.464525868849956836
0.451382850011262104
0.436373754111231693
0.410698529912897681
0.419146683118473862
0.450817530541985034
0.396471454763941966
0.415703217271898462
0.42789834767850754
0.408165280192119173
0.409654570402855966
0.449975415317932226
0.439426974699814454
0.414353526203683098
0.421469369978378527
0.41681958426520388
0.4086816293061315
0.416912724912246957
0.420279330963010511
0.45986328413270583
0.40368214287832499
0.433167716620846743
0.421122799534733305
0.3909109076049887
0.423679967093230081
0.425752458784879995
0.43335749059999612
0.401284666701275827
0.421383510077282364
0.412194087289012967
0.405700198797493972
0.460131849537053328
0.433550976066296001
0.411516226111938721
0.415891033127733845
0.40298627896291811
0.403466067383116023
0.465251345509674508
0.417753189236772904
0.430778326392278865
0.437084191971641833
0.411079074847354231
0.40879644968805845
0.39915083174686633
0.461086229123374658
0.450259195807304724
0.418167469494158006
0.458191784776457223
0.440337133717958518
0.422656100067331619
0.4559981609457327
0.420507594759281178
0.428557154401443596
0.468464026016978619
0.432740850446665937
0.459555995165287556
0.404043283817226095
0.443264444568542859
0.437161507601076915
0.445328814020967134
0.449561466662913134
0.398265849723981935
0.428974129579170471
0.442947102414516736
0.437057533683971267
0.454937158306539802
0.46504058046845248
0.473174108008905692
0.416739660516934285
0.44120007057677052
0.477555865932046908
0.454052080997016827
0.486935880568351243
0.439526856134232202
0.46745163227066644
0.465303871865196172
0.42728987850167216
0.414273087949635466
0.464305808666987674
0.4528193509432068
0.437900257052712183
0.446669769866909816
0.468846963418113494
0.467346384001513904
0.444839109788670306
0.479437424370578902
0.4476041144565861
0.454442617305976571
0.456604146532607169
0.458917635445122984
0.444587719239464774
0.428856837991290041
0.47325259630758082
0.472929661865920836
0.455481363602334266
0.447079224367229022
0.450135116354191456
0.454824766419864135
0.468453965707718245
0.45880300892093101
0.441691387931522073
0.457293757843124538
0.443897906487772498
0.444407043870920226
0.45871932043271324
0.472724042739841699
0.461904623683202897
0.420777591826149711
0.440853035991745912
0.458020625674223691
0.465419535216185953
0.443360014087659349
0.452366796386764525
0.461735650006932563
0.437963291126952425
0.437853921767486831
0.407987222879968192
0.453348308292294999
0.445579808904160213
0.462592434744302783
0.44232901157543808
0.461112490683753262
0.490707336571215846
0.46411099615971757
0.462676778626010143
0.485791484852802768
0.462938265723733422
0.466648987468603338
0.482728774281748596
0.445515221039207709
0.456074506808779256
0.491790319033247825
0.476027050862322054
0.464470549023365598
0.49119237862568027
0.500253891012243712
0.455767813449124259
0.456055042244946307
0.484969725903345472
0.467546117471996092
0.449568274570292636
0.450570745845862874
0.450721286978212343
0.46655993770611226
0.495388325641102245
0.448883338383122721
0.458481645846334163
0.495152747396473802
0.45128754664988141
0.47115584841158914
0.466313812777582382
0.452499827023376155
