0.421607967045797838
0.421485931852862816
0.421363896659927795
0.421241861466992773
0.421119826274057751
0.42099779108112273
0.420875755888187708
0.420753720695252686
0.420631685502317665
0.420509650309382643
0.420387615116447566
0.420265579923512544
0.420143544730577523
0.420021509537642501
0.41989947434470748
0.419777439151772458
0.419655403958837436
0.419533368765902415
0.419411333572967393
0.419289298380032371
0.41916726318709735
0.419045227994162328
0.418923192801227307
0.418801157608292285
0.418679122415357208
0.418557087222422186
0.418435052029487164
0.418313016836552143
0.418190981643617121
0.4180689464506821
0.417946911257747078
0.417824876064812056
0.417702840871877035
0.417580805678942013
0.417458770486006991
0.41733673529307197
0.417214700100136948
0.417092664907201927
0.416970629714266849
0.416848594521331828
0.416726559328396806
0.416604524135461785
0.416482488942526763
0.416360453749591741
0.41623841855665672
0.416116383363721698
0.415994348170786676
0.415872312977851655
0.415750277784916633
0.415628242591981611
0.41550620739904659
0.415384172206111513
0.415262137013176491
0.415140101820241469
0.415018066627306448
0.414896031434371426
0.414773996241436405
0.414651961048501383
0.414529925855566361
0.41440789066263134
0.414285855469696318
0.414163820276761296
0.414041785083826275
0.413919749890891253
0.413797714697956232
0.413675679505021154
0.413553644312086133
0.413431609119151111
0.413309573926216089
0.413187538733281068
0.413065503540346046
0.412943468347411025
0.412821433154476003
0.412699397961540981
0.41257736276860596
0.412455327575670938
0.412333292382735916
0.412211257189800895
0.412089221996865818
0.411967186803930796
0.411845151610995774
0.411723116418060753
0.411601081225125731
0.41147904603219071
0.411357010839255688
0.411234975646320666
0.411112940453385645
0.410990905260450623
0.410868870067515601
0.41074683487458058
0.410624799681645558
0.410502764488710536
0.410380729295775459
0.410258694102840438
0.410136658909905416
0.410014623716970394
0.409892588524035373
0.409770553331100351
0.40964851813816533
0.409526482945230308
0.409404447752295286
0.409282412559360265
0.409160377366425243
0.409038342173490221
0.4089163069805552
0.408794271787620123
0.408672236594685101
0.408550201401750079
0.408428166208815058
0.408306131015880036
0.408184095822945014
0.408062060630009993
0.407940025437074971
0.40781799024413995
0.407695955051204928
0.407573919858269906
0.407451884665334885
0.407329849472399863
0.407207814279464841
0.407085779086529764
0.406963743893594743
0.406841708700659721
0.406719673507724699
0.406597638314789678
0.406475603121854656
0.406353567928919635
0.406231532735984613
0.406109497543049591
0.40598746235011457
0.405865427157179548
0.405743391964244526
0.405621356771309505
0.405499321578374428
0.405377286385439406
0.405255251192504384
0.405133215999569363
0.405011180806634341
0.404889145613699319
0.404767110420764298
0.404645075227829276
0.404523040034894255
0.404401004841959233
0.404278969649024211
0.40415693445608919
0.404034899263154168
0.403912864070219146
0.403790828877284069
0.403668793684349048
0.403546758491414026
0.403424723298479004
0.403302688105543983
0.403180652912608961
0.403058617719673939
0.402936582526738918
0.402814547333803896
0.402692512140868875
0.402570476947933853
0.402448441754998831
0.40232640656206381
0.402204371369128733
0.402082336176193711
0.401960300983258689
0.401838265790323668
0.401716230597388646
0.401594195404453624
0.401472160211518603
0.401350125018583581
0.40122808982564856
0.401106054632713538
0.400984019439778516
0.400861984246843495
0.400739949053908473
0.400617913860973451
0.400495878668038374
0.400373843475103353
0.400251808282168331
0.400129773089233309
0.400007737896298288
0.399885702703363266
0.399763667510428244
0.399641632317493223
0.399519597124558201
0.39939756193162318
0.399275526738688158
0.399153491545753136
0.399031456352818115
0.398909421159883038
0.398787385966948016
0.398665350774012994
0.398543315581077973
0.398421280388142951
0.398299245195207929
0.398177210002272908
0.398055174809337886
0.397933139616402864
0.397811104423467843
0.397689069230532821
0.3975670340375978
0.397444998844662778
0.397322963651727756
0.397200928458792679
0.397078893265857658
0.396956858072922636
0.396834822879987614
0.396712787687052593
0.396590752494117571
0.396468717301182549
0.396346682108247528
0.396224646915312506
0.396102611722377485
0.395980576529442463
0.395858541336507441
0.39573650614357242
0.395614470950637398
0.395492435757702321
0.395370400564767299
0.395248365371832278
0.395126330178897256
0.395004294985962234
0.394882259793027213
0.394760224600092191
0.394638189407157169
0.394516154214222148
0.394394119021287126
0.394272083828352105
0.394150048635417083
0.394028013442482061
0.393905978249546984
0.393783943056611963
0.393661907863676941
0.393539872670741919
0.393417837477806898
0.393295802284871876
0.393173767091936854
0.393051731899001833
0.392929696706066811
0.392807661513131789
0.392685626320196768
0.392563591127261746
0.392441555934326725
0.392319520741391703
0.392197485548456626
0.392075450355521604
0.391953415162586583
0.391831379969651561
0.391709344776716539
0.391587309583781518
0.391465274390846496
0.391343239197911474
0.391221204004976453
0.391099168812041431
0.39097713361910641
0.390855098426171388
0.390733063233236366
0.390611028040301289
0.390488992847366267
0.390366957654431246
0.390244922461496224
0.390122887268561203
0.390000852075626181
0.389878816882691159
0.389756781689756138
0.389634746496821116
0.389512711303886094
0.389390676110951073
0.389268640918016051
0.38914660572508103
0.389024570532146008
0.388902535339210931
0.388780500146275909
0.388658464953340888
0.388536429760405866
0.388414394567470844
0.388292359374535823
0.388170324181600801
0.388048288988665779
0.387926253795730758
0.387804218602795736
0.387682183409860714
0.387560148216925693
0.387438113023990671
0.387316077831055594
0.387194042638120572
0.387072007445185551
0.386949972252250529
0.386827937059315508
0.386705901866380486
0.386583866673445464
0.386461831480510443
0.386339796287575421
0.386217761094640399
0.386095725901705378
0.385973690708770356
0.385851655515835334
0.385729620322900313
0.385607585129965236
0.385485549937030214
0.385363514744095192
0.385241479551160171
0.385119444358225149
0.384997409165290128
0.384875373972355106
0.384753338779420084
0.384631303586485063
0.384509268393550041
0.384387233200615019
0.384265198007679998
0.384143162814744976
0.384021127621809899
0.383899092428874877
0.383777057235939856
0.383655022043004834
0.383532986850069813
0.383410951657134791
0.383288916464199769
0.383166881271264748
0.383044846078329726
0.382922810885394704
0.382800775692459683
0.382678740499524661
0.382556705306589639
0.382434670113654618
0.382312634920719541
0.382190599727784519
0.382068564534849497
0.381946529341914476
0.381824494148979454
0.381702458956044433
0.381580423763109411
0.381458388570174389
0.381336353377239368
0.381214318184304346
0.381092282991369324
0.380970247798434303
0.380848212605499281
0.380726177412564204
0.380604142219629182
0.380482107026694161
0.380360071833759139
0.380238036640824117
0.380116001447889096
0.379993966254954074
0.379871931062019053
0.379749895869084031
0.379627860676149009
0.379505825483213988
0.379383790290278966
0.379261755097343944
0.379139719904408923
0.379017684711473846
0.378895649518538824
0.378773614325603802
0.378651579132668781
0.378529543939733759
0.378407508746798737
0.378285473553863716
0.378163438360928694
0.378041403167993673
0.377919367975058651
0.377797332782123629
0.377675297589188608
0.377553262396253586
0.377431227203318509
0.377309192010383487
0.377187156817448466
0.377065121624513444
0.376943086431578422
0.376821051238643401
0.376699016045708379
0.376576980852773358
0.376454945659838336
0.376332910466903314
0.376210875273968293
0.376088840081033271
0.375966804888098249
0.375844769695163228
0.375722734502228151
0.375600699309293129
0.375478664116358107
0.375356628923423086
0.375234593730488064
0.375112558537553042
0.374990523344618021
0.374868488151682999
0.374746452958747978
0.374624417765812956
0.374502382572877934
0.374380347379942913
0.374258312187007891
0.374136276994072814
0.374014241801137792
0.373892206608202771
0.373770171415267749
0.373648136222332727
0.373526101029397706
0.373404065836462684
0.373282030643527662
0.373159995450592641
0.373037960257657619
0.372915925064722598
0.372793889871787576
0.372671854678852554
0.372549819485917533
0.372427784292982456
0.372305749100047434
0.372183713907112412
0.372061678714177391
0.371939643521242369
0.371817608328307347
0.371695573135372326
0.371573537942437304
0.371451502749502283
0.371329467556567261
0.371207432363632239
0.371085397170697218
0.370963361977762196
0.370841326784827174
0.370719291591892097
0.370597256398957076
0.370475221206022054
0.370353186013087032
0.370231150820152011
0.370109115627216989
0.369987080434281967
0.369865045241346946
0.369743010048411924
0.369620974855476903
0.369498939662541881
0.369376904469606859
0.369254869276671838
0.369132834083736761
0.369010798890801739
0.368888763697866717
0.368766728504931696
0.368644693311996674
0.368522658119061652
0.368400622926126631
0.368278587733191609
0.368156552540256587
0.368034517347321566
0.367912482154386544
0.367790446961451523
0.367668411768516501
0.367546376575581479
0.367424341382646402
0.367302306189711381
0.367180270996776359
0.367058235803841337
0.366936200610906316
0.366814165417971294
0.366692130225036272
0.366570095032101251
0.366448059839166229
0.366326024646231208
0.366203989453296186
0.366081954260361164
0.365959919067426143
0.365837883874491065
0.365715848681556044
0.365593813488621022
0.365471778295686001
0.365349743102750979
0.365227707909815957
0.365105672716880936
0.364983637523945914
0.364861602331010892
0.364739567138075871
0.364617531945140849
0.364495496752205828
0.364373461559270806
0.364251426366335784
0.364129391173400707
0.364007355980465686
0.363885320787530664
0.363763285594595642
0.363641250401660621
0.363519215208725599
0.363397180015790577
0.363275144822855556
0.363153109629920534
0.363031074436985512
0.362909039244050491
0.362787004051115469
0.362664968858180448
0.36254293366524537
0.362420898472310349
0.362298863279375327
0.362176828086440306
0.362054792893505284
0.361932757700570262
0.361810722507635241
0.361688687314700219
0.361566652121765197
0.361444616928830176
0.361322581735895154
0.361200546542960133
0.361078511350025111
0.360956476157090089
0.360834440964155012
0.36071240577121999
0.360590370578284969
0.360468335385349947
0.360346300192414926
0.360224264999479904
0.360102229806544882
0.359980194613609861
0.359858159420674839
0.359736124227739817
0.359614089034804796
0.359492053841869774
0.359370018648934753
0.359247983455999675
0.359125948263064654
0.359003913070129632
0.358881877877194611
0.358759842684259589
0.358637807491324567
0.358515772298389546
0.358393737105454524
0.358271701912519502
0.358149666719584481
0.358027631526649459
0.357905596333714437
0.357783561140779416
0.357661525947844394
0.357539490754909317
0.357417455561974295
0.357295420369039274
0.357173385176104252
0.357051349983169231
0.356929314790234209
0.356807279597299187
0.356685244404364166
0.356563209211429144
0.356441174018494122
0.356319138825559101
0.356197103632624079
0.356075068439689058
0.35595303324675398
0.355830998053818959
0.355708962860883937
0.355586927667948915
0.355464892475013894
0.355342857282078872
0.355220822089143851
0.355098786896208829
0.354976751703273807
0.354854716510338786
0.354732681317403764
0.354610646124468742
0.354488610931533721
0.354366575738598699
0.354244540545663622
0.3541225053527286
0.354000470159793579
0.353878434966858557
0.353756399773923536
0.353634364580988514
0.353512329388053492
0.353390294195118471
0.353268259002183449
0.353146223809248427
0.353024188616313406
0.352902153423378384
0.352780118230443362
0.352658083037508285
0.352536047844573264
0.352414012651638242
0.35229197745870322
0.352169942265768199
0.352047907072833177
0.351925871879898156
0.351803836686963134
0.351681801494028112
0.351559766301093091
0.351437731108158069
0.351315695915223047
0.351193660722288026
0.351071625529353004
0.350949590336417927
0.350827555143482905
0.350705519950547884
0.350583484757612862
0.35046144956467784
0.350339414371742819
0.350217379178807797
0.350095343985872776
0.349973308792937754
0.349851273600002732
0.349729238407067711
0.349607203214132689
0.349485168021197667
0.34936313282826259
0.349241097635327569
0.349119062442392547
0.348997027249457525
0.348874992056522504
0.348752956863587482
0.348630921670652461
0.348508886477717439
0.348386851284782417
0.348264816091847396
0.348142780898912374
0.348020745705977352
0.347898710513042331
0.347776675320107309
0.347654640127172232
0.34753260493423721
0.347410569741302189
0.347288534548367167
0.347166499355432145
0.347044464162497124
0.346922428969562102
0.346800393776627081
0.346678358583692059
0.346556323390757037
0.346434288197822016
0.346312253004886994
0.346190217811951972
0.346068182619016951
0.345946147426081874
0.345824112233146852
0.34570207704021183
0.345580041847276809
0.345458006654341787
0.345335971461406765
0.345213936268471744
0.345091901075536722
0.344969865882601701
0.344847830689666679
0.344725795496731657
0.344603760303796636
0.344481725110861614
0.344359689917926537
0.344237654724991515
0.344115619532056494
0.343993584339121472
0.34387154914618645
0.343749513953251429
0.343627478760316407
0.343505443567381386
0.343383408374446364
0.343261373181511342
0.343139337988576321
0.343017302795641299
0.342895267602706277
0.342773232409771256
0.342651197216836179
0.342529162023901157
0.342407126830966135
0.342285091638031114
0.342163056445096092
0.34204102125216107
0.341918986059226049
0.341796950866291027
0.341674915673356006
0.341552880480420984
0.341430845287485962
0.341308810094550941
0.341186774901615919
0.341064739708680842
0.34094270451574582
0.340820669322810799
0.340698634129875777
0.340576598936940755
0.340454563744005734
0.340332528551070712
0.34021049335813569
0.340088458165200669
0.339966422972265647
0.339844387779330626
0.339722352586395604
0.339600317393460582
0.339478282200525561
0.339356247007590484
0.339234211814655462
0.33911217662172044
0.338990141428785419
0.338868106235850397
0.338746071042915375
0.338624035849980354
0.338502000657045332
0.338379965464110311
0.338257930271175289
0.338135895078240267
0.338013859885305246
0.337891824692370224
0.337769789499435147
0.337647754306500125
0.337525719113565104
0.337403683920630082
0.33728164872769506
0.337159613534760039
0.337037578341825017
0.336915543148889995
0.336793507955954974
0.336671472763019952
0.336549437570084931
0.336427402377149909
0.336305367184214887
0.336183331991279866
0.336061296798344789
0.335939261605409767
0.335817226412474745
0.335695191219539724
0.335573156026604702
0.33545112083366968
0.335329085640734659
0.335207050447799637
0.335085015254864615
0.334962980061929594
0.334840944868994572
0.334718909676059551
0.334596874483124529
0.334474839290189452
0.33435280409725443
0.334230768904319409
0.334108733711384387
0.333986698518449365
0.333864663325514344
0.333742628132579322
0.3336205929396443
0.333498557746709279
0.333376522553774257
0.333254487360839236
0.333132452167904214
0.333010416974969192
0.332888381782034171
0.332766346589099093
0.332644311396164072
0.33252227620322905
0.332400241010294029
0.332278205817359007
0.332156170624423985
0.332034135431488964
0.331912100238553942
0.33179006504561892
0.331668029852683899
0.331545994659748877
0.331423959466813856
0.331301924273878834
0.331179889080943757
0.331057853888008735
0.330935818695073714
0.330813783502138692
0.33069174830920367
0.330569713116268649
0.330447677923333627
0.330325642730398605
0.330203607537463584
0.330081572344528562
0.32995953715159354
0.329837501958658519
0.329715466765723497
0.329593431572788476
0.329471396379853398
0.329349361186918377
0.329227325993983355
0.329105290801048334
0.328983255608113312
0.32886122041517829
0.328739185222243269
0.328617150029308247
0.328495114836373225
0.328373079643438204
0.328251044450503182
0.328129009257568161
0.328006974064633139
0.327884938871698062
0.32776290367876304
0.327640868485828018
0.327518833292892997
0.327396798099957975
0.327274762907022954
0.327152727714087932
0.32703069252115291
0.326908657328217889
0.326786622135282867
0.326664586942347845
0.326542551749412824
0.326420516556477802
0.326298481363542781
0.326176446170607703
0.326054410977672682
0.32593237578473766
0.325810340591802639
0.325688305398867617
0.325566270205932595
0.325444235012997574
0.325322199820062552
0.32520016462712753
0.325078129434192509
0.324956094241257487
0.324834059048322465
0.324712023855387444
0.324589988662452422
0.324467953469517345
0.324345918276582323
0.324223883083647302
0.32410184789071228
0.323979812697777259
0.323857777504842237
0.323735742311907215
0.323613707118972194
0.323491671926037172
0.32336963673310215
0.323247601540167129
0.323125566347232107
0.323003531154297086
0.322881495961362008
0.322759460768426987
0.322637425575491965
0.322515390382556943
0.322393355189621922
0.3222713199966869
0.322149284803751879
0.322027249610816857
0.321905214417881835
0.321783179224946814
0.321661144032011792
0.32153910883907677
0.321417073646141749
0.321295038453206727
0.32117300326027165
0.321050968067336628
0.320928932874401607
0.320806897681466585
0.320684862488531564
0.320562827295596542
0.32044079210266152
0.320318756909726499
0.320196721716791477
0.320074686523856455
0.319952651330921434
0.319830616137986412
0.31970858094505139
0.319586545752116313
0.319464510559181292
0.31934247536624627
0.319220440173311248
0.319098404980376227
0.318976369787441205
0.318854334594506184
0.318732299401571162
0.31861026420863614
0.318488229015701119
0.318366193822766097
0.318244158629831075
0.318122123436896054
0.318000088243961032
0.317878053051025955
0.317756017858090933
0.317633982665155912
0.31751194747222089
0.317389912279285868
0.317267877086350847
0.317145841893415825
0.317023806700480804
0.316901771507545782
0.31677973631461076
0.316657701121675739
0.316535665928740717
0.316413630735805695
0.316291595542870618
0.316169560349935597
0.316047525157000575
0.315925489964065553
0.315803454771130532
0.31568141957819551
0.315559384385260489
0.315437349192325467
0.315315313999390445
0.315193278806455424
0.315071243613520402
0.31494920842058538
0.314827173227650359
0.314705138034715337
0.31458310284178026
0.314461067648845238
0.314339032455910217
0.314216997262975195
0.314094962070040173
0.313972926877105152
0.31385089168417013
0.313728856491235109
0.313606821298300087
0.313484786105365065
0.313362750912430044
0.313240715719495022
0.31311868052656
0.312996645333624923
0.312874610140689902
0.31275257494775488
0.312630539754819858
0.312508504561884837
0.312386469368949815
0.312264434176014793
0.312142398983079772
0.31202036379014475
0.311898328597209729
0.311776293404274707
0.311654258211339685
0.311532223018404664
0.311410187825469642
0.311288152632534565
0.311166117439599543
0.311044082246664522
0.3109220470537295
0.310800011860794478
0.310677976667859457
0.310555941474924435
0.310433906281989414
0.310311871089054392
0.31018983589611937
0.310067800703184349
0.309945765510249327
0.309823730317314305
0.309701695124379228
0.309579659931444207
0.309457624738509185
0.309335589545574163
0.309213554352639142
0.30909151915970412
0.308969483966769098
0.308847448773834077
0.308725413580899055
0.308603378387964034
0.308481343195029012
0.30835930800209399
0.308237272809158969
0.308115237616223947
0.30799320242328887
0.307871167230353848
0.307749132037418827
0.307627096844483805
0.307505061651548783
0.307383026458613762
0.30726099126567874
0.307138956072743718
0.307016920879808697
0.306894885686873675
0.306772850493938654
0.306650815301003632
0.30652878010806861
0.306406744915133533
0.306284709722198512
0.30616267452926349
0.306040639336328468
0.305918604143393447
0.305796568950458425
0.305674533757523403
0.305552498564588382
0.30543046337165336
0.305308428178718338
0.305186392985783317
0.305064357792848295
0.304942322599913274
0.304820287406978252
0.304698252214043175
0.304576217021108153
0.304454181828173132
0.30433214663523811
0.304210111442303088
0.304088076249368067
0.303966041056433045
0.303844005863498023
0.303721970670563002
0.30359993547762798
0.303477900284692959
0.303355865091757937
0.303233829898822915
0.303111794705887838
0.302989759512952817
0.302867724320017795
0.302745689127082773
0.302623653934147752
0.30250161874121273
0.302379583548277708
0.302257548355342687
0.302135513162407665
0.302013477969472643
0.301891442776537622
0.3017694075836026
0.301647372390667579
0.301525337197732557
0.30140330200479748
0.301281266811862458
0.301159231618927437
0.301037196425992415
0.300915161233057393
0.300793126040122372
0.30067109084718735
0.300549055654252328
0.300427020461317307
0.300304985268382285
0.300182950075447263
0.300060914882512242
0.29993887968957722
0.299816844496642199
0.299694809303707121
0.2995727741107721
0.299450738917837078
0.299328703724902057
0.299206668531967035
0.299084633339032013
0.298962598146096992
0.29884056295316197
0.298718527760226948
0.298596492567291927
0.298474457374356905
0.298352422181421884
0.298230386988486862
0.298108351795551785
0.297986316602616763
0.297864281409681741
0.29774224621674672
0.297620211023811698
0.297498175830876677
0.297376140637941655
0.297254105445006633
0.297132070252071612
0.29701003505913659
0.296887999866201568
0.296765964673266547
0.296643929480331525
0.296521894287396504
0.296399859094461426
0.296277823901526405
0.296155788708591383
0.296033753515656362
0.29591171832272134
0.295789683129786318
0.295667647936851297
0.295545612743916275
0.295423577550981253
0.295301542358046232
0.29517950716511121
0.295057471972176188
0.294935436779241167
0.29481340158630609
0.294691366393371068
0.294569331200436046
0.294447296007501025
0.294325260814566003
0.294203225621630982
0.29408119042869596
0.293959155235760938
0.293837120042825917
0.293715084849890895
0.293593049656955873
0.293471014464020852
0.29334897927108583
0.293226944078150809
0.293104908885215731
0.29298287369228071
0.292860838499345688
0.292738803306410666
0.292616768113475645
0.292494732920540623
0.292372697727605602
0.29225066253467058
0.292128627341735558
0.292006592148800537
0.291884556955865515
0.291762521762930493
0.291640486569995472
0.291518451377060395
0.291396416184125373
0.291274380991190351
0.29115234579825533
0.291030310605320308
0.290908275412385287
0.290786240219450265
0.290664205026515243
0.290542169833580222
0.2904201346406452
0.290298099447710178
0.290176064254775157
0.290054029061840135
0.289931993868905113
0.289809958675970036
0.289687923483035015
0.289565888290099993
0.289443853097164971
0.28932181790422995
0.289199782711294928
0.289077747518359907
0.288955712325424885
0.288833677132489863
0.288711641939554842
0.28858960674661982
0.288467571553684798
0.288345536360749777
0.2882235011678147
0.288101465974879678
0.287979430781944656
0.287857395589009635
0.287735360396074613
0.287613325203139591
0.28749129001020457
0.287369254817269548
0.287247219624334527
0.287125184431399505
0.287003149238464483
0.286881114045529462
0.28675907885259444
0.286637043659659418
0.286515008466724341
0.28639297327378932
0.286270938080854298
0.286148902887919276
0.286026867694984255
0.285904832502049233
0.285782797309114212
0.28566076211617919
0.285538726923244168
0.285416691730309147
0.285294656537374125
0.285172621344439103
0.285050586151504082
0.284928550958569005
0.284806515765633983
0.284684480572698961
0.28456244537976394
0.284440410186828918
0.284318374993893896
0.284196339800958875
0.284074304608023853
0.283952269415088832
0.28383023422215381
0.283708199029218788
0.283586163836283767
0.283464128643348745
0.283342093450413723
0.283220058257478646
0.283098023064543625
0.282975987871608603
0.282853952678673581
0.28273191748573856
0.282609882292803538
0.282487847099868516
0.282365811906933495
0.282243776713998473
0.282121741521063452
0.28199970632812843
0.281877671135193408
0.281755635942258387
0.28163360074932331
0.281511565556388288
0.281389530363453266
0.281267495170518245
0.281145459977583223
0.281023424784648201
0.28090138959171318
0.280779354398778158
0.280657319205843137
0.280535284012908115
0.280413248819973093
0.280291213627038072
0.28016917843410305
0.280047143241168028
0.279925108048232951
0.27980307285529793
0.279681037662362908
0.279559002469427886
0.279436967276492865
0.279314932083557843
0.279192896890622821
0.2790708616976878
0.278948826504752778
0.278826791311817757
0.278704756118882735
0.278582720925947713
0.278460685733012692
0.27833865054007767
0.278216615347142593
0.278094580154207571
0.27797254496127255
0.277850509768337528
0.277728474575402506
0.277606439382467485
0.277484404189532463
0.277362368996597441
0.27724033380366242
0.277118298610727398
0.276996263417792377
0.276874228224857355
0.276752193031922333
0.276630157838987256
0.276508122646052235
0.276386087453117213
0.276264052260182191
0.27614201706724717
0.276019981874312148
0.275897946681377126
0.275775911488442105
0.275653876295507083
0.275531841102572062
0.27540980590963704
0.275287770716702018
0.275165735523766997
0.275043700330831975
0.274921665137896898
0.274799629944961876
0.274677594752026855
0.274555559559091833
0.274433524366156811
0.27431148917322179
0.274189453980286768
0.274067418787351746
0.273945383594416725
0.273823348401481703
0.273701313208546682
0.27357927801561166
0.273457242822676638
0.273335207629741561
0.27321317243680654
0.273091137243871518
0.272969102050936496
0.272847066858001475
0.272725031665066453
0.272602996472131431
0.27248096127919641
0.272358926086261388
0.272236890893326366
0.272114855700391345
0.271992820507456323
0.271870785314521302
0.27174875012158628
0.271626714928651203
0.271504679735716181
0.27138264454278116
0.271260609349846138
0.271138574156911116
0.271016538963976095
0.270894503771041073
0.270772468578106051
0.27065043338517103
0.270528398192236008
0.270406362999300987
0.270284327806365965
0.270162292613430943
0.270040257420495866
0.269918222227560844
0.269796187034625823
0.269674151841690801
0.26955211664875578
0.269430081455820758
0.269308046262885736
0.269186011069950715
0.269063975877015693
0.268941940684080671
0.26881990549114565
0.268697870298210628
0.268575835105275607
0.268453799912340585
0.268331764719405508
0.268209729526470486
0.268087694333535465
0.267965659140600443
0.267843623947665421
0.2677215887547304
0.267599553561795378
0.267477518368860356
0.267355483175925335
0.267233447982990313
0.267111412790055291
0.26698937759712027
0.266867342404185248
0.266745307211250171
0.266623272018315149
0.266501236825380128
0.266379201632445106
0.266257166439510085
0.266135131246575063
0.266013096053640041
0.26589106086070502
0.265769025667769998
0.265646990474834976
0.265524955281899955
0.265402920088964933
0.265280884896029912
0.26515884970309489
0.265036814510159813
0.264914779317224791
0.264792744124289769
0.264670708931354748
0.264548673738419726
0.264426638545484705
0.264304603352549683
0.264182568159614661
0.26406053296667964
0.263938497773744618
0.263816462580809596
0.263694427387874575
0.263572392194939553
0.263450357002004476
0.263328321809069454
0.263206286616134433
0.263084251423199411
0.26296221623026439
0.262840181037329368
0.262718145844394346
0.262596110651459325
0.262474075458524303
0.262352040265589281
0.26223000507265426
0.262107969879719238
0.261985934686784216
0.261863899493849195
0.261741864300914118
0.261619829107979096
0.261497793915044074
0.261375758722109053
0.261253723529174031
0.26113168833623901
0.261009653143303988
0.260887617950368966
0.260765582757433945
0.260643547564498923
0.260521512371563901
0.26039947717862888
0.260277441985693858
0.260155406792758781
0.260033371599823759
0.259911336406888738
0.259789301213953716
0.259667266021018694
0.259545230828083673
0.259423195635148651
0.25930116044221363
0.259179125249278608
0.259057090056343586
0.258935054863408565
0.258813019670473543
0.258690984477538521
0.2585689492846035
0.258446914091668423
0.258324878898733401
0.258202843705798379
0.258080808512863358
0.257958773319928336
0.257836738126993315
0.257714702934058293
0.257592667741123271
0.25747063254818825
0.257348597355253228
0.257226562162318206
0.257104526969383185
0.256982491776448163
0.256860456583513086
0.256738421390578064
0.256616386197643043
0.256494351004708021
0.256372315811772999
0.256250280618837978
0.256128245425902956
0.256006210232967935
0.255884175040032913
0.255762139847097891
0.25564010465416287
0.255518069461227848
0.255396034268292826
0.255273999075357805
0.255151963882422728
0.255029928689487706
0.254907893496552684
0.254785858303617663
0.254663823110682641
0.254541787917747619
0.254419752724812598
0.254297717531877576
0.254175682338942555
0.254053647146007533
0.253931611953072511
0.25380957676013749
0.253687541567202468
0.253565506374267446
0.253443471181332369
0.253321435988397348
0.253199400795462326
0.253077365602527304
0.252955330409592283
0.252833295216657261
0.25271126002372224
0.252589224830787218
0.252467189637852196
0.252345154444917175
0.252223119251982153
0.252101084059047131
0.25197904886611211
0.251857013673177033
0.251734978480242011
0.251612943287306989
0.251490908094371968
0.251368872901436946
0.251246837708501924
0.251124802515566903
0.251002767322631881
0.25088073212969686
0.250758696936761838
0.250636661743826816
0.250514626550891795
0.250392591357956773
0.250270556165021751
0.250148520972086674
0.250026485779151653
0.249904450586216659
0.249782415393281609
0.249660380200346588
0.249538345007411566
0.249416309814476544
0.249294274621541523
0.249172239428606501
0.24905020423567148
0.24892816904273643
0.248806133849801409
0.248684098656866387
0.248562063463931365
0.248440028270996344
0.248317993078061322
0.2481959578851263
0.248073922692191251
0.247951887499256229
0.247829852306321208
0.247707817113386186
0.247585781920451165
0.247463746727516143
0.247341711534581093
0.247219676341646072
0.24709764114871105
0.246975605955776029
0.246853570762841007
0.246731535569905985
0.246609500376970964
0.246487465184035914
0.246365429991100893
0.246243394798165871
0.246121359605230849
0.245999324412295828
0.245877289219360806
0.245755254026425785
0.245633218833490735
0.245511183640555714
0.245389148447620692
0.24526711325468567
0.245145078061750649
0.245023042868815627
0.244901007675880605
0.244778972482945556
0.244656937290010534
0.244534902097075513
0.244412866904140491
0.244290831711205469
0.244168796518270448
0.244046761325335398
0.243924726132400377
0.243802690939465355
0.243680655746530334
0.243558620553595312
0.24343658536066029
0.243314550167725269
0.243192514974790219
0.243070479781855198
0.242948444588920176
0.242826409395985154
0.242704374203050133
0.242582339010115111
0.24246030381718009
0.24233826862424504
0.242216233431310018
0.242094198238374997
0.241972163045439975
0.241850127852504954
0.241728092659569932
0.24160605746663491
0.241484022273699861
0.241361987080764839
0.241239951887829818
0.241117916694894796
0.240995881501959774
0.240873846309024753
0.240751811116089703
0.240629775923154682
0.24050774073021966
0.240385705537284639
0.240263670344349617
0.240141635151414595
0.240019599958479574
0.239897564765544524
0.239775529572609503
0.239653494379674481
0.239531459186739459
0.239409423993804438
0.239287388800869416
0.239165353607934394
0.239043318414999345
0.238921283222064323
0.238799248029129302
0.23867721283619428
0.238555177643259259
0.238433142450324237
0.238311107257389215
0.238189072064454166
0.238067036871519144
0.237945001678584123
0.237822966485649101
0.237700931292714079
0.237578896099779058
0.237456860906844036
0.237334825713908987
0.237212790520973965
0.237090755328038943
0.236968720135103922
0.2368466849421689
0.236724649749233879
0.236602614556298829
0.236480579363363808
0.236358544170428786
0.236236508977493764
0.236114473784558743
0.235992438591623721
0.235870403398688699
0.23574836820575365
0.235626333012818628
0.235504297819883607
0.235382262626948585
0.235260227434013564
0.235138192241078542
0.23501615704814352
0.234894121855208471
0.234772086662273449
0.234650051469338428
0.234528016276403406
0.234405981083468384
0.234283945890533363
0.234161910697598341
0.234039875504663292
0.23391784031172827
0.233795805118793248
0.233673769925858227
0.233551734732923205
0.233429699539988184
0.233307664347053134
0.233185629154118113
0.233063593961183091
0.232941558768248069
0.232819523575313048
0.232697488382378026
0.232575453189443004
0.232453417996507955
0.232331382803572933
0.232209347610637912
0.23208731241770289
0.231965277224767868
0.231843242031832847
0.231721206838897825
0.231599171645962776
0.231477136453027754
0.231355101260092733
0.231233066067157711
0.231111030874222689
0.230988995681287668
0.230866960488352646
0.230744925295417597
0.230622890102482575
0.230500854909547553
0.230378819716612532
0.23025678452367751
0.230134749330742489
0.230012714137807439
0.229890678944872417
0.229768643751937396
0.229646608559002374
0.229524573366067353
0.229402538173132331
0.229280502980197309
0.22915846778726226
0.229036432594327238
0.228914397401392217
0.228792362208457195
0.228670327015522173
0.228548291822587152
0.22842625662965213
0.228304221436717081
0.228182186243782059
0.228060151050847038
0.227938115857912016
0.227816080664976994
0.227694045472041973
0.227572010279106951
0.227449975086171902
0.22732793989323688
0.227205904700301858
0.227083869507366837
0.226961834314431815
0.226839799121496793
0.226717763928561744
0.226595728735626722
0.226473693542691701
0.226351658349756679
0.226229623156821658
0.226107587963886636
0.225985552770951614
0.225863517578016565
0.225741482385081543
0.225619447192146522
0.2254974119992115
0.225375376806276478
0.225253341613341457
0.225131306420406435
0.225009271227471386
0.224887236034536364
0.224765200841601342
0.224643165648666321
0.224521130455731299
0.224399095262796278
0.224277060069861256
0.224155024876926207
0.224032989683991185
0.223910954491056163
0.223788919298121142
0.22366688410518612
0.223544848912251098
0.223422813719316077
0.223300778526381027
0.223178743333446006
0.223056708140510984
0.222934672947575963
0.222812637754640941
0.222690602561705919
0.22256856736877087
0.222446532175835848
0.222324496982900827
0.222202461789965805
0.222080426597030783
0.221958391404095762
0.22183635621116074
0.221714321018225691
0.221592285825290669
0.221470250632355647
0.221348215439420626
0.221226180246485604
0.221104145053550583
0.220982109860615561
0.220860074667680512
0.22073803947474549
0.220616004281810468
0.220493969088875447
0.220371933895940425
0.220249898703005403
0.220127863510070382
0.220005828317135332
0.219883793124200311
0.219761757931265289
0.219639722738330267
0.219517687545395246
0.219395652352460224
0.219273617159525175
0.219151581966590153
0.219029546773655132
0.21890751158072011
0.218785476387785088
0.218663441194850067
0.218541406001915045
0.218419370808979996
0.218297335616044974
0.218175300423109952
0.218053265230174931
0.217931230037239909
0.217809194844304888
0.217687159651369866
0.217565124458434817
0.217443089265499795
0.217321054072564773
0.217199018879629752
0.21707698368669473
0.216954948493759708
0.216832913300824687
0.216710878107889637
0.216588842914954616
0.216466807722019594
0.216344772529084572
0.216222737336149551
0.216100702143214529
0.21597866695027948
0.215856631757344458
0.215734596564409437
0.215612561371474415
0.215490526178539393
0.215368490985604372
0.21524645579266935
0.215124420599734301
0.215002385406799279
0.214880350213864257
0.214758315020929236
0.214636279827994214
0.214514244635059192
0.214392209442124171
0.214270174249189121
0.2141481390562541
0.214026103863319078
0.213904068670384057
0.213782033477449035
0.213659998284514013
0.213537963091578992
0.213415927898643942
0.213293892705708921
0.213171857512773899
0.213049822319838877
0.212927787126903856
0.212805751933968834
0.212683716741033813
0.212561681548098763
0.212439646355163742
0.21231761116222872
0.212195575969293698
0.212073540776358677
0.211951505583423655
0.211829470390488606
0.211707435197553584
0.211585400004618562
0.211463364811683541
0.211341329618748519
0.211219294425813497
0.211097259232878476
0.210975224039943426
0.210853188847008405
0.210731153654073383
0.210609118461138362
0.21048708326820334
0.210365048075268318
0.210243012882333297
0.210120977689398247
0.209998942496463226
0.209876907303528204
0.209754872110593182
0.209632836917658161
0.209510801724723139
0.209388766531788117
0.209266731338853068
0.209144696145918046
0.209022660952983025
0.208900625760048003
0.208778590567112982
0.20865655537417796
0.208534520181242911
0.208412484988307889
0.208290449795372867
0.208168414602437846
0.208046379409502824
0.207924344216567802
0.207802309023632781
0.207680273830697731
0.20755823863776271
0.207436203444827688
0.207314168251892667
0.207192133058957645
0.207070097866022623
0.206948062673087602
0.206826027480152552
0.206703992287217531
0.206581957094282509
0.206459921901347487
0.206337886708412466
0.206215851515477444
0.206093816322542422
0.205971781129607373
0.205849745936672351
0.20572771074373733
0.205605675550802308
0.205483640357867287
0.205361605164932265
0.205239569971997216
0.205117534779062194
0.204995499586127172
0.204873464393192151
0.204751429200257129
0.204629394007322107
0.204507358814387086
0.204385323621452036
0.204263288428517015
0.204141253235581993
0.204019218042646971
0.20389718284971195
0.203775147656776928
0.203653112463841907
0.203531077270906857
0.203409042077971836
0.203287006885036814
0.203164971692101792
0.203042936499166771
0.202920901306231749
0.202798866113296727
0.202676830920361678
0.202554795727426656
0.202432760534491635
0.202310725341556613
0.202188690148621592
0.20206665495568657
0.201944619762751548
0.201822584569816499
0.201700549376881477
0.201578514183946456
0.201456478991011434
0.201334443798076412
0.201212408605141391
0.201090373412206341
0.20096833821927132
0.200846303026336298
0.200724267833401276
0.200602232640466255
0.200480197447531233
0.200358162254596212
0.200236127061661162
0.200114091868726141
0.199992056675791119
0.199870021482856097
0.199747986289921076
0.199625951096986054
0.199503915904051032
0.199381880711115983
0.199259845518180961
0.19913781032524594
0.199015775132310918
0.198893739939375896
0.198771704746440875
0.198649669553505853
0.198527634360570804
0.198405599167635782
0.198283563974700761
0.198161528781765739
0.198039493588830717
0.197917458395895696
0.197795423202960646
0.197673388010025625
0.197551352817090603
0.197429317624155581
0.19730728243122056
0.197185247238285538
0.197063212045350516
0.196941176852415467
0.196819141659480445
0.196697106466545424
0.196575071273610402
0.196453036080675381
0.196331000887740359
0.196208965694805337
0.196086930501870288
0.195964895308935266
0.195842860116000245
0.195720824923065223
0.195598789730130201
0.19547675453719518
0.195354719344260158
0.195232684151325109
0.195110648958390087
0.194988613765455066
0.194866578572520044
0.194744543379585022
0.194622508186650001
0.194500472993714951
0.19437843780077993
0.194256402607844908
0.194134367414909886
0.194012332221974865
0.193890297029039843
0.193768261836104821
0.193646226643169772
0.19352419145023475
0.193402156257299729
0.193280121064364707
0.193158085871429686
0.193036050678494664
0.192914015485559642
0.192791980292624593
0.192669945099689571
0.19254790990675455
0.192425874713819528
0.192303839520884506
0.192181804327949485
0.192059769135014463
0.191937733942079414
0.191815698749144392
0.19169366355620937
0.191571628363274349
0.191449593170339327
0.191327557977404306
0.191205522784469256
0.191083487591534235
0.190961452398599213
0.190839417205664191
0.19071738201272917
0.190595346819794148
0.190473311626859126
0.190351276433924077
0.190229241240989055
0.190107206048054034
0.189985170855119012
0.189863135662183991
0.189741100469248969
0.189619065276313947
0.189497030083378898
0.189374994890443876
0.189252959697508855
0.189130924504573833
0.189008889311638811
0.18888685411870379
0.188764818925768768
0.188642783732833719
0.188520748539898697
0.188398713346963675
0.188276678154028654
0.188154642961093632
0.188032607768158611
0.187910572575223589
0.18778853738228854
0.187666502189353518
0.187544466996418496
0.187422431803483475
0.187300396610548453
0.187178361417613431
0.187056326224678382
0.18693429103174336
0.186812255838808339
0.186690220645873317
0.186568185452938295
0.186446150260003274
0.186324115067068252
0.186202079874133203
0.186080044681198181
0.18595800948826316
0.185835974295328138
0.185713939102393116
0.185591903909458095
0.185469868716523073
0.185347833523588024
0.185225798330653002
0.18510376313771798
0.184981727944782959
0.184859692751847937
0.184737657558912916
0.184615622365977894
0.184493587173042844
0.184371551980107823
0.184249516787172801
0.18412748159423778
0.184005446401302758
0.183883411208367736
0.183761376015432687
0.183639340822497665
0.183517305629562644
0.183395270436627622
0.1832732352436926
0.183151200050757579
0.183029164857822557
0.182907129664887508
0.182785094471952486
0.182663059279017465
0.182541024086082443
0.182418988893147421
0.1822969537002124
0.182174918507277378
0.182052883314342329
0.181930848121407307
0.181808812928472285
0.181686777735537264
0.181564742542602242
0.18144270734966722
0.181320672156732199
0.181198636963797149
0.181076601770862128
0.180954566577927106
0.180832531384992085
0.180710496192057063
0.180588460999122041
0.180466425806186992
0.18034439061325197
0.180222355420316949
0.180100320227381927
0.179978285034446905
0.179856249841511884
0.179734214648576862
0.179612179455641813
0.179490144262706791
0.179368109069771769
0.179246073876836748
0.179124038683901726
0.179002003490966705
0.178879968298031683
0.178757933105096634
0.178635897912161612
0.17851386271922659
0.178391827526291569
0.178269792333356547
0.178147757140421525
0.178025721947486504
0.177903686754551454
0.177781651561616433
0.177659616368681411
0.17753758117574639
0.177415545982811368
0.177293510789876346
0.177171475596941325
0.177049440404006275
0.176927405211071254
0.176805370018136232
0.17668333482520121
0.176561299632266189
0.176439264439331167
0.176317229246396118
0.176195194053461096
0.176073158860526074
0.175951123667591053
0.175829088474656031
0.17570705328172101
0.175585018088785988
0.175462982895850939
0.175340947702915917
0.175218912509980895
0.175096877317045874
0.174974842124110852
0.17485280693117583
0.174730771738240809
0.174608736545305759
0.174486701352370738
0.174364666159435716
0.174242630966500694
0.174120595773565673
0.173998560580630651
0.17387652538769563
0.17375449019476058
0.173632455001825559
0.173510419808890537
0.173388384615955515
0.173266349423020494
0.173144314230085472
0.173022279037150423
0.172900243844215401
0.172778208651280379
0.172656173458345358
0.172534138265410336
0.172412103072475315
0.172290067879540293
0.172168032686605244
0.172045997493670222
0.1719239623007352
0.171801927107800179
0.171679891914865157
0.171557856721930135
0.171435821528995114
0.171313786336060064
0.171191751143125043
0.171069715950190021
0.170947680757254999
0.170825645564319978
0.170703610371384956
0.170581575178449935
0.170459539985514885
0.170337504792579864
0.170215469599644842
0.17009343440670982
0.169971399213774799
0.169849364020839777
0.169727328827904728
0.169605293634969706
0.169483258442034684
0.169361223249099663
0.169239188056164641
0.169117152863229619
0.168995117670294598
0.168873082477359548
0.168751047284424527
0.168629012091489505
0.168506976898554484
0.168384941705619462
0.16826290651268444
0.168140871319749419
0.168018836126814369
0.167896800933879348
0.167774765740944326
0.167652730548009304
0.167530695355074283
0.167408660162139261
0.16728662496920424
0.16716458977626919
0.167042554583334169
0.166920519390399147
0.166798484197464125
0.166676449004529104
0.166554413811594082
0.16643237861865906
0.166310343425724011
0.166188308232788989
0.166066273039853968
0.165944237846918946
0.165822202653983924
0.165700167461048903
0.165578132268113853
0.165456097075178832
0.16533406188224381
0.165212026689308789
0.165089991496373767
0.164967956303438745
0.164845921110503724
0.164723885917568674
0.164601850724633653
0.164479815531698631
0.164357780338763609
0.164235745145828588
0.164113709952893566
0.163991674759958544
0.163869639567023495
0.163747604374088473
0.163625569181153452
0.16350353398821843
0.163381498795283409
0.163259463602348387
0.163137428409413365
0.163015393216478316
0.162893358023543294
0.162771322830608273
0.162649287637673251
0.162527252444738229
0.162405217251803208
0.162283182058868158
0.162161146865933137
0.162039111672998115
0.161917076480063094
0.161795041287128072
0.16167300609419305
0.161550970901258029
0.161428935708322979
0.161306900515387958
0.161184865322452936
0.161062830129517914
0.160940794936582893
0.160818759743647871
0.160696724550712849
0.1605746893577778
0.160452654164842778
0.160330618971907757
0.160208583778972735
0.160086548586037714
0.159964513393102692
0.15984247820016767
0.159720443007232621
0.159598407814297599
0.159476372621362578
0.159354337428427556
0.159232302235492534
0.159110267042557513
0.158988231849622463
0.158866196656687442
0.15874416146375242
0.158622126270817398
0.158500091077882377
0.158378055884947355
0.158256020692012334
0.158133985499077284
0.158011950306142263
0.157889915113207241
0.157767879920272219
0.157645844727337198
0.157523809534402176
0.157401774341467154
0.157279739148532105
0.157157703955597083
0.157035668762662062
0.15691363356972704
0.156791598376792018
0.156669563183856997
0.156547527990921975
0.156425492797986926
0.156303457605051904
0.156181422412116883
0.156059387219181861
0.155937352026246839
0.155815316833311818
0.155693281640376796
0.155571246447441747
0.155449211254506725
0.155327176061571703
0.155205140868636682
0.15508310567570166
0.154961070482766639
0.154839035289831589
0.154717000096896568
0.154594964903961546
0.154472929711026524
0.154350894518091503
0.154228859325156481
0.154106824132221459
0.15398478893928641
0.153862753746351388
0.153740718553416367
0.153618683360481345
0.153496648167546323
0.153374612974611302
0.15325257778167628
0.153130542588741231
0.153008507395806209
0.152886472202871188
0.152764437009936166
0.152642401817001144
0.152520366624066123
0.152398331431131101
0.152276296238196052
0.15215426104526103
0.152032225852326008
0.151910190659390987
0.151788155466455965
0.151666120273520943
0.151544085080585894
0.151422049887650872
0.151300014694715851
0.151177979501780829
0.151055944308845808
0.150933909115910786
0.150811873922975764
0.150689838730040715
0.150567803537105693
0.150445768344170672
0.15032373315123565
0.150201697958300628
0.150079662765365607
0.149957627572430585
0.149835592379495536
0.149713557186560514
0.149591521993625493
0.149469486800690471
0.149347451607755449
0.149225416414820428
0.149103381221885406
0.148981346028950357
0.148859310836015335
0.148737275643080313
0.148615240450145292
0.14849320525721027
0.148371170064275248
0.148249134871340199
0.148127099678405177
0.148005064485470156
0.147883029292535134
0.147760994099600113
0.147638958906665091
0.147516923713730069
0.14739488852079502
0.147272853327859998
0.147150818134924977
0.147028782941989955
0.146906747749054933
0.146784712556119912
0.14666267736318489
0.146540642170249841
0.146418606977314819
0.146296571784379797
0.146174536591444776
0.146052501398509754
0.145930466205574733
0.145808431012639711
0.145686395819704662
0.14556436062676964
0.145442325433834618
0.145320290240899597
0.145198255047964575
0.145076219855029553
0.144954184662094504
0.144832149469159482
0.144710114276224461
0.144588079083289439
0.144466043890354418
0.144344008697419396
0.144221973504484374
0.144099938311549325
0.143977903118614303
0.143855867925679282
0.14373383273274426
0.143611797539809238
0.143489762346874217
0.143367727153939195
0.143245691961004146
0.143123656768069124
0.143001621575134102
0.142879586382199081
0.142757551189264059
0.142635515996329038
0.142513480803394016
0.142391445610458967
0.142269410417523945
0.142147375224588923
0.142025340031653902
0.14190330483871888
0.141781269645783858
0.141659234452848837
0.141537199259913787
0.141415164066978766
0.141293128874043744
0.141171093681108722
0.141049058488173701
0.140927023295238679
0.14080498810230363
0.140682952909368608
0.140560917716433587
0.140438882523498565
0.140316847330563543
0.140194812137628522
0.1400727769446935
0.139950741751758451
0.139828706558823429
0.139706671365888407
0.139584636172953386
0.139462600980018364
0.139340565787083343
0.139218530594148321
0.139096495401213271
0.13897446020827825
0.138852425015343228
0.138730389822408207
0.138608354629473185
0.138486319436538163
0.138364284243603142
0.138242249050668092
0.138120213857733071
0.137998178664798049
0.137876143471863027
0.137754108278928006
0.137632073085992984
0.137510037893057935
0.137388002700122913
0.137265967507187892
0.13714393231425287
0.137021897121317848
0.136899861928382827
0.136777826735447805
0.136655791542512756
0.136533756349577734
0.136411721156642712
0.136289685963707691
0.136167650770772669
0.136045615577837647
0.135923580384902626
0.135801545191967576
0.135679509999032555
0.135557474806097533
0.135435439613162512
0.13531340442022749
0.135191369227292468
0.135069334034357447
0.134947298841422397
0.134825263648487376
0.134703228455552354
0.134581193262617332
0.134459158069682311
0.134337122876747289
0.13421508768381224
0.134093052490877218
0.133971017297942196
0.133848982105007175
0.133726946912072153
0.133604911719137132
0.13348287652620211
0.133360841333267061
0.133238806140332039
0.133116770947397017
0.132994735754461996
0.132872700561526974
0.132750665368591952
0.132628630175656931
0.132506594982721881
0.13238455978978686
0.132262524596851838
0.132140489403916817
0.132018454210981795
0.131896419018046773
0.131774383825111752
0.131652348632176702
0.131530313439241681
0.131408278246306659
0.131286243053371637
0.131164207860436616
0.131042172667501594
0.130920137474566572
0.130798102281631523
0.130676067088696501
0.13055403189576148
0.130431996702826458
0.130309961509891437
0.130187926316956415
0.130065891124021366
0.129943855931086344
0.129821820738151322
0.129699785545216301
0.129577750352281279
0.129455715159346257
0.129333679966411236
0.129211644773476186
0.129089609580541165
0.128967574387606143
0.128845539194671121
0.1287235040017361
0.128601468808801078
0.128479433615866057
0.128357398422931007
0.128235363229995986
0.128113328037060964
0.127991292844125942
0.127869257651190921
0.127747222458255899
0.127625187265320877
0.127503152072385828
0.127381116879450806
0.127259081686515785
0.127137046493580763
0.127015011300645742
0.12689297610771072
0.126770940914775671
0.126648905721840649
0.126526870528905627
0.126404835335970606
0.126282800143035584
0.126160764950100562
0.126038729757165541
0.125916694564230491
0.12579465937129547
0.125672624178360448
0.125550588985425426
0.125428553792490405
0.125306518599555383
0.125184483406620362
0.125062448213685312
0.124940413020750304
0.124818377827815269
0.124696342634880247
0.124574307441945226
0.12445227224901019
0.124330237056075169
0.124208201863140147
0.124086166670205111
0.12396413147727009
0.123842096284335068
0.123720061091400046
0.123598025898465011
0.123475990705529989
0.123353955512594968
0.123231920319659932
0.123109885126724911
0.122987849933789889
0.122865814740854867
0.122743779547919832
0.12262174435498481
0.122499709162049789
0.122377673969114753
0.122255638776179731
0.12213360358324471
0.122011568390309674
0.121889533197374653
0.121767498004439631
0.121645462811504609
0.121523427618569574
0.121401392425634552
0.121279357232699531
0.121157322039764495
0.121035286846829473
0.120913251653894452
0.120791216460959416
0.120669181268024395
0.120547146075089373
0.120425110882154351
0.120303075689219316
0.120181040496284294
0.120059005303349273
0.119936970110414237
0.119814934917479216
0.119692899724544194
0.119570864531609172
0.119448829338674137
0.119326794145739115
0.119204758952804094
0.119082723759869058
0.118960688566934036
0.118838653373999015
0.118716618181063979
0.118594582988128958
0.118472547795193936
0.118350512602258914
0.118228477409323879
0.118106442216388857
0.117984407023453836
0.1178623718305188
0.117740336637583778
0.117618301444648757
0.117496266251713735
0.1173742310587787
0.117252195865843678
0.117130160672908656
0.117008125479973621
0.116886090287038599
0.116764055094103578
0.116642019901168542
0.11651998470823352
0.116397949515298499
0.116275914322363477
0.116153879129428442
0.11603184393649342
0.115909808743558398
0.115787773550623363
0.115665738357688341
0.11554370316475332
0.115421667971818284
0.115299632778883263
0.115177597585948241
0.115055562393013219
0.114933527200078184
0.114811492007143162
0.114689456814208141
0.114567421621273105
0.114445386428338083
0.114323351235403062
0.11420131604246804
0.114079280849533005
0.113957245656597983
0.113835210463662961
0.113713175270727926
0.113591140077792904
0.113469104884857883
0.113347069691922847
0.113225034498987825
0.113102999306052804
0.112980964113117782
0.112858928920182747
0.112736893727247725
0.112614858534312703
0.112492823341377668
0.112370788148442646
0.112248752955507625
0.112126717762572589
0.112004682569637568
0.111882647376702546
0.111760612183767524
0.111638576990832489
0.111516541797897467
0.111394506604962445
0.11127247141202741
0.111150436219092388
0.111028401026157367
0.110906365833222345
0.11078433064028731
0.110662295447352288
0.110540260254417266
0.110418225061482231
0.110296189868547209
0.110174154675612188
0.110052119482677152
0.10993008428974213
0.109808049096807109
0.109686013903872087
0.109563978710937052
0.10944194351800203
0.109319908325067008
0.109197873132131973
0.109075837939196951
0.10895380274626193
0.108831767553326908
0.108709732360391872
0.108587697167456851
0.108465661974521829
0.108343626781586794
0.108221591588651772
0.10809955639571675
0.107977521202781715
0.107855486009846693
0.107733450816911672
0.10761141562397665
0.107489380431041615
0.107367345238106593
0.107245310045171571
0.107123274852236536
0.107001239659301514
0.106879204466366493
0.106757169273431457
0.106635134080496435
0.106513098887561414
0.106391063694626392
0.106269028501691357
0.106146993308756335
0.106024958115821313
0.105902922922886278
0.105780887729951256
0.105658852537016235
0.105536817344081213
0.105414782151146177
0.105292746958211156
0.105170711765276134
0.105048676572341099
0.104926641379406077
0.104804606186471055
0.10468257099353602
0.104560535800600998
0.104438500607665977
0.104316465414730955
0.10419443022179592
0.104072395028860898
0.103950359835925876
0.103828324642990841
0.103706289450055819
0.103584254257120797
0.103462219064185776
0.10334018387125074
0.103218148678315719
0.103096113485380697
0.102974078292445662
0.10285204309951064
0.102730007906575618
0.102607972713640583
0.102485937520705561
0.10236390232777054
0.102241867134835518
0.102119831941900482
0.101997796748965461
0.101875761556030439
0.101753726363095404
0.101631691170160382
0.10150965597722536
0.101387620784290325
0.101265585591355303
0.101143550398420282
0.10102151520548526
0.100899480012550224
0.100777444819615203
0.100655409626680181
0.100533374433745146
0.100411339240810124
0.100289304047875102
0.100167268854940081
0.100045233662005045
0.0999231984690700237
0.099801163276135002
0.0996791280831999665
0.0995570928902649449
0.0994350576973299233
0.0993130225043948878
0.0991909873114598661
0.0990689521185248445
0.0989469169255898229
0.0988248817326547874
0.0987028465397197657
0.0985808113467847441
0.0984587761538497086
0.098336740960914687
0.0982147057679796653
0.0980926705750446437
0.0979706353821096082
0.0978486001891745866
0.0977265649962395649
0.0976045298033045294
0.0974824946103695078
0.0973604594174344862
0.0972384242244994507
0.097116389031564429
0.0969943538386294074
0.0968723186456943858
0.0967502834527593503
0.0966282482598243286
0.096506213066889307
0.0963841778739542715
0.0962621426810192499
0.0961401074880842282
0.0960180722951491927
0.0958960371022141711
0.0957740019092791495
0.0956519667163441278
0.0955299315234090923
0.0954078963304740707
0.0952858611375390491
0.0951638259446040136
0.0950417907516689919
0.0949197555587339703
0.0947977203657989487
0.0946756851728639132
0.0945536499799288915
0.0944316147869938699
0.0943095795940588344
0.0941875444011238128
0.0940655092081887911
0.0939434740152537556
0.093821438822318734
0.0936994036293837124
0.0935773684364486907
0.0934553332435136552
0.0933332980505786336
0.093211262857643612
0.0930892276647085765
0.0929671924717735548
0.0928451572788385332
0.0927231220859035116
0.0926010868929684761
0.0924790517000334544
0.0923570165070984328
0.0922349813141633973
0.0921129461212283757
0.091990910928293354
0.0918688757353583185
0.0917468405424232969
0.0916248053494882753
0.0915027701565532536
0.0913807349636182181
0.0912586997706831965
0.0911366645777481749
0.0910146293848131394
0.0908925941918781177
0.0907705589989430961
0.0906485238060080606
0.090526488613073039
0.0904044534201380173
0.0902824182272029957
0.0901603830342679602
0.0900383478413329386
0.0899163126483979169
0.0897942774554628814
0.0896722422625278598
0.0895502070695928382
0.0894281718766578165
0.089306136683722781
0.0891841014907877594
0.0890620662978527378
0.0889400311049177023
0.0888179959119826806
0.088695960719047659
0.0885739255261126235
0.0884518903331776019
0.0883298551402425802
0.0882078199473075586
0.0880857847543725231
0.0879637495614375015
0.0878417143685024798
0.0877196791755674443
0.0875976439826324227
0.0874756087896974011
0.0873535735967623794
0.0872315384038273439
0.0871095032108923223
0.0869874680179573007
0.0868654328250222652
0.0867433976320872435
0.0866213624391522219
0.0864993272462171864
0.0863772920532821648
0.0862552568603471431
0.0861332216674121215
0.086011186474477086
0.0858891512815420644
0.0857671160886070427
0.0856450808956720072
0.0855230457027369856
0.085401010509801964
0.0852789753168669284
0.0851569401239319068
0.0850349049309968852
0.0849128697380618636
0.084790834545126828
0.0846687993521918064
0.0845467641592567848
0.0844247289663217493
0.0843026937733867276
0.084180658580451706
0.0840586233875166844
0.0839365881945816489
0.0838145530016466273
0.0836925178087116056
0.0835704826157765701
0.0834484474228415485
0.0833264122299065269
0.0832043770369714913
0.0830823418440364697
0.0829603066511014481
0.0828382714581664265
0.0827162362652313909
0.0825942010722963693
0.0824721658793613477
0.0823501306864263122
0.0822280954934912905
0.0821060603005562689
0.0819840251076212473
0.0818619899146862118
0.0817399547217511901
0.0816179195288161685
0.081495884335881133
0.0813738491429461114
0.0812518139500110897
0.0811297787570760542
0.0810077435641410326
0.080885708371206011
0.0807636731782709894
0.0806416379853359538
0.0805196027924009322
0.0803975675994659106
0.0802755324065308751
0.0801534972135958534
0.0800314620206608318
0.0799094268277257963
0.0797873916347907747
0.079665356441855753
0.0795433212489207314
0.0794212860559856959
0.0792992508630506743
0.0791772156701156526
0.0790551804771806171
0.0789331452842455955
0.0788111100913105739
0.0786890748983755522
0.0785670397054405167
0.0784450045125054951
0.0783229693195704735
0.078200934126635438
0.0780788989337004163
0.0779568637407653947
0.0778348285478303592
0.0777127933548953376
0.0775907581619603159
0.0774687229690252943
0.0773466877760902588
0.0772246525831552372
0.0771026173902202155
0.07698058219728518
0.0768585470043501584
0.0767365118114151368
0.0766144766184801151
0.0764924414255450796
0.076370406232610058
0.0762483710396750364
0.0761263358467400009
0.0760043006538049792
0.0758822654608699576
0.0757602302679349221
0.0756381950749999005
0.0755161598820648788
0.0753941246891298572
0.0752720894961948217
0.0751500543032598001
0.0750280191103247784
0.0749059839173897429
0.0747839487244547213
0.0746619135315196997
0.0745398783385846642
0.0744178431456496425
0.0742958079527146209
0.0741737727597795993
0.0740517375668445638
0.0739297023739095421
0.0738076671809745205
0.073685631988039485
0.0735635967951044634
0.0734415616021694417
0.0733195264092344201
0.0731974912162993846
0.073075456023364363
0.0729534208304293413
0.0728313856374943058
0.0727093504445592842
0.0725873152516242626
0.0724652800586892271
0.0723432448657542054
0.0722212096728191838
0.0720991744798841622
0.0719771392869491267
0.071855104094014105
0.0717330689010790834
0.0716110337081440479
0.0714889985152090263
0.0713669633222740046
0.0712449281293389691
0.0711228929364039475
0.0710008577434689259
0.0708788225505339042
0.0707567873575988687
0.0706347521646638471
0.0705127169717288255
0.07039068177879379
0.0702686465858587683
0.0701466113929237467
0.0700245761999887251
0.0699025410070536896
0.0697805058141186679
0.0696584706211836463
0.0695364354282486108
0.0694144002353135892
0.0692923650423785675
0.069170329849443532
0.0690482946565085104
0.0689262594635734888
0.0688042242706384671
0.0686821890777034316
0.06856015388476841
0.0684381186918333884
0.0683160834988983529
0.0681940483059633312
0.0680720131130283096
0.067949977920093288
0.0678279427271582525
0.0677059075342232308
0.0675838723412882092
0.0674618371483531737
0.0673398019554181521
0.0672177667624831304
0.0670957315695480949
0.0669736963766130733
0.0668516611836780517
0.06672962599074303
0.0666075907978079945
0.0664855556048729729
0.0663635204119379513
0.0662414852190029158
0.0661194500260678941
0.0659974148331328725
0.065875379640197837
0.0657533444472628154
0.0656313092543277937
0.0655092740613927721
0.0653872388684577366
0.065265203675522715
0.0651431684825876933
0.0650211332896526578
0.0648990980967176362
0.0647770629037826146
0.0646550277108475929
0.0645329925179125574
0.0644109573249775358
0.0642889221320425142
0.0641668869391074786
0.064044851746172457
0.0639228165532374354
0.0638007813603023999
0.0636787461673673783
0.0635567109744323566
0.063434675781497335
0.0633126405885622995
0.0631906053956272779
0.0630685702026922562
0.0629465350097572207
0.0628244998168221991
0.0627024646238871775
0.0625804294309521558
0.0624583942380171203
0.0623363590450820987
0.0622143238521470701
0.0620922886592120485
0.0619702534662770199
0.0618482182733419913
0.0617261830804069697
0.0616041478874719411
0.0614821126945369195
0.0613600775016018909
0.0612380423086668693
0.0611160071157318407
0.0609939719227968122
0.0608719367298617905
0.060749901536926762
0.0606278663439917403
0.0605058311510567118
0.0603837959581216832
0.0602617607651866616
0.060139725572251633
0.0600176903793166114
0.0598956551863815828
0.0597736199934465542
0.0596515848005115326
0.059529549607576504
0.0594075144146414824
0.0592854792217064538
0.0591634440287714253
0.0590414088358364036
0.0589193736429013751
0.0587973384499663534
0.0586753032570313249
0.0585532680640963032
0.0584312328711612747
0.0583091976782262461
0.0581871624852912245
0.0580651272923561959
0.0579430920994211743
0.0578210569064861457
0.0576990217135511171
0.0575769865206160955
0.0574549513276810669
0.0573329161347460453
0.0572108809418110167
0.0570888457488759882
0.0569668105559409665
0.056844775363005938
0.0567227401700709163
0.0566007049771358878
0.0564786697842008592
0.0563566345912658376
0.056234599398330809
0.0561125642053957874
0.0559905290124607588
0.0558684938195257372
0.0557464586265907086
0.05562442343365568
0.0555023882407206584
0.0553803530477856298
0.0552583178548506082
0.0551362826619155796
0.0550142474689805511
0.0548922122760455294
0.0547701770831105009
0.0546481418901754792
0.0545261066972404507
0.0544040715043054221
0.0542820363113704005
0.0541600011184353719
0.0540379659255003503
0.0539159307325653217
0.0537938955396302931
0.0536718603466952715
0.0535498251537602429
0.0534277899608252213
0.0533057547678901927
0.0531837195749551711
0.0530616843820201425
0.052939649189085114
0.0528176139961500923
0.0526955788032150638
0.0525735436102800421
0.0524515084173450136
0.052329473224409985
0.0522074380314749634
0.0520854028385399348
0.0519633676456049132
0.0518413324526698846
0.051719297259734856
0.0515972620667998344
0.0514752268738648058
0.0513531916809297842
0.0512311564879947556
0.0511091212950597271
0.0509870861021247054
0.0508650509091896769
0.0507430157162546552
0.0506209805233196267
0.050498945330384605
0.0503769101374495765
0.0502548749445145479
0.0501328397515795263
0.0500108045586444977
0.0498887693657094761
0.0497667341727744475
0.0496446989798394189
0.0495226637869043973
0.0494006285939693687
0.0492785934010343471
0.0491565582080993185
0.04903452301516429
0.0489124878222292683
0.0487904526292942398
0.0486684174363592181
0.0485463822434241896
0.048424347050489161
0.0483023118575541394
0.0481802766646191108
0.0480582414716840892
0.0479362062787490606
0.047814171085814039
0.0476921358928790104
0.0475701006999439818
0.0474480655070089602
0.0473260303140739316
0.04720399512113891
0.0470819599282038814
0.0469599247352688529
0.0468378895423338312
0.0467158543493988027
0.046593819156463781
0.0464717839635287525
0.0463497487705937239
0.0462277135776587023
0.0461056783847236737
0.0459836431917886521
0.0458616079988536235
0.0457395728059185949
0.0456175376129835733
0.0454955024200485447
0.0453734672271135231
0.0452514320341784945
0.0451293968412434729
0.0450073616483084443
0.0448853264553734158
0.0447632912624383941
0.0446412560695033656
0.0445192208765683439
0.0443971856836333154
0.0442751504906982868
0.0441531152977632652
0.0440310801048282366
0.043909044911893215
0.0437870097189581864
0.0436649745260231578
0.0435429393330881362
0.0434209041401531076
0.043298868947218086
0.0431768337542830574
0.0430547985613480289
0.0429327633684130072
0.0428107281754779787
0.042688692982542957
0.0425666577896079285
0.0424446225966729068
0.0423225874037378783
0.0422005522108028497
0.0420785170178678281
0.0419564818249327995
0.0418344466319977779
0.0417124114390627493
0.0415903762461277207
0.0414683410531926991
0.0413463058602576705
0.0412242706673226489
0.0411022354743876203
0.0409802002814525917
0.0408581650885175701
0.0407361298955825415
0.0406140947026475199
0.0404920595097124913
0.0403700243167774628
0.0402479891238424412
0.0401259539309074126
0.040003918737972391
0.0398818835450373624
0.0397598483521023408
0.0396378131591673122
0.0395157779662322836
0.039393742773297262
0.0392717075803622334
0.0391496723874272118
0.0390276371944921832
0.0389056020015571546
0.038783566808622133
0.0386615316156871044
0.0385394964227520828
0.0384174612298170542
0.0382954260368820257
0.038173390843947004
0.0380513556510119755
0.0379293204580769538
0.0378072852651419253
0.0376852500722068967
0.0375632148792718751
0.0374411796863368465
0.0373191444934018249
0.0371971093004667963
0.0370750741075317747
0.0369530389145967461
0.0368310037216617175
0.0367089685287266959
0.0365869333357916673
0.0364648981428566457
0.0363428629499216171
0.0362208277569865886
0.0360987925640515669
0.0359767573711165384
0.0358547221781815167
0.0357326869852464882
0.0356106517923114596
0.035488616599376438
0.0353665814064414094
0.0352445462135063878
0.0351225110205713592
0.0350004758276363306
0.034878440634701309
0.0347564054417662804
0.0346343702488312588
0.0345123350558962302
0.0343902998629612086
0.03426826467002618
0.0341462294770911515
0.0340241942841561298
0.0339021590912211013
0.0337801238982860796
0.0336580887053510511
0.0335360535124160225
0.0334140183194810009
0.0332919831265459723
0.0331699479336109507
0.0330479127406759221
0.0329258775477408935
0.0328038423548058719
0.0326818071618708433
0.0325597719689358217
0.0324377367760007931
0.0323157015830657646
0.0321936663901307429
0.0320716311971957144
0.0319495960042606927
0.0318275608113256642
0.0317055256183906356
0.031583490425455614
0.0314614552325205854
0.0313394200395855638
0.0312173848466505352
0.0310953496537155101
0.030973314460780485
0.0308512792678454599
0.0307292440749104348
0.0306072088819754062
0.0304851736890403811
0.030363138496105356
0.0302411033031703309
0.0301190681102353058
0.0299970329173002773
0.0298749977243652522
0.0297529625314302271
0.029630927338495202
0.0295088921455601769
0.0293868569526251518
0.0292648217596901232
0.0291427865667550981
0.029020751373820073
0.0288987161808850479
0.0287766809879500228
0.0286546457950149942
0.0285326106020799691
0.028410575409144944
0.0282885402162099189
0.0281665050232748938
0.0280444698303398687
0.0279224346374048402
0.0278003994444698151
0.02767836425153479
0.0275563290585997649
0.0274342938656647398
0.0273122586727297112
0.0271902234797946861
0.027068188286859661
0.0269461530939246359
0.0268241179009896108
0.0267020827080545857
0.0265800475151195571
0.026458012322184532
0.0263359771292495069
0.0262139419363144818
0.0260919067433794567
0.0259698715504444282
0.0258478363575094031
0.025725801164574378
0.0256037659716393529
0.0254817307787043278
0.0253596955857693027
0.0252376603928342741
0.025115625199899249
0.0249935900069642239
0.0248715548140291988
0.0247495196210941737
0.0246274844281591451
0.02450544923522412
0.0243834140422890949
0.0242613788493540698
0.0241393436564190447
0.0240173084634840196
0.0238952732705489911
0.023773238077613966
0.0236512028846789409
0.0235291676917439158
0.0234071324988088907
0.0232850973058738621
0.023163062112938837
0.0230410269200038119
0.0229189917270687868
0.0227969565341337617
0.0226749213411987366
0.022552886148263708
0.0224308509553286829
0.0223088157623936578
0.0221867805694586327
0.0220647453765236076
0.0219427101835885791
0.021820674990653554
0.0216986397977185289
0.0215766046047835038
0.0214545694118484787
0.0213325342189134536
0.021210499025978425
0.0210884638330433999
0.0209664286401083748
0.0208443934471733497
0.0207223582542383246
0.020600323061303296
0.0204782878683682709
0.0203562526754332458
0.0202342174824982207
0.0201121822895631956
0.0199901470966281705
0.019868111903693142
0.0197460767107581169
0.0196240415178230918
0.0195020063248880667
0.0193799711319530416
0.019257935939018013
0.0191359007460829879
0.0190138655531479628
0.0188918303602129377
0.0187697951672779126
0.0186477599743428875
0.0185257247814078589
0.0184036895884728338
0.0182816543955378087
0.0181596192026027836
0.0180375840096677585
0.0179155488167327299
0.0177935136237977048
0.0176714784308626797
0.0175494432379276546
0.0174274080449926295
0.0173053728520576044
0.0171833376591225759
0.0170613024661875508
0.0169392672732525257
0.0168172320803175006
0.0166951968873824755
0.0165731616944474469
0.0164511265015124218
0.0163290913085773967
0.0162070561156423716
0.0160850209227073465
0.0159629857297723214
0.0158409505368372928
0.0157189153439022677
0.0155968801509672426
0.0154748449580322175
0.0153528097650971907
0.0152307745721621656
0.0151087393792271388
0.0149867041862921137
0.0148646689933570886
0.0147426338004220617
0.0146205986074870366
0.0144985634145520115
0.0143765282216169847
0.0142544930286819596
0.0141324578357469345
0.0140104226428119077
0.0138883874498768826
0.0137663522569418557
0.0136443170640068306
0.0135222818710718055
0.0134002466781367787
0.0132782114852017536
0.0131561762922667285
0.0130341410993317017
0.0129121059063966766
0.0127900707134616515
0.0126680355205266246
0.0125460003275915995
0.0124239651346565727
0.0123019299417215476
0.0121798947487865225
0.0120578595558514957
0.0119358243629164706
0.0118137891699814455
0.0116917539770464186
0.0115697187841113935
0.0114476835911763684
0.0113256483982413416
0.0112036132053063165
0.0110815780123712897
0.0109595428194362646
0.0108375076265012395
0.0107154724335662126
0.0105934372406311875
0.0104714020476961624
0.0103493668547611356
0.0102273316618261105
0.0101052964688910854
0.00998326127595605857
0.00986122608302103347
0.00973919089008600664
0.00961715569715098154
0.00949512050421595644
0.0093730853112809296
0.0092510501183459045
0.0091290149254108794
0.00900697973247585257
0.00888494453954082747
0.00876290934660580237
0.00864087415367077553
0.00851883896073575043
0.0083968037678007236
0.0082747685748656985
0.0081527333819306734
0.00803069818899564657
0.00790866299606062147
0.0077866278031255955
0.0076645926101905704
0.00754255741725554443
0.00742052222432051847
0.0072984870313854925
0.0071764518384504674
0.00705441664551544143
0.00693238145258041547
0.0068103462596453895
0.0066883110667103644
0.00656627587377533843
0.00644424068084031246
0.0063222054879052865
0.0062001702949702614
0.00607813510203523543
0.00595609990910020946
0.00583406471616518436
0.0057120295232301584
0.00558999433029513243
0.00546795913736010646
0.00534592394442508136
0.0052238887514900554
0.00510185355855502943
0.00497981836562000346
0.00485778317268497836
0.0047357479797499524
0.00461371278681492643
0.00449167759387990133
0.00436964240094487536
0.00424760720800984939
0.00412557201507482343
0.00400353682213979833
0.00388150162920477236
0.00375946643626974639
0.00363743124333472086
0.00351539605039969489
0.00339336085746466936
0.00327132566452964383
0.00314929047159461786
0.00302725527865959233
0.00290522008572456636
0.00278318489278954083
0.00266114969985451486
0.00253911450691948933
0.00241707931398446336
0.00229504412104943782
0.00217300892811441186
0.00205097373517938632
0.00192893854224436057
0.00180690334930933482
0.00168486815637430907
0.00156283296343928332
0.00144079777050425757
0.00131876257756923204
0.00119672738463420629
0.00107469219169918054
0.000952656998764154681
0.000830621805829129039
0.000708586612894103289
0.000586551419959077539
0.000464516227024051789
0.000342481034089026038
0.000220445841154000342
9.84106482189746058e-05
-2.36245447160511207e-05
-0.000145659737651076854
-0.00026769493058610255
-0.0003897301235211283
-0.000511765316456154105
-0.000633800509391179746
-0.000755835702326205497
-0.000877870895261231247
-0.000999906088196256997
-0.00112194128113128275
-0.0012439764740663085
-0.00136601166700133425
-0.00148804685993636
-0.00161008205287138553
-0.00173211724580641128
-0.00185415243874143703
-0.00197618763167646278
-0.00209822282461148875
-0.00222025801754651428
-0.00234229321048153982
-0.00246432840341656578
-0.00258636359635159132
-0.00270839878928661728
-0.00283043398222164282
-0.00295246917515666878
-0.00307450436809169432
-0.00319653956102672028
-0.00331857475396174582
-0.00344060994689677178
-0.00356264513983179732
-0.00368468033276682328
-0.00380671552570184882
-0.00392875071863687478
-0.00405078591157189988
-0.00417282110450692585
-0.00429485629744195182
-0.00441689149037697779
-0.00453892668331200289
-0.00466096187624702885
-0.00478299706918205482
-0.00490503226211708079
-0.00502706745505210589
-0.00514910264798713185
-0.00527113784092215782
-0.00539317303385718292
-0.00551520822679220889
-0.00563724341972723485
-0.00575927861266226082
-0.00588131380559728592
-0.00600334899853231189
-0.00612538419146733785
-0.00624741938440236382
-0.00636945457733738892
-0.00649148977027241489
-0.00661352496320744086
-0.00673556015614246596
-0.00685759534907749192
-0.00697963054201251789
-0.00710166573494754386
-0.00722370092788256896
-0.00734573612081759492
-0.00746777131375262089
-0.00758980650668764686
-0.00771184169962267196
-0.00783387689255769792
-0.00795591208549272302
-0.00807794727842774986
-0.00819998247136277496
-0.00832201766429780006
-0.00844405285723282689
-0.00856608805016785199
-0.00868812324310287883
-0.00881015843603790393
-0.00893219362897292903
-0.00905422882190795586
-0.00917626401484298096
-0.00929829920777800606
-0.00942033440071303289
-0.00954236959364805799
-0.00966440478658308309
-0.00978643997951810993
-0.00990847517245313503
-0.0100305103653881619
-0.010152545558323187
-0.0102745807512582121
-0.0103966159441932389
-0.010518651137128264
-0.0106406863300632891
-0.0107627215229983159
-0.010884756715933341
-0.0110067919088683661
-0.011128827101803393
-0.0112508622947384181
-0.0113728974876734449
-0.01149493268060847
-0.0116169678735434951
-0.0117390030664785219
-0.011861038259413547
-0.0119830734523485721
-0.012105108645283599
-0.0122271438382186241
-0.0123491790311536492
-0.012471214224088676
-0.0125932494170237011
-0.0127152846099587279
-0.012837319802893753
-0.0129593549958287781
-0.013081390188763805
-0.0132034253816988301
-0.0133254605746338552
-0.013447495767568882
-0.0135695309605039071
-0.0136915661534389322
-0.013813601346373959
-0.0139356365393089841
-0.014057671732244011
-0.0141797069251790361
-0.0143017421181140612
-0.014423777311049088
-0.0145458125039841131
-0.0146678476969191382
-0.014789882889854165
-0.0149119180827891901
-0.0150339532757242152
-0.0151559884686592421
-0.0152780236615942672
-0.015400058854529294
-0.0155220940474643191
-0.0156441292403993459
-0.015766164433334371
-0.0158881996262693961
-0.0160102348192044212
-0.0161322700121394463
-0.0162543052050744749
-0.0163763403980095
-0.0164983755909445251
-0.0166204107838795502
-0.0167424459768145753
-0.0168644811697496004
-0.016986516362684629
-0.0171085515556196541
-0.0172305867485546792
-0.0173526219414897043
-0.0174746571344247294
-0.0175966923273597579
-0.017718727520294783
-0.0178407627132298081
-0.0179627979061648332
-0.0180848330990998583
-0.0182068682920348834
-0.018328903484969912
-0.0184509386779049371
-0.0185729738708399622
-0.0186950090637749873
-0.0188170442567100124
-0.018939079449645041
-0.0190611146425800661
-0.0191831498355150912
-0.0193051850284501163
-0.0194272202213851414
-0.0195492554143201665
-0.019671290607255195
-0.0197933258001902201
-0.0199153609931252452
-0.0200373961860602703
-0.0201594313789952954
-0.020281466571930324
-0.0204035017648653491
-0.0205255369578003742
-0.0206475721507353993
-0.0207696073436704244
-0.0208916425366054495
-0.0210136777295404781
-0.0211357129224755032
-0.0212577481154105283
-0.0213797833083455534
-0.0215018185012805785
-0.021623853694215607
-0.0217458888871506321
-0.0218679240800856572
-0.0219899592730206823
-0.0221119944659557074
-0.0222340296588907325
-0.0223560648518257611
-0.0224781000447607862
-0.0226001352376958113
-0.0227221704306308364
-0.0228442056235658615
-0.0229662408165008901
-0.0230882760094359152
-0.0232103112023709403
-0.0233323463953059654
-0.0234543815882409905
-0.0235764167811760156
-0.0236984519741110441
-0.0238204871670460692
-0.0239425223599810943
-0.0240645575529161194
-0.0241865927458511445
-0.0243086279387861731
-0.0244306631317211982
-0.0245526983246562233
-0.0246747335175912484
-0.0247967687105262735
-0.0249188039034612986
-0.0250408390963963272
-0.0251628742893313523
-0.0252849094822663774
-0.0254069446752014025
-0.0255289798681364276
-0.0256510150610714562
-0.0257730502540064813
-0.0258950854469415064
-0.0260171206398765315
-0.0261391558328115566
-0.0262611910257465851
-0.0263832262186816102
-0.0265052614116166353
-0.0266272966045516604
-0.0267493317974866855
-0.0268713669904217106
-0.0269934021833567392
-0.0271154373762917643
-0.0272374725692267894
-0.0273595077621618145
-0.0274815429550968396
-0.0276035781480318682
-0.0277256133409668933
-0.0278476485339019184
-0.0279696837268369435
-0.0280917189197719686
-0.0282137541127069937
-0.0283357893056420222
-0.0284578244985770473
-0.0285798596915120724
-0.0287018948844470975
-0.0288239300773821226
-0.0289459652703171512
-0.0290680004632521763
-0.0291900356561872014
-0.0293120708491222265
-0.0294341060420572516
-0.0295561412349922767
-0.0296781764279273053
-0.0298002116208623304
-0.0299222468137973555
-0.0300442820067323806
-0.0301663171996674057
-0.0302883523926024342
-0.0304103875855374593
-0.0305324227784724844
-0.0306544579714075095
-0.0307764931643425346
-0.0308985283572775597
-0.0310205635502125883
-0.0311425987431476134
-0.031264633936082635
-0.0313866691290176636
-0.0315087043219526922
-0.0316307395148877138
-0.0317527747078227424
-0.031874809900757764
-0.0319968450936927926
-0.0321188802866278211
-0.0322409154795628428
-0.0323629506724978713
-0.032484985865432893
-0.0326070210583679215
-0.0327290562513029501
-0.0328510914442379717
-0.0329731266371730003
-0.0330951618301080219
-0.0332171970230430505
-0.0333392322159780791
-0.0334612674089131007
-0.0335833026018481293
-0.0337053377947831509
-0.0338273729877181795
-0.0339494081806532011
-0.0340714433735882297
-0.0341934785665232582
-0.0343155137594582799
-0.0344375489523933084
-0.0345595841453283301
-0.0346816193382633586
-0.0348036545311983872
-0.0349256897241334088
-0.0350477249170684374
-0.035169760110003459
-0.0352917953029384876
-0.0354138304958735162
-0.0355358656888085378
-0.0356579008817435664
-0.035779936074678588
-0.0359019712676136166
-0.0360240064605486451
-0.0361460416534836668
-0.0362680768464186953
-0.036390112039353717
-0.0365121472322887455
-0.0366341824252237672
-0.0367562176181587957
-0.0368782528110938243
-0.0370002880040288459
-0.0371223231969638745
-0.0372443583898988961
-0.0373663935828339247
-0.0374884287757689533
-0.0376104639687039749
-0.0377324991616390035
-0.0378545343545740251
-0.0378196818053419329
-0.0377848292561098337
-0.0377499767068777345
-0.0377151241576456422
-0.0376802716084135431
-0.0376454190591814439
-0.0376105665099493516
-0.0375757139607172524
-0.0375408614114851533
-0.0375060088622530541
-0.0374711563130209618
-0.0374363037637888627
-0.0374014512145567635
-0.0373665986653246712
-0.037331746116092572
-0.0372968935668604729
-0.0372620410176283806
-0.0372271884683962814
-0.0371923359191641822
-0.0371574833699320831
-0.0371226308206999908
-0.0370877782714678916
-0.0370529257222357924
-0.0370180731730037002
-0.036983220623771601
-0.0369483680745395018
-0.0369135155253074096
-0.0368786629760753104
-0.0368438104268432112
-0.036808957877611112
-0.0367741053283790198
-0.0367392527791469206
-0.0367044002299148214
-0.0366695476806827292
-0.03663469513145063
-0.0365998425822185308
-0.0365649900329864386
-0.0365301374837543394
-0.0364952849345222402
-0.036460432385290148
-0.0364255798360580488
-0.0363907272868259496
-0.0363558747375938504
-0.0363210221883617582
-0.036286169639129659
-0.0362513170898975598
-0.0362164645406654676
-0.0361816119914333684
-0.0361467594422012692
-0.0361119068929691769
-0.0360770543437370778
-0.0360422017945049786
-0.0360073492452728794
-0.0359724966960407871
-0.035937644146808688
-0.0359027915975765888
-0.0358679390483444965
-0.0358330864991123973
-0.0357982339498802982
-0.0357633814006482059
-0.0357285288514161067
-0.0356936763021840076
-0.0356588237529519084
-0.0356239712037198161
-0.0355891186544877169
-0.0355542661052556178
-0.0355194135560235255
-0.0354845610067914263
-0.0354497084575593271
-0.0354148559083272349
-0.0353800033590951357
-0.0353451508098630365
-0.0353102982606309443
-0.0352754457113988451
-0.0352405931621667459
-0.0352057406129346467
-0.0351708880637025545
-0.0351360355144704553
-0.0351011829652383561
-0.0350663304160062639
-0.0350314778667741647
-0.0349966253175420655
-0.0349617727683099733
-0.0349269202190778741
-0.0348920676698457749
-0.0348572151206136757
-0.0348223625713815835
-0.0347875100221494843
-0.0347526574729173851
-0.0347178049236852929
-0.0346829523744531937
-0.0346480998252210945
-0.0346132472759890022
-0.0345783947267569031
-0.0345435421775248039
-0.0345086896282927047
-0.0344738370790606125
-0.0344389845298285133
-0.0344041319805964141
-0.0343692794313643218
-0.0343344268821322227
-0.0342995743329001235
-0.0342647217836680312
-0.034229869234435932
-0.0341950166852038329
-0.0341601641359717406
-0.0341253115867396414
-0.0340904590375075423
-0.0340556064882754431
-0.0340207539390433508
-0.0339859013898112516
-0.0339510488405791525
-0.0339161962913470602
-0.033881343742114961
-0.0338464911928828618
-0.0338116386436507696
-0.0337767860944186704
-0.0337419335451865712
-0.033707080995954472
-0.0336722284467223798
-0.0336373758974902806
-0.0336025233482581814
-0.0335676707990260892
-0.03353281824979399
-0.0334979657005618908
-0.0334631131513297986
-0.0334282606020976994
-0.0333934080528656002
-0.033358555503633501
-0.0333237029544014088
-0.0332888504051693096
-0.0332539978559372104
-0.0332191453067051182
-0.033184292757473019
-0.0331494402082409198
-0.0331145876590088276
-0.0330797351097767284
-0.0330448825605446292
-0.0330100300113125369
-0.0329751774620804378
-0.0329403249128483386
-0.0329054723636162394
-0.0328706198143841472
-0.032835767265152048
-0.0328009147159199488
-0.0327660621666878565
-0.0327312096174557574
-0.0326963570682236582
-0.0326615045189915659
-0.0326266519697594667
-0.0325917994205273676
-0.0325569468712952684
-0.0325220943220631761
-0.0324872417728310769
-0.0324523892235989778
-0.0324175366743668855
-0.0323826841251347863
-0.0323478315759026872
-0.0323129790266705949
-0.0322781264774384957
-0.0322432739282063965
-0.0322084213789742974
-0.0321735688297422051
-0.0321387162805101059
-0.0321038637312780067
-0.0320690111820459145
-0.0320341586328138153
-0.0319993060835817161
-0.0319644535343496239
-0.0319296009851175247
-0.0318947484358854255
-0.0318598958866533333
-0.0318250433374212341
-0.0317901907881891349
-0.0317553382389570357
-0.0317204856897249435
-0.0316856331404928443
-0.0316507805912607451
-0.0316159280420286529
-0.0315810754927965537
-0.0315462229435644545
-0.0315113703943323623
-0.0314765178451002631
-0.0314416652958681639
-0.0314068127466360647
-0.0313719601974039725
-0.0313371076481718733
-0.0313022550989397741
-0.0312674025497076818
-0.0312325500004755827
-0.0311976974512434869
-0.0311628449020113878
-0.0311279923527792921
-0.0310931398035471929
-0.0310582872543150972
-0.0310234347050830014
-0.0309885821558509023
-0.0309537296066188065
-0.0309188770573867074
-0.0308840245081546116
-0.0308491719589225159
-0.0308143194096904167
-0.030779466860458321
-0.0307446143112262218
-0.0307097617619941261
-0.0306749092127620304
-0.0306400566635299312
-0.0306052041142978355
-0.0305703515650657363
-0.0305354990158336406
-0.0305006464666015449
-0.0304657939173694457
-0.03043094136813735
-0.0303960888189052543
-0.0303612362696731551
-0.0303263837204410594
-0.0302915311712089602
-0.0302566786219768645
-0.0302218260727447688
-0.0301869735235126696
-0.0301521209742805739
-0.0301172684250484747
-0.030082415875816379
-0.0300475633265842833
-0.0300127107773521841
-0.0299778582281200884
-0.0299430056788879892
-0.0299081531296558935
-0.0298733005804237978
-0.0298384480311916986
-0.0298035954819596029
-0.0297687429327275037
-0.029733890383495408
-0.0296990378342633123
-0.0296641852850312131
-0.0296293327357991174
-0.0295944801865670182
-0.0295596276373349225
-0.0295247750881028267
-0.0294899225388707276
-0.0294550699896386318
-0.0294202174404065327
-0.029385364891174437
-0.0293505123419423412
-0.0293156597927102421
-0.0292808072434781463
-0.0292459546942460506
-0.0292111021450139514
-0.0291762495957818557
-0.0291413970465497565
-0.0291065444973176608
-0.0290716919480855651
-0.0290368393988534659
-0.0290019868496213702
-0.028967134300389271
-0.0289322817511571753
-0.0288974292019250796
-0.0288625766526929804
-0.0288277241034608847
-0.0287928715542287855
-0.0287580190049966898
-0.0287231664557645941
-0.0286883139065324949
-0.0286534613573003992
-0.0286186088080683
-0.0285837562588362043
-0.0285489037096041086
-0.0285140511603720094
-0.0284791986111399137
-0.0284443460619078145
-0.0284094935126757188
-0.0283746409634436231
-0.0283397884142115239
-0.0283049358649794282
-0.028270083315747329
-0.0282352307665152333
-0.0282003782172831376
-0.0281655256680510384
-0.0281306731188189427
-0.028095820569586847
-0.0280609680203547478
-0.0280261154711226521
-0.0279912629218905529
-0.0279564103726584572
-0.0279215578234263614
-0.0278867052741942623
-0.0278518527249621665
-0.0278170001757300674
-0.0277821476264979716
-0.0277472950772658759
-0.0277124425280337768
-0.027677589978801681
-0.0276427374295695819
-0.0276078848803374861
-0.0275730323311053904
-0.0275381797818732912
-0.0275033272326411955
-0.0274684746834090963
-0.0274336221341770006
-0.0273987695849449049
-0.0273639170357128057
-0.02732906448648071
-0.0272942119372486108
-0.0272593593880165151
-0.0272245068387844194
-0.0271896542895523202
-0.0271548017403202245
-0.0271199491910881253
-0.0270850966418560296
-0.0270502440926239339
-0.0270153915433918347
-0.026980538994159739
-0.0269456864449276433
-0.0269108338956955441
-0.0268759813464634484
-0.0268411287972313492
-0.0268062762479992535
-0.0267714236987671578
-0.0267365711495350586
-0.0267017186003029629
-0.0266668660510708637
-0.026632013501838768
-0.0265971609526066723
-0.0265623084033745731
-0.0265274558541424774
-0.0264926033049103782
-0.0264577507556782825
-0.0264228982064461868
-0.0263880456572140876
-0.0263531931079819919
-0.0263183405587498927
-0.026283488009517797
-0.0262486354602857012
-0.0262137829110536021
-0.0261789303618215063
-0.0261440778125894072
-0.0261092252633573114
-0.0260743727141252157
-0.0260395201648931165
-0.0260046676156610208
-0.0259698150664289251
-0.0259349625171968259
-0.0259001099679647302
-0.025865257418732631
-0.0258304048695005353
-0.0257955523202684396
-0.0257606997710363404
-0.0257258472218042447
-0.0256909946725721455
-0.0256561421233400498
-0.0256212895741079541
-0.0255864370248758549
-0.0255515844756437592
-0.02551673192641166
-0.0254818793771795643
-0.0254470268279474686
-0.0254121742787153694
-0.0253773217294832737
-0.0253424691802511745
-0.0253076166310190788
-0.0252727640817869831
-0.0252379115325548839
-0.0252030589833227882
-0.025168206434090689
-0.0251333538848585933
-0.0250985013356264976
-0.0250636487863943984
-0.0250287962371623027
-0.0249939436879302035
-0.0249590911386981078
-0.0249242385894660121
-0.0248893860402339129
-0.0248545334910018172
-0.0248196809417697214
-0.0247848283925376223
-0.0247499758433055266
-0.0247151232940734274
-0.0246802707448413317
-0.0246454181956092359
-0.0246105656463771368
-0.024575713097145041
-0.0245408605479129419
-0.0245060079986808461
-0.0244711554494487504
-0.0244363029002166512
-0.0244014503509845555
-0.0243665978017524563
-0.0243317452525203606
-0.0242968927032882649
-0.0242620401540561657
-0.02422718760482407
-0.0241923350555919708
-0.0241574825063598751
-0.0241226299571277794
-0.0240877774078956802
-0.0240529248586635845
-0.0240180723094314853
-0.0239832197601993896
-0.0239483672109672939
-0.0239135146617351947
-0.023878662112503099
-0.0238438095632709998
-0.0238089570140389041
-0.0237741044648068084
-0.0237392519155747092
-0.0237043993663426135
-0.0236695468171105178
-0.0236346942678784186
-0.0235998417186463229
-0.0235649891694142237
-0.023530136620182128
-0.0234952840709500323
-0.0234604315217179331
-0.0234255789724858374
-0.0233907264232537382
-0.0233558738740216425
-0.0233210213247895468
-0.0232861687755574476
-0.0232513162263253519
-0.0232164636770932527
-0.023181611127861157
-0.0231467585786290612
-0.0231119060293969621
-0.0230770534801648664
-0.0230422009309327672
-0.0230073483817006715
-0.0229724958324685757
-0.0229376432832364766
-0.0229027907340043808
-0.0228679381847722817
-0.0228330856355401859
-0.0227982330863080902
-0.022763380537075991
-0.0227285279878438953
-0.0226936754386117961
-0.0226588228893797004
-0.0226239703401476047
-0.0225891177909155055
-0.0225542652416834098
-0.0225194126924513141
-0.0224845601432192149
-0.0224497075939871192
-0.02241485504475502
-0.0223800024955229243
-0.0223451499462908286
-0.0223102973970587294
-0.0222754448478266337
-0.0222405922985945345
-0.0222057397493624388
-0.0221708872001303431
-0.0221360346508982439
-0.0221011821016661482
-0.022066329552434049
-0.0220314770032019533
-0.0219966244539698576
-0.0219617719047377584
-0.0219269193555056627
-0.0218920668062735635
-0.0218572142570414678
-0.0218223617078093721
-0.0217875091585772729
-0.0217526566093451772
-0.021717804060113078
-0.0216829515108809823
-0.0216480989616488866
-0.0216132464124167874
-0.0215783938631846917
-0.0215435413139525925
-0.0215086887647204968
-0.021473836215488401
-0.0214389836662563019
-0.0214041311170242061
-0.0213692785677921104
-0.0213344260185600113
-0.0212995734693279155
-0.0212647209200958164
-0.0212298683708637206
-0.0211950158216316249
-0.0211601632723995257
-0.02112531072316743
-0.0210904581739353308
-0.0210556056247032351
-0.0210207530754711394
-0.0209859005262390402
-0.0209510479770069445
-0.0209161954277748453
-0.0208813428785427496
-0.0208464903293106539
-0.0208116377800785547
-0.020776785230846459
-0.0207419326816143598
-0.0207070801323822641
-0.0206722275831501684
-0.0206373750339180692
-0.0206025224846859735
-0.0205676699354538743
-0.0205328173862217786
-0.0204979648369896829
-0.0204631122877575837
-0.020428259738525488
-0.0203934071892933888
-0.0203585546400612931
-0.0203237020908291974
-0.0202888495415970982
-0.0202539969923650025
-0.0202191444431329068
-0.0201842918939008076
-0.0201494393446687119
-0.0201145867954366127
-0.020079734246204517
-0.0200448816969724213
-0.0200100291477403221
-0.0199751765985082264
-0.0199403240492761272
-0.0199054715000440315
-0.0198706189508119357
-0.0198357664015798366
-0.0198009138523477408
-0.0197660613031156417
-0.0197312087538835459
-0.0196963562046514502
-0.019661503655419351
-0.0196266511061872553
-0.0195917985569551562
-0.0195569460077230604
-0.0195220934584909647
-0.0194872409092588655
-0.0194523883600267698
-0.0194175358107946706
-0.0193826832615625749
-0.0193478307123304792
-0.01931297816309838
-0.0192781256138662843
-0.0192432730646341851
-0.0192084205154020894
-0.0191735679661699937
-0.0191387154169378945
-0.0191038628677057988
-0.0190690103184737031
-0.0190341577692416039
-0.0189993052200095082
-0.018964452670777409
-0.0189296001215453133
-0.0188947475723132176
-0.0188598950230811184
-0.0188250424738490227
-0.0187901899246169235
-0.0187553373753848278
-0.0187204848261527321
-0.0186856322769206329
-0.0186507797276885372
-0.018615927178456438
-0.0185810746292243423
-0.0185462220799922466
-0.0185113695307601474
-0.0184765169815280517
-0.0184416644322959525
-0.0184068118830638568
-0.0183719593338317611
-0.0183371067845996619
-0.0183022542353675662
-0.018267401686135467
-0.0182325491369033713
-0.0181976965876712755
-0.0181628440384391764
-0.0181279914892070806
-0.0180931389399749815
-0.0180582863907428857
-0.01802343384151079
-0.0179885812922786908
-0.0179537287430465951
-0.0179188761938144994
-0.0178840236445824002
-0.0178491710953503045
-0.0178143185461182053
-0.0177794659968861096
-0.0177446134476540139
-0.0177097608984219147
-0.017674908349189819
-0.0176400557999577198
-0.0176052032507256241
-0.0175703507014935284
-0.0175354981522614292
-0.0175006456030293335
-0.0174657930537972343
-0.0174309405045651386
-0.0173960879553330429
-0.0173612354061009437
-0.017326382856868848
-0.0172915303076367488
-0.0172566777584046531
-0.0172218252091725574
-0.0171869726599404582
-0.0171521201107083625
-0.0171172675614762633
-0.0170824150122441676
-0.0170475624630120719
-0.0170127099137799727
-0.016977857364547877
-0.0169430048153157778
-0.0169081522660836821
-0.0168732997168515864
-0.0168384471676194872
-0.0168035946183873915
-0.0167687420691552957
-0.0167338895199231966
-0.0166990369706911009
-0.0166641844214590017
-0.016629331872226906
-0.0165944793229948102
-0.0165596267737627111
-0.0165247742245306153
-0.0164899216752985162
-0.0164550691260664204
-0.0164202165768343247
-0.0163853640276022255
-0.0163505114783701298
-0.0163156589291380306
-0.0162808063799059349
-0.0162459538306738392
-0.01621110128144174
-0.0161762487322096443
-0.0161413961829775451
-0.0161065436337454494
-0.0160716910845133537
-0.0160368385352812545
-0.0160019859860491588
-0.0159671334368170596
-0.0159322808875849639
-0.0158974283383528682
-0.015862575789120769
-0.0158277232398886733
-0.0157928706906565776
-0.0157580181414244784
-0.0157231655921923827
-0.0156883130429602835
-0.0156534604937281878
-0.0156186079444960903
-0.0155837553952639929
-0.0155489028460318954
-0.0155140502967997997
-0.0154791977475677023
-0.0154443451983356048
-0.0154094926491035074
-0.0153746400998714117
-0.0153397875506393142
-0.0153049350014072168
-0.0152700824521751193
-0.0152352299029430219
-0.0152003773537109262
-0.0151655248044788287
-0.0151306722552467313
-0.0150958197060146338
-0.0150609671567825364
-0.0150261146075504406
-0.0149912620583183432
-0.0149564095090862458
-0.0149215569598541483
-0.0148867044106220526
-0.0148518518613899551
-0.0148169993121578577
-0.0147821467629257602
-0.0147472942136936628
-0.0147124416644615671
-0.0146775891152294696
-0.0146427365659973722
-0.0146078840167652747
-0.0145730314675331773
-0.0145381789183010816
-0.0145033263690689841
-0.0144684738198368867
-0.0144336212706047892
-0.0143987687213726918
-0.0143639161721405961
-0.0143290636229084986
-0.0142942110736764012
-0.0142593585244443037
-0.014224505975212208
-0.0141896534259801105
-0.0141548008767480131
-0.0141199483275159157
-0.0140850957782838182
-0.0140502432290517225
-0.014015390679819625
-0.0139805381305875276
-0.0139456855813554301
-0.0139108330321233327
-0.013875980482891237
-0.0138411279336591395
-0.0138062753844270421
-0.0137714228351949446
-0.0137365702859628489
-0.0137017177367307515
-0.013666865187498654
-0.0136320126382665566
-0.0135971600890344591
-0.0135623075398023634
-0.013527454990570266
-0.0134926024413381685
-0.0134577498921060711
-0.0134228973428739736
-0.0133880447936418779
-0.0133531922444097804
-0.013318339695177683
-0.0132834871459455856
-0.0132486345967134898
-0.0132137820474813924
-0.0131789294982492949
-0.0131440769490171975
-0.0131092243997851
-0.0130743718505530043
-0.0130395193013209069
-0.0130046667520888094
-0.012969814202856712
-0.0129349616536246145
-0.0129001091043925188
-0.0128652565551604214
-0.0128304040059283239
-0.0127955514566962265
-0.012760698907464129
-0.0127258463582320333
-0.0126909938089999359
-0.0126561412597678384
-0.012621288710535741
-0.0125864361613036452
-0.0125515836120715478
-0.0125167310628394503
-0.0124818785136073529
-0.0124470259643752554
-0.0124121734151431597
-0.0123773208659110623
-0.0123424683166789648
-0.0123076157674468674
-0.0122727632182147699
-0.0122379106689826742
-0.0122030581197505768
-0.0121682055705184793
-0.0121333530212863819
-0.0120985004720542862
-0.0120636479228221887
-0.0120287953735900913
-0.0119939428243579938
-0.0119590902751258964
-0.0119242377258938007
-0.0118893851766617032
-0.0118545326274296058
-0.0118196800781975083
-0.0117848275289654109
-0.0117499749797333151
-0.0117151224305012177
-0.0116802698812691202
-0.0116454173320370228
-0.0116105647828049253
-0.0115757122335728296
-0.0115408596843407322
-0.0115060071351086347
-0.0114711545858765373
-0.0114363020366444416
-0.0114014494874123441
-0.0113665969381802467
-0.0113317443889481492
-0.0112968918397160518
-0.0112620392904839561
-0.0112271867412518586
-0.0111923341920197612
-0.0111574816427876637
-0.0111226290935555663
-0.0110877765443234706
-0.0110529239950913731
-0.0110180714458592757
-0.0109832188966271782
-0.0109483663473950825
-0.010913513798162985
-0.0108786612489308876
-0.0108438086996987901
-0.0108089561504666927
-0.010774103601234597
-0.0107392510520024995
-0.0107043985027704021
-0.0106695459535383046
-0.0106346934043062072
-0.0105998408550741115
-0.010564988305842014
-0.0105301357566099166
-0.0104952832073778191
-0.0104604306581457217
-0.010425578108913626
-0.0103907255596815285
-0.0103558730104494311
-0.0103210204612173336
-0.0102861679119852379
-0.0102513153627531405
-0.010216462813521043
-0.0101816102642889456
-0.0101467577150568481
-0.0101119051658247524
-0.0100770526165926549
-0.0100422000673605575
-0.01000734751812846
-0.0099724949688963626
-0.00993764241966426688
-0.00990278987043216943
-0.00986793732120007198
-0.00983308477196797454
-0.00979823222273587882
-0.00976337967350378137
-0.00972852712427168392
-0.00969367457503958647
-0.00965882202580748903
-0.00962396947657539331
-0.00958911692734329586
-0.00955426437811119841
-0.00951941182887910096
-0.00948455927964700352
-0.0094497067304149078
-0.00941485418118281035
-0.0093800016319507129
-0.00934514908271861545
-0.00931029653348651801
-0.00927544398425442229
-0.00924059143502232484
-0.00920573888579022739
-0.00917088633655812994
-0.00913603378732603423
-0.00910118123809393678
-0.00906632868886183933
-0.00903147613962974188
-0.00899662359039764443
-0.00896177104116554872
-0.00892691849193345127
-0.00889206594270135382
-0.00885721339346925637
-0.00882236084423715892
-0.00878750829500506321
-0.00875265574577296576
-0.00871780319654086831
-0.00868295064730877086
-0.00864809809807667515
-0.0086132455488445777
-0.00857839299961248025
-0.0085435404503803828
-0.00850868790114828535
-0.00847383535191618964
-0.00843898280268409219
-0.00840413025345199474
-0.00836927770421989729
-0.00833442515498779984
-0.00829957260575570413
-0.00826472005652360668
-0.00822986750729150923
-0.00819501495805941178
-0.00816016240882731607
-0.00812530985959521862
-0.00809045731036312117
-0.00805560476113102372
-0.00802075221189892627
-0.00798589966266683056
-0.00795104711343473311
-0.00791619456420263566
-0.00788134201497053821
-0.00784648946573844076
-0.00781163691650634418
-0.0077767843672742476
-0.00774193181804215015
-0.00770707926881005357
-0.00767222671957795612
-0.00763737417034585867
-0.00760252162111376209
-0.00756766907188166464
-0.00753281652264956806
-0.00749796397341747061
-0.00746311142418537316
-0.00742825887495327658
-0.00739340632572117913
-0.00735855377648908255
-0.0073237012272569851
-0.00728884867802488852
-0.00725399612879279107
-0.00721914357956069362
-0.00718429103032859704
-0.00714943848109649959
-0.00711458593186440301
-0.00707973338263230556
-0.00704488083340020898
-0.00701002828416811153
-0.00697517573493601408
-0.0069403231857039175
-0.00690547063647182005
-0.00687061808723972347
-0.00683576553800762602
-0.00680091298877552944
-0.00676606043954343199
-0.00673120789031133454
-0.00669635534107923796
-0.00666150279184714051
-0.00662665024261504393
-0.00659179769338294648
-0.0065569451441508499
-0.00652209259491875245
-0.006487240045686655
-0.00645238749645455842
-0.00641753494722246097
-0.00638268239799036439
-0.00634782984875826694
-0.00631297729952617036
-0.00627812475029407291
-0.00624327220106197546
-0.00620841965182987888
-0.00617356710259778143
-0.00613871455336568485
-0.0061038620041335874
-0.00606900945490148995
-0.00603415690566939337
-0.00599930435643729592
-0.00596445180720519934
-0.00592959925797310189
-0.00589474670874100531
-0.00585989415950890786
-0.00582504161027681041
-0.00579018906104471383
-0.00575533651181261638
-0.0057204839625805198
-0.00568563141334842235
-0.00565077886411632577
-0.00561592631488422832
-0.00558107376565213087
-0.00554622121642003429
-0.00551136866718793684
-0.00547651611795584026
-0.00544166356872374281
-0.00540681101949164623
-0.00537195847025954878
-0.00533710592102745133
-0.00530225337179535475
-0.0052674008225632573
-0.00523254827333116072
-0.00519769572409906327
-0.00516284317486696669
-0.00512799062563486924
-0.00509313807640277179
-0.00505828552717067521
-0.00502343297793857776
-0.00498858042870648118
-0.00495372787947438373
-0.00491887533024228628
-0.0048840227810101897
-0.00484917023177809225
-0.00481431768254599567
-0.00477946513331389822
-0.00474461258408180164
-0.00470976003484970419
-0.00467490748561760674
-0.00464005493638551016
-0.00460520238715341271
-0.00457034983792131613
-0.00453549728868921868
-0.0045006447394571221
-0.00446579219022502465
-0.0044309396409929272
-0.00439608709176083062
-0.00436123454252873317
-0.00432638199329663659
-0.00429152944406453914
-0.00425667689483244256
-0.00422182434560034511
-0.00418697179636824766
-0.00415211924713615108
-0.00411726669790405363
-0.00408241414867195705
-0.0040475615994398596
-0.00401270905020776301
-0.00397785650097566557
-0.00394300395174356812
-0.00390815140251147154
-0.00387329885327937409
-0.00383844630404727707
-0.00380359375481518006
-0.00376874120558308304
-0.00373388865635098603
-0.00369903610711888901
-0.00366418355788679199
-0.00362933100865469455
-0.00359447845942259753
-0.00355962591019050052
-0.0035247733609584035
-0.00348992081172630648
-0.00345506826249420947
-0.00342021571326211245
-0.00338536316403001501
-0.00335051061479791799
-0.00331565806556582097
-0.00328080551633372396
-0.00324595296710162694
-0.00321110041786952993
-0.00317624786863743248
-0.00314139531940533547
-0.00310654277017323845
-0.00307169022094114143
-0.00303683767170904442
-0.0030019851224769474
-0.00296713257324485039
-0.00293228002401275294
-0.00289742747478065592
-0.00286257492554855891
-0.00282772237631646189
-0.00279286982708436488
-0.00275801727785226786
-0.00272316472862017085
-0.0026883121793880734
-0.00265345963015597638
-0.00261860708092387937
-0.00258375453169178235
-0.00254890198245968534
-0.00251404943322758832
-0.00247919688399549087
-0.00244434433476339386
-0.00240949178553129684
-0.00237463923629919983
-0.00233978668706710281
-0.0023049341378350058
-0.00227008158860290878
-0.00223522903937081133
-0.00220037649013871432
-0.0021655239409066173
-0.00213067139167452029
-0.00209581884244242327
-0.00206096629321032626
-0.00202611374397822881
-0.00199126119474613179
-0.00195640864551403478
-0.00192155609628193776
-0.00188670354704984075
-0.00185185099781774352
-0.0018169984485856465
-0.00178214589935354949
-0.00174729335012145247
-0.00171244080088935524
-0.00167758825165725822
-0.00164273570242516121
-0.00160788315319306398
-0.00157303060396096696
-0.00153817805472886994
-0.00150332550549677271
-0.0014684729562646757
-0.00143362040703257868
-0.00139876785780048167
-0.00136391530856838443
-0.00132906275933628742
-0.0012942102101041904
-0.00125935766087209317
-0.00122450511163999616
-0.00118965256240789914
-0.00115480001317580191
-0.00111994746394370489
-0.00108509491471160788
-0.00105024236547951086
-0.00101538981624741363
-0.000980537267015316617
-0.000945684717783219493
-0.000910832168551122478
-0.000875979619319025354
-0.00084112707008692823
-0.000806274520854831215
-0.000771421971622734091
-0.000736569422390637076
-0.000701716873158539953
-0.000666864323926442829
-0.000632011774694345814
-0.00059715922546224869
-0.000562306676230151675
-0.000527454126998054551
-0.000492601577765957427
-0.000457749028533860412
-0.000422896479301763343
-0.000388043930069666219
-0.00035319138083756915
-0.00031833883160547208
-0.000283486282373375011
-0.000248633733141277887
-0.000213781183909180845
-0.000178928634677083748
-0.000144076085444986679
-0.000109223536212889582
-7.43709869807925126e-05
-3.95184377486954296e-05
-4.66588851659834655e-06
3.01866607154987331e-05
6.50392099475958059e-05
9.98917591796928889e-05
0.000134744308411789985
0.000169596857643887055
0.000204449406875984124
0.000239301956108081221
0.000274154505340178318
0.000309007054572275387
0.000343859603804372456
0.000378712153036469526
0.000413564702268566595
0.000448417251500663719
0.000483269800732760788
0.000518122349964857858
0.000552974899196954982
0.000587827448429051997
0.000622679997661149121
0.000657532546893246136
0.000692385096125343259
0.000727237645357440383
0.000762090194589537398
0.000796942743821634522
0.000831795293053731537
0.000866647842285828661
0.000901500391517925785
0.0009363529407500228
0.000971205489982119924
0.00100605803921421694
0.00104091058844631417
0.00107576313767841119
0.0011106156869105082
0.00114546823614260522
0.00118032078537470245
0.00121517333460679946
0.00125002588383889648
0.00128487843307099371
0.00131973098230309073
0.00135458353153518774
0.00138943608076728497
0.00142428862999938199
0.001459141179231479
0.00149399372846357602
0.00152884627769567325
0.00156369882692777027
0.00159855137615986728
0.00163340392539196451
0.00166825647462406153
0.00170310902385615854
0.00173796157308825578
0.00177281412232035279
0.00180766667155244981
0.00184251922078454682
0.00187737177001664405
0.00191222431924874107
0.00194707686848083809
0.00198192941771293532
0.00201678196694503233
0.00205163451617712935
0.00208648706540922636
0.00212133961464132338
0.00215619216387342083
0.00219104471310551784
0.00222589726233761486
0.00226074981156971187
0.00229560236080180889
0.0023304549100339059
0.00236530745926600292
0.00240016000849810037
0.00243501255773019738
0.0024698651069622944
0.00250471765619439141
0.00253957020542648843
0.00257442275465858544
0.00260927530389068289
0.00264412785312277991
0.00267898040235487692
0.00271383295158697394
0.00274868550081907095
0.00278353805005116797
0.00281839059928326498
0.00285324314851536243
0.00288809569774745945
0.00292294824697955646
0.00295780079621165348
0.00299265334544375049
0.00302750589467584751
0.00306235844390794496
0.00309721099314004197
0.00313206354237213899
0.003166916091604236
0.00320176864083633302
0.00323662119006843003
0.00327147373930052705
0.0033063262885326245
0.00334117883776472151
0.00337603138699681853
0.00341088393622891554
0.00344573648546101256
0.00348058903469310957
0.00351544158392520659
0.00355029413315730404
0.00358514668238940105
0.00361999923162149807
0.00365485178085359508
0.0036897043300856921
0.00372455687931778912
0.00375940942854988656
0.00379426197778198358
0.00382911452701408059
0.00386396707624617761
0.00389881962547827463
0.00393367217471037207
0.00396852472394246866
0.0040033772731745661
0.00403822982240666269
0.00407308237163876014
0.00410793492087085758
0.00414278747010295417
0.00417764001933505161
0.0042124925685671482
0.00424734511779924565
0.00428219766703134223
0.00431705021626343968
0.00435190276549553712
0.00438675531472763371
0.00442160786395973116
0.00445646041319182774
0.00449131296242392519
0.00452616551165602177
0.00456101806088811922
0.00459587061012021666
0.00463072315935231325
0.0046655757085844107
0.00470042825781650728
0.00473528080704860473
0.00477013335628070131
0.00480498590551279876
0.00483983845474489621
0.00487469100397699279
0.00490954355320909024
0.00494439610244118682
0.00497924865167328427
0.00501410120090538085
0.0050489537501374783
0.00508380629936957575
0.00511865884860167233
0.00515351139783376978
0.00518836394706586636
0.00522321649629796381
0.00525806904553006126
0.00529292159476215784
0.00532777414399425529
0.00536262669322635187
0.00539747924245844932
0.0054323317916905459
0.00546718434092264335
0.0055020368901547408
0.00553688943938683738
0.00557174198861893483
0.00560659453785103141
0.00564144708708312886
0.00567629963631522544
0.00571115218554732289
0.00574600473477942034
0.00578085728401151692
0.00581570983324361437
0.00585056238247571095
0.0058854149317078084
0.00592026748093990498
0.00595512003017200243
0.00598997257940409988
0.00602482512863619646
0.00605967767786829391
0.00609453022710039049
0.00612938277633248794
0.00616423532556458452
0.00619908787479668197
0.00623394042402877942
0.006268792973260876
0.00630364552249297345
0.00633849807172507003
0.00637335062095716748
0.00640820317018926406
0.00644305571942136151
0.00647790826865345896
0.00651276081788555554
0.00654761336711765299
0.00658246591634974957
0.00661731846558184702
0.00665217101481394447
0.00668702356404604105
0.0067218761132781385
0.00675672866251023508
0.00679158121174233253
0.00682643376097442911
0.00686128631020652656
0.00689613885943862401
0.00693099140867072059
0.00696584395790281804
0.00700069650713491462
0.00703554905636701207
0.00707040160559910865
0.0071052541548312061
0.00714010670406330355
0.00717495925329540013
0.00720981180252749758
0.00724466435175959416
0.00727951690099169161
0.00731436945022378819
0.00734922199945588564
0.00738407454868798309
0.00741892709792007967
0.00745377964715217712
0.0074886321963842737
0.00752348474561637115
0.00755833729484846773
0.00759318984408056518
0.00762804239331266263
0.00766289494254475921
0.00769774749177685666
0.00773260004100895324
0.00776745259024105069
0.00780230513947314814
0.00783715768870524472
0.00787201023793734217
0.00790686278716943962
0.00794171533640153533
0.00797656788563363278
0.00801142043486573023
0.00804627298409782768
0.00808112553332992513
0.00811597808256202084
0.00815083063179411829
0.00818568318102621574
0.00822053573025831319
0.0082553882794904089
0.00829024082872250635
0.0083250933779546038
0.00835994592718670125
0.0083947984764187987
0.00842965102565089441
0.00846450357488299186
0.00849935612411508931
0.00853420867334718676
0.00856906122257928421
0.00860391377181137992
0.00863876632104347737
0.00867361887027557482
0.00870847141950767227
0.00874332396873976972
0.00877817651797186543
0.00881302906720396288
0.00884788161643606033
0.00888273416566815778
0.00891758671490025349
0.00895243926413235094
0.00898729181336444839
0.00902214436259654584
0.00905699691182864329
0.009091849461060739
0.00912670201029283645
0.0091615545595249339
0.00919640710875703135
0.0092312596579891288
0.00926611220722122451
0.00930096475645332196
0.00933581730568541941
0.00937066985491751686
0.00940552240414961258
0.00944037495338171002
0.00947522750261380747
0.00951008005184590492
0.00954493260107800237
0.00957978515031009809
0.00961463769954219553
0.00964949024877429298
0.00968434279800639043
0.00971919534723848788
0.0097540478964705836
0.00978890044570268104
0.00982375299493477849
0.00985860554416687594
0.00989345809339897339
0.00992831064263106911
0.00996316319186316655
0.009998015741095264
0.0100328682903273615
0.0100677208395594572
0.0101025733887915546
0.0101374259380236521
0.0101722784872557495
0.010207131036487847
0.0102419835857199427
0.0102768361349520401
0.0103116886841841376
0.010346541233416235
0.0103813937826483325
0.0104162463318804282
0.0104510988811125256
0.0104859514303446231
0.0105208039795767205
0.0105556565288088162
0.0105905090780409137
0.0106253616272730111
0.0106602141765051086
0.010695066725737206
0.0107299192749693018
0.0107647718242013992
0.0107996243734334967
0.0108344769226655941
0.0108693294718976916
0.0109041820211297873
0.0109390345703618847
0.0109738871195939822
0.0110087396688260796
0.0110435922180581771
0.0110784447672902728
0.0111132973165223702
0.0111481498657544677
0.0111830024149865651
0.0112178549642186608
0.0112527075134507583
0.0112875600626828557
0.0113224126119149532
0.0113572651611470506
0.0113921177103791463
0.0114269702596112438
0.0114618228088433412
0.0114966753580754387
0.0115315279073075361
0.0115663804565396319
0.0116012330057717293
0.0116360855550038268
0.0116709381042359242
0.0117057906534680199
0.0117406432027001174
0.0117754957519322148
0.0118103483011643123
0.0118452008503964097
0.0118800533996285054
0.0119149059488606029
0.0119497584980927003
0.0119846110473247978
0.0120194635965568952
0.0120543161457889909
0.0120891686950210884
0.0121240212442531858
0.0121588737934852833
0.012193726342717379
0.0122285788919494764
0.0122634314411815739
0.0122982839904136713
0.0123331365396457688
0.0123679890888778645
0.012402841638109962
0.0124376941873420594
0.0124725467365741569
0.0125073992858062543
0.01254225183503835
0.0125771043842704475
0.0126119569335025449
0.0126468094827346424
0.0126816620319667398
0.0127165145811988355
0.012751367130430933
0.0127862196796630304
0.0128210722288951279
0.0128559247781272236
0.012890777327359321
0.0129256298765914185
0.0129604824258235159
0.0129953349750556134
0.0130301875242877091
0.0130650400735198065
0.013099892622751904
0.0131347451719840014
0.0131695977212160989
0.0132044502704481946
0.0132393028196802921
0.0132741553689123895
0.013309007918144487
0.0133438604673765827
0.0133787130166086801
0.0134135655658407776
0.013448418115072875
0.0134832706643049725
0.0135181232135370682
0.0135529757627691656
0.0135878283120012631
0.0136226808612333605
0.013657533410465458
0.0136923859596975537
0.0137272385089296511
0.0137620910581617486
0.013796943607393846
0.0138317961566259435
0.0138666487058580392
0.0139015012550901366
0.0139363538043222341
0.0139712063535543315
0.0140060589027864273
0.0140409114520185247
0.0140757640012506222
0.0141106165504827196
0.0141454690997148171
0.0141803216489469128
0.0142151741981790102
0.0142500267474111077
0.0142848792966432051
0.0143197318458753026
0.0143545843951073983
0.0143894369443394957
0.0144242894935715932
0.0144591420428036906
0.0144939945920357863
0.0145288471412678838
0.0145636996904999812
0.0145985522397320787
0.0146334047889641761
0.0146682573381962719
0.0147031098874283693
0.0147379624366604668
0.0147728149858925642
0.0148076675351246616
0.0148425200843567574
0.0148773726335888548
0.0149122251828209523
0.0149470777320530497
0.0149819302812851472
0.0150167828305172429
0.0150516353797493403
0.0150864879289814378
0.0151213404782135352
0.0151561930274456309
0.0151910455766777284
0.0152258981259098258
0.0152607506751419233
0.0152956032243740207
0.0153304557736061164
0.0153653083228382139
0.0154001608720703113
0.0154350134213024088
0.0154698659705345062
0.015504718519766602
0.0155395710689986994
0.0155744236182307969
0.0156092761674628943
0.0156441287166949917
0.0156789812659270875
0.0157138338151591866
0.0157486863643912824
0.0157835389136233781
0.0158183914628554773
0.015853244012087573
0.0158880965613196687
0.0159229491105517679
0.0159578016597838636
0.0159926542090159628
0.0160275067582480585
0.0160623593074801542
0.0160972118567122534
0.0161320644059443491
0.0161669169551764483
0.016201769504408544
0.0162366220536406397
0.0162714746028727389
0.0163063271521048346
0.0163411797013369338
0.0163760322505690295
0.0164108847998011252
0.0164457373490332244
0.0164805898982653201
0.0165154424474974193
0.016550294996729515
0.0165851475459616107
0.0166200000951937099
0.0166548526444258056
0.0166897051936579048
0.0167245577428900005
0.0167594102921220962
0.0167942628413541954
0.0168291153905862911
0.0168639679398183903
0.016898820489050486
0.0169336730382825817
0.0169685255875146809
0.0170033781367467766
0.0170382306859788724
0.0170730832352109715
0.0171079357844430673
0.0171427883336751664
0.0171776408829072622
0.0172124934321393579
0.0172473459813714571
0.0172821985306035528
0.0173170510798356519
0.0173519036290677477
0.0173867561782998434
0.0174216087275319426
0.0174564612767640383
0.0174913138259961375
0.0175261663752282332
0.0175610189244603289
0.0175958714736924281
0.0176307240229245238
0.017665576572156623
0.0177004291213887187
0.0177352816706208144
0.0177701342198529136
0.0178049867690850093
0.0178398393183171085
0.0178746918675492042
0.0179095444167812999
0.0179443969660133991
0.0179792495152454948
0.018014102064477594
0.0180489546137096897
0.0180838071629417854
0.0181186597121738846
0.0181535122614059803
0.018188364810638076
0.0182232173598701752
0.0182580699091022709
0.0182929224583343701
0.0183277750075664658
0.0183626275567985615
0.0183974801060306607
0.0184323326552627564
0.0184671852044948556
0.0185020377537269513
0.018536890302959047
0.0185717428521911462
0.0186065954014232419
0.0186414479506553411
0.0186763004998874368
0.0187111530491195326
0.0187460055983516317
0.0187808581475837275
0.0188157106968158266
0.0188505632460479224
0.0188854157952800181
0.0189202683445121173
0.018955120893744213
0.0189899734429763122
0.0190248259922084079
0.0190596785414405036
0.0190945310906726028
0.0191293836399046985
0.0191642361891367977
0.0191990887383688934
0.0192339412876009891
0.0192687938368330883
0.019303646386065184
0.0193384989352972797
0.0193733514845293789
0.0194082040337614746
0.0194430565829935738
0.0194779091322256695
0.0195127616814577652
0.0195476142306898644
0.0195824667799219601
0.0196173193291540593
0.019652171878386155
0.0196870244276182507
0.0197218769768503499
0.0197567295260824456
0.0197915820753145448
0.0198264346245466405
0.0198612871737787362
0.0198961397230108354
0.0199309922722429311
0.0199658448214750303
0.020000697370707126
0.0200355499199392217
0.0200704024691713209
0.0201052550184034166
0.0201401075676355158
0.0201749601168676115
0.0202098126660997073
0.0202446652153318064
0.0202795177645639021
0.0203143703137960013
0.020349222863028097
0.0203840754122601928
0.0204189279614922919
0.0204537805107243877
0.0204886330599564834
0.0205234856091885826
0.0205583381584206783
0.0205931907076527775
0.0206280432568848732
0.0206628958061169689
0.0206977483553490681
0.0207326009045811638
0.020767453453813263
0.0208023060030453587
0.0208371585522774544
0.0208720111015095536
0.0209068636507416493
0.0209417161999737485
0.0209765687492058442
0.0210114212984379399
0.0210462738476700391
0.0210811263969021348
0.021115978946134234
0.0211508314953663297
0.0211856840445984254
0.0212205365938305246
0.0212553891430626203
0.0212902416922947195
0.0213250942415268152
0.0213599467907589109
0.0213947993399910101
0.0214296518892231058
0.021464504438455205
0.0214993569876873007
0.0215342095369193964
0.0215690620861514956
0.0216039146353835913
0.021638767184615687
0.0216736197338477862
0.0217084722830798819
0.0217433248323119811
0.0217781773815440768
0.0218130299307761726
0.0218478824800082717
0.0218827350292403675
0.0219175875784724666
0.0219524401277045624
0.0219872926769366581
0.0220221452261687572
0.022056997775400853
0.0220918503246329521
0.0221267028738650479
0.0221615554230971436
0.0221964079723292428
0.0222312605215613385
0.0222661130707934377
0.0223009656200255334
0.0223358181692576291
0.0223706707184897283
0.022405523267721824
0.0224403758169539232
0.0224752283661860189
0.0225100809154181146
0.0225449334646502138
0.0225797860138823095
0.0226146385631144087
0.0226494911123465044
0.0226843436615786001
0.0227191962108106993
0.022754048760042795
0.0227889013092748907
0.0228237538585069899
0.0228586064077390856
0.0228934589569711848
0.0229283115062032805
0.0229631640554353762
0.0229980166046674754
0.0230328691538995711
0.0230677217031316703
0.023102574252363766
0.0231374268015958617
0.0231722793508279609
0.0232071319000600566
0.0232419844492921558
0.0232768369985242515
0.0233116895477563472
0.0233465420969884464
0.0233813946462205421
0.0234162471954526413
0.023451099744684737
0.0234859522939168328
0.0235208048431489319
0.0235556573923810277
0.0235905099416131268
0.0236253624908452226
0.0236602150400773183
0.0236950675893094174
0.0237299201385415132
0.0237647726877736123
0.0237996252370057081
0.0238344777862378038
0.023869330335469903
0.0239041828847019987
0.0239390354339340944
0.0239738879831661936
0.0240087405323982893
0.0240435930816303885
0.0240784456308624842
0.0241132981800945799
0.0241481507293266791
0.0241830032785587748
0.024217855827790874
0.0242527083770229697
0.0242875609262550654
0.0243224134754871646
0.0243572660247192603
0.0243921185739513595
0.0244269711231834552
0.0244618236724155509
0.0244966762216476501
0.0245315287708797458
0.024566381320111845
0.0246012338693439407
0.0246360864185760364
0.0246709389678081356
0.0247057915170402313
0.0247406440662723305
0.0247754966155044262
0.0248103491647365219
0.0248452017139686211
0.0248800542632007168
0.0249149068124328125
0.0249497593616649117
0.0249846119108970074
0.0250194644601291066
0.0250543170093612023
0.0250891695585932981
0.0251240221078253972
0.025158874657057493
0.0251937272062895921
0.0252285797555216879
0.0252634323047537836
0.0252982848539858828
0.0253331374032179785
0.0253679899524500777
0.0254028425016821734
0.0254376950509142691
0.0254725476001463683
0.025507400149378464
0.0255422526986105632
0.0255771052478426589
0.0256119577970747546
0.0256468103463068538
0.0256816628955389495
0.0257165154447710487
0.0257513679940031444
0.0257862205432352401
0.0258210730924673393
0.025855925641699435
0.0258907781909315342
0.0259256307401636299
0.0259604832893957256
0.0259953358386278248
0.0260301883878599205
0.0260650409370920162
0.0260998934863241154
0.0261347460355562111
0.0261695985847883103
0.026204451134020406
0.0262393036832525017
0.0262741562324846009
0.0263090087817166966
0.0263438613309487958
0.0263787138801808915
0.0264135664294129872
0.0264484189786450864
0.0264832715278771821
0.0265181240771092813
0.026552976626341377
0.0265878291755734728
0.0266226817248055719
0.0266575342740376676
0.0266923868232697668
0.0267272393725018625
0.0267620919217339583
0.0267969444709660574
0.0268317970201981532
0.0268666495694302523
0.0269015021186623481
0.0269363546678944438
0.026971207217126543
0.0270060597663586387
0.0270409123155907379
0.0270757648648228336
0.0271106174140549293
0.0271454699632870285
0.0271803225125191242
0.0272151750617512199
0.0272500276109833191
0.0272848801602154148
0.027319732709447514
0.0273545852586796097
0.0273894378079117054
0.0274242903571438046
0.0274591429063759003
0.0274939954556079995
0.0275288480048400952
0.0275637005540721909
0.0275985531033042901
0.0276334056525363858
0.027668258201768485
0.0277031107510005807
0.0277379633002326764
0.0277728158494647756
0.0278076683986968713
0.0278425209479289705
0.0278773734971610662
0.0279122260463931619
0.0279470785956252611
0.0279819311448573568
0.028016783694089456
0.0280516362433215517
0.0280864887925536474
0.0281213413417857466
0.0281561938910178423
0.0281910464402499415
0.0282258989894820372
0.028260751538714133
0.0282956040879462321
0.0283304566371783279
0.0283653091864104236
0.0284001617356425227
0.0284350142848746185
0.0284698668341067176
0.0285047193833388134
0.0285395719325709091
0.0285744244818030083
0.028609277031035104
0.0286441295802672032
0.0286789821294992989
0.0287138346787313946
0.0287486872279634938
0.0287835397771955895
0.0288183923264276887
0.0288532448756597844
0.0288880974248918801
0.0289229499741239793
0.028957802523356075
0.0289926550725881742
0.0290275076218202699
0.0290623601710523656
0.0290972127202844648
0.0291320652695165605
0.0291669178187486597
0.0292017703679807554
0.0292366229172128511
0.0292714754664449503
0.029306328015677046
0.0293411805649091452
0.0293760331141412409
0.0294108856633733366
0.0294457382126054358
0.0294805907618375315
0.0295154433110696272
0.0295502958603017264
0.0295851484095338221
0.0296200009587659213
0.029654853507998017
0.0296897060572301127
0.0297245586064622119
0.0297594111556943076
0.0297942637049264068
0.0298291162541585025
0.0298639688033905983
0.0298988213526226974
0.0299336739018547932
0.0299685264510868923
0.0300033790003189881
0.0300382315495510838
0.0300730840987831829
0.0301079366480152787
0.0301427891972473778
0.0301776417464794736
0.0302124942957115693
0.0302473468449436685
0.0302821993941757642
0.0303170519434078634
0.0303519044926399591
0.0303867570418720548
0.030421609591104154
0.0304564621403362497
0.0304913146895683489
0.0305261672388004446
0.0305610197880325403
0.0305958723372646395
0.0306307248864967352
0.0306655774357288309
0.0307004299849609301
0.0307352825341930258
0.030770135083425125
0.0308049876326572207
0.0308398401818893164
0.0308746927311214156
0.0309095452803535113
0.0309443978295856105
0.0309792503788177062
0.0310141029280498019
0.0310489554772819011
0.0310838080265139968
0.031118660575746096
0.0311535131249781917
0.0311883656742102874
0.0312232182234423866
0.0312580707726744858
0.031292923321906578
0.0313277758711386772
0.0313626284203707764
0.0313974809696028687
0.0314323335188349678
0.031467186068067067
0.0315020386172991593
0.0315368911665312585
0.0315717437157633576
0.0316065962649954568
0.0316414488142275491
0.0316763013634596483
0.0317111539126917474
0.0317460064619238397
0.0317808590111559389
0.031815711560388038
0.0318505641096201303
0.0318854166588522295
0.0319202692080843287
0.0319551217573164278
0.0319899743065485201
0.0320248268557806193
0.0320596794050127185
0.0320945319542448107
0.0321293845034769099
0.0321642370527090091
0.0321990896019411013
0.0322339421511732005
0.0322687947004052997
0.0323036472496373919
0.0323384997988694911
0.0323733523481015903
0.0324082048973336895
0.0324430574465657817
0.0324779099957978809
0.0325127625450299801
0.0325476150942620723
0.0325824676434941715
0.0326173201927262707
0.0326521727419583629
0.0326870252911904621
0.0327218778404225613
0.0327567303896546605
0.0327915829388867527
0.0328264354881188519
0.0328612880373509511
0.0328961405865830434
0.0329309931358151425
0.0329658456850472417
0.033000698234279334
0.0330355507835114331
0.0330704033327435323
0.0331052558819756315
0.0331401084312077238
0.0331749609804398229
0.0332098135296719221
0.0332446660789040144
0.0332795186281361136
0.0333143711773682127
0.033349223726600305
0.0333840762758324042
0.0334189288250645034
0.0334537813742965956
0.0334886339235286948
0.033523486472760794
0.0335583390219928931
0.0335931915712249854
0.0336280441204570846
0.0336628966696891838
0.033697749218921276
0.0337326017681533752
0.0337674543173854744
0.0338023068666175666
0.0338371594158496658
0.033872011965081765
0.0339068645143138642
0.0339417170635459564
0.0339765696127780556
0.0340114221620101548
0.034046274711242247
0.0340811272604743462
0.0341159798097064454
0.0341508323589385376
0.0341856849081706368
0.034220537457402736
0.0342553900066348352
0.0342902425558669274
0.0343250951050990266
0.0343599476543311258
0.034394800203563218
0.0344296527527953172
0.0344645053020274164
0.0344993578512595087
0.0345342104004916078
0.034569062949723707
0.0346039154989557993
0.0346387680481878985
0.0346736205974199976
0.0347084731466520968
0.0347433256958841891
0.0347781782451162882
0.0348130307943483874
0.0348478833435804797
0.0348827358928125789
0.034917588442044678
0.0349524409912767703
0.0349872935405088695
0.0350221460897409687
0.0350569986389730678
0.0350918511882051601
0.0351267037374372593
0.0351615562866693585
0.0351964088359014507
0.0352312613851335499
0.0352661139343656491
0.0353009664835977413
0.0353358190328298405
0.0353706715820619397
0.0354055241312940389
0.0354403766805261311
0.0354752292297582303
0.0355100817789903295
0.0355449343282224217
0.0355797868774545209
0.0356146394266866201
0.0356494919759187123
0.0356843445251508115
0.0357191970743829107
0.0357540496236150029
0.0357889021728471021
0.0358237547220792013
0.0358586072713113005
0.0358934598205433927
0.0359283123697754919
0.0359631649190075911
0.0359980174682396833
0.0360328700174717825
0.0360677225667038817
0.036102575115935974
0.0361374276651680731
0.0361722802144001723
0.0362071327636322715
0.0362419853128643638
0.0362768378620964629
0.0363116904113285621
0.0363465429605606544
0.0363813955097927536
0.0364162480590248527
0.036451100608256945
0.0364859531574890442
0.0365208057067211433
0.0365556582559532425
0.0365905108051853348
0.036625363354417434
0.0366602159036495331
0.0366950684528816254
0.0367299210021137246
0.0367647735513458238
0.036799626100577916
0.0368344786498100152
0.0368693311990421144
0.0369041837482742066
0.0369390362975063058
0.036973888846738405
0.0370087413959705042
0.0370435939452025964
0.0370784464944346956
0.0371132990436667948
0.037148151592898887
0.0371830041421309862
0.0372178566913630854
0.0372527092405951776
0.0372875617898272768
0.037322414339059376
0.0373572668882914752
0.0373921194375235674
0.0374269719867556666
0.0374618245359877658
0.037496677085219858
0.0375315296344519572
0.0375663821836840564
0.0376012347329161487
0.0376360872821482478
0.037670939831380347
0.0377057923806124462
0.0377406449298445384
0.0377754974790766376
0.0378103500283087368
0.0378452025775408291
0.0378800551267729282
0.0379149076760050274
0.0379497602252371197
0.0379846127744692189
0.038019465323701318
0.0380543178729334103
0.0380891704221655095
0.0381240229713976087
0.0381588755206297078
0.0381937280698618001
0.0382285806190938993
0.0382634331683259984
0.0382982857175580907
0.0383331382667901899
0.0383679908160222891
0.0384028433652543813
0.0384376959144864805
0.0384725484637185797
0.0385074010129506789
0.0385422535621827711
0.0385771061114148703
0.0386119586606469695
0.0386468112098790617
0.0386816637591111609
0.0387165163083432601
0.0387513688575753523
0.0387862214068074515
0.0388210739560395507
0.0388559265052716499
0.0388907790545037421
0.0389256316037358413
0.0389604841529679405
0.0389953367022000327
0.0390301892514321319
0.0390650418006642311
0.0390998943498963233
0.0391347468991284225
0.0391695994483605217
0.039204451997592614
0.0392393045468247131
0.0392741570960568123
0.0393090096452889115
0.0393438621945210038
0.0393787147437531029
0.0394135672929852021
0.0394484198422172944
0.0394832723914493935
0.0395181249406814927
0.039552977489913585
0.0395878300391456842
0.0396226825883777833
0.0396575351376098825
0.0396923876868419748
0.039727240236074074
0.0397620927853061731
0.0397969453345382654
0.0398317978837703646
0.0398666504330024637
0.039901502982234556
0.0399363555314666552
0.0399712080806987544
0.0400060606299308535
0.0400409131791629458
0.040075765728395045
0.0401106182776271442
0.0401454708268592364
0.0401803233760913356
0.0402151759253234348
0.040250028474555527
0.0402848810237876262
0.0403197335730197254
0.0403545861222518176
0.0403894386714839168
0.040424291220716016
0.0404591437699481152
0.0404939963191802074
0.0405288488684123066
0.0405637014176444058
0.040598553966876498
0.0406334065161085972
0.0406682590653406964
0.0407031116145727886
0.0407379641638048878
0.040772816713036987
0.0408076692622690862
0.0408425218115011784
0.0408773743607332776
0.0409122269099653768
0.0409470794591974691
0.0409819320084295682
0.0410167845576616674
0.0410516371068937597
0.0410864896561258588
0.041121342205357958
0.0411561947545900572
0.0411910473038221495
0.0412258998530542486
0.0412607524022863478
0.0412956049515184401
0.0413304575007505393
0.0413653100499826384
0.0414001625992147307
0.0414350151484468299
0.0414698676976789291
0.0415047202469110213
0.0415395727961431205
0.0415744253453752197
0.0416092778946073188
0.0416441304438394111
0.0416789829930715103
0.0417138355423036095
0.0417486880915357017
0.0417835406407678009
0.0418183931899999001
0.0418532457392319923
0.0418880982884640915
0.0419229508376961907
0.0419578033869282899
0.0419926559361603821
0.0420275084853924813
0.0420623610346245805
0.0420972135838566727
0.0421320661330887719
0.0421669186823208711
0.0422017712315529633
0.0422366237807850625
0.0422714763300171617
0.0423063288792492609
0.0423411814284813531
0.0423760339777134523
0.0424108865269455515
0.0424457390761776437
0.0424805916254097429
0.0425154441746418421
0.0425502967238739344
0.0425851492731060335
0.0426200018223381327
0.042654854371570225
0.0426897069208023242
0.0427245594700344233
0.0427594120192665225
0.0427942645684986148
0.0428291171177307139
0.0428639696669628131
0.0428988222161949054
0.0429336747654270046
0.0429685273146591037
0.043003379863891196
0.0430382324131232952
0.0430730849623553944
0.0431079375115874935
0.0431427900608195858
0.043177642610051685
0.0432124951592837842
0.0432473477085158764
0.0432822002577479756
0.0433170528069800748
0.043351905356212167
0.0433867579054442662
0.0434216104546763654
0.0434564630039084646
0.0434913155531405568
0.043526168102372656
0.0435610206516047552
0.0435958732008368474
0.0436307257500689466
0.0436655782993010458
0.043700430848533138
0.0437352833977652372
0.0437701359469973364
0.0438049884962294286
0.0438398410454615278
0.043874693594693627
0.0439095461439257262
0.0439443986931578184
0.0439792512423899176
0.0440141037916220168
0.044048956340854109
0.0440838088900862082
0.0441186614393183074
0.0441535139885503997
0.0441883665377824988
0.044223219087014598
0.0442580716362466972
0.0442929241854787895
0.0443277767347108886
0.0443626292839429878
0.0443974818331750801
0.0444323343824071793
0.0444671869316392784
0.0445020394808713707
0.0445368920301034699
0.044571744579335569
0.0446065971285676682
0.0446414496777997605
0.0446763022270318597
0.0447111547762639588
0.0447460073254960511
0.0447808598747281503
0.0448157124239602495
0.0448505649731923417
0.0448854175224244409
0.0449202700716565401
0.0449551226208886323
0.0449899751701207315
0.0450248277193528307
0.0450596802685849299
0.0450945328178170221
0.0451293853670491213
0.0451642379162812205
0.0451990904655133127
0.0452339430147454119
0.0452687955639775111
0.0453036481132096033
0.0453385006624417025
0.0453733532116738017
0.0454082057609059009
0.0454430583101379931
0.0454779108593700923
0.0455127634086021915
0.0455476159578342837
0.0455824685070663829
0.0456173210562984821
0.0456521736055305744
0.0456870261547626735
0.0457218787039947727
0.0457567312532268719
0.0457915838024589641
0.0458264363516910633
0.0458612889009231625
0.0458961414501552548
0.0459309939993873539
0.0459658465486194531
0.0460006990978515454
0.0460355516470836446
0.0460704041963157437
0.046105256745547836
0.0461401092947799352
0.0461749618440120344
0.0462098143932441335
0.0462446669424762258
0.046279519491708325
0.0463143720409404241
0.0463492245901725164
0.0463840771394046156
0.0464189296886367148
0.046453782237868807
0.0464886347871009062
0.0465234873363330054
0.0465583398855651046
0.0465931924347971968
0.046628044984029296
0.0466628975332613952
0.0466977500824934874
0.0467326026317255866
0.0467674551809576858
0.046802307730189778
0.0468371602794218772
0.0468720128286539764
0.0469068653778860756
0.0469417179271181678
0.046976570476350267
0.0470114230255823662
0.0470462755748144584
0.0470811281240465576
0.0471159806732786568
0.047150833222510749
0.0471856857717428482
0.0472205383209749474
0.0472553908702070397
0.0472902434194391388
0.047325095968671238
0.0473599485179033372
0.0473948010671354295
0.0474296536163675286
0.0474645061655996278
0.0474993587148317201
0.0475342112640638192
0.0475690638132959184
0.0476039163625280107
0.0476387689117601099
0.047673621460992209
0.0477084740102243082
0.0477433265594564005
0.0477781791086884997
0.0478130316579205988
0.0478478842071526911
0.0478827367563847903
0.0479175893056168895
0.0479524418548489817
0.0479872944040810809
0.0480221469533131801
0.0480569995025452792
0.0480918520517773715
0.0481267046010094707
0.0481615571502415699
0.0481964096994736621
0.0482312622487057613
0.0482661147979378605
0.0483009673471699527
0.0483358198964020519
0.0483706724456341511
0.0484055249948662433
0.0484403775440983425
0.0484752300933304417
0.0485100826425625409
0.0485449351917946331
0.0485797877410267323
0.0486146402902588315
0.0486494928394909237
0.0486843453887230229
0.0487191979379551221
0.0487540504871872143
0.0487889030364193135
0.0488237555856514127
0.0488586081348835119
0.0488934606841156041
0.0489283132333477033
0.0489631657825798025
0.0489980183318118948
0.0490328708810439939
0.0490677234302760931
0.0491025759795081854
0.0491374285287402846
0.0491722810779723837
0.049207133627204476
0.0492419861764365752
0.0492768387256686743
0.0493116912749007735
0.0493465438241328658
0.049381396373364965
0.0494162489225970641
0.0494511014718291564
0.0494859540210612556
0.0495208065702933548
0.049555659119525447
0.0495905116687575462
0.0496253642179896454
0.0496602167672217445
0.0496950693164538368
0.049729921865685936
0.0497647744149180352
0.0497996269641501274
0.0498344795133822266
0.0498693320626143258
0.049904184611846418
0.0499390371610785172
0.0499738897103106164
0.0500087422595427156
0.0500435948087748078
0.050078447358006907
0.0501132999072390062
0.0501481524564710984
0.0501830050057031976
0.0502178575549352968
0.050252710104167389
0.0502875626533994882
0.0503224152026315874
0.0503572677518636797
0.0503921203010957788
0.050426972850327878
0.0504618253995599772
0.0504966779487920694
0.0505315304980241686
0.0505663830472562678
0.0506012355964883601
0.0506360881457204592
0.0506709406949525584
0.0507057932441846507
0.0507406457934167499
0.050775498342648849
0.0508103508918809482
0.0508452034411130405
0.0508800559903451396
0.0509149085395772388
0.0509497610888093311
0.0509846136380414303
0.0510194661872735294
0.0510543187365056217
0.0510891712857377209
0.0511240238349698201
0.0511588763842019192
0.0511937289334340115
0.0512285814826661107
0.0512634340318982099
0.0512982865811303021
0.0513331391303624013
0.0513679916795945005
0.0514028442288265927
0.0514376967780586919
0.0514725493272907911
0.0515074018765228833
0.0515422544257549825
0.0515771069749870817
0.0516119595242191809
0.0516468120734512731
0.0516816646226833723
0.0517165171719154715
0.0517513697211475637
0.0517862222703796629
0.0518210748196117621
0.0518559273688438543
0.0518907799180759535
0.0519256324673080527
0.0519604850165401519
0.0519953375657722441
0.0520301901150043433
0.0520650426642364425
0.0520998952134685347
0.0521347477627006339
0.0521696003119327331
0.0522044528611648254
0.0522393054103969245
0.0522741579596290237
0.0523090105088611229
0.0523438630580932152
0.0523787156073253143
0.0524135681565574135
0.0524484207057895058
0.052483273255021605
0.0525181258042537041
0.0525529783534857964
0.0525878309027178956
0.0526226834519499947
0.052657536001182087
0.0526923885504141862
0.0527272410996462854
0.0527620936488783845
0.0527969461981104768
0.052831798747342576
0.0528666512965746752
0.0529015038458067674
0.0529363563950388666
0.0529712089442709658
0.053006061493503058
0.0530409140427351572
0.0530757665919672564
0.0531106191411993556
0.0531454716904314478
0.053180324239663547
0.0532151767888956462
0.0532500293381277384
0.0532848818873598376
0.0533197344365919368
0.053354586985824029
0.0533894395350561282
0.0534242920842882274
0.0534591446335203266
0.0534939971827524188
0.053528849731984518
0.0535637022812166172
0.0535985548304487094
0.0536334073796808086
0.0536682599289129078
0.0537031124781450001
0.0537379650273770992
0.0537728175766091984
0.0538076701258412907
0.0538425226750733898
0.053877375224305489
0.0539122277735375882
0.0539470803227696805
0.0539819328720017796
0.0540167854212338788
0.0540516379704659711
0.0540864905196980703
0.0541213430689301694
0.0541561956181622617
0.0541910481673943609
0.0542259007166264601
0.0542607532658585592
0.0542956058150906515
0.0543304583643227507
0.0543653109135548498
0.0544001634627869421
0.0544350160120190413
0.0544698685612511405
0.0545047211104832327
0.0545395736597153319
0.0545744262089474311
0.0546092787581795303
0.0546441313074116225
0.0546789838566437217
0.0547138364058758209
0.0547486889551079131
0.0547835415043400123
0.0548183940535721115
0.0548532466028042037
0.0548880991520363029
0.0549229517012684021
0.0549578042505004943
0.0549926567997325935
0.0550275093489646927
0.0550623618981967919
0.0550972144474288841
0.0551320669966609833
0.0551669195458930825
0.0552017720951251747
0.0552366246443572739
0.0552714771935893731
0.0553063297428214654
0.0553411822920535645
0.0553760348412856637
0.0554108873905177629
0.0554457399397498552
0.0554805924889819543
0.0555154450382140535
0.0555502975874461458
0.0555851501366782449
0.0556200026859103441
0.0556548552351424364
0.0556897077843745356
0.0557245603336066347
0.0557594128828387339
0.0557942654320708262
0.0558291179813029254
0.0558639705305350245
0.0558988230797671168
0.055933675628999216
0.0559685281782313152
0.0560033807274634074
0.0560382332766955066
0.0560730858259276058
0.056107938375159698
0.0561427909243917972
0.0561776434736238964
0.0562124960228559956
0.0562473485720880878
0.056282201121320187
0.0563170536705522862
0.0563519062197843784
0.0563867587690164776
0.0564216113182485768
0.056456463867480669
0.0564913164167127682
0.0565261689659448674
0.0565610215151769666
0.0565958740644090588
0.056630726613641158
0.0566655791628732572
0.0567004317121053494
0.0567352842613374486
0.0567701368105695478
0.05680498935980164
0.0568398419090337392
0.0568746944582658384
0.0569095470074979376
0.0569443995567300298
0.056979252105962129
0.0570141046551942282
0.0570489572044263205
0.0570838097536584196
0.0571186623028905188
0.0571535148521226111
0.0571883674013547103
0.0572232199505868094
0.0572580724998189017
0.0572929250490510009
0.0573277775982831
0.0573626301475151992
0.0573974826967472915
0.0574323352459793907
0.0574671877952114898
0.0575020403444435821
0.0575368928936756813
0.0575717454429077805
0.0576065979921398727
0.0576414505413719719
0.0576763030906040711
0.0577111556398361703
0.0577460081890682625
0.0577808607383003617
0.0578157132875324609
0.0578505658367645531
0.0578854183859966523
0.0579202709352287515
0.0579551234844608437
0.0579899760336929429
0.0580248285829250421
0.0580596811321571413
0.0580945336813892335
0.0581293862306213327
0.0581642387798534319
0.0581990913290855241
0.0582339438783176233
0.0582687964275497225
0.0583036489767818147
0.0583385015260139139
0.0583733540752460131
0.0584082066244781054
0.0584430591737102045
0.0584779117229423037
0.0585127642721744029
0.0585476168214064951
0.0585824693706385943
0.0586173219198706935
0.0586521744691027858
0.0586870270183348849
0.0587218795675669841
0.0587567321167990764
0.0587915846660311756
0.0588264372152632747
0.0588612897644953739
0.0588961423137274662
0.0589309948629595654
0.0589658474121916645
0.0590006999614237568
0.059035552510655856
0.0590704050598879551
0.0591052576091200474
0.0591401101583521466
0.0591749627075842458
0.0592098152568163449
0.0592446678060484372
0.0592795203552805364
0.0593143729045126356
0.0593492254537447278
0.059384078002976827
0.0594189305522089262
0.0594537831014410184
0.0594886356506731176
0.0595234881999052168
0.059558340749137309
0.0595931932983694082
0.0596280458476015074
0.0596628983968336066
0.0596977509460656988
0.059732603495297798
0.0597674560445298972
0.0598023085937619894
0.0598371611429940886
0.0598720136922261878
0.05990686624145828
0.0599417187906903792
0.0599765713399224784
0.0600114238891545776
0.0600462764383866698
0.060081128987618769
0.0601159815368508682
0.0601508340860829605
0.0601856866353150596
0.0602205391845471588
0.0602553917337792511
0.0602902442830113502
0.0603250968322434494
0.0603599493814755486
0.0603948019307076409
0.06042965447993974
0.0604645070291718392
0.0604993595784039315
0.0605342121276360307
0.0605690646768681298
0.0606039172261002221
0.0606387697753323213
0.0606736223245644204
0.0607084748737965127
0.0607433274230286119
0.0607781799722607111
0.0608130325214928102
0.0608478850707249025
0.0608827376199570017
0.0609175901691891009
0.0609524427184211931
0.0609872952676532923
0.0610221478168853915
0.0610570003661174837
0.0610918529153495829
0.0611267054645816821
0.0611615580138137813
0.0611964105630458735
0.0612312631122779727
0.0612661156615100719
0.0613009682107421641
0.0613358207599742633
0.0613706733092063625
0.0614055258584384547
0.0614403784076705539
0.0614752309569026531
0.0615100835061347523
0.0615449360553668445
0.0615797886045989437
0.0616146411538310429
0.0616494937030631351
0.0616843462522952343
0.0617191988015273335
0.0617540513507594258
0.0617889038999915249
0.0618237564492236241
0.0618586089984557164
0.0618934615476878155
0.0619283140969199147
0.0619631666461520139
0.0619980191953841062
0.0620328717446162053
0.0620677242938483045
0.0621025768430803968
0.062137429392312496
0.0621722819415445951
0.0622071344907766874
0.0622419870400087866
0.0622768395892408858
0.0623116921384729849
0.0623465446877050772
0.0623813972369371764
0.0624162497861692755
0.0624511023354013678
0.062485954884633467
0.0625208074338655662
0.0625556599830976584
0.0625905125323297645
0.0626253650815618568
0.062660217630793949
0.0626950701800260551
0.0627299227292581474
0.0627647752784902396
0.0627996278277223458
0.062834480376954438
0.0628693329261865302
0.0629041854754186364
0.0629390380246507286
0.0629738905738828209
0.063008743123114927
0.0630435956723470192
0.0630784482215791115
0.0631133007708112176
0.0631481533200433098
0.0631830058692754021
0.0632178584185075082
0.0632527109677396004
0.0632875635169717066
0.0633224160662037988
0.0633572686154358911
0.0633921211646679972
0.0634269737139000894
0.0634618262631321817
0.0634966788123642878
0.06353153136159638
0.0635663839108284723
0.0636012364600605784
0.0636360890092926706
0.0636709415585247629
0.063705794107756869
0.0637406466569889613
0.0637754992062210535
0.0638103517554531596
0.0638452043046852519
0.0638800568539173441
0.0639149094031494502
0.0639497619523815425
0.0639846145016136347
0.0640194670508457409
0.0640543196000778331
0.0640891721493099392
0.0641240246985420315
0.0641588772477741237
0.0641937297970062298
0.0642285823462383221
0.0642634348954704143
0.0642982874447025204
0.0643331399939346127
0.0643679925431667049
0.0644028450923988111
0.0644376976416309033
0.0644725501908629955
0.0645074027400951017
0.0645422552893271939
0.0645771078385592862
0.0646119603877913923
0.0646468129370234845
0.0646816654862555768
0.0647165180354876829
0.0647513705847197751
0.0647862231339518813
0.0648210756831839735
0.0648559282324160657
0.0648907807816481719
0.0649256333308802641
0.0649604858801123564
0.0649953384293444625
0.0650301909785765547
0.065065043527808647
0.0650998960770407531
0.0651347486262728453
0.0651696011755049376
0.0652044537247370437
0.065239306273969136
0.0652741588232012282
0.0653090113724333343
0.0653438639216654266
0.0653787164708975188
0.0654135690201296249
0.0654484215693617172
0.0654832741185938094
0.0655181266678259155
0.0655529792170580078
0.0655878317662901139
0.0656226843155222062
0.0656575368647542984
0.0656923894139864045
0.0657272419632184968
0.065762094512450589
0.0657969470616826951
0.0658317996109147874
0.0658666521601468796
0.0659015047093789857
0.065936357258611078
0.0659712098078431702
0.0660060623570752764
0.0660409149063073686
0.0660757674555394608
0.066110620004771567
0.0661454725540036592
0.0661803251032357515
0.0662151776524678576
0.0662500302016999498
0.0662848827509320421
0.0663197353001641482
0.0663545878493962404
0.0663894403986283466
0.0664242929478604388
0.0664591454970925311
0.0664939980463246372
0.0665288505955567294
0.0665637031447888217
0.0665985556940209278
0.06663340824325302
0.0666682607924851123
0.0667031133417172184
0.0667379658909493106
0.0667728184401814029
0.066807670989413509
0.0668425235386456013
0.0668773760878776935
0.0669122286371097996
0.0669470811863418919
0.0669819337355739841
0.0670167862848060902
0.0670516388340381825
0.0670864913832702886
0.0671213439325023808
0.0671561964817344731
0.0671910490309665792
0.0672259015801986715
0.0672607541294307637
0.0672956066786628698
0.0673304592278949621
0.0673653117771270543
0.0674001643263591604
0.0674350168755912527
0.0674698694248233449
0.0675047219740554511
0.0675395745232875433
0.0675744270725196355
0.0676092796217517417
0.0676441321709838339
0.0676789847202159262
0.0677138372694480323
0.0677486898186801245
0.0677835423679122168
0.0678183949171443229
0.0678532474663764151
0.0678881000156085213
0.0679229525648406135
0.0679578051140727057
0.0679926576633048119
0.0680275102125369041
0.0680623627617689964
0.0680972153110011025
0.0681320678602331947
0.068166920409465287
0.0682017729586973931
0.0682366255079294853
0.0682714780571615776
0.0683063306063936837
0.0683411831556257759
0.0683760357048578682
0.0684108882540899743
0.0684457408033220666
0.0684805933525541588
0.0685154459017862649
0.0685502984510183572
0.0685851510002504494
0.0686200035494825555
0.0686548560987146478
0.0686897086479467539
0.0687245611971788462
0.0687594137464109384
0.0687942662956430445
0.0688291188448751368
0.068863971394107229
0.0688988239433393351
0.0689336764925714274
0.0689685290418035196
0.0690033815910356257
0.069038234140267718
0.0690730866894998102
0.0691079392387319164
0.0691427917879640086
0.0691776443371961008
0.069212496886428207
0.0692473494356602992
0.0692822019848923915
0.0693170545341244976
0.0693519070833565898
0.0693867596325886959
0.0694216121818207882
0.0694564647310528804
0.0694913172802849866
0.0695261698295170788
0.069561022378749171
0.0695958749279812772
0.0696307274772133694
0.0696655800264454617
0.0697004325756775678
0.06973528512490966
0.0697701376741417523
0.0698049902233738584
0.0698398427726059506
0.0698746953218380429
0.069909547871070149
0.0699444004203022413
0.0699792529695343335
0.0700141055187664396
0.0700489580679985319
0.0700838106172306241
0.0701186631664627302
0.0701535157156948225
0.0701883682649269286
0.0702232208141590208
0.0702580733633911131
0.0702929259126232192
0.0703277784618553115
0.0703626310110874037
0.0703974835603195098
0.0704323361095516021
0.0704671886587836943
0.0705020412080158004
0.0705368937572478927
0.0705717463064799849
0.070606598855712091
0.0706414514049441833
0.0706763039541762755
0.0707111565034083817
0.0707460090526404739
0.0707808616018725661
0.0708157141511046723
0.0708505667003367645
0.0708854192495688568
0.0709202717988009629
0.0709551243480330551
0.0709899768972651612
0.0710248294464972535
0.0710596819957293457
0.0710945345449614519
0.0711293870941935441
0.0711642396434256364
0.0711990921926577425
0.0712339447418898347
0.071268797291121927
0.0713036498403540331
0.0713385023895861253
0.0713733549388182176
0.0714082074880503237
0.0714430600372824159
0.0714779125865145082
0.0715127651357466143
0.0715476176849787066
0.0715824702342107988
0.0716173227834429049
0.0716521753326749972
0.0716870278819071033
0.0717218804311391955
0.0717567329803712878
0.0717915855296033939
0.0718264380788354861
0.0718612906280675784
0.0718961431772996845
0.0719309957265317768
0.071965848275763869
0.0720007008249959751
0.0720355533742280674
0.0720704059234601596
0.0721052584726922657
0.072140111021924358
0.0721749635711564502
0.0722098161203885563
0.0722446686696206486
0.0722795212188527408
0.072314373768084847
0.0723492263173169392
0.0723840788665490315
0.0724189314157811376
0.0724537839650132298
0.0724886365142453359
0.0725234890634774282
0.0725583416127095204
0.0725931941619416266
0.0726280467111737188
0.072662899260405811
0.0726977518096379172
0.0727326043588700094
0.0727674569081021017
0.0728023094573342078
0.0728371620065663
0.0728720145557983923
0.0729068671050304984
0.0729417196542625906
0.0729765722034946829
0.073011424752726789
0.0730462773019588812
0.0730811298511909735
0.0731159824004230796
0.0731508349496551719
0.0731856874988872641
0.0732205400481193702
0.0732553925973514625
0.0732902451465835686
0.0733250976958156608
0.0733599502450477531
0.0733948027942798592
0.0734296553435119514
0.0734645078927440437
0.0734993604419761498
0.0735342129912082421
0.0735690655404403343
0.0736039180896724404
0.0736387706389045327
0.0736736231881366249
0.073708475737368731
0.0737433282866008233
0.0737781808358329155
0.0738130333850650217
0.0738478859342971139
0.0738827384835292061
0.0739175910327613123
0.0739524435819934045
0.0739872961312255106
0.0740221486804576029
0.0740570012296896951
0.0740918537789218012
0.0741267063281538935
0.0741615588773859857
0.0741964114266180919
0.0742312639758501841
0.0742661165250822763
0.0743009690743143825
0.0743358216235464747
0.074370674172778567
0.0744055267220106731
0.0744403792712427653
0.0744752318204748576
0.0745100843697069637
0.0745449369189390559
0.0745797894681711482
0.0746146420174032543
0.0746494945666353465
0.0746843471158674388
0.0747191996650995449
0.0747540522143316372
0.0747889047635637433
0.0748237573127958355
0.0748586098620279278
0.0748934624112600339
0.0749283149604921261
0.0749631675097242184
0.0749980200589563245
0.0750328726081884168
0.075067725157420509
0.0751025777066526151
0.0751374302558847074
0.0751722828051167996
0.0752071353543489057
0.075241987903580998
0.0752768404528130902
0.0753116930020451963
0.0753465455512772886
0.0753813981005093808
0.075416250649741487
0.0754511031989735792
0.0754859557482056714
0.0755208082974377776
0.0755556608466698698
0.0755905133959019759
0.0756253659451340682
0.0756602184943661604
0.0756950710435982665
0.0757299235928303588
0.075764776142062451
0.0757996286912945572
0.0758344812405266494
0.0758693337897587416
0.0759041863389908478
0.07593903888822294
0.0759738914374550323
0.0760087439866871384
0.0760435965359192306
0.0760784490851513229
0.076113301634383429
0.0761481541836155212
0.0761830067328476135
0.0762178592820797196
0.0762527118313118119
0.076287564380543918
0.0763224169297760102
0.0763572694790081025
0.0763921220282402086
0.0764269745774723008
0.0764618271267043931
0.0764966796759364992
0.0765315322251685914
0.0765663847744006837
0.0766012373236327898
0.0766360898728648821
0.0766709424220969743
0.0767057949713290804
0.0767406475205611727
0.0767755000697932649
0.076810352619025371
0.0768452051682574633
0.0768800577174895555
0.0769149102667216616
0.0769497628159537539
0.0769846153651858461
0.0770194679144179523
0.0770543204636500445
0.0770891730128821506
0.0771240255621142429
0.0771588781113463351
0.0771937306605784412
0.0772285832098105335
0.0772634357590426257
0.0772982883082747319
0.0773331408575068241
0.0773679934067389163
0.0774028459559710225
0.0774376985052031147
0.077472551054435207
0.0775074036036673131
0.0775422561528994053
0.0775771087021314976
0.0776119612513636037
0.0776468138005956959
0.0776816663498277882
0.0777165188990598943
0.0777513714482919865
0.0777862239975240788
0.0778210765467561849
0.0778559290959882772
0.0778907816452203833
0.0779256341944524755
0.0779604867436845678
0.0779953392929166739
0.0780301918421487661
0.0780650443913808584
0.0780998969406129645
0.0781347494898450567
0.078169602039077149
0.0782044545883092551
0.0782393071375413474
0.0782741596867734396
0.0783090122360055457
0.078343864785237638
0.0783787173344697302
0.0784135698837018363
0.0784484224329339286
0.0784832749821660208
0.078518127531398127
0.0785529800806302192
0.0785878326298623253
0.0786226851790944176
0.0786575377283265098
0.0786923902775586159
0.0787272428267907082
0.0787620953760228004
0.0787969479252549065
0.0788318004744869988
0.078866653023719091
0.0789015055729511972
0.0789363581221832894
0.0789712106714153816
0.0790060632206474878
0.07904091576987958
0.0790757683191116723
0.0791106208683437784
0.0791454734175758706
0.0791803259668079629
0.079215178516040069
0.0792500310652721612
0.0792848836145042535
0.0793197361637363596
0.0793545887129684518
0.079389441262200558
0.0794242938114326502
0.0794591463606647425
0.0794939989098968486
0.0795288514591289408
0.0795637040083610331
0.0795985565575931392
0.0796334091068252314
0.0796682616560573237
0.0797031142052894298
0.0797379667545215221
0.0797728193037536143
0.0798076718529857204
0.0798425244022178127
0.0798773769514499049
0.079912229500682011
0.0799470820499141033
0.0799819345991461955
0.0800167871483783016
0.0800516396976103939
0.0800864922468424861
0.0801213447960745923
0.0801561973453066845
0.0801910498945387906
0.0802259024437708829
0.0802607549930029751
0.0802956075422350812
0.0803304600914671735
0.0803653126406992657
0.0804001651899313718
0.0804350177391634641
0.0804698702883955563
0.0805047228376276625
0.0805395753868597547
0.0805744279360918469
0.0806092804853239531
0.0806441330345560453
0.0806789855837881376
0.0807138381330202437
0.0807486906822523359
0.0807835432314844282
0.0808183957807165343
0.0808532483299486265
0.0808881008791807188
0.0809229534284128249
0.0809578059776449172
0.0809926585268770233
0.0810275110761091155
0.0810623636253412078
0.0810972161745733139
0.0811320687238054061
0.0811669212730374984
0.0812017738222696045
0.0812366263715016967
0.081271478920733789
0.0813063314699658951
0.0813411840191979874
0.0813760365684300796
0.0814108891176621857
0.081445741666894278
0.0814805942161263702
0.0815154467653584763
0.0815502993145905686
0.0815851518638226608
0.0816200044130547669
0.0816548569622868592
0.0816897095115189653
0.0817245620607510576
0.0817594146099831498
0.0817942671592152559
0.0818291197084473482
0.0818639722576794404
0.0818988248069115465
0.0819336773561436388
0.081968529905375731
0.0820033824546078371
0.0820382350038399294
0.0820730875530720216
0.0821079401023041278
0.08214279265153622
0.0821776452007683123
0.0822124977500004184
0.0822473502992325106
0.0822822028484646029
0.082317055397696709
0.0823519079469288012
0.0823867604961608935
0.0824216130453929996
0.0824564655946250918
0.082491318143857198
0.0825261706930892902
0.0825610232423213825
0.0825958757915534886
0.0826307283407855808
0.0826655808900176731
0.0827004334392497792
0.0827352859884818714
0.0827701385377139637
0.0828049910869460698
0.082839843636178162
0.0828746961854102543
0.0829095487346423604
0.0829444012838744527
0.0829792538331065449
0.083014106382338651
0.0830489589315707433
0.0830838114808028355
0.0831186640300349416
0.0831535165792670339
0.0831883691284991261
0.0832232216777312322
0.0832580742269633245
0.0832929267761954306
0.0833277793254275229
0.0833626318746596151
0.0833974844238917212
0.0834323369731238135
0.0834671895223559057
0.0835020420715880118
0.0835368946208201041
0.0835717471700521963
0.0836065997192843025
0.0836414522685163947
0.0836763048177484869
0.0837111573669805931
0.0837460099162126853
0.0837808624654447776
0.0838157150146768837
0.0838505675639089759
0.0838854201131410682
0.0839202726623731743
0.0839551252116052665
0.0839899777608373727
0.0840248303100694649
0.0840596828593015571
0.0840945354085336633
0.0841293879577657555
0.0841642405069978478
0.0841990930562299539
0.0842339456054620461
0.0842687981546941384
0.0843036507039262445
0.0843385032531583367
0.084373355802390429
0.0844082083516225351
0.0844430609008546273
0.0844779134500867196
0.0845127659993188257
0.084547618548550918
0.0845824710977830102
0.0846173236470151163
0.0846521761962472086
0.0846870287454793008
0.0847218812947114069
0.0847567338439434992
0.0847915863931756053
0.0848264389424076976
0.0848612914916397898
0.0848961440408718959
0.0849309965901039882
0.0849658491393360804
0.0850007016885681865
0.0850355542378002788
0.085070406787032371
0.0851052593362644771
0.0851401118854965694
0.0851749644347286616
0.0852098169839607678
0.08524466953319286
0.0852795220824249522
0.0853143746316570584
0.0853492271808891506
0.0853840797301212429
0.085418932279353349
0.0854537848285854412
0.0854886373778175335
0.0855234899270496396
0.0855583424762817318
0.085593195025513838
0.0856280475747459302
0.0856629001239780224
0.0856977526732101286
0.0857326052224422208
0.0857674577716743131
0.0858023103209064192
0.0858371628701385114
0.0858720154193706037
0.0859068679686027098
0.085941720517834802
0.0859765730670668943
0.0860114256162990004
0.0860462781655310927
0.0860811307147631849
0.086115983263995291
0.0861508358132273833
0.0861856883624594755
0.0862205409116915816
0.0862553934609236739
0.08629024601015578
0.0863250985593878722
0.0863599511086199645
0.0863948036578520706
0.0864296562070841629
0.0864645087563162551
0.0864993613055483612
0.0865342138547804535
0.0865690664040125457
0.0866039189532446518
0.0866387715024767441
0.0866736240517088363
0.0867084766009409424
0.0867433291501730347
0.0867781816994051269
0.0868130342486372331
0.0868478867978693253
0.0868827393471014175
0.0869175918963335237
0.0869524444455656159
0.0869872969947977082
0.0870221495440298143
0.0870570020932619065
0.0870918546424940127
0.0871267071917261049
0.0871615597409581971
0.0871964122901903033
0.0872312648394223955
0.0872661173886544878
0.0873009699378865939
0.0873358224871186861
0.0873706750363507784
0.0874055275855828845
0.0874403801348149767
0.087475232684047069
0.0875100852332791751
0.0875449377825112673
0.0875797903317433596
0.0876146428809754657
0.087649495430207558
0.0876843479794396502
0.0877192005286717563
0.0877540530779038486
0.0877889056271359408
0.0878237581763680469
0.0878586107256001392
0.0878934632748322453
0.0879283158240643375
0.0879631683732964298
0.0879980209225285359
0.0880328734717606282
0.0880677260209927204
0.0881025785702248265
0.0881374311194569188
0.088172283668689011
0.0882071362179211171
0.0882419887671532094
0.0882768413163853016
0.0883116938656174078
0.0883465464148495
0.0883813989640815922
0.0884162515133136984
0.0884511040625457906
0.0884859566117778829
0.088520809161009989
0.0885556617102420812
0.0885905142594741873
0.0886253668087062796
0.0886602193579383718
0.088695071907170478
0.0887299244564025702
0.0887647770056346624
0.0887996295548667686
0.0888344821040988608
0.0888693346533309531
0.0889041872025630592
0.0889390397517951514
0.0889738923010272437
0.0890087448502593498
0.089043597399491442
0.0890784499487235343
0.0891133024979556404
0.0891481550471877326
0.0891830075964198249
0.089217860145651931
0.0892527126948840233
0.0892875652441161155
0.0893224177933482216
0.0893572703425803139
0.08939212289181242
0.0894269754410445122
0.0894618279902766045
0.0894966805395087106
0.0895315330887408029
0.0895663856379728951
0.0896012381872050012
0.0896360907364370935
0.0896709432856691857
0.0897057958349012918
0.0897406483841333841
0.0897755009333654763
0.0898103534825975824
0.0898452060318296747
0.0898800585810617669
0.0899149111302938731
0.0899497636795259653
0.0899846162287580575
0.0900194687779901637
0.0900543213272222559
0.0900891738764543482
0.0901240264256864543
0.0901588789749185465
0.0901937315241506526
0.0902285840733827449
0.0902634366226148371
0.0902982891718469433
0.0903331417210790355
0.0903679942703111277
0.0904028468195432339
0.0904376993687753261
0.0904725519180074184
0.0905074044672395245
0.0905422570164716167
0.090577109565703709
0.0906119621149358151
0.0906468146641679073
0.0906816672133999996
0.0907165197626321057
0.090751372311864198
0.0907862248610962902
0.0908210774103283963
0.0908559299595604886
0.0908907825087925947
0.0909256350580246869
0.0909604876072567792
0.0909953401564888853
0.0910301927057209775
0.0910650452549530698
0.0910998978041851759
0.0911347503534172682
0.0911696029026493604
0.0912044554518814665
0.0912393080011135588
0.091274160550345651
0.0913090130995777571
0.0913438656488098494
0.0913787181980419416
0.0914135707472740477
0.09144842329650614
0.0914832758457382322
0.0915181283949703384
0.0915529809442024306
0.0915878334934345228
0.091622686042666629
0.0916575385918987212
0.0916923911411308273
0.0917272436903629196
0.0917620962395950118
0.0917969487888271179
0.0918318013380592102
0.0918666538872913024
0.0919015064365234086
0.0919363589857555008
0.0919712115349875931
0.0920060640842196992
0.0920409166334517914
0.0920757691826838837
0.0921106217319159898
0.092145474281148082
0.0921803268303801743
0.0922151793796122804
0.0922500319288443726
0.0922848844780764649
0.092319737027308571
0.0923545895765406633
0.0923894421257727555
0.0924242946750048616
0.0924591472242369539
0.09249399977346906
0.0925288523227011522
0.0925637048719332445
0.0925985574211653506
0.0926334099703974428
0.0926682625196295351
0.0927031150688616412
0.0927379676180937335
0.0927728201673258257
0.0928076727165579318
0.0928425252657900241
0.0928773778150221163
0.0929122303642542224
0.0929470829134863147
0.0929819354627184069
0.093016788011950513
0.0930516405611826053
0.0930864931104146975
0.0931213456596468037
0.0931561982088788959
0.093191050758111002
0.0932259033073430943
0.0932607558565751865
0.0932956084058072926
0.0933304609550393849
0.0933653135042714771
0.0934001660535035833
0.0934350186027356755
0.0934698711519677677
0.0935047237011998739
0.0935395762504319661
0.0935744287996640584
0.0936092813488961645
0.0936441338981282567
0.093678986447360349
0.0937138389965924551
0.0937486915458245473
0.0937835440950566396
0.0938183966442887457
0.0938532491935208379
0.0938881017427529302
0.0939229542919850363
0.0939578068412171286
0.0939926593904492347
0.0940275119396813269
0.0940623644889134192
0.0940972170381455253
0.0941320695873776175
0.0941669221366097098
0.0942017746858418159
0.0942366272350739081
0.0942714797843060004
0.0943063323335381065
0.0943411848827701988
0.094376037432002291
0.0944108899812343971
0.0944457425304664894
0.0944805950796985816
0.0945154476289306877
0.09455030017816278
0.0945851527273948722
0.0946200052766269784
0.0946548578258590706
0.0946897103750911628
0.094724562924323269
0.0947594154735553612
0.0947942680227874673
0.0948291205720195596
0.0948639731212516518
0.0948988256704837579
0.0949336782197158502
0.0949685307689479424
0.0950033833181800486
0.0950382358674121408
0.095073088416644233
0.0951079409658763392
0.0951427935151084314
0.0951776460643405237
0.0952124986135726298
0.095247351162804722
0.0952822037120368143
0.0953170562612689204
0.0953519088105010126
0.0953867613597331049
0.095421613908965211
0.0954564664581973032
0.0954913190074294094
0.0955261715566615016
0.0955610241058935939
0.0955958766551257
0.0956307292043577922
0.0956655817535898845
0.0957004343028219906
0.0957352868520540828
0.0957701394012861751
0.0958049919505182812
0.0958398444997503735
0.0958746970489824657
0.0959095495982145718
0.0959444021474466641
0.0959792546966787563
0.0960141072459108624
0.0960489597951429547
0.0960838123443750469
0.096118664893607153
0.0961535174428392453
0.0961883699920713375
0.0962232225413034437
0.0962580750905355359
0.096292927639767642
0.0963277801889997343
0.0963626327382318265
0.0963974852874639326
0.0964323378366960249
0.0964671903859281171
0.0965020429351602232
0.0965368954843923155
0.0965717480336244077
0.0966066005828565139
0.0966414531320886061
0.0966763056813206983
0.0967111582305528045
0.0967460107797848967
0.096780863329016989
0.0968157158782490951
0.0968505684274811873
0.0968854209767132796
0.0969202735259453857
0.0969551260751774779
0.0969899786244095702
0.0970248311736416763
0.0970596837228737686
0.0970945362721058747
0.0971293888213379669
0.0971642413705700592
0.0971990939198021653
0.0972339464690342575
0.0972687990182663498
0.0973036515674984559
0.0973385041167305481
0.0973733566659626404
0.0974082092151947465
0.0974430617644268388
0.097477914313658931
0.0975127668628910371
0.0975476194121231294
0.0975824719613552216
0.0976173245105873277
0.09765217705981942
0.0976870296090515122
0.0977218821582836183
0.0977567347075157106
0.0977915872567478167
0.097826439805979909
0.0978612923552120012
0.0978961449044441073
0.0979309974536761996
0.0979658500029082918
0.0980007025521403979
0.0980355551013724902
0.0980704076506045824
0.0981052601998366886
0.0981401127490687808
0.098174965298300873
0.0982098178475329792
0.0982446703967650714
0.0982795229459971637
0.0983143754952292698
0.098349228044461362
0.0983840805936934543
0.0984189331429255604
0.0984537856921576526
0.0984886382413897449
0.098523490790621851
0.0985583433398539432
0.0985931958890860494
0.0986280484383181416
0.0986629009875502339
0.09869775353678234
0.0987326060860144322
0.0987674586352465245
0.0988023111844786306
0.0988371637337107228
0.0988720162829428151
0.0989068688321749212
0.0989417213814070134
0.0989765739306391057
0.0990114264798712118
0.0990462790291033041
0.0990811315783353963
0.0991159841275675024
0.0991508366767995947
0.0991856892260316869
0.099220541775263793
0.0992553943244958853
0.0992902468737279775
0.0993250994229600837
0.0993599519721921759
0.099394804521424282
0.0994296570706563743
0.0994645096198884665
0.0994993621691205726
0.0995342147183526649
0.0995690672675847571
0.0996039198168168632
0.0996387723660489555
0.0996736249152810477
0.0997084774645131539
0.0997433300137452461
0.0997781825629773383
0.0998130351122094445
0.0998478876614415367
0.099882740210673629
0.0999175927599057351
0.0999524453091378273
0.0999872978583699196
0.100022150407602026
0.100057002956834118
0.10009185550606621
0.100126708055298316
0.100161560604530409
0.100196413153762515
0.100231265702994607
0.100266118252226699
0.100300970801458805
0.100335823350690898
0.10037067589992299
0.100405528449155096
0.100440380998387188
0.10047523354761928
0.100510086096851387
0.100544938646083479
0.100579791195315571
0.100614643744547677
0.100649496293779769
0.100684348843011862
0.100719201392243968
0.10075405394147606
0.100788906490708152
0.100823759039940258
0.100858611589172351
0.100893464138404457
0.100928316687636549
0.100963169236868641
0.100998021786100747
0.10103287433533284
0.101067726884564932
0.101102579433797038
0.10113743198302913
0.101172284532261222
0.101207137081493329
0.101241989630725421
0.101276842179957513
0.101311694729189619
0.101346547278421711
0.101381399827653804
0.10141625237688591
0.101451104926118002
0.101485957475350094
0.1015208100245822
0.101555662573814293
0.101590515123046385
0.101625367672278491
0.101660220221510583
0.101695072770742689
0.101729925319974782
0.101764777869206874
0.10179963041843898
0.101834482967671072
0.101869335516903164
0.101904188066135271
0.101939040615367363
0.101973893164599455
0.102008745713831561
0.102043598263063653
0.102078450812295746
0.102113303361527852
0.102148155910759944
0.102183008459992036
0.102217861009224142
0.102252713558456235
0.102287566107688327
0.102322418656920433
0.102357271206152525
0.102392123755384618
0.102426976304616724
0.102461828853848816
0.102496681403080922
0.102531533952313014
0.102566386501545107
0.102601239050777213
0.102636091600009305
0.102670944149241397
0.102705796698473503
0.102740649247705595
0.102775501796937688
0.102810354346169794
0.102845206895401886
0.102880059444633978
0.102914911993866084
0.102949764543098177
0.102984617092330269
0.103019469641562375
0.103054322190794467
0.10308917474002656
0.103124027289258666
0.103158879838490758
0.103193732387722864
0.103228584936954956
0.103263437486187049
0.103298290035419155
0.103333142584651247
0.103367995133883339
0.103402847683115445
0.103437700232347538
0.10347255278157963
0.103507405330811736
0.103542257880043828
0.10357711042927592
0.103611962978508027
0.103646815527740119
0.103681668076972211
0.103716520626204317
0.103751373175436409
0.103786225724668502
0.103821078273900608
0.1038559308231327
0.103890783372364792
0.103925635921596898
0.103960488470828991
0.103995341020061097
0.104030193569293189
0.104065046118525281
0.104099898667757387
0.10413475121698948
0.104169603766221572
0.104204456315453678
0.10423930886468577
0.104274161413917862
0.104309013963149969
0.104343866512382061
0.104378719061614153
0.104413571610846259
0.104448424160078351
0.104483276709310444
0.10451812925854255
0.104552981807774642
0.104587834357006734
0.10462268690623884
0.104657539455470933
0.104692392004703025
0.104727244553935131
0.104762097103167223
0.104796949652399329
0.104831802201631422
0.104866654750863514
0.10490150730009562
0.104936359849327712
0.104971212398559804
0.105006064947791911
0.105040917497024003
0.105075770046256095
0.105110622595488201
0.105145475144720293
0.105180327693952386
0.105215180243184492
0.105250032792416584
0.105284885341648676
0.105319737890880782
0.105354590440112875
0.105389442989344967
0.105424295538577073
0.105459148087809165
0.105494000637041271
0.105528853186273364
0.105563705735505456
0.105598558284737562
0.105633410833969654
0.105668263383201746
0.105703115932433853
0.105737968481665945
0.105772821030898037
0.105807673580130143
0.105842526129362235
0.105877378678594328
0.105912231227826434
0.105947083777058526
0.105981936326290618
0.106016788875522724
0.106051641424754817
0.106086493973986909
0.106121346523219015
0.106156199072451107
0.1061910516216832
0.106225904170915306
0.106260756720147398
0.106295609269379504
0.106330461818611596
0.106365314367843689
0.106400166917075795
0.106435019466307887
0.106469872015539979
0.106504724564772085
0.106539577114004178
0.10657442966323627
0.106609282212468376
0.106644134761700468
0.10667898731093256
0.106713839860164666
0.106748692409396759
0.106783544958628851
0.106818397507860957
0.106853250057093049
0.106888102606325142
0.106922955155557248
0.10695780770478934
0.106992660254021432
0.107027512803253538
0.107062365352485631
0.107097217901717737
0.107132070450949829
0.107166923000181921
0.107201775549414027
0.10723662809864612
0.107271480647878212
0.107306333197110318
0.10734118574634241
0.107376038295574502
0.107410890844806609
0.107445743394038701
0.107480595943270793
0.107515448492502899
0.107550301041734991
0.107585153590967084
0.10762000614019919
0.107654858689431282
0.107689711238663374
0.10772456378789548
0.107759416337127573
0.107794268886359679
0.107829121435591771
0.107863973984823863
0.107898826534055969
0.107933679083288062
0.107968531632520154
0.10800338418175226
0.108038236730984352
0.108073089280216444
0.108107941829448551
0.108142794378680643
0.108177646927912735
0.108212499477144841
0.108247352026376933
0.108282204575609026
0.108317057124841132
0.108351909674073224
0.108386762223305316
0.108421614772537422
0.108456467321769515
0.108491319871001607
0.108526172420233713
0.108561024969465805
0.108595877518697911
0.108630730067930004
0.108665582617162096
0.108700435166394202
0.108735287715626294
0.108770140264858386
0.108804992814090493
0.108839845363322585
0.108874697912554677
0.108909550461786783
0.108944403011018875
0.108979255560250968
0.109014108109483074
0.109048960658715166
0.109083813207947258
0.109118665757179364
0.109153518306411457
0.109188370855643549
0.109223223404875655
0.109258075954107747
0.10929292850333984
0.109327781052571946
0.109362633601804038
0.109397486151036144
0.109432338700268236
0.109467191249500329
0.109502043798732435
0.109536896347964527
0.109571748897196619
0.109606601446428725
0.109641453995660818
0.10967630654489291
0.109711159094125016
0.109746011643357108
0.1097808641925892
0.109815716741821306
0.109850569291053399
0.109885421840285491
0.109920274389517597
0.109955126938749689
0.109989979487981782
0.110024832037213888
0.11005968458644598
0.110094537135678086
0.110129389684910178
0.110164242234142271
0.110199094783374377
0.110233947332606469
0.110268799881838561
0.110303652431070667
0.11033850498030276
0.110373357529534852
0.110408210078766958
0.11044306262799905
0.110477915177231142
0.110512767726463249
0.110547620275695341
0.110582472824927433
0.110617325374159539
0.110652177923391631
0.110687030472623724
0.11072188302185583
0.110756735571087922
0.110791588120320014
0.11082644066955212
0.110861293218784213
0.110896145768016319
0.110930998317248411
0.110965850866480503
0.111000703415712609
0.111035555964944702
0.111070408514176794
0.1111052610634089
0.111140113612640992
0.111174966161873084
0.111209818711105191
0.111244671260337283
0.111279523809569375
0.111314376358801481
0.111349228908033573
0.111384081457265666
0.111418934006497772
0.111453786555729864
0.111488639104961956
0.111523491654194062
0.111558344203426155
0.111593196752658247
0.111628049301890353
0.111662901851122445
0.111697754400354551
0.111732606949586644
0.111767459498818736
0.111802312048050842
0.111837164597282934
0.111872017146515026
0.111906869695747133
0.111941722244979225
0.111976574794211317
0.112011427343443423
0.112046279892675515
0.112081132441907608
0.112115984991139714
0.112150837540371806
0.112185690089603898
0.112220542638836004
0.112255395188068097
0.112290247737300189
0.112325100286532295
0.112359952835764387
0.112394805384996493
0.112429657934228586
0.112464510483460678
0.112499363032692784
0.112534215581924876
0.112569068131156969
0.112603920680389075
0.112638773229621167
0.112673625778853259
0.112708478328085365
0.112743330877317458
0.11277818342654955
0.112813035975781656
0.112847888525013748
0.11288274107424584
0.112917593623477946
0.112952446172710039
0.112987298721942131
0.113022151271174237
0.113057003820406329
0.113091856369638422
0.113126708918870528
0.11316156146810262
0.113196414017334726
0.113231266566566818
0.113266119115798911
0.113300971665031017
0.113335824214263109
0.113370676763495201
0.113405529312727307
0.1134403818619594
0.113475234411191492
0.113510086960423598
0.11354493950965569
0.113579792058887782
0.113614644608119889
0.113649497157351981
0.113684349706584073
0.113719202255816179
0.113754054805048271
0.113788907354280364
0.11382375990351247
0.113858612452744562
0.113893465001976654
0.11392831755120876
0.113963170100440853
0.113998022649672959
0.114032875198905051
0.114067727748137143
0.114102580297369249
0.114137432846601342
0.114172285395833434
0.11420713794506554
0.114241990494297632
0.114276843043529724
0.114311695592761831
0.114346548141993923
0.114381400691226015
0.114416253240458121
0.114451105789690213
0.114485958338922306
0.114520810888154412
0.114555663437386504
0.114590515986618596
0.114625368535850702
0.114660221085082795
0.114695073634314901
0.114729926183546993
0.114764778732779085
0.114799631282011191
0.114834483831243284
0.114869336380475376
0.114904188929707482
0.114939041478939574
0.114973894028171666
0.115008746577403773
0.115043599126635865
0.115078451675867957
0.115113304225100063
0.115148156774332155
0.115183009323564248
0.115217861872796354
0.115252714422028446
0.115287566971260538
0.115322419520492644
0.115357272069724737
0.115392124618956829
0.115426977168188935
0.115461829717421027
0.115496682266653133
0.115531534815885226
0.115566387365117318
0.115601239914349424
0.115636092463581516
0.115670945012813609
0.115705797562045715
0.115740650111277807
0.115775502660509899
0.115810355209742005
0.115845207758974098
0.11588006030820619
0.115914912857438296
0.115949765406670388
0.11598461795590248
0.116019470505134586
0.116054323054366679
0.116089175603598771
0.116124028152830877
0.116158880702062969
0.116193733251295062
0.116228585800527168
0.11626343834975926
0.116298290898991366
0.116333143448223458
0.116367995997455551
0.116402848546687657
0.116437701095919749
0.116472553645151841
0.116507406194383947
0.11654225874361604
0.116577111292848132
0.116611963842080238
0.11664681639131233
0.116681668940544422
0.116716521489776529
0.116751374039008621
0.116786226588240713
0.116821079137472819
0.116855931686704911
0.116890784235937004
0.11692563678516911
0.116960489334401202
0.116995341883633308
0.1170301944328654
0.117065046982097493
0.117099899531329599
0.117134752080561691
0.117169604629793783
0.117204457179025889
0.117239309728257982
0.117274162277490074
0.11730901482672218
0.117343867375954272
0.117378719925186364
0.117413572474418471
0.117448425023650563
0.117483277572882655
0.117518130122114761
0.117552982671346853
0.117587835220578946
0.117622687769811052
0.117657540319043144
0.117692392868275236
0.117727245417507342
0.117762097966739435
0.117796950515971541
0.117831803065203633
0.117866655614435725
0.117901508163667831
0.117936360712899924
0.117971213262132016
0.118006065811364122
0.118040918360596214
0.118075770909828306
0.118110623459060413
0.118145476008292505
0.118180328557524597
0.118215181106756703
0.118250033655988795
0.118284886205220888
0.118319738754452994
0.118354591303685086
0.118389443852917178
0.118424296402149284
0.118459148951381377
0.118494001500613469
0.118528854049845575
0.118563706599077667
0.118598559148309773
0.118633411697541866
0.118668264246773958
0.118703116796006064
0.118737969345238156
0.118772821894470249
0.118807674443702355
0.118842526992934447
0.118877379542166539
0.118912232091398645
0.118947084640630737
0.11898193718986283
0.119016789739094936
0.119051642288327028
0.11908649483755912
0.119121347386791226
0.119156199936023319
0.119191052485255411
0.119225905034487517
0.119260757583719609
0.119295610132951702
0.119330462682183808
0.1193653152314159
0.119400167780648006
0.119435020329880098
0.119469872879112191
0.119504725428344297
0.119539577977576389
0.119574430526808481
0.119609283076040587
0.11964413562527268
0.119678988174504772
0.119713840723736878
0.11974869327296897
0.119783545822201062
0.119818398371433169
0.119853250920665261
0.119888103469897353
0.119922956019129459
0.119957808568361551
0.119992661117593644
0.12002751366682575
0.120062366216057842
0.120097218765289948
0.12013207131452204
0.120166923863754133
0.120201776412986239
0.120236628962218331
0.120271481511450423
0.120306334060682529
0.120341186609914622
0.120376039159146714
0.12041089170837882
0.120445744257610912
0.120480596806843004
0.120515449356075111
0.120550301905307203
0.120585154454539295
0.120620007003771401
0.120654859553003493
0.120689712102235586
0.120724564651467692
0.120759417200699784
0.120794269749931876
0.120829122299163982
0.120863974848396075
0.120898827397628181
0.120933679946860273
0.120968532496092365
0.121003385045324471
0.121038237594556564
0.121073090143788656
0.121107942693020762
0.121142795242252854
0.121177647791484946
0.121212500340717053
0.121247352889949145
0.121282205439181237
0.121317057988413343
0.121351910537645435
0.121386763086877528
0.121421615636109634
0.121456468185341726
0.121491320734573818
0.121526173283805924
0.121561025833038017
0.121595878382270109
0.121630730931502215
0.121665583480734307
0.121700436029966413
0.121735288579198506
0.121770141128430598
0.121804993677662704
0.121839846226894796
0.121874698776126889
0.121909551325358995
0.121944403874591087
0.121979256423823179
0.122014108973055285
0.122048961522287377
0.12208381407151947
0.122118666620751576
0.122153519169983668
0.12218837171921576
0.122223224268447866
0.122258076817679959
0.122292929366912051
0.122327781916144157
0.122362634465376249
0.122397487014608355
0.122432339563840448
0.12246719211307254
0.122502044662304646
0.122536897211536738
0.122571749760768831
0.122606602310000937
0.122641454859233029
0.122676307408465121
0.122711159957697227
0.12274601250692932
0.122780865056161412
0.122815717605393518
0.12285057015462561
0.122885422703857702
0.122920275253089809
0.122955127802321901
0.122989980351553993
0.123024832900786099
0.123059685450018191
0.123094537999250284
0.12312939054848239
0.123164243097714482
0.123199095646946588
0.12323394819617868
0.123268800745410773
0.123303653294642879
0.123338505843874971
0.123373358393107063
0.123408210942339169
0.123443063491571262
0.123477916040803354
0.12351276859003546
0.123547621139267552
0.123582473688499644
0.123617326237731751
0.123652178786963843
0.123687031336195935
0.123721883885428041
0.123756736434660133
0.123791588983892226
0.123826441533124332
0.123861294082356424
0.123896146631588516
0.123930999180820622
0.123965851730052715
0.124000704279284821
0.124035556828516913
0.124070409377749005
0.124105261926981111
0.124140114476213204
0.124174967025445296
0.124209819574677402
0.124244672123909494
0.124279524673141586
0.124314377222373693
0.124349229771605785
0.124384082320837877
0.124418934870069983
0.124453787419302075
0.124488639968534168
0.124523492517766274
0.124558345066998366
0.124593197616230458
0.124628050165462564
0.124662902714694657
0.124697755263926763
0.124732607813158855
0.124767460362390947
0.124802312911623053
0.124837165460855146
0.124872018010087238
0.124906870559319344
0.124941723108551436
0.124976575657783529
0.125011428207015635
0.125046280756247713
0.125081133305479819
0.125115985854711925
0.125150838403944031
0.12518569095317611
0.125220543502408216
0.125255396051640322
0.1252902486008724
0.125325101150104506
0.125359953699336613
0.125394806248568691
0.125429658797800797
0.125464511347032903
0.125499363896264982
0.125534216445497088
0.125569068994729194
0.125603921543961272
0.125638774093193378
0.125673626642425484
0.125708479191657563
0.125743331740889669
0.125778184290121775
0.125813036839353853
0.12584788938858596
0.125882741937818066
0.125917594487050144
0.12595244703628225
0.125987299585514356
0.126022152134746435
0.126057004683978541
0.126091857233210647
0.126126709782442725
0.126161562331674831
0.126196414880906937
0.126231267430139016
0.126266119979371122
0.126300972528603228
0.126335825077835306
0.126370677627067413
0.126405530176299519
0.126440382725531597
0.126475235274763703
0.126510087823995809
0.126544940373227888
0.126579792922459994
0.1266146454716921
0.126649498020924206
0.126684350570156284
0.126719203119388391
0.126754055668620497
0.126788908217852575
0.126823760767084681
0.126858613316316787
0.126893465865548866
0.126928318414780972
0.126963170964013078
0.126998023513245156
0.127032876062477262
0.127067728611709369
0.127102581160941447
0.127137433710173553
0.127172286259405659
0.127207138808637737
0.127241991357869844
0.12727684390710195
0.127311696456334028
0.127346549005566134
0.12738140155479824
0.127416254104030319
0.127451106653262425
0.127485959202494531
0.127520811751726609
0.127555664300958715
0.127590516850190822
0.1276253693994229
0.127660221948655006
0.127695074497887112
0.127729927047119191
0.127764779596351297
0.127799632145583403
0.127834484694815481
0.127869337244047587
0.127904189793279693
0.127939042342511772
0.127973894891743878
0.128008747440975984
0.128043599990208062
0.128078452539440169
0.128113305088672275
0.128148157637904381
0.128183010187136459
0.128217862736368565
0.128252715285600671
0.12828756783483275
0.128322420384064856
0.128357272933296962
0.12839212548252904
0.128426978031761146
0.128461830580993253
0.128496683130225331
0.128531535679457437
0.128566388228689543
0.128601240777921622
0.128636093327153728
0.128670945876385834
0.128705798425617912
0.128740650974850018
0.128775503524082124
0.128810356073314203
0.128845208622546309
0.128880061171778415
0.128914913721010493
0.1289497662702426
0.128984618819474706
0.129019471368706784
0.12905432391793889
0.129089176467170996
0.129124029016403075
0.129158881565635181
0.129193734114867287
0.129228586664099365
0.129263439213331471
0.129298291762563577
0.129333144311795656
0.129367996861027762
0.129402849410259868
0.129437701959491946
0.129472554508724053
0.129507407057956159
0.129542259607188237
0.129577112156420343
0.129611964705652449
0.129646817254884528
0.129681669804116634
0.12971652235334874
0.129751374902580846
0.129786227451812924
0.129821080001045031
0.129855932550277137
0.129890785099509215
0.129925637648741321
0.129960490197973427
0.129995342747205506
0.130030195296437612
0.130065047845669718
0.130099900394901796
0.130134752944133902
0.130169605493366008
0.130204458042598087
0.130239310591830193
0.130274163141062299
0.130309015690294377
0.130343868239526484
0.13037872078875859
0.130413573337990668
0.130448425887222774
0.13048327843645488
0.130518130985686959
0.130552983534919065
0.130587836084151171
0.130622688633383249
0.130657541182615355
0.130692393731847462
0.13072724628107954
0.130762098830311646
0.130796951379543752
0.130831803928775831
0.130866656478007937
0.130901509027240043
0.130936361576472121
0.130971214125704227
0.131006066674936333
0.131040919224168412
0.131075771773400518
0.131110624322632624
0.131145476871864702
0.131180329421096808
0.131215181970328915
0.131250034519561021
0.131284887068793099
0.131319739618025205
0.131354592167257311
0.13138944471648939
0.131424297265721496
0.131459149814953602
0.13149400236418568
0.131528854913417786
0.131563707462649893
0.131598560011881971
0.131633412561114077
0.131668265110346183
0.131703117659578262
0.131737970208810368
0.131772822758042474
0.131807675307274552
0.131842527856506658
0.131877380405738764
0.131912232954970843
0.131947085504202949
0.131981938053435055
0.132016790602667133
0.13205164315189924
0.132086495701131346
0.132121348250363424
0.13215620079959553
0.132191053348827636
0.132225905898059715
0.132260758447291821
0.132295610996523927
0.132330463545756005
0.132365316094988111
0.132400168644220217
0.132435021193452296
0.132469873742684402
0.132504726291916508
0.132539578841148586
0.132574431390380693
0.132609283939612799
0.132644136488844877
0.132678989038076983
0.132713841587309089
0.132748694136541195
0.132783546685773274
0.13281839923500538
0.132853251784237486
0.132888104333469564
0.132922956882701671
0.132957809431933777
0.132992661981165855
0.133027514530397961
0.133062367079630067
0.133097219628862146
0.133132072178094252
0.133166924727326358
0.133201777276558436
0.133236629825790542
0.133271482375022648
0.133306334924254727
0.133341187473486833
0.133376040022718939
0.133410892571951017
0.133445745121183124
0.13348059767041523
0.133515450219647308
0.133550302768879414
0.13358515531811152
0.133620007867343599
0.133654860416575705
0.133689712965807811
0.133724565515039889
0.133759418064271995
0.133794270613504102
0.13382912316273618
0.133863975711968286
0.133898828261200392
0.133933680810432471
0.133968533359664577
0.134003385908896683
0.134038238458128761
0.134073091007360867
0.134107943556592973
0.134142796105825052
0.134177648655057158
0.134212501204289264
0.134247353753521342
0.134282206302753448
0.134317058851985555
0.134351911401217661
0.134386763950449739
0.134421616499681845
0.134456469048913951
0.13449132159814603
0.134526174147378136
0.134701350438048595
0.134876526728719026
0.135051703019389485
0.135226879310059944
0.135402055600730375
0.135577231891400835
0.135752408182071294
0.135927584472741725
0.136102760763412184
0.136277937054082643
0.136453113344753074
0.136628289635423533
0.136803465926093992
0.136978642216764451
0.137153818507434883
0.137328994798105342
0.137504171088775801
0.137679347379446232
0.137854523670116691
0.13802969996078715
0.138204876251457581
0.13838005254212804
0.138555228832798499
0.138730405123468931
0.13890558141413939
0.139080757704809849
0.13925593399548028
0.139431110286150739
0.139606286576821198
0.139781462867491629
0.139956639158162088
0.140131815448832547
0.140306991739503006
0.140482168030173438
0.140657344320843897
0.140832520611514356
0.141007696902184787
0.141182873192855246
0.141358049483525705
0.141533225774196136
0.141708402064866595
0.141883578355537054
0.142058754646207486
0.142233930936877945
0.142409107227548404
0.142584283518218835
0.142759459808889294
0.142934636099559753
0.143109812390230212
0.143284988680900643
0.143460164971571102
0.143635341262241562
0.143810517552911993
0.143985693843582452
0.144160870134252911
0.144336046424923342
0.144511222715593801
0.14468639900626426
0.144861575296934691
0.145036751587605151
0.14521192787827561
0.145387104168946041
0.1455622804596165
0.145737456750286959
0.145912633040957418
0.146087809331627849
0.146262985622298308
0.146438161912968767
0.146613338203639199
0.146788514494309658
0.146963690784980117
0.147138867075650548
0.147314043366321007
0.147489219656991466
0.147664395947661897
0.147839572238332356
0.148014748529002815
0.148189924819673247
0.148365101110343706
0.148540277401014165
0.148715453691684624
0.148890629982355055
0.149065806273025514
0.149240982563695973
0.149416158854366404
0.149591335145036863
0.149766511435707322
0.149941687726377754
0.150116864017048213
0.150292040307718672
0.150467216598389103
0.150642392889059562
0.150817569179730021
0.150992745470400452
0.151167921761070911
0.15134309805174137
0.151518274342411802
0.151693450633082261
0.15186862692375272
0.152043803214423179
0.15221897950509361
0.152394155795764069
0.152569332086434528
0.152744508377104959
0.152919684667775418
0.153094860958445877
0.153270037249116309
0.153445213539786768
0.153620389830457227
0.153795566121127658
0.153970742411798117
0.154145918702468576
0.154321094993139007
0.154496271283809467
0.154671447574479926
0.154846623865150385
0.155021800155820816
0.155196976446491275
0.155372152737161734
0.155547329027832165
0.155722505318502624
0.155897681609173083
0.156072857899843515
0.156248034190513974
0.156423210481184433
0.156598386771854864
0.156773563062525323
0.156948739353195782
0.157175067943807922
0.157401396534420063
0.157627725125032231
0.157854053715644371
0.158080382306256539
0.15830671089686868
0.15853303948748082
0.158759368078092988
0.158985696668705129
0.159212025259317269
0.159438353849929437
0.159664682440541578
0.159891011031153718
0.160117339621765886
0.160343668212378027
0.160569996802990167
0.160796325393602335
0.161022653984214476
0.161248982574826616
0.161475311165438784
0.161701639756050924
0.161927968346663065
0.162154296937275233
0.162380625527887373
0.162606954118499514
0.162833282709111682
0.163059611299723822
0.16328593989033599
0.163512268480948131
0.163738597071560271
0.163964925662172439
0.16419125425278458
0.16441758284339672
0.164643911434008888
0.164870240024621029
0.165096568615233169
0.165322897205845337
0.165549225796457478
0.165775554387069618
0.166001882977681786
0.166228211568293927
0.166454540158906067
0.166680868749518235
0.166907197340130375
0.167133525930742516
0.167359854521354684
0.167586183111966824
0.167812511702578993
0.168038840293191133
0.168265168883803273
0.168491497474415441
0.168717826065027582
0.168944154655639722
0.16917048324625189
0.169396811836864031
0.169623140427476171
0.169849469018088339
0.17007579760870048
0.17030212619931262
0.170528454789924788
0.170754783380536929
0.170981111971149069
0.171207440561761237
0.171433769152373378
0.171660097742985518
0.171886426333597686
0.172112754924209826
0.172339083514821995
0.172565412105434135
0.172791740696046275
0.173018069286658444
0.173244397877270584
0.173470726467882724
0.173697055058494892
0.173923383649107033
0.174149712239719173
0.174376040830331341
0.174602369420943482
0.174828698011555622
0.17505502660216779
0.175281355192779931
0.175507683783392071
0.175734012374004239
0.17596034096461638
0.17618666955522852
0.176412998145840688
0.176639326736452829
0.176865655327064969
0.177091983917677137
0.177318312508289277
0.177544641098901446
0.177770969689513586
0.177997298280125726
0.178223626870737895
0.178449955461350035
0.178676284051962175
0.178902612642574343
0.179128941233186484
0.179355269823798624
0.179581598414410792
0.179807927005022933
0.180034255595635073
0.180260584186247241
0.180486912776859382
0.180713241367471522
0.18093956995808369
0.181165898548695831
0.181392227139307971
0.181618555729920139
0.18184488432053228
0.182071212911144448
0.182297541501756588
0.182523870092368729
0.182750198682980897
0.182976527273593037
0.183202855864205177
0.183429184454817346
0.183655513045429486
0.183881841636041626
0.184108170226653794
0.184334498817265935
0.184560827407878075
0.184787155998490243
0.185013484589102384
0.185239813179714524
0.185466141770326692
0.185692470360938833
0.185918798951550973
0.186145127542163141
0.186371456132775282
0.186597784723387422
0.18682411331399959
0.187050441904611731
0.187276770495223899
0.187503099085836039
0.18772942767644818
0.187955756267060348
0.188182084857672488
0.188408413448284628
0.188634742038896797
0.188861070629508937
0.189087399220121077
0.189313727810733246
0.189540056401345386
0.189766384991957526
0.189992713582569694
0.190219042173181835
0.190445370763793975
0.190671699354406143
0.190898027945018284
0.191124356535630424
0.191350685126242592
0.191577013716854733
0.191803342307466901
0.192029670898079041
0.192255999488691182
0.19248232807930335
0.19270865666991549
0.192934985260527631
0.193161313851139799
0.193387642441751939
0.193613971032364079
0.193840299622976248
0.194066628213588388
0.194292956804200528
0.194519285394812697
0.194745613985424837
0.194971942576036977
0.195198271166649145
0.195424599757261286
0.195650928347873426
0.195877256938485594
0.196103585529097735
0.196329914119709903
0.196556242710322043
0.196782571300934184
0.197008899891546352
0.197235228482158492
0.197461557072770633
0.197687885663382801
0.197914214253994941
0.198140542844607082
0.19836687143521925
0.19859320002583139
0.19881952861644353
0.199045857207055699
0.199272185797667839
0.199498514388279979
0.199724842978892148
0.199951171569504288
0.200177500160116428
0.200403828750728596
0.200630157341340737
0.200856485931952877
0.201082814522565045
0.201309143113177186
0.201535471703789354
0.201761800294401494
0.201988128885013635
0.202214457475625803
0.202440786066237943
0.202667114656850084
0.202893443247462252
0.203119771838074392
0.203346100428686533
0.203572429019298701
0.203798757609910841
0.204025086200522981
0.20425141479113515
0.20447774338174729
0.20470407197235943
0.204930400562971599
0.205156729153583739
0.205383057744195879
0.205609386334808047
0.205835714925420188
0.206062043516032356
0.206288372106644496
0.206514700697256637
0.206741029287868805
0.206967357878480945
0.207193686469093086
0.207420015059705254
0.207646343650317394
0.207872672240929535
0.208099000831541703
0.208325329422153843
0.208551658012765984
0.208777986603378152
0.209004315193990292
0.209230643784602433
0.209456972375214601
0.209683300965826741
0.209909629556438881
0.21013595814705105
0.21036228673766319
0.21058861532827533
0.210814943918887499
0.211041272509499639
0.211267601100111807
0.211493929690723947
0.211720258281336088
0.211946586871948256
0.212172915462560396
0.212399244053172537
0.212625572643784705
0.212851901234396845
0.213078229825008986
0.213304558415621154
0.213530887006233294
0.213757215596845435
0.213983544187457603
0.214209872778069743
0.214436201368681884
0.214662529959294052
0.214888858549906192
0.215115187140518332
0.215341515731130501
0.215567844321742641
0.215794172912354809
0.21602050150296695
0.21624683009357909
0.216473158684191258
0.216699487274803398
0.216925815865415539
0.217152144456027707
0.217378473046639847
0.217604801637251988
0.217831130227864156
0.218057458818476296
0.218283787409088437
0.218510115999700605
0.218736444590312745
0.218962773180924886
0.219189101771537054
0.219415430362149194
0.219641758952761335
0.219868087543373503
0.220094416133985643
0.220320744724597783
0.220547073315209952
0.220773401905822092
0.22099973049643426
0.221226059087046401
0.221452387677658541
0.221678716268270709
0.221905044858882849
0.22213137344949499
0.222357702040107158
0.222584030630719298
0.222810359221331439
0.223036687811943607
0.223263016402555747
0.223489344993167888
0.223715673583780056
0.223942002174392196
0.224168330765004337
0.224394659355616505
0.224620987946228645
0.224847316536840786
0.225073645127452954
0.225299973718065094
0.225526302308677262
0.225752630899289403
0.225978959489901543
0.226205288080513711
0.226431616671125852
0.226657945261737992
0.22688427385235016
0.2271106024429623
0.22738581152757531
0.227661020612188347
0.227936229696801385
0.228211438781414394
0.228486647866027431
0.228761856950640441
0.229037066035253478
0.229312275119866488
0.229587484204479525
0.229862693289092535
0.230137902373705572
0.230413111458318581
0.230688320542931619
0.230963529627544628
0.231238738712157665
0.231513947796770675
0.231789156881383712
0.232064365965996722
0.232339575050609759
0.232614784135222796
0.232889993219835806
0.233165202304448843
0.233440411389061853
0.23371562047367489
0.233990829558287899
0.234266038642900937
0.234541247727513946
0.234816456812126984
0.235091665896739993
0.23536687498135303
0.23564208406596604
0.235917293150579077
0.236192502235192087
0.236467711319805124
0.236742920404418133
0.237018129489031171
0.237293338573644208
0.237568547658257218
0.237843756742870255
0.238118965827483264
0.238394174912096302
0.238669383996709311
0.238944593081322348
0.239219802165935358
0.239495011250548395
0.239770220335161405
0.240045429419774442
0.240320638504387452
0.240595847589000489
0.240871056673613498
0.241146265758226536
0.241421474842839545
0.241696683927452582
0.24197189301206562
0.242247102096678629
0.242522311181291667
0.242797520265904676
0.243072729350517713
0.243347938435130723
0.24362314751974376
0.24389835660435677
0.244173565688969807
0.244448774773582816
0.244723983858195854
0.244999192942808863
0.245274402027421901
0.24554961111203491
0.245824820196647947
0.246100029281260957
0.246375238365873994
0.246650447450487031
0.246925656535100041
0.247200865619713078
0.247476074704326088
0.247751283788939125
0.248026492873552135
0.248301701958165172
0.248576911042778181
0.248852120127391219
0.249127329212004228
0.249402538296617265
0.249677747381230275
0.249952956465843312
0.25022816555045635
0.250503374635069331
0.250778583719682369
0.251053792804295406
0.251329001888908443
0.25160421097352148
0.251879420058134462
0.2521546291427475
0.252429838227360537
0.252705047311973574
0.252980256396586556
0.253255465481199593
0.25353067456581263
0.253805883650425668
0.254086061091812143
0.254366238533198674
0.254646415974585205
0.254926593415971681
0.255206770857358212
0.255486948298744687
0.255767125740131218
0.256047303181517749
0.256327480622904225
0.256607658064290756
0.256887835505677287
0.257168012947063762
0.257448190388450293
0.257728367829836824
0.2580085452712233
0.258288722712609831
0.258568900153996306
0.258849077595382837
0.259129255036769368
0.259409432478155844
0.259689609919542375
0.259969787360928906
0.260249964802315381
0.260530142243701912
0.260810319685088443
0.261090497126474919
0.26137067456786145
0.261650852009247925
0.261931029450634456
0.262211206892020987
0.262491384333407463
0.262771561774793994
0.263051739216180525
0.263331916657567
0.263612094098953531
0.263892271540340062
0.264172448981726538
0.264452626423113069
0.264732803864499544
0.265012981305886075
0.265293158747272606
0.265573336188659082
0.265853513630045613
0.266133691071432144
0.266413868512818619
0.26669404595420515
0.266974223395591681
0.267254400836978157
0.267534578278364688
0.267814755719751163
0.268094933161137694
0.268375110602524225
0.268655288043910701
0.268935465485297232
0.269215642926683763
0.269495820368070238
0.269775997809456769
0.2700561752508433
0.270336352692229775
0.270616530133616306
0.270896707575002782
0.271176885016389313
0.271457062457775844
0.271737239899162319
0.27201741734054885
0.272297594781935381
0.272577772223321857
0.272857949664708388
0.273138127106094919
0.273418304547481394
0.273698481988867925
0.273978659430254401
0.274258836871640932
0.274539014313027463
0.274819191754413938
0.275099369195800469
0.275379546637187
0.275659724078573476
0.275939901519960007
0.276220078961346538
0.276500256402733013
0.276780433844119544
0.27706061128550602
0.277340788726892551
0.277620966168279082
0.277901143609665557
0.278181321051052088
0.278461498492438619
0.278741675933825095
0.279021853375211626
0.279302030816598157
0.279582208257984632
0.279862385699371163
0.280142563140757639
0.28042274058214417
0.280702918023530701
0.280983095464917176
0.281263272906303707
0.281543450347690238
0.281823627789076714
0.282103805230463245
0.282383982671849776
0.282664160113236251
0.282944337554622782
0.283224514996009258
0.283504692437395789
0.28378486987878232
0.284065047320168795
0.284345224761555326
0.284625402202941857
0.284905579644328333
0.285185757085714864
0.285465934527101395
0.28574611196848787
0.286026289409874401
0.286306466851260877
0.286586644292647408
0.286866821734033939
0.287146999175420414
0.287427176616806945
0.287707354058193476
0.287987531499579952
0.288267708940966483
0.288547886382353014
0.288828063823739489
0.28910824126512602
0.289388418706512496
0.289668596147899027
0.289948773589285558
0.290228951030672033
0.290509128472058564
0.290789305913445095
0.291069483354831571
0.291349660796218102
0.291629838237604633
0.291910015678991108
0.292190193120377639
0.292470370561764115
0.292750548003150646
0.293030725444537177
0.293310902885923652
0.293591080327310183
0.293871257768696714
0.29415143521008319
0.294431612651469721
0.294711790092856196
0.294991967534242727
0.295272144975629258
0.295552322417015734
0.295832499858402265
0.296112677299788796
0.296392854741175271
0.296673032182561802
0.296953209623948333
0.297233387065334809
0.29751356450672134
0.297793741948107815
0.298073919389494346
0.298354096830880877
0.298634274272267353
0.298914451713653884
0.299194629155040415
0.29947480659642689
0.299754984037813421
0.300035161479199952
0.300315338920586428
0.300595516361972959
0.300875693803359434
0.301155871244745965
0.301436048686132496
0.301716226127518972
0.301996403568905503
0.302276581010292034
0.302556758451678509
0.30283693589306504
0.303117113334451571
0.303397290775838047
0.303677468217224578
0.303957645658611053
0.304237823099997584
0.304518000541384115
0.304798177982770591
0.305078355424157122
0.305358532865543653
0.305638710306930128
0.305918887748316659
0.30619906518970319
0.306479242631089666
0.306759420072476197
0.307039597513862672
0.307319774955249203
0.307599952396635734
0.30788012983802221
0.308160307279408741
0.308440484720795272
0.308720662162181747
0.309000839603568278
0.309281017044954809
0.309561194486341285
0.309841371927727816
0.310121549369114291
0.310401726810500822
0.310681904251887353
0.310962081693273829
0.31124225913466036
0.311522436576046891
0.311802614017433366
0.312082791458819897
0.312362968900206428
0.312643146341592904
0.312923323782979435
0.31320350122436591
0.313483678665752441
0.313763856107138972
0.314044033548525447
0.314324210989911978
0.314604388431298509
0.314884565872684985
0.315164743314071516
0.315444920755458047
0.315725098196844522
0.316005275638231053
0.316285453079617529
0.31656563052100406
0.316845807962390591
0.317125985403777066
0.317406162845163597
0.317686340286550128
0.317966517727936604
0.318246695169323135
0.318526872610709666
0.318807050052096141
0.319087227493482672
0.319367404934869148
0.319647582376255679
0.31992775981764221
0.320207937259028685
0.320488114700415216
0.320768292141801747
0.321048469583188223
0.321328647024574754
0.321608824465961285
0.32188900190734776
0.322169179348734291
0.322449356790120767
0.322729534231507298
0.323009711672893829
0.323289889114280304
0.323570066555666835
0.323850243997053366
0.324130421438439842
0.324410598879826373
0.324690776321212904
0.324970953762599379
0.32525113120398591
0.325531308645372386
0.325811486086758917
0.326091663528145448
0.326371840969531923
0.326652018410918454
0.326932195852304985
0.327212373293691461
0.327492550735077992
0.327772728176464523
0.328052905617850998
0.328333083059237529
0.328613260500624005
0.328893437942010536
0.329173615383397067
0.329453792824783542
0.329733970266170073
0.330014147707556604
0.33029432514894308
0.330574502590329611
0.330854680031716142
0.331134857473102617
0.331415034914489148
0.331695212355875624
0.331975389797262155
0.332255567238648686
0.332535744680035161
0.332815922121421692
0.333096099562808223
0.333376277004194699
0.33365645444558123
0.333936631886967761
0.334216809328354236
0.334496986769740767
0.334777164211127243
0.335057341652513774
0.335337519093900305
0.33561769653528678
0.335897873976673311
0.336178051418059842
0.336458228859446318
0.336738406300832849
0.33701858374221938
0.337298761183605855
0.337578938624992386
0.337859116066378862
0.338139293507765393
0.338419470949151924
0.338699648390538399
0.33897982583192493
0.339260003273311461
0.339540180714697937
0.339820358156084468
0.340100535597470999
0.340380713038857474
0.340660890480244005
0.340941067921630481
0.341221245363017012
0.341501422804403543
0.341781600245790018
0.342061777687176549
0.34234195512856308
0.342622132569949556
0.342902310011336087
0.343182487452722618
0.343462664894109093
0.343742842335495624
0.3440230197768821
0.344303197218268631
0.344583374659655162
0.344863552101041637
0.345143729542428168
0.345423906983814699
0.345704084425201175
0.345984261866587706
0.346264439307974237
0.346544616749360712
0.346824794190747243
0.347104971632133719
0.34738514907352025
0.347665326514906781
0.347945503956293256
0.348225681397679787
0.348505858839066318
0.348786036280452794
0.349066213721839325
0.349346391163225856
0.349626568604612331
0.349906746045998862
0.350186923487385338
0.350467100928771869
0.3507472783701584
0.351027455811544875
0.351307633252931406
0.351587810694317937
0.351867988135704413
0.352148165577090944
0.352428343018477475
0.35270852045986395
0.352988697901250481
0.353268875342636957
0.353549052784023488
0.353829230225410019
0.354109407666796494
0.354389585108183025
0.354669762549569556
0.354949939990956032
0.355230117432342563
0.355510294873729094
0.355790472315115569
0.3560706497565021
0.356350827197888576
0.356631004639275107
0.356911182080661638
0.357191359522048113
0.357471536963434644
0.357751714404821175
0.358031891846207651
0.358312069287594182
0.358592246728980713
0.358872424170367188
0.359152601611753719
0.359432779053140194
0.359712956494526725
0.359993133935913256
0.360273311377299732
0.360553488818686263
0.360833666260072794
0.361113843701459269
0.3613940211428458
0.361674198584232331
0.361954376025618807
0.362234553467005338
0.362514730908391813
0.362794908349778344
0.363075085791164875
0.363355263232551351
0.363635440673937882
0.363915618115324413
0.364195795556710888
0.364475972998097419
0.36475615043948395
0.365036327880870426
0.365316505322256957
0.365596682763643432
0.365876860205029963
0.366157037646416494
0.36643721508780297
0.366717392529189501
0.366997569970576032
0.367277747411962507
0.367557924853349038
0.367838102294735514
0.368118279736122045
0.368398457177508576
0.368678634618895051
0.368958812060281582
0.369238989501668113
0.369519166943054589
0.36979934438444112
0.370079521825827651
0.370359699267214126
0.370639876708600657
0.370920054149987133
0.371200231591373664
0.371480409032760195
0.37176058647414667
0.372040763915533201
0.372320941356919732
0.372601118798306208
0.372881296239692739
0.37316147368107927
0.373441651122465745
0.373721828563852276
0.374002006005238752
0.374282183446625283
0.374562360888011814
0.374842538329398289
0.37512271577078482
0.375402893212171351
0.375683070653557827
0.375963248094944358
0.376243425536330889
0.376523602977717364
0.376803780419103895
0.377083957860490371
0.377364135301876902
0.377644312743263433
0.377924490184649908
0.378204667626036439
0.37848484506742297
0.378765022508809446
0.379045199950195977
0.379325377391582508
0.379605554832968983
0.379885732274355514
0.38016590971574199
0.380446087157128521
0.380726264598515052
0.381006442039901527
0.381286619481288058
0.381566796922674589
0.381846974364061065
0.382127151805447596
0.382407329246834127
0.382687506688220602
0.382967684129607133
0.383247861570993609
0.38352803901238014
0.383808216453766671
0.384088393895153146
0.384368571336539677
0.384648748777926208
0.384928926219312684
0.385209103660699215
0.385489281102085746
0.385769458543472221
0.386049635984858752
0.386329813426245228
0.386609990867631759
0.38689016830901829
0.387170345750404765
0.387450523191791296
0.387730700633177827
0.388010878074564303
0.388291055515950834
0.388571232957337365
0.38885141039872384
0.389131587840110371
0.389411765281496847
0.389691942722883378
0.389972120164269909
0.390252297605656384
0.390532475047042915
0.390812652488429446
0.391092829929815922
0.391373007371202453
0.391653184812588984
0.391933362253975459
0.39221353969536199
0.392493717136748466
0.392773894578134997
0.393054072019521528
0.393334249460908003
0.393614426902294534
0.393894604343681065
0.394174781785067541
0.394454959226454072
0.394735136667840603
0.395015314109227078
0.395295491550613609
0.395575668992000085
0.395855846433386616
0.396136023874773147
0.396416201316159622
0.396696378757546153
0.396976556198932684
0.39725673364031916
0.397536911081705691
0.397817088523092222
0.398097265964478697
0.398377443405865228
0.398657620847251704
0.398937798288638235
0.399217975730024766
0.399498153171411241
0.399778330612797772
0.400058508054184303
0.400338685495570779
0.40061886293695731
0.400899040378343841
0.401179217819730316
0.401459395261116847
0.401739572702503323
0.402019750143889854
0.402299927585276385
0.40258010502666286
0.402860282468049391
0.403140459909435922
0.403420637350822398
0.403700814792208929
0.40398099223359546
0.404261169674981935
0.404541347116368466
0.404821524557754941
0.405101701999141472
0.405381879440528003
0.405662056881914479
0.40594223432330101
0.406222411764687541
0.406502589206074016
0.406782766647460547
0.407062944088847078
0.407343121530233554
0.407623298971620085
0.40790347641300656
0.408183653854393091
0.408463831295779622
0.408744008737166098
0.409024186178552629
0.40930436361993916
0.409584541061325635
0.409864718502712166
0.410144895944098697
0.410425073385485173
0.410705250826871704
0.410985428268258179
0.41126560570964471
0.411545783151031241
0.411825960592417717
0.412106138033804248
0.412386315475190779
0.412666492916577254
0.412946670357963785
0.413226847799350316
0.413507025240736792
0.413787202682123323
0.414067380123509798
0.414347557564896329
0.41462773500628286
0.414907912447669336
0.415188089889055867
0.415468267330442398
0.415748444771828873
0.416028622213215404
0.416308799654601935
0.416588977095988411
0.416869154537374942
0.417149331978761417
0.417429509420147948
0.417709686861534479
0.417989864302920955
0.418270041744307486
0.418550219185694017
0.418830396627080492
0.419110574068467023
0.419390751509853554
0.41967092895124003
0.419951106392626561
0.420231283834013036
0.420511461275399567
0.420791638716786098
0.421071816158172574
0.421351993599559105
0.421632171040945636
0.421912348482332111
0.422192525923718642
0.422472703365105173
0.422752880806491649
0.42303305824787818
0.423313235689264655
0.423593413130651186
0.423873590572037717
0.424153768013424193
0.424433945454810724
0.424714122896197255
0.42499430033758373
0.425274477778970261
0.425554655220356792
0.425834832661743268
0.426115010103129799
0.426395187544516274
0.426675364985902805
0.426955542427289336
0.427235719868675812
0.427515897310062343
0.427796074751448874
0.428076252192835349
0.42835642963422188
0.428636607075608411
0.428916784516994887
0.429196961958381418
0.429477139399767893
0.429757316841154424
0.430037494282540955
0.430317671723927431
0.430597849165313962
0.430878026606700493
0.431158204048086968
0.431438381489473499
0.43171855893086003
0.431998736372246506
0.432278913813633037
0.432559091255019512
0.432839268696406043
0.433165758437904225
0.433492248179402351
0.433818737920900532
0.434145227662398714
0.43447171740389684
0.434798207145395021
0.435124696886893148
0.435451186628391329
0.435777676369889511
0.436104166111387637
0.436430655852885818
0.436757145594384
0.437083635335882126
0.437410125077380307
0.437736614818878489
0.438063104560376615
0.438389594301874796
0.438716084043372923
0.439042573784871104
0.439369063526369286
0.439695553267867412
0.440022043009365593
0.440348532750863775
0.440675022492361901
0.441001512233860082
0.441328001975358208
0.44165449171685639
0.441980981458354572
0.442307471199852698
0.442633960941350879
0.442960450682849061
0.443286940424347187
0.443613430165845368
0.443939919907343494
0.444266409648841676
0.444592899390339857
0.444919389131837983
0.445245878873336165
0.445572368614834347
0.445898858356332473
0.446225348097830654
0.446551837839328836
0.446878327580826962
0.447204817322325143
0.447531307063823269
0.447857796805321451
0.448184286546819632
0.448510776288317758
0.44883726602981594
0.449163755771314122
0.449490245512812248
0.449816735254310429
0.450143224995808555
0.450469714737306737
0.450796204478804918
0.451122694220303044
0.451449183961801226
0.451775673703299407
0.452102163444797533
0.452428653186295715
0.452755142927793897
0.453081632669292023
0.453408122410790204
0.45373461215228833
0.454061101893786512
0.454387591635284693
0.454714081376782819
0.455040571118281001
0.455367060859779182
0.455693550601277308
0.45602004034277549
0.456346530084273616
0.456673019825771798
0.456999509567269979
0.457325999308768105
0.457652489050266287
0.457978978791764468
0.458305468533262594
0.458631958274760776
0.458958448016258902
0.459284937757757084
0.459611427499255265
0.459937917240753391
0.460264406982251573
0.460590896723749754
0.46091738646524788
0.461243876206746062
0.461570365948244243
0.461896855689742369
0.462223345431240551
0.462549835172738677
0.462876324914236859
0.46320281465573504
0.463529304397233166
0.463855794138731348
0.464182283880229529
0.464508773621727655
0.464835263363225837
0.465161753104723963
0.465488242846222144
0.465814732587720326
0.466141222329218452
0.466467712070716634
0.466794201812214815
0.467120691553712941
0.467447181295211123
0.467773671036709304
0.46810016077820743
0.468426650519705612
0.468753140261203738
0.469079630002701919
0.469406119744200101
0.469732609485698227
0.470059099227196409
0.47038558896869459
0.470712078710192716
