[bb] nodes=1 open=0 incumbent=- node_bound=-inf depth=0 gap=-1 t=0.0001846s (lp 0 cuts 0 heur 0 branch 0)
[bb] nodes=2 open=1 incumbent=45879.977930 node_bound=38893.9 depth=1 gap=0.152268 t=0.0266264s (lp 0.0018053 cuts 0.0007038 heur 0.0094649 branch 0.0139042)
[bb] nodes=3 open=2 incumbent=45879.977930 node_bound=38901 depth=2 gap=0.152114 t=0.0431518s (lp 0.0025838 cuts 0.0015951 heur 0.0095981 branch 0.0280558)
[bb] nodes=4 open=3 incumbent=45879.977930 node_bound=38933.7 depth=3 gap=0.151402 t=0.0592531s (lp 0.0036988 cuts 0.0024504 heur 0.0097358 branch 0.0415554)
[bb] nodes=5 open=4 incumbent=45879.977930 node_bound=38959.5 depth=4 gap=0.150839 t=0.0730927s (lp 0.0042863 cuts 0.0032228 heur 0.0098481 branch 0.0534035)
[bb] nodes=6 open=5 incumbent=45879.977930 node_bound=39031.2 depth=5 gap=0.149276 t=0.0845217s (lp 0.0048692 cuts 0.0040419 heur 0.0099691 branch 0.0629729)
[bb] nodes=7 open=6 incumbent=45879.977930 node_bound=39090.5 depth=6 gap=0.147984 t=0.0996493s (lp 0.0055099 cuts 0.0041841 heur 0.0100916 branch 0.0767704)
[bb] nodes=8 open=7 incumbent=45879.977930 node_bound=39092.7 depth=7 gap=0.147936 t=0.108496s (lp 0.0061741 cuts 0.004332 heur 0.0102161 branch 0.0842111)
[bb] nodes=9 open=8 incumbent=45879.977930 node_bound=39097 depth=8 gap=0.147843 t=0.122513s (lp 0.0067656 cuts 0.0044732 heur 0.0103446 branch 0.0970026)
[bb] nodes=10 open=9 incumbent=45879.977930 node_bound=39106.1 depth=9 gap=0.147643 t=0.131703s (lp 0.0073633 cuts 0.0046098 heur 0.0104638 branch 0.104838)
[bb] nodes=11 open=10 incumbent=45879.977930 node_bound=39115.8 depth=10 gap=0.147432 t=0.145386s (lp 0.0079751 cuts 0.0047479 heur 0.0105794 branch 0.117196)
[bb] nodes=12 open=11 incumbent=45879.977930 node_bound=39132.8 depth=11 gap=0.147062 t=0.154532s (lp 0.0085659 cuts 0.0048896 heur 0.0106995 branch 0.125157)
[bb] nodes=13 open=12 incumbent=45879.977930 node_bound=39141.9 depth=12 gap=0.146864 t=0.167635s (lp 0.0090934 cuts 0.0050343 heur 0.0108223 branch 0.137098)
[bb] nodes=14 open=13 incumbent=45879.977930 node_bound=39152.7 depth=13 gap=0.146628 t=0.174882s (lp 0.0097158 cuts 0.0051739 heur 0.0109357 branch 0.143115)
[bb] nodes=15 open=14 incumbent=45879.977930 node_bound=39189.4 depth=14 gap=0.145827 t=0.181226s (lp 0.0103272 cuts 0.0053113 heur 0.0110541 branch 0.147834)
[bb] nodes=16 open=15 incumbent=45879.977930 node_bound=39264.1 depth=15 gap=0.1442 t=0.189251s (lp 0.0109492 cuts 0.0054491 heur 0.0111726 branch 0.154537)
[bb] nodes=17 open=16 incumbent=45879.977930 node_bound=39283 depth=16 gap=0.143789 t=0.193978s (lp 0.0115132 cuts 0.0055881 heur 0.0112919 branch 0.158035)
[bb] nodes=18 open=17 incumbent=45879.977930 node_bound=39297.9 depth=17 gap=0.143462 t=0.199954s (lp 0.0120892 cuts 0.005726 heur 0.0114144 branch 0.162807)
[bb] nodes=19 open=18 incumbent=45879.977930 node_bound=39301.6 depth=18 gap=0.143382 t=0.206967s (lp 0.0126498 cuts 0.005866 heur 0.0115311 branch 0.168625)
[bb] nodes=20 open=19 incumbent=45879.977930 node_bound=39309.7 depth=19 gap=0.143205 t=0.211162s (lp 0.0131597 cuts 0.0060108 heur 0.0116472 branch 0.171722)
[bb] nodes=500 open=479 incumbent=40938.621111 node_bound=40555.8 depth=33 gap=0.00935098 t=1.3913s (lp 0.379318 cuts 0.0988508 heur 0.172622 branch 0.588241)
[bb] nodes=1000 open=947 incumbent=40938.621111 node_bound=40421.8 depth=34 gap=0.0126239 t=2.0596s (lp 0.686913 cuts 0.175812 heur 0.342816 branch 0.60183)
[bb] nodes=1500 open=1405 incumbent=40938.621111 node_bound=40389.1 depth=38 gap=0.0134222 t=2.68412s (lp 1.00086 cuts 0.252514 heur 0.475777 branch 0.607943)
[bb] nodes=2000 open=1867 incumbent=40938.621111 node_bound=40419.2 depth=31 gap=0.0126874 t=3.39659s (lp 1.33231 cuts 0.338484 heur 0.657258 branch 0.615651)
[bb] nodes=2500 open=2327 incumbent=40938.621111 node_bound=39916 depth=23 gap=0.0249802 t=4.03006s (lp 1.65955 cuts 0.415612 heur 0.776122 branch 0.622054)
[bb] nodes=3000 open=2795 incumbent=40938.621111 node_bound=40120.8 depth=32 gap=0.0199775 t=4.66576s (lp 1.96618 cuts 0.495114 heur 0.896883 branch 0.650747)
[bb] nodes=3500 open=3251 incumbent=40938.621111 node_bound=39288.7 depth=11 gap=0.0403012 t=5.5601s (lp 2.39236 cuts 0.600481 heur 1.10385 branch 0.658881)
[bb] nodes=4000 open=3707 incumbent=40927.474668 node_bound=40476.8 depth=32 gap=0.0110115 t=6.37827s (lp 2.7758 cuts 0.688744 heur 1.30575 branch 0.680179)
[bb] nodes=4500 open=4155 incumbent=40121.912263 node_bound=39517.6 depth=19 gap=0.0150616 t=7.08559s (lp 3.1282 cuts 0.777154 heur 1.44992 branch 0.686864)
[bb] nodes=5000 open=4575 incumbent=40121.912263 node_bound=39111.7 depth=16 gap=0.0251789 t=7.76694s (lp 3.46956 cuts 0.86149 heur 1.58813 branch 0.695539)
[bb] nodes=5500 open=4997 incumbent=40121.912263 node_bound=39964.8 depth=26 gap=0.00391602 t=8.39838s (lp 3.78872 cuts 0.939207 heur 1.71042 branch 0.701513)
[bb] nodes=6000 open=5421 incumbent=40121.912263 node_bound=39334.3 depth=19 gap=0.0196309 t=9.03378s (lp 4.12372 cuts 1.01319 heur 1.82867 branch 0.707443)
[bb] nodes=6500 open=5841 incumbent=40121.912263 node_bound=39792.2 depth=29 gap=0.00821805 t=9.65723s (lp 4.42875 cuts 1.0891 heur 1.96134 branch 0.715244)
[bb] nodes=7000 open=6259 incumbent=40121.912263 node_bound=39514.1 depth=23 gap=0.0151503 t=10.2525s (lp 4.74035 cuts 1.16468 heur 2.06746 branch 0.721431)
[bb] nodes=7500 open=6663 incumbent=40121.912263 node_bound=39918.4 depth=23 gap=0.00507205 t=10.9147s (lp 5.0744 cuts 1.24336 heur 2.19813 branch 0.728502)
[bb] nodes=8000 open=7085 incumbent=40121.912263 node_bound=39516.1 depth=20 gap=0.0151002 t=11.5315s (lp 5.39336 cuts 1.31999 heur 2.31322 branch 0.73445)
[bb] nodes=8500 open=7491 incumbent=40121.912263 node_bound=39918.7 depth=24 gap=0.00506531 t=12.1887s (lp 5.71677 cuts 1.403 heur 2.45435 branch 0.740702)
[bb] nodes=9000 open=7907 incumbent=40121.912263 node_bound=40003.6 depth=23 gap=0.00294928 t=12.8615s (lp 6.06082 cuts 1.48747 heur 2.57701 branch 0.747299)
[bb] nodes=9500 open=8321 incumbent=40121.912263 node_bound=39971 depth=17 gap=0.00376056 t=13.5941s (lp 6.42957 cuts 1.57084 heur 2.72928 branch 0.754699)
[bb] nodes=10000 open=8725 incumbent=40121.912263 node_bound=39241.6 depth=10 gap=0.0219414 t=14.2085s (lp 6.74289 cuts 1.64564 heur 2.85131 branch 0.760753)
[bb] nodes=10500 open=9135 incumbent=40121.912263 node_bound=40076.3 depth=30 gap=0.00113659 t=14.8024s (lp 7.04974 cuts 1.72194 heur 2.96562 branch 0.766434)
[bb] nodes=11000 open=9551 incumbent=40121.912263 node_bound=39592 depth=22 gap=0.0132063 t=15.4437s (lp 7.36937 cuts 1.80168 heur 3.09974 branch 0.771929)
[bb] nodes=11500 open=9947 incumbent=40121.912263 node_bound=39592.8 depth=17 gap=0.0131877 t=16.049s (lp 7.68792 cuts 1.87429 heur 3.21141 branch 0.777697)
[bb] nodes=12000 open=10355 incumbent=40121.912263 node_bound=39339.6 depth=17 gap=0.0194991 t=16.6297s (lp 7.99061 cuts 1.94897 heur 3.31279 branch 0.783071)
[bb] nodes=12500 open=10745 incumbent=40121.912263 node_bound=39282.4 depth=14 gap=0.0209251 t=17.4228s (lp 8.39972 cuts 2.04653 heur 3.45732 branch 0.789898)
[bb] nodes=13000 open=11163 incumbent=40121.912263 node_bound=39903.4 depth=30 gap=0.00544542 t=18.0795s (lp 8.73945 cuts 2.12482 heur 3.58737 branch 0.796635)
[bb] nodes=13500 open=11569 incumbent=40121.912263 node_bound=39713.1 depth=24 gap=0.0101885 t=18.6739s (lp 9.04273 cuts 2.19893 heur 3.69915 branch 0.801914)
[bb] nodes=14000 open=11981 incumbent=40121.912263 node_bound=40117.1 depth=25 gap=0.000120313 t=19.6177s (lp 9.51384 cuts 2.31334 heur 3.87923 branch 0.810419)
[bb] nodes=14500 open=12381 incumbent=40121.912263 node_bound=40119 depth=30 gap=7.22042e-005 t=20.212s (lp 9.82186 cuts 2.38702 heur 3.98601 branch 0.816891)
[bb] nodes=15000 open=12783 incumbent=40121.912263 node_bound=39584.8 depth=23 gap=0.013387 t=20.8084s (lp 10.1283 cuts 2.46403 heur 4.09873 branch 0.822738)
[bb] nodes=15500 open=13189 incumbent=40121.912263 node_bound=39731 depth=15 gap=0.00974337 t=21.4201s (lp 10.4473 cuts 2.54235 heur 4.20415 branch 0.829338)
[bb] nodes=16000 open=13589 incumbent=40121.912263 node_bound=39558.1 depth=21 gap=0.0140529 t=22.0189s (lp 10.7644 cuts 2.61704 heur 4.31005 branch 0.835139)
[bb] nodes=16500 open=13989 incumbent=40121.912263 node_bound=39975 depth=22 gap=0.00366074 t=22.6363s (lp 11.0815 cuts 2.69409 heur 4.42566 branch 0.841184)
[bb] nodes=17000 open=14383 incumbent=40121.912263 node_bound=39501.2 depth=19 gap=0.01547 t=23.2282s (lp 11.3922 cuts 2.76871 heur 4.5324 branch 0.846585)
[bb] nodes=17500 open=14773 incumbent=40121.912263 node_bound=39337.1 depth=16 gap=0.0195616 t=23.8354s (lp 11.71 cuts 2.84914 heur 4.64052 branch 0.852438)
[bb] nodes=18000 open=15171 incumbent=40121.912263 node_bound=39404.3 depth=14 gap=0.0178866 t=24.4289s (lp 12.0242 cuts 2.92535 heur 4.74057 branch 0.857799)
[bb] nodes=18500 open=15559 incumbent=40121.912263 node_bound=39408.9 depth=20 gap=0.0177702 t=25.0511s (lp 12.3414 cuts 2.99996 heur 4.86403 branch 0.864355)
[bb] nodes=19000 open=15965 incumbent=40121.912263 node_bound=39435.2 depth=15 gap=0.0171146 t=25.6668s (lp 12.6646 cuts 3.07787 heur 4.97296 branch 0.870147)
[bb] nodes=19500 open=16357 incumbent=40121.912263 node_bound=39355.9 depth=15 gap=0.0190913 t=26.2923s (lp 12.9868 cuts 3.15288 heur 5.0934 branch 0.875561)
[bb] nodes=20000 open=16743 incumbent=40121.912263 node_bound=39920.3 depth=15 gap=0.00502416 t=26.8806s (lp 13.2968 cuts 3.22693 heur 5.19222 branch 0.881487)
[bb] nodes=20500 open=17147 incumbent=40121.912263 node_bound=39427.7 depth=12 gap=0.0173017 t=27.4897s (lp 13.6056 cuts 3.30503 heur 5.30973 branch 0.888141)
[bb] nodes=21000 open=17547 incumbent=40121.912263 node_bound=39889 depth=20 gap=0.00580435 t=28.1198s (lp 13.9272 cuts 3.38311 heur 5.43479 branch 0.89392)
[bb] nodes=21500 open=17929 incumbent=40121.912263 node_bound=39479.9 depth=16 gap=0.0160009 t=28.7096s (lp 14.2381 cuts 3.45473 heur 5.54167 branch 0.900997)
[bb] nodes=22000 open=18323 incumbent=40121.912263 node_bound=39424.1 depth=13 gap=0.0173918 t=29.3133s (lp 14.5498 cuts 3.52992 heur 5.65407 branch 0.906901)
[bb] nodes=22500 open=18729 incumbent=40121.912263 node_bound=40096.1 depth=20 gap=0.000643662 t=29.9233s (lp 14.8635 cuts 3.6042 heur 5.7713 branch 0.91272)
[bb] nodes=23000 open=19119 incumbent=40121.912263 node_bound=40063.4 depth=28 gap=0.00145936 t=30.5115s (lp 15.1716 cuts 3.67917 heur 5.87922 branch 0.917921)
[bb] nodes=23500 open=19513 incumbent=40121.912263 node_bound=39573.4 depth=18 gap=0.0136708 t=31.1019s (lp 15.478 cuts 3.76216 heur 5.97695 branch 0.924208)
[bb] nodes=24000 open=19897 incumbent=40121.912263 node_bound=39685.2 depth=20 gap=0.0108851 t=31.9692s (lp 15.9303 cuts 3.86763 heur 6.1298 branch 0.931909)
[bb] nodes=24500 open=20283 incumbent=40121.912263 node_bound=39940.9 depth=22 gap=0.00451222 t=33.0727s (lp 16.4903 cuts 3.99148 heur 6.34913 branch 0.943292)
[bb] nodes=25000 open=20663 incumbent=40121.912263 node_bound=39434.7 depth=17 gap=0.0171273 t=33.858s (lp 16.9007 cuts 4.08675 heur 6.49123 branch 0.950709)
[bb] nodes=25500 open=21055 incumbent=40121.912263 node_bound=39516.4 depth=15 gap=0.0150906 t=34.4832s (lp 17.2191 cuts 4.16703 heur 6.61291 branch 0.957129)
[bb] nodes=26000 open=21453 incumbent=40121.912263 node_bound=39419.6 depth=12 gap=0.017505 t=35.1358s (lp 17.5524 cuts 4.24599 heur 6.742 branch 0.963456)
[bb] nodes=26500 open=21831 incumbent=40121.912263 node_bound=39725.8 depth=17 gap=0.0098729 t=35.7792s (lp 17.8754 cuts 4.32539 heur 6.87549 branch 0.969145)
[bb] nodes=27000 open=22233 incumbent=40121.912263 node_bound=39593.1 depth=20 gap=0.0131808 t=36.3818s (lp 18.1757 cuts 4.39755 heur 7.00408 branch 0.974816)
[bb] nodes=27500 open=22623 incumbent=40121.912263 node_bound=40002.4 depth=32 gap=0.00297942 t=36.9679s (lp 18.4803 cuts 4.47234 heur 7.11154 branch 0.980633)
[bb] nodes=28000 open=23005 incumbent=40121.912263 node_bound=39308 depth=10 gap=0.0202867 t=37.5963s (lp 18.7934 cuts 4.55067 heur 7.24649 branch 0.987197)
[bb] nodes=28500 open=23387 incumbent=40121.912263 node_bound=39310.3 depth=15 gap=0.0202289 t=38.1936s (lp 19.0968 cuts 4.62417 heur 7.36834 branch 0.99292)
[bb] nodes=29000 open=23775 incumbent=40121.912263 node_bound=39663.2 depth=20 gap=0.0114327 t=38.7777s (lp 19.4002 cuts 4.70083 heur 7.47388 branch 0.998839)
[bb] nodes=29500 open=24151 incumbent=40121.912263 node_bound=39506 depth=17 gap=0.0153504 t=39.4058s (lp 19.7191 cuts 4.78074 heur 7.58038 branch 1.00797)
[bb] nodes=30000 open=24539 incumbent=40121.912263 node_bound=40054.3 depth=23 gap=0.00168443 t=40.0219s (lp 20.0328 cuts 4.85767 heur 7.69934 branch 1.01432)
[bb] nodes=30500 open=24899 incumbent=40121.912263 node_bound=39319.2 depth=18 gap=0.0200067 t=40.609s (lp 20.3442 cuts 4.93385 heur 7.8032 branch 1.0199)
[bb] nodes=31000 open=25287 incumbent=40121.912263 node_bound=39321.6 depth=17 gap=0.0199482 t=41.2289s (lp 20.6554 cuts 5.01219 heur 7.9234 branch 1.02577)
[bb] nodes=31500 open=25649 incumbent=40121.912263 node_bound=39323.9 depth=12 gap=0.01989 t=41.8111s (lp 20.9666 cuts 5.08604 heur 8.02188 branch 1.03098)
[bb] nodes=32000 open=26031 incumbent=40121.912263 node_bound=40001.7 depth=26 gap=0.00299723 t=42.4043s (lp 21.2819 cuts 5.1609 heur 8.12682 branch 1.0367)
[bb] nodes=32500 open=26411 incumbent=40121.912263 node_bound=39501.1 depth=19 gap=0.0154724 t=43.0037s (lp 21.591 cuts 5.23756 heur 8.24296 branch 1.04202)
[bb] nodes=33000 open=26795 incumbent=40121.912263 node_bound=39685.7 depth=18 gap=0.010872 t=43.6306s (lp 21.9039 cuts 5.31732 heur 8.37124 branch 1.04807)
[bb] nodes=33500 open=27163 incumbent=40121.912263 node_bound=40068.2 depth=26 gap=0.00133934 t=44.1954s (lp 22.1997 cuts 5.3917 heur 8.4704 branch 1.05302)
[bb] nodes=34000 open=27555 incumbent=40121.912263 node_bound=39800.2 depth=19 gap=0.00801801 t=44.8056s (lp 22.5206 cuts 5.46986 heur 8.57626 branch 1.05877)
[bb] nodes=34500 open=27931 incumbent=40121.912263 node_bound=39450.5 depth=17 gap=0.0167338 t=45.392s (lp 22.8299 cuts 5.54369 heur 8.67547 branch 1.06436)
[bb] nodes=35000 open=28293 incumbent=40121.912263 node_bound=39724.8 depth=19 gap=0.00989723 t=45.9892s (lp 23.1422 cuts 5.62097 heur 8.77984 branch 1.0698)
[bb] nodes=35500 open=28663 incumbent=40121.912263 node_bound=39788.4 depth=16 gap=0.00831123 t=46.5918s (lp 23.4554 cuts 5.69427 heur 8.89105 branch 1.07568)
[bb] nodes=36000 open=29023 incumbent=40121.912263 node_bound=39340.8 depth=18 gap=0.0194685 t=47.2975s (lp 23.8114 cuts 5.77843 heur 9.03352 branch 1.08235)
[bb] nodes=36500 open=29397 incumbent=40121.912263 node_bound=39908 depth=21 gap=0.00533205 t=47.8893s (lp 24.1209 cuts 5.85212 heur 9.14168 branch 1.08785)
[bb] nodes=37000 open=29765 incumbent=40121.912263 node_bound=39605.3 depth=16 gap=0.0128765 t=48.4499s (lp 24.415 cuts 5.92359 heur 9.24175 branch 1.09272)
[bb] nodes=37500 open=30135 incumbent=40121.912263 node_bound=39623 depth=19 gap=0.0124357 t=49.1009s (lp 24.7478 cuts 6.00543 heur 9.35993 branch 1.0986)
[bb] nodes=38000 open=30521 incumbent=40121.912263 node_bound=39899.1 depth=20 gap=0.00555237 t=49.7199s (lp 25.0654 cuts 6.08176 heur 9.47987 branch 1.10458)
[bb] nodes=38500 open=30907 incumbent=40121.912263 node_bound=39349.6 depth=12 gap=0.0192501 t=50.3117s (lp 25.3735 cuts 6.15483 heur 9.58493 branch 1.11046)
[bb] nodes=39000 open=31275 incumbent=40121.912263 node_bound=39683.6 depth=20 gap=0.010924 t=50.9338s (lp 25.6897 cuts 6.23312 heur 9.70766 branch 1.11753)
[bb] nodes=39500 open=31659 incumbent=40121.912263 node_bound=39470.2 depth=21 gap=0.016243 t=51.5298s (lp 25.9986 cuts 6.3109 heur 9.81426 branch 1.12294)
[bb] nodes=40000 open=32029 incumbent=40121.912263 node_bound=39355 depth=16 gap=0.0191147 t=52.1167s (lp 26.2943 cuts 6.38516 heur 9.9333 branch 1.12979)
[bb] nodes=40500 open=32419 incumbent=40121.912263 node_bound=39545.8 depth=18 gap=0.0143587 t=52.706s (lp 26.5921 cuts 6.46194 heur 10.0507 branch 1.13508)
[bb] nodes=41000 open=32781 incumbent=40121.912263 node_bound=39358.5 depth=17 gap=0.0190282 t=53.3081s (lp 26.8981 cuts 6.53995 heur 10.1657 branch 1.14055)
[bb] nodes=41500 open=33155 incumbent=40121.912263 node_bound=39553 depth=19 gap=0.0141788 t=53.9421s (lp 27.2212 cuts 6.61789 heur 10.2938 branch 1.14643)
[bb] nodes=42000 open=33533 incumbent=40121.912263 node_bound=39849.5 depth=21 gap=0.00678904 t=54.5288s (lp 27.5306 cuts 6.69096 heur 10.4012 branch 1.15224)
[bb] nodes=42500 open=33903 incumbent=40121.912263 node_bound=39689.5 depth=22 gap=0.0107779 t=55.1188s (lp 27.84 cuts 6.76534 heur 10.5046 branch 1.15775)
[bb] nodes=43000 open=34265 incumbent=40121.912263 node_bound=39415.5 depth=21 gap=0.0176076 t=55.7045s (lp 28.1527 cuts 6.83786 heur 10.6055 branch 1.16289)
[bb] nodes=43500 open=34645 incumbent=40121.912263 node_bound=39847.7 depth=24 gap=0.00683376 t=56.2851s (lp 28.4553 cuts 6.91201 heur 10.7132 branch 1.16802)
[bb] nodes=44000 open=35017 incumbent=40121.912263 node_bound=39801.4 depth=20 gap=0.00798852 t=57.0928s (lp 28.8808 cuts 7.00629 heur 10.8478 branch 1.17553)
[bb] nodes=44500 open=35379 incumbent=40121.912263 node_bound=39370.4 depth=12 gap=0.0187318 t=57.6863s (lp 29.1825 cuts 7.08169 heur 10.9658 branch 1.18148)
[bb] nodes=45000 open=35747 incumbent=40121.912263 node_bound=39563.9 depth=22 gap=0.0139089 t=58.3109s (lp 29.5001 cuts 7.15749 heur 11.0859 branch 1.18697)
[bb] nodes=45500 open=36109 incumbent=40121.912263 node_bound=39626.3 depth=9 gap=0.012353 t=58.9182s (lp 29.8098 cuts 7.23344 heur 11.2048 branch 1.19226)
[bb] nodes=46000 open=36485 incumbent=40005.054142 node_bound=39375.5 depth=12 gap=0.0157367 t=59.5291s (lp 30.122 cuts 7.30843 heur 11.3258 branch 1.19772)
[bb] nodes=46500 open=36835 incumbent=40005.054142 node_bound=39564.1 depth=17 gap=0.011022 t=60.1011s (lp 30.4203 cuts 7.38065 heur 11.4301 branch 1.2034)
[bb] nodes=47000 open=37177 incumbent=40005.054142 node_bound=39379.3 depth=14 gap=0.0156416 t=60.6936s (lp 30.725 cuts 7.46016 heur 11.5381 branch 1.20912)
[bb] nodes=47500 open=37529 incumbent=40005.054142 node_bound=39746.5 depth=13 gap=0.00646378 t=61.3072s (lp 31.0421 cuts 7.53672 heur 11.6502 branch 1.21461)
[bb] nodes=48000 open=37897 incumbent=40005.054142 node_bound=39995.5 depth=22 gap=0.000238487 t=62.0261s (lp 31.4128 cuts 7.62668 heur 11.7814 branch 1.22365)
[bb] nodes=48500 open=38237 incumbent=40005.054142 node_bound=39792.4 depth=16 gap=0.0053151 t=62.6035s (lp 31.7237 cuts 7.7005 heur 11.8779 branch 1.22895)
[bb] nodes=49000 open=38589 incumbent=40005.054142 node_bound=39724.5 depth=18 gap=0.00701369 t=63.2526s (lp 32.0603 cuts 7.78144 heur 11.9962 branch 1.2351)
[bb] nodes=49500 open=38927 incumbent=40005.054142 node_bound=39964.8 depth=20 gap=0.00100555 t=63.9615s (lp 32.427 cuts 7.87091 heur 12.1216 branch 1.24155)
[bb] nodes=50000 open=39269 incumbent=40005.054142 node_bound=39729.9 depth=22 gap=0.00687712 t=64.5742s (lp 32.7432 cuts 7.94799 heur 12.236 branch 1.24795)
[bb] nodes=50500 open=39619 incumbent=40005.054142 node_bound=39606.3 depth=17 gap=0.00996708 t=65.169s (lp 33.0539 cuts 8.02513 heur 12.3449 branch 1.25345)
[bb] nodes=51000 open=39935 incumbent=40005.054142 node_bound=39478.7 depth=20 gap=0.0131572 t=65.8549s (lp 33.4048 cuts 8.11146 heur 12.4783 branch 1.25925)
[bb] nodes=51500 open=40267 incumbent=40005.054142 node_bound=39571.7 depth=18 gap=0.0108314 t=66.4369s (lp 33.7119 cuts 8.18524 heur 12.5768 branch 1.26455)
[bb] nodes=52000 open=40609 incumbent=40005.054142 node_bound=39685.2 depth=24 gap=0.00799537 t=67.0503s (lp 34.0253 cuts 8.26742 heur 12.6895 branch 1.27068)
[bb] nodes=52500 open=40957 incumbent=40005.054142 node_bound=39965.3 depth=18 gap=0.000994238 t=67.648s (lp 34.3416 cuts 8.34269 heur 12.7942 branch 1.27601)
[bb] nodes=53000 open=41279 incumbent=40005.054142 node_bound=39498.8 depth=21 gap=0.0126536 t=68.2198s (lp 34.6453 cuts 8.4166 heur 12.8878 branch 1.28281)
[bb] nodes=53500 open=41629 incumbent=40005.054142 node_bound=39702.3 depth=18 gap=0.00756908 t=68.8169s (lp 34.9497 cuts 8.49304 heur 13.0044 branch 1.28791)
[bb] nodes=54000 open=41975 incumbent=40005.054142 node_bound=39661.3 depth=23 gap=0.00859256 t=69.4198s (lp 35.2656 cuts 8.57102 heur 13.1073 branch 1.29405)
[bb] nodes=54500 open=42309 incumbent=40005.054142 node_bound=39464.5 depth=15 gap=0.0135114 t=70.0634s (lp 35.6121 cuts 8.64829 heur 13.2198 branch 1.30015)
[bb] nodes=55000 open=42669 incumbent=40005.054142 node_bound=39489.1 depth=28 gap=0.0128972 t=70.6557s (lp 35.9191 cuts 8.72539 heur 13.3248 branch 1.30572)
[bb] nodes=55500 open=42985 incumbent=40005.054142 node_bound=39799.1 depth=16 gap=0.0051488 t=71.2513s (lp 36.228 cuts 8.80296 heur 13.4317 branch 1.31117)
[bb] nodes=56000 open=43321 incumbent=40005.054142 node_bound=39902.3 depth=18 gap=0.00256937 t=71.8786s (lp 36.5482 cuts 8.88056 heur 13.5573 branch 1.3172)
[bb] nodes=56500 open=43677 incumbent=40005.054142 node_bound=39408 depth=20 gap=0.0149237 t=72.4311s (lp 36.8482 cuts 8.95195 heur 13.6444 branch 1.32235)
[bb] nodes=57000 open=44011 incumbent=40005.054142 node_bound=39515.3 depth=17 gap=0.0122433 t=73.0305s (lp 37.1629 cuts 9.02688 heur 13.7536 branch 1.32743)
[bb] nodes=57500 open=44347 incumbent=40005.054142 node_bound=39575.3 depth=16 gap=0.0107414 t=73.6239s (lp 37.4846 cuts 9.10307 heur 13.8465 branch 1.33259)
[bb] nodes=58000 open=44695 incumbent=40005.054142 node_bound=39942.6 depth=20 gap=0.00156191 t=74.1999s (lp 37.7827 cuts 9.17775 heur 13.9528 branch 1.33873)
[bb] nodes=58500 open=45027 incumbent=40005.054142 node_bound=39414.3 depth=15 gap=0.0147669 t=74.7962s (lp 38.0924 cuts 9.25158 heur 14.0622 branch 1.34471)
[bb] nodes=59000 open=45385 incumbent=40005.054142 node_bound=39572.3 depth=17 gap=0.0108172 t=75.3839s (lp 38.3984 cuts 9.32613 heur 14.1709 branch 1.34989)
[bb] nodes=59500 open=45709 incumbent=40005.054142 node_bound=39961.4 depth=12 gap=0.00109113 t=76.0174s (lp 38.7337 cuts 9.40781 heur 14.2741 branch 1.35542)
[bb] nodes=60000 open=46043 incumbent=40005.054142 node_bound=39553.6 depth=18 gap=0.0112853 t=76.6688s (lp 39.0713 cuts 9.4888 heur 14.3949 branch 1.36143)
[bb] nodes=60500 open=46377 incumbent=40005.054142 node_bound=39419.4 depth=17 gap=0.0146383 t=77.2612s (lp 39.3888 cuts 9.56525 heur 14.4939 branch 1.36686)
[bb] nodes=61000 open=46711 incumbent=40005.054142 node_bound=39776.6 depth=24 gap=0.00571116 t=77.8617s (lp 39.6988 cuts 9.64126 heur 14.6021 branch 1.37237)
[bb] nodes=61500 open=47039 incumbent=40005.054142 node_bound=39555.3 depth=19 gap=0.0112415 t=78.4543s (lp 39.9954 cuts 9.71656 heur 14.7137 branch 1.37727)
[bb] nodes=62000 open=47371 incumbent=40005.054142 node_bound=39657.1 depth=17 gap=0.00869687 t=79.0712s (lp 40.3178 cuts 9.79672 heur 14.8219 branch 1.38431)
[bb] nodes=62500 open=47705 incumbent=40005.054142 node_bound=39682.6 depth=16 gap=0.00806154 t=79.6645s (lp 40.6368 cuts 9.8728 heur 14.918 branch 1.3899)
[bb] nodes=63000 open=48061 incumbent=40005.054142 node_bound=39999 depth=24 gap=0.000150834 t=80.2516s (lp 40.9516 cuts 9.94672 heur 15.0136 branch 1.39531)
[bb] nodes=63500 open=48379 incumbent=40005.054142 node_bound=39726 depth=23 gap=0.00697484 t=80.8268s (lp 41.2514 cuts 10.0209 heur 15.1164 branch 1.40018)
[bb] nodes=64000 open=48697 incumbent=40005.054142 node_bound=39471.6 depth=17 gap=0.0133355 t=81.3899s (lp 41.5531 cuts 10.0922 heur 15.2069 branch 1.40514)
[bb] nodes=64500 open=49029 incumbent=40005.054142 node_bound=39431 depth=17 gap=0.0143491 t=82.0111s (lp 41.8722 cuts 10.1689 heur 15.3326 branch 1.41029)
[bb] nodes=65000 open=49347 incumbent=40005.054142 node_bound=39739.4 depth=16 gap=0.00664 t=82.574s (lp 42.1675 cuts 10.2406 heur 15.4317 branch 1.41553)
[bb] nodes=65500 open=49671 incumbent=40005.054142 node_bound=39434 depth=23 gap=0.0142757 t=83.1696s (lp 42.4726 cuts 10.3181 heur 15.5455 branch 1.42059)
[bb] nodes=66000 open=50009 incumbent=40005.054142 node_bound=39814.9 depth=24 gap=0.00475347 t=83.753s (lp 42.7868 cuts 10.3936 heur 15.6361 branch 1.42602)
[bb] nodes=66500 open=50325 incumbent=40005.054142 node_bound=39851.1 depth=18 gap=0.00384865 t=84.3209s (lp 43.086 cuts 10.4641 heur 15.7357 branch 1.43107)
[bb] nodes=67000 open=50655 incumbent=40005.054142 node_bound=39844.8 depth=24 gap=0.00400622 t=85.3144s (lp 43.5579 cuts 10.5803 heur 15.9449 branch 1.44144)
[bb] nodes=67500 open=50983 incumbent=40005.054142 node_bound=39955.5 depth=25 gap=0.00123958 t=85.91s (lp 43.8696 cuts 10.6549 heur 16.0531 branch 1.44647)
[bb] nodes=68000 open=51289 incumbent=40005.054142 node_bound=39964.5 depth=18 gap=0.0010146 t=86.5196s (lp 44.1941 cuts 10.7324 heur 16.1546 branch 1.45224)
[bb] nodes=68500 open=51613 incumbent=40005.054142 node_bound=39442.2 depth=22 gap=0.0140689 t=87.1281s (lp 44.5132 cuts 10.8095 heur 16.2555 branch 1.45793)
[bb] nodes=69000 open=51937 incumbent=40005.054142 node_bound=39751 depth=18 gap=0.00635117 t=87.7343s (lp 44.8334 cuts 10.8861 heur 16.36 branch 1.46394)
[bb] nodes=69500 open=52241 incumbent=40005.054142 node_bound=39863.8 depth=18 gap=0.0035305 t=88.3233s (lp 45.1448 cuts 10.9555 heur 16.4652 branch 1.46898)
[bb] nodes=70000 open=52569 incumbent=40005.054142 node_bound=39669.4 depth=19 gap=0.00839028 t=88.9115s (lp 45.4564 cuts 11.0331 heur 16.5604 branch 1.47408)
[bb] nodes=70500 open=52901 incumbent=40005.054142 node_bound=39522.2 depth=22 gap=0.0120697 t=89.5111s (lp 45.7601 cuts 11.1112 heur 16.6761 branch 1.48024)
[bb] nodes=71000 open=53237 incumbent=40005.054142 node_bound=39746.9 depth=21 gap=0.00645269 t=90.1249s (lp 46.0946 cuts 11.1888 heur 16.7697 branch 1.4858)
[bb] nodes=71500 open=53555 incumbent=40005.054142 node_bound=39814.4 depth=30 gap=0.00476455 t=90.7844s (lp 46.4296 cuts 11.2731 heur 16.8908 branch 1.49152)
[bb] nodes=72000 open=53897 incumbent=40005.054142 node_bound=39916.6 depth=24 gap=0.00221059 t=91.5102s (lp 46.8088 cuts 11.3619 heur 17.0126 branch 1.4994)
[bb] nodes=72500 open=54207 incumbent=40005.054142 node_bound=39757.1 depth=20 gap=0.00619698 t=92.0785s (lp 47.1048 cuts 11.4336 heur 17.1144 branch 1.50431)
[bb] nodes=73000 open=54505 incumbent=40005.054142 node_bound=39798.8 depth=19 gap=0.00515504 t=92.6678s (lp 47.4188 cuts 11.5045 heur 17.2228 branch 1.50922)
[bb] nodes=73500 open=54825 incumbent=40005.054142 node_bound=39639.9 depth=20 gap=0.00912647 t=93.2511s (lp 47.7288 cuts 11.5825 heur 17.3179 branch 1.5145)
[bb] nodes=74000 open=55155 incumbent=40005.054142 node_bound=39719.2 depth=21 gap=0.00714431 t=93.8393s (lp 48.0304 cuts 11.6623 heur 17.4229 branch 1.52038)
[bb] nodes=74500 open=55467 incumbent=40005.054142 node_bound=39556.6 depth=22 gap=0.0112111 t=94.3969s (lp 48.3174 cuts 11.7356 heur 17.522 branch 1.52554)
[bb] nodes=75000 open=55763 incumbent=40005.054142 node_bound=39481.2 depth=22 gap=0.0130944 t=94.9858s (lp 48.6301 cuts 11.8088 heur 17.6257 branch 1.53063)
[bb] nodes=75500 open=56055 incumbent=40005.054142 node_bound=39957.7 depth=15 gap=0.00118373 t=95.5625s (lp 48.9375 cuts 11.8806 heur 17.7266 branch 1.53534)
[bb] nodes=76000 open=56373 incumbent=40005.054142 node_bound=39644.1 depth=20 gap=0.00902222 t=96.136s (lp 49.234 cuts 11.9515 heur 17.8296 branch 1.54046)
[bb] nodes=76500 open=56711 incumbent=40005.054142 node_bound=39461.9 depth=19 gap=0.0135768 t=96.6941s (lp 49.527 cuts 12.0221 heur 17.9286 branch 1.54536)
[bb] nodes=77000 open=57047 incumbent=40005.054142 node_bound=39952.9 depth=19 gap=0.00130324 t=97.2479s (lp 49.8154 cuts 12.0898 heur 18.0296 branch 1.5509)
[bb] nodes=77500 open=57331 incumbent=40005.054142 node_bound=39861.3 depth=26 gap=0.00359264 t=97.8277s (lp 50.1314 cuts 12.1628 heur 18.118 branch 1.55641)
[bb] nodes=78000 open=57671 incumbent=40005.054142 node_bound=39505.7 depth=16 gap=0.0124828 t=98.4167s (lp 50.442 cuts 12.24 heur 18.221 branch 1.56287)
[bb] nodes=78500 open=58001 incumbent=40005.054142 node_bound=39541 depth=21 gap=0.011601 t=98.9814s (lp 50.7397 cuts 12.3116 heur 18.3224 branch 1.56781)
[bb] nodes=79000 open=58315 incumbent=40005.054142 node_bound=40004.3 depth=19 gap=1.89663e-005 t=99.5563s (lp 51.0414 cuts 12.3866 heur 18.4224 branch 1.57283)
[bb] nodes=79500 open=58629 incumbent=40005.054142 node_bound=39468.7 depth=18 gap=0.0134083 t=100.136s (lp 51.3503 cuts 12.4578 heur 18.5252 branch 1.57903)
[bb] nodes=80000 open=58929 incumbent=40005.054142 node_bound=39901.4 depth=22 gap=0.00259059 t=100.709s (lp 51.6401 cuts 12.5297 heur 18.6367 branch 1.58456)
[bb] nodes=80500 open=59243 incumbent=40005.054142 node_bound=39508 depth=17 gap=0.012424 t=101.291s (lp 51.955 cuts 12.6045 heur 18.7254 branch 1.59158)
[bb] nodes=81000 open=59515 incumbent=40005.054142 node_bound=39472.7 depth=16 gap=0.013307 t=101.865s (lp 52.2553 cuts 12.6772 heur 18.8217 branch 1.59669)
[bb] nodes=81500 open=59807 incumbent=40005.054142 node_bound=39918.7 depth=22 gap=0.0021592 t=102.429s (lp 52.557 cuts 12.7506 heur 18.9183 branch 1.60157)
[bb] nodes=82000 open=60115 incumbent=40005.054142 node_bound=39911.4 depth=22 gap=0.00233984 t=103.005s (lp 52.8598 cuts 12.8237 heur 19.0183 branch 1.60648)
[bb] nodes=82500 open=60437 incumbent=40005.054142 node_bound=39708.9 depth=22 gap=0.00740294 t=103.579s (lp 53.1617 cuts 12.8951 heur 19.1249 branch 1.61132)
[bb] nodes=83000 open=60737 incumbent=40005.054142 node_bound=39477 depth=18 gap=0.0132004 t=104.129s (lp 53.4546 cuts 12.9672 heur 19.2128 branch 1.61615)
[bb] nodes=83500 open=61045 incumbent=40005.054142 node_bound=39714.2 depth=20 gap=0.00727103 t=104.955s (lp 53.8929 cuts 13.0589 heur 19.3502 branch 1.62322)
[bb] nodes=84000 open=61355 incumbent=40005.054142 node_bound=39731.3 depth=20 gap=0.00684367 t=105.608s (lp 54.2397 cuts 13.1428 heur 19.4617 branch 1.62876)
[bb] nodes=84500 open=61661 incumbent=40005.054142 node_bound=39582.7 depth=21 gap=0.0105584 t=106.237s (lp 54.5765 cuts 13.2218 heur 19.5671 branch 1.63441)
[bb] nodes=85000 open=61969 incumbent=40005.054142 node_bound=39923.3 depth=32 gap=0.00204408 t=106.79s (lp 54.87 cuts 13.2941 heur 19.661 branch 1.6394)
[bb] nodes=85500 open=62269 incumbent=40005.054142 node_bound=39610.1 depth=13 gap=0.00987293 t=107.334s (lp 55.1615 cuts 13.3639 heur 19.7491 branch 1.64397)
[bb] nodes=86000 open=62577 incumbent=40005.054142 node_bound=39993.9 depth=23 gap=0.000279725 t=107.944s (lp 55.4804 cuts 13.4429 heur 19.8552 branch 1.65021)
[bb] nodes=86500 open=62879 incumbent=40005.054142 node_bound=39484.1 depth=13 gap=0.0130219 t=108.485s (lp 55.7663 cuts 13.5129 heur 19.9451 branch 1.65533)
[bb] nodes=87000 open=63161 incumbent=40005.054142 node_bound=39785.1 depth=18 gap=0.00549746 t=109.082s (lp 56.0797 cuts 13.5904 heur 20.0507 branch 1.66052)
[bb] nodes=87500 open=63455 incumbent=40005.054142 node_bound=39760.9 depth=25 gap=0.00610245 t=109.625s (lp 56.3701 cuts 13.6646 heur 20.1356 branch 1.66536)
[bb] nodes=88000 open=63757 incumbent=40005.054142 node_bound=39958.6 depth=27 gap=0.00116106 t=110.214s (lp 56.6775 cuts 13.7396 heur 20.2436 branch 1.67026)
[bb] nodes=88500 open=64057 incumbent=40005.054142 node_bound=39705.2 depth=21 gap=0.00749516 t=110.755s (lp 56.9697 cuts 13.8085 heur 20.3323 branch 1.67478)
[bb] nodes=89000 open=64369 incumbent=40005.054142 node_bound=39834.6 depth=30 gap=0.00426052 t=111.311s (lp 57.2586 cuts 13.8814 heur 20.4326 branch 1.68007)
[bb] nodes=89500 open=64685 incumbent=40005.054142 node_bound=39490.7 depth=19 gap=0.0128578 t=112.092s (lp 57.6661 cuts 13.9703 heur 20.5718 branch 1.68826)
[bb] nodes=90000 open=64959 incumbent=40005.054142 node_bound=39915.7 depth=25 gap=0.00223441 t=112.766s (lp 58.0037 cuts 14.0484 heur 20.7032 branch 1.69392)
[bb] nodes=90500 open=65259 incumbent=40005.054142 node_bound=39977.8 depth=26 gap=0.000682446 t=114.404s (lp 58.9313 cuts 14.1882 heur 20.9775 branch 1.70753)
[bb] nodes=91000 open=65587 incumbent=40005.054142 node_bound=39493.7 depth=13 gap=0.0127817 t=115.598s (lp 59.5534 cuts 14.3178 heur 21.1723 branch 1.71858)
[bb] nodes=91500 open=65859 incumbent=40005.054142 node_bound=39686.1 depth=16 gap=0.00797267 t=117.577s (lp 60.5763 cuts 14.5157 heur 21.5273 branch 1.76047)
[bb] nodes=92000 open=66139 incumbent=40005.054142 node_bound=39873.1 depth=24 gap=0.00329932 t=119.084s (lp 61.3699 cuts 14.6902 heur 21.794 branch 1.7733)
[bb] nodes=92500 open=66413 incumbent=40005.054142 node_bound=39923.5 depth=29 gap=0.00203815 t=121.911s (lp 62.9435 cuts 14.9542 heur 22.2384 branch 1.80188)
[bb] nodes=93000 open=66675 incumbent=40005.054142 node_bound=39498.4 depth=18 gap=0.012664 t=122.899s (lp 63.4522 cuts 15.0779 heur 22.4113 branch 1.81159)
[bb] nodes=93500 open=66965 incumbent=40005.054142 node_bound=39738.3 depth=27 gap=0.00666723 t=123.868s (lp 63.9868 cuts 15.1933 heur 22.5582 branch 1.82008)
[bb] nodes=94000 open=67253 incumbent=40005.054142 node_bound=39994.8 depth=25 gap=0.0002554 t=124.793s (lp 64.4659 cuts 15.3081 heur 22.7234 branch 1.829)
[bb] nodes=94500 open=67571 incumbent=40005.054142 node_bound=39501.5 depth=17 gap=0.0125861 t=125.777s (lp 64.9844 cuts 15.4254 heur 22.8782 branch 1.83748)
[bb] nodes=95000 open=67857 incumbent=40005.054142 node_bound=39780 depth=20 gap=0.00562489 t=126.732s (lp 65.4927 cuts 15.532 heur 23.0442 branch 1.84503)
[bb] nodes=95500 open=68149 incumbent=40005.054142 node_bound=39746.8 depth=16 gap=0.00645497 t=127.74s (lp 66.0451 cuts 15.6372 heur 23.2001 branch 1.85467)
[bb] nodes=96000 open=68431 incumbent=40005.054142 node_bound=39504.4 depth=17 gap=0.0125137 t=128.69s (lp 66.5404 cuts 15.7435 heur 23.3693 branch 1.86369)
[bb] nodes=96500 open=68715 incumbent=40005.054142 node_bound=39763.6 depth=15 gap=0.00603498 t=129.633s (lp 67.0313 cuts 15.8556 heur 23.5341 branch 1.87195)
[bb] nodes=97000 open=69035 incumbent=40005.054142 node_bound=39925.8 depth=26 gap=0.00198205 t=130.725s (lp 67.5951 cuts 15.9808 heur 23.7541 branch 1.88072)
[bb] nodes=97500 open=69307 incumbent=40005.054142 node_bound=39924.8 depth=18 gap=0.00200501 t=131.675s (lp 68.1038 cuts 16.0942 heur 23.9088 branch 1.89144)
[bb] nodes=98000 open=69595 incumbent=40005.054142 node_bound=39754.3 depth=22 gap=0.00626838 t=132.631s (lp 68.6222 cuts 16.1989 heur 24.0666 branch 1.90043)
[bb] nodes=98500 open=69895 incumbent=40005.054142 node_bound=39850.8 depth=27 gap=0.00385468 t=133.574s (lp 69.1207 cuts 16.3046 heur 24.2332 branch 1.90867)
[bb] nodes=99000 open=70183 incumbent=40005.054142 node_bound=39670 depth=23 gap=0.00837447 t=134.489s (lp 69.6006 cuts 16.4132 heur 24.3931 branch 1.91674)
[bb] nodes=99500 open=70481 incumbent=40005.054142 node_bound=39647.8 depth=19 gap=0.00892922 t=135.41s (lp 70.0702 cuts 16.5251 heur 24.5567 branch 1.92402)
[bb] nodes=100000 open=70763 incumbent=40005.054142 node_bound=39653.4 depth=25 gap=0.00879013 t=136.464s (lp 70.645 cuts 16.6373 heur 24.7268 branch 1.93565)
[bb] nodes=100500 open=71027 incumbent=40005.054142 node_bound=39513 depth=14 gap=0.0122998 t=137.559s (lp 71.2353 cuts 16.7555 heur 24.897 branch 1.94712)
[bb] nodes=101000 open=71287 incumbent=40005.054142 node_bound=39647.8 depth=26 gap=0.0089306 t=138.535s (lp 71.7399 cuts 16.8633 heur 25.0775 branch 1.958)
[bb] nodes=101500 open=71557 incumbent=40005.054142 node_bound=39515.1 depth=20 gap=0.0122483 t=139.431s (lp 72.2195 cuts 16.9703 heur 25.2277 branch 1.96694)
[bb] nodes=102000 open=71845 incumbent=40005.054142 node_bound=39961.6 depth=18 gap=0.0010867 t=140.483s (lp 72.8104 cuts 17.0865 heur 25.3849 branch 1.97536)
[bb] nodes=102500 open=72131 incumbent=40005.054142 node_bound=39997.5 depth=25 gap=0.000188921 t=141.453s (lp 73.3336 cuts 17.1976 heur 25.5479 branch 1.98368)
[bb] nodes=103000 open=72429 incumbent=40005.054142 node_bound=39686.9 depth=14 gap=0.00795169 t=142.364s (lp 73.8131 cuts 17.306 heur 25.6997 branch 1.99186)
[bb] nodes=103500 open=72697 incumbent=40005.054142 node_bound=39897.7 depth=25 gap=0.00268232 t=143.329s (lp 74.3292 cuts 17.4221 heur 25.8596 branch 2.00043)
[bb] nodes=104000 open=72979 incumbent=40005.054142 node_bound=39894.7 depth=23 gap=0.00275815 t=144.226s (lp 74.809 cuts 17.5306 heur 25.9954 branch 2.00932)
[bb] nodes=104500 open=73237 incumbent=40005.054142 node_bound=39556 depth=16 gap=0.0112259 t=145.132s (lp 75.3042 cuts 17.6346 heur 26.1344 branch 2.01682)
[bb] nodes=105000 open=73529 incumbent=40005.054142 node_bound=39592 depth=22 gap=0.0103254 t=146.113s (lp 75.8312 cuts 17.7471 heur 26.2986 branch 2.02688)
[bb] nodes=105500 open=73815 incumbent=40005.054142 node_bound=39828.7 depth=25 gap=0.0044095 t=147.029s (lp 76.3197 cuts 17.853 heur 26.437 branch 2.03804)
[bb] nodes=106000 open=74097 incumbent=40005.054142 node_bound=39954.1 depth=19 gap=0.00127337 t=147.967s (lp 76.8166 cuts 17.9632 heur 26.5895 branch 2.04604)
[bb] nodes=106500 open=74389 incumbent=40005.054142 node_bound=39846.5 depth=24 gap=0.00396381 t=148.877s (lp 77.3001 cuts 18.0723 heur 26.7351 branch 2.05507)
[bb] nodes=107000 open=74693 incumbent=40005.054142 node_bound=39970.2 depth=23 gap=0.000871924 t=150.048s (lp 77.9157 cuts 18.1955 heur 26.9554 branch 2.06581)
[bb] nodes=107500 open=74973 incumbent=40005.054142 node_bound=39643.5 depth=26 gap=0.00903858 t=150.96s (lp 78.3979 cuts 18.2999 heur 27.1116 branch 2.07628)
[bb] nodes=108000 open=75229 incumbent=40005.054142 node_bound=39527.5 depth=15 gap=0.0119382 t=152.237s (lp 79.063 cuts 18.444 heur 27.3234 branch 2.08807)
[bb] nodes=108500 open=75505 incumbent=40005.054142 node_bound=39726 depth=20 gap=0.00697505 t=153.149s (lp 79.5479 cuts 18.5469 heur 27.476 branch 2.09657)
[bb] nodes=109000 open=75759 incumbent=40005.054142 node_bound=39529.7 depth=24 gap=0.0118819 t=154.114s (lp 80.0526 cuts 18.6596 heur 27.643 branch 2.10773)
[bb] nodes=109500 open=76007 incumbent=40005.054142 node_bound=39780.9 depth=23 gap=0.00560409 t=155.373s (lp 80.7646 cuts 18.7898 heur 27.8248 branch 2.13616)
[bb] nodes=110000 open=76283 incumbent=40005.054142 node_bound=39688.8 depth=18 gap=0.00790413 t=156.393s (lp 81.3118 cuts 18.9071 heur 27.9958 branch 2.14524)
[bb] nodes=110500 open=76559 incumbent=40005.054142 node_bound=39948.7 depth=17 gap=0.00140897 t=157.342s (lp 81.7984 cuts 19.0243 heur 28.1588 branch 2.15578)
[bb] nodes=111000 open=76821 incumbent=40005.054142 node_bound=39674.3 depth=19 gap=0.00826727 t=158.264s (lp 82.278 cuts 19.1356 heur 28.3119 branch 2.1638)
[bb] nodes=111500 open=77095 incumbent=40005.054142 node_bound=39545.6 depth=20 gap=0.0114838 t=159.205s (lp 82.7753 cuts 19.2545 heur 28.4633 branch 2.17216)
[bb] nodes=112000 open=77351 incumbent=40005.054142 node_bound=39797.3 depth=25 gap=0.00519195 t=160.21s (lp 83.2997 cuts 19.3638 heur 28.6563 branch 2.18047)
[bb] nodes=112500 open=77621 incumbent=40005.054142 node_bound=39989.5 depth=21 gap=0.000387572 t=161.188s (lp 83.8214 cuts 19.4828 heur 28.8204 branch 2.18808)
[bb] nodes=113000 open=77889 incumbent=40005.054142 node_bound=39537.9 depth=19 gap=0.0116786 t=162.182s (lp 84.3285 cuts 19.5966 heur 29.0127 branch 2.1978)
[bb] nodes=113500 open=78125 incumbent=40005.054142 node_bound=39990.5 depth=18 gap=0.000363039 t=163.142s (lp 84.8288 cuts 19.7031 heur 29.1888 branch 2.20614)
[bb] nodes=114000 open=78373 incumbent=40005.054142 node_bound=39866.1 depth=26 gap=0.00347239 t=164.117s (lp 85.3506 cuts 19.8167 heur 29.3508 branch 2.21397)
[bb] nodes=114500 open=78615 incumbent=40005.054142 node_bound=39995.2 depth=21 gap=0.000245119 t=165.07s (lp 85.8559 cuts 19.9276 heur 29.5093 branch 2.22347)
[bb] nodes=115000 open=78909 incumbent=40005.054142 node_bound=39690.2 depth=17 gap=0.00786975 t=166.016s (lp 86.3633 cuts 20.0314 heur 29.6714 branch 2.23206)
[bb] nodes=115500 open=79157 incumbent=40005.054142 node_bound=39980.8 depth=20 gap=0.000606192 t=167.204s (lp 86.9784 cuts 20.1657 heur 29.8644 branch 2.24613)
[bb] nodes=116000 open=79441 incumbent=40005.054142 node_bound=39797.3 depth=24 gap=0.00519234 t=168.175s (lp 87.4893 cuts 20.2726 heur 30.0337 branch 2.25583)
[bb] nodes=116500 open=79719 incumbent=40005.054142 node_bound=39544.6 depth=21 gap=0.0115089 t=169.089s (lp 87.9716 cuts 20.387 heur 30.1869 branch 2.26375)
[bb] nodes=117000 open=79981 incumbent=40005.054142 node_bound=39591.9 depth=23 gap=0.0103282 t=170.069s (lp 88.483 cuts 20.4952 heur 30.3527 branch 2.2743)
[bb] nodes=117500 open=80253 incumbent=40005.054142 node_bound=39546.4 depth=18 gap=0.0114646 t=171.006s (lp 88.9853 cuts 20.5987 heur 30.5134 branch 2.28171)
[bb] nodes=118000 open=80505 incumbent=40005.054142 node_bound=39547.3 depth=23 gap=0.011442 t=171.952s (lp 89.4852 cuts 20.7106 heur 30.6736 branch 2.28914)
[bb] nodes=118500 open=80745 incumbent=40005.054142 node_bound=39870.3 depth=24 gap=0.00336723 t=173.099s (lp 90.1042 cuts 20.8526 heur 30.85 branch 2.29916)
[bb] nodes=119000 open=81035 incumbent=40005.054142 node_bound=39686.4 depth=21 gap=0.00796524 t=174.113s (lp 90.6361 cuts 20.9713 heur 31.0145 branch 2.30925)
[bb] nodes=119500 open=81315 incumbent=40005.054142 node_bound=39728.5 depth=23 gap=0.00691408 t=175.057s (lp 91.1402 cuts 21.0786 heur 31.1656 branch 2.31725)
[bb] nodes=120000 open=81535 incumbent=40005.054142 node_bound=39895 depth=18 gap=0.00275223 t=176.062s (lp 91.6777 cuts 21.195 heur 31.338 branch 2.32658)
[bb] nodes=120500 open=81801 incumbent=40005.054142 node_bound=39905 depth=20 gap=0.00250225 t=177.375s (lp 92.4009 cuts 21.3565 heur 31.5251 branch 2.33546)
[bb] nodes=121000 open=82045 incumbent=40005.054142 node_bound=39682.7 depth=19 gap=0.00805758 t=178.453s (lp 92.9539 cuts 21.4782 heur 31.7234 branch 2.34415)
[bb] nodes=121500 open=82293 incumbent=40005.054142 node_bound=39932 depth=22 gap=0.00182709 t=179.385s (lp 93.4402 cuts 21.5852 heur 31.8892 branch 2.35543)
[bb] nodes=122000 open=82549 incumbent=40005.054142 node_bound=40004.7 depth=22 gap=9.7217e-006 t=180.315s (lp 93.9307 cuts 21.7003 heur 32.0279 branch 2.36617)
[bb] nodes=122500 open=82793 incumbent=40005.054142 node_bound=39555.6 depth=18 gap=0.0112356 t=181.35s (lp 94.4965 cuts 21.8183 heur 32.1904 branch 2.37683)
[bb] nodes=123000 open=83043 incumbent=40005.054142 node_bound=39857.8 depth=23 gap=0.00368047 t=182.726s (lp 95.2277 cuts 21.9761 heur 32.4031 branch 2.39395)
[bb] nodes=123500 open=83287 incumbent=40005.054142 node_bound=39875.5 depth=27 gap=0.00323933 t=183.699s (lp 95.7375 cuts 22.0921 heur 32.5597 branch 2.40348)
[bb] nodes=124000 open=83541 incumbent=40005.054142 node_bound=39604.4 depth=17 gap=0.0100163 t=184.702s (lp 96.2481 cuts 22.2027 heur 32.748 branch 2.41444)
[bb] nodes=124500 open=83807 incumbent=40005.054142 node_bound=39558.8 depth=16 gap=0.0111555 t=185.784s (lp 96.8245 cuts 22.3303 heur 32.9088 branch 2.42709)
[bb] nodes=125000 open=84077 incumbent=40005.054142 node_bound=39880.6 depth=23 gap=0.00311017 t=186.791s (lp 97.3653 cuts 22.4485 heur 33.079 branch 2.43531)
[bb] nodes=125500 open=84317 incumbent=40005.054142 node_bound=39654.9 depth=20 gap=0.00875388 t=187.826s (lp 97.9312 cuts 22.5528 heur 33.2441 branch 2.44313)
[bb] nodes=126000 open=84587 incumbent=40005.054142 node_bound=39561.2 depth=18 gap=0.0110948 t=188.775s (lp 98.4462 cuts 22.6637 heur 33.3805 branch 2.45157)
[bb] nodes=126500 open=84799 incumbent=40005.054142 node_bound=39789.2 depth=26 gap=0.00539562 t=189.855s (lp 99.0154 cuts 22.7834 heur 33.5747 branch 2.46)
[bb] nodes=127000 open=85025 incumbent=40005.054142 node_bound=39695.5 depth=20 gap=0.00773798 t=190.885s (lp 99.5438 cuts 22.8982 heur 33.7616 branch 2.4698)
[bb] nodes=127500 open=85283 incumbent=40005.054142 node_bound=39925.7 depth=29 gap=0.00198372 t=191.873s (lp 100.073 cuts 23.0089 heur 33.928 branch 2.47774)
[bb] nodes=128000 open=85521 incumbent=40005.054142 node_bound=39565 depth=15 gap=0.0109995 t=192.863s (lp 100.613 cuts 23.123 heur 34.0897 branch 2.48599)
[bb] nodes=128500 open=85751 incumbent=40005.054142 node_bound=39869.2 depth=18 gap=0.00339657 t=193.899s (lp 101.179 cuts 23.2509 heur 34.2444 branch 2.49331)
[bb] nodes=129000 open=86001 incumbent=40005.054142 node_bound=39859.5 depth=21 gap=0.00363824 t=194.8s (lp 101.663 cuts 23.3619 heur 34.3857 branch 2.50133)
[bb] nodes=129500 open=86283 incumbent=40005.054142 node_bound=39567.4 depth=25 gap=0.01094 t=195.857s (lp 102.219 cuts 23.4772 heur 34.5748 branch 2.51351)
[bb] nodes=130000 open=86541 incumbent=40005.054142 node_bound=39698.5 depth=24 gap=0.00766197 t=196.914s (lp 102.775 cuts 23.5988 heur 34.7499 branch 2.52328)
[bb] nodes=130500 open=86787 incumbent=40005.054142 node_bound=39569 depth=14 gap=0.0109 t=198.143s (lp 103.427 cuts 23.7443 heur 34.9496 branch 2.53332)
[bb] nodes=131000 open=87009 incumbent=40005.054142 node_bound=39569.9 depth=26 gap=0.010878 t=199.437s (lp 104.177 cuts 23.8715 heur 35.1315 branch 2.54313)
[bb] nodes=131500 open=87273 incumbent=40005.054142 node_bound=39988.2 depth=28 gap=0.000421856 t=200.485s (lp 104.737 cuts 23.9921 heur 35.2887 branch 2.55918)
[bb] nodes=132000 open=87519 incumbent=40005.054142 node_bound=39641.9 depth=21 gap=0.00907663 t=201.534s (lp 105.308 cuts 24.1075 heur 35.4591 branch 2.5677)
[bb] nodes=132500 open=87741 incumbent=40005.054142 node_bound=39591.3 depth=14 gap=0.0103436 t=202.642s (lp 105.889 cuts 24.2293 heur 35.6492 branch 2.57957)
[bb] nodes=133000 open=88011 incumbent=40005.054142 node_bound=39573.2 depth=20 gap=0.0107946 t=203.939s (lp 106.566 cuts 24.3821 heur 35.8539 branch 2.58991)
[bb] nodes=133500 open=88247 incumbent=40005.054142 node_bound=39574.2 depth=21 gap=0.0107704 t=205.082s (lp 107.188 cuts 24.5069 heur 36.053 branch 2.59867)
[bb] nodes=134000 open=88465 incumbent=40005.054142 node_bound=39575.2 depth=15 gap=0.0107455 t=206.238s (lp 107.841 cuts 24.6381 heur 36.2085 branch 2.60858)
[bb] nodes=134500 open=88707 incumbent=40005.054142 node_bound=39970.3 depth=26 gap=0.000869813 t=207.375s (lp 108.418 cuts 24.7737 heur 36.3997 branch 2.62202)
[bb] nodes=135000 open=88941 incumbent=40005.054142 node_bound=39863.6 depth=30 gap=0.0035351 t=208.41s (lp 108.955 cuts 24.8941 heur 36.5805 branch 2.62951)
[bb] nodes=135500 open=89205 incumbent=40005.054142 node_bound=39934.2 depth=25 gap=0.00177222 t=209.625s (lp 109.601 cuts 25.0241 heur 36.7863 branch 2.64324)
[bb] nodes=136000 open=89443 incumbent=40005.054142 node_bound=39903 depth=17 gap=0.00255055 t=210.974s (lp 110.322 cuts 25.1604 heur 37.0005 branch 2.65327)
[bb] nodes=136500 open=89665 incumbent=40005.054142 node_bound=39579.4 depth=21 gap=0.010641 t=212.287s (lp 111.047 cuts 25.2968 heur 37.2325 branch 2.66382)
[bb] nodes=137000 open=89897 incumbent=40005.054142 node_bound=39580.3 depth=22 gap=0.0106187 t=213.463s (lp 111.714 cuts 25.4395 heur 37.3956 branch 2.67294)
[bb] nodes=137500 open=90149 incumbent=40005.054142 node_bound=39884.7 depth=24 gap=0.00300758 t=214.442s (lp 112.233 cuts 25.5572 heur 37.5529 branch 2.68226)
[bb] nodes=138000 open=90375 incumbent=40005.054142 node_bound=39890.2 depth=32 gap=0.00287065 t=215.44s (lp 112.774 cuts 25.6711 heur 37.7235 branch 2.68934)
[bb] nodes=138500 open=90613 incumbent=40005.054142 node_bound=39952.2 depth=24 gap=0.0013215 t=216.393s (lp 113.266 cuts 25.7814 heur 37.8821 branch 2.69826)
[bb] nodes=139000 open=90833 incumbent=40005.054142 node_bound=39583.5 depth=19 gap=0.0105364 t=217.352s (lp 113.772 cuts 25.893 heur 38.0471 branch 2.70748)
[bb] nodes=139500 open=91067 incumbent=40005.054142 node_bound=39651.6 depth=14 gap=0.00883588 t=218.401s (lp 114.348 cuts 26.0048 heur 38.2195 branch 2.71783)
[bb] nodes=140000 open=91293 incumbent=40005.054142 node_bound=39793.5 depth=22 gap=0.00528711 t=219.612s (lp 115.064 cuts 26.1185 heur 38.4037 branch 2.72637)
[bb] nodes=140500 open=91499 incumbent=40005.054142 node_bound=39702.3 depth=14 gap=0.0075669 t=220.571s (lp 115.569 cuts 26.2381 heur 38.5486 branch 2.73589)
[bb] nodes=141000 open=91723 incumbent=40005.054142 node_bound=39855.7 depth=19 gap=0.00373255 t=221.573s (lp 116.105 cuts 26.3449 heur 38.7264 branch 2.74322)
[bb] nodes=141500 open=91965 incumbent=40005.054142 node_bound=39763.5 depth=14 gap=0.00603835 t=222.637s (lp 116.663 cuts 26.4726 heur 38.9006 branch 2.75253)
[bb] nodes=142000 open=92203 incumbent=40005.054142 node_bound=39881 depth=31 gap=0.00310171 t=223.637s (lp 117.2 cuts 26.6001 heur 39.0491 branch 2.76118)
[bb] nodes=142500 open=92423 incumbent=40005.054142 node_bound=39840.9 depth=16 gap=0.00410254 t=224.689s (lp 117.757 cuts 26.7136 heur 39.2351 branch 2.77009)
[bb] nodes=143000 open=92667 incumbent=40005.054142 node_bound=39856.5 depth=25 gap=0.00371245 t=225.83s (lp 118.39 cuts 26.8354 heur 39.4165 branch 2.77802)
[bb] nodes=143500 open=92881 incumbent=40005.054142 node_bound=39849.2 depth=22 gap=0.00389566 t=226.789s (lp 118.901 cuts 26.9589 heur 39.5677 branch 2.78587)
[bb] nodes=144000 open=93087 incumbent=40005.054142 node_bound=39591.9 depth=15 gap=0.0103286 t=228.304s (lp 119.737 cuts 27.1344 heur 39.8074 branch 2.79891)
[bb] nodes=144500 open=93297 incumbent=40005.054142 node_bound=39752.8 depth=19 gap=0.00630473 t=229.32s (lp 120.278 cuts 27.2519 heur 39.9757 branch 2.80607)
[bb] nodes=145000 open=93477 incumbent=40005.054142 node_bound=39818.4 depth=24 gap=0.0046647 t=230.342s (lp 120.824 cuts 27.3701 heur 40.1512 branch 2.8152)
[bb] nodes=145500 open=93701 incumbent=40005.054142 node_bound=39813.6 depth=23 gap=0.00478576 t=231.784s (lp 121.627 cuts 27.5093 heur 40.4245 branch 2.82916)
[bb] nodes=146000 open=93919 incumbent=40005.054142 node_bound=39794.5 depth=21 gap=0.00526274 t=232.8s (lp 122.184 cuts 27.6332 heur 40.5927 branch 2.83629)
[bb] nodes=146500 open=94125 incumbent=40005.054142 node_bound=39840.7 depth=23 gap=0.00410718 t=233.808s (lp 122.73 cuts 27.746 heur 40.758 branch 2.84455)
[bb] nodes=147000 open=94317 incumbent=40005.054142 node_bound=39744.6 depth=23 gap=0.00651113 t=234.849s (lp 123.285 cuts 27.8659 heur 40.933 branch 2.85324)
[bb] nodes=147500 open=94539 incumbent=40005.054142 node_bound=39787.3 depth=26 gap=0.00544284 t=235.849s (lp 123.82 cuts 27.9861 heur 41.0939 branch 2.86291)
[bb] nodes=148000 open=94787 incumbent=40005.054142 node_bound=39667.4 depth=20 gap=0.00844026 t=236.829s (lp 124.341 cuts 28.1028 heur 41.2597 branch 2.8701)
[bb] nodes=148500 open=95007 incumbent=40005.054142 node_bound=39599.3 depth=25 gap=0.0101428 t=238.076s (lp 125.031 cuts 28.2339 heur 41.4786 branch 2.88014)
[bb] nodes=149000 open=95217 incumbent=40005.054142 node_bound=39966 depth=20 gap=0.000975088 t=239.783s (lp 125.942 cuts 28.3943 heur 41.7919 branch 2.89905)
[bb] nodes=149500 open=95429 incumbent=40005.054142 node_bound=39600.8 depth=17 gap=0.0101046 t=240.752s (lp 126.457 cuts 28.5126 heur 41.9419 branch 2.90659)
[bb] nodes=150000 open=95641 incumbent=40005.054142 node_bound=39601.7 depth=25 gap=0.0100819 t=241.785s (lp 126.996 cuts 28.6246 heur 42.1243 branch 2.91449)
[bb] nodes=150500 open=95833 incumbent=40005.054142 node_bound=39808.1 depth=28 gap=0.00492214 t=243.239s (lp 127.784 cuts 28.7654 heur 42.3932 branch 2.92575)
[bb] nodes=151000 open=96023 incumbent=40005.054142 node_bound=39603.5 depth=20 gap=0.0100367 t=244.284s (lp 128.339 cuts 28.8863 heur 42.5683 branch 2.93564)
[bb] nodes=151500 open=96225 incumbent=40005.054142 node_bound=39869.5 depth=23 gap=0.0033883 t=245.307s (lp 128.908 cuts 28.9999 heur 42.7297 branch 2.94346)
[bb] nodes=152000 open=96409 incumbent=40005.054142 node_bound=39978.7 depth=21 gap=0.000658885 t=246.313s (lp 129.469 cuts 29.1126 heur 42.8972 branch 2.95079)
[bb] nodes=152500 open=96623 incumbent=40005.054142 node_bound=39969.6 depth=28 gap=0.000886525 t=247.262s (lp 130.006 cuts 29.2233 heur 43.0317 branch 2.95846)
[bb] nodes=153000 open=96841 incumbent=40005.054142 node_bound=39698.2 depth=22 gap=0.00766995 t=248.186s (lp 130.502 cuts 29.3394 heur 43.1752 branch 2.96627)
[bb] nodes=153500 open=97035 incumbent=40005.054142 node_bound=39607.8 depth=16 gap=0.00993131 t=249.179s (lp 131.019 cuts 29.4563 heur 43.3572 branch 2.97692)
[bb] nodes=154000 open=97239 incumbent=40005.054142 node_bound=39940.6 depth=32 gap=0.00161021 t=250.148s (lp 131.53 cuts 29.5757 heur 43.5143 branch 2.98402)
[bb] nodes=154500 open=97425 incumbent=40005.054142 node_bound=39991.8 depth=18 gap=0.000331905 t=251.083s (lp 132.022 cuts 29.6931 heur 43.6606 branch 2.99126)
[bb] nodes=155000 open=97619 incumbent=40005.054142 node_bound=39610.2 depth=15 gap=0.00987126 t=252.15s (lp 132.626 cuts 29.8152 heur 43.8189 branch 3.00438)
[bb] nodes=155500 open=97835 incumbent=40005.054142 node_bound=39610.8 depth=22 gap=0.00985392 t=253.172s (lp 133.185 cuts 29.93 heur 43.9829 branch 3.01223)
[bb] nodes=156000 open=98039 incumbent=40005.054142 node_bound=39611.6 depth=23 gap=0.00983515 t=254.203s (lp 133.759 cuts 30.0486 heur 44.1374 branch 3.02042)
[bb] nodes=156500 open=98251 incumbent=40005.054142 node_bound=39612.4 depth=23 gap=0.00981629 t=255.092s (lp 134.239 cuts 30.16 heur 44.2705 branch 3.02837)
[bb] nodes=157000 open=98433 incumbent=40005.054142 node_bound=39799.9 depth=15 gap=0.00512814 t=256.079s (lp 134.763 cuts 30.2662 heur 44.4423 branch 3.03677)
[bb] nodes=157500 open=98627 incumbent=40005.054142 node_bound=39942.4 depth=28 gap=0.00156632 t=256.95s (lp 135.23 cuts 30.3688 heur 44.5855 branch 3.04384)
[bb] nodes=158000 open=98839 incumbent=40005.054142 node_bound=39966.5 depth=27 gap=0.000963558 t=258.013s (lp 135.783 cuts 30.4982 heur 44.7638 branch 3.05205)
[bb] nodes=158500 open=99055 incumbent=40005.054142 node_bound=39892.6 depth=21 gap=0.00281035 t=259.245s (lp 136.463 cuts 30.6337 heur 44.9648 branch 3.06234)
[bb] nodes=159000 open=99249 incumbent=40005.054142 node_bound=39866 depth=25 gap=0.00347604 t=260.271s (lp 137.037 cuts 30.7493 heur 45.1187 branch 3.07009)
[bb] nodes=159500 open=99445 incumbent=40005.054142 node_bound=39920.6 depth=22 gap=0.00211197 t=261.5s (lp 137.72 cuts 30.8687 heur 45.3245 branch 3.08185)
[bb] nodes=160000 open=99637 incumbent=40005.054142 node_bound=39887 depth=30 gap=0.00295133 t=262.439s (lp 138.209 cuts 30.9779 heur 45.4904 branch 3.08836)
[bb] nodes=160500 open=99841 incumbent=40005.054142 node_bound=39618.7 depth=18 gap=0.00965674 t=263.414s (lp 138.735 cuts 31.0853 heur 45.6569 branch 3.09878)
[bb] nodes=161000 open=100029 incumbent=40005.054142 node_bound=39841.3 depth=22 gap=0.00409252 t=264.402s (lp 139.266 cuts 31.1945 heur 45.8125 branch 3.10938)
[bb] nodes=161500 open=100203 incumbent=40005.054142 node_bound=39907.2 depth=26 gap=0.0024455 t=265.353s (lp 139.769 cuts 31.3067 heur 45.9673 branch 3.119)
[bb] nodes=162000 open=100419 incumbent=40005.054142 node_bound=39621 depth=22 gap=0.00960104 t=266.413s (lp 140.355 cuts 31.4268 heur 46.1429 branch 3.12679)
[bb] nodes=162500 open=100627 incumbent=40005.054142 node_bound=39742.1 depth=18 gap=0.00657307 t=267.447s (lp 140.906 cuts 31.5321 heur 46.3217 branch 3.13557)
[bb] nodes=163000 open=100817 incumbent=40005.054142 node_bound=39867.1 depth=17 gap=0.00344832 t=268.391s (lp 141.417 cuts 31.6444 heur 46.4612 branch 3.14366)
[bb] nodes=163500 open=101033 incumbent=40005.054142 node_bound=39743.1 depth=22 gap=0.00654847 t=269.47s (lp 141.977 cuts 31.7664 heur 46.66 branch 3.15227)
[bb] nodes=164000 open=101201 incumbent=40005.054142 node_bound=39844.7 depth=17 gap=0.00400778 t=270.458s (lp 142.497 cuts 31.8779 heur 46.8408 branch 3.16079)
[bb] nodes=164500 open=101411 incumbent=40005.054142 node_bound=39948 depth=21 gap=0.00142555 t=271.419s (lp 143.013 cuts 31.9872 heur 46.9865 branch 3.1694)
[bb] nodes=165000 open=101597 incumbent=40005.054142 node_bound=39865.9 depth=18 gap=0.00347821 t=272.707s (lp 143.733 cuts 32.122 heur 47.1919 branch 3.17827)
[bb] nodes=165500 open=101797 incumbent=40005.054142 node_bound=39981.9 depth=29 gap=0.000579779 t=275.241s (lp 145.068 cuts 32.3732 heur 47.7344 branch 3.20116)
[bb] nodes=166000 open=101981 incumbent=40005.054142 node_bound=39741.6 depth=17 gap=0.00658509 t=276.369s (lp 145.693 cuts 32.4946 heur 47.909 branch 3.21198)
[bb] nodes=166500 open=102173 incumbent=40005.054142 node_bound=39877.3 depth=25 gap=0.0031927 t=277.285s (lp 146.198 cuts 32.5983 heur 48.0418 branch 3.22233)
[bb] nodes=167000 open=102353 incumbent=40005.054142 node_bound=39923.8 depth=28 gap=0.00203112 t=278.273s (lp 146.735 cuts 32.7066 heur 48.2021 branch 3.23001)
[bb] nodes=167500 open=102561 incumbent=40005.054142 node_bound=39833.6 depth=25 gap=0.004287 t=279.237s (lp 147.255 cuts 32.8195 heur 48.3646 branch 3.23752)
[bb] nodes=168000 open=102717 incumbent=40005.054142 node_bound=39907.2 depth=24 gap=0.00244714 t=280.21s (lp 147.765 cuts 32.9347 heur 48.5329 branch 3.24553)
[bb] nodes=168500 open=102897 incumbent=40005.054142 node_bound=39631.1 depth=23 gap=0.00934661 t=281.613s (lp 148.524 cuts 33.0874 heur 48.7419 branch 3.27131)
[bb] nodes=169000 open=103089 incumbent=40005.054142 node_bound=39874 depth=15 gap=0.00327701 t=282.581s (lp 149.056 cuts 33.1974 heur 48.8918 branch 3.27872)
[bb] nodes=169500 open=103273 incumbent=40005.054142 node_bound=39632.6 depth=24 gap=0.00930893 t=283.64s (lp 149.643 cuts 33.3061 heur 49.0763 branch 3.28919)
[bb] nodes=170000 open=103455 incumbent=40005.054142 node_bound=39633.4 depth=20 gap=0.00929049 t=284.586s (lp 150.164 cuts 33.4166 heur 49.2218 branch 3.29643)
[bb] nodes=170500 open=103627 incumbent=40005.054142 node_bound=39809.1 depth=26 gap=0.00489791 t=285.584s (lp 150.698 cuts 33.5359 heur 49.3835 branch 3.30329)
[bb] nodes=171000 open=103811 incumbent=40005.054142 node_bound=39635 depth=18 gap=0.00925138 t=286.49s (lp 151.174 cuts 33.6392 heur 49.5435 branch 3.31193)
[bb] nodes=171500 open=103999 incumbent=40005.054142 node_bound=39822 depth=22 gap=0.00457602 t=287.441s (lp 151.693 cuts 33.7501 heur 49.6889 branch 3.31893)
[bb] nodes=172000 open=104181 incumbent=40005.054142 node_bound=39636.4 depth=17 gap=0.00921422 t=288.364s (lp 152.186 cuts 33.859 heur 49.8287 branch 3.32795)
[bb] nodes=172500 open=104375 incumbent=40005.054142 node_bound=39758.2 depth=15 gap=0.00616989 t=289.758s (lp 152.967 cuts 34.0108 heur 50.0517 branch 3.33756)
[bb] nodes=173000 open=104543 incumbent=40005.054142 node_bound=39754.3 depth=24 gap=0.00626738 t=290.916s (lp 153.596 cuts 34.1375 heur 50.2605 branch 3.34574)
[bb] nodes=173500 open=104721 incumbent=40005.054142 node_bound=39740.7 depth=16 gap=0.00660837 t=291.96s (lp 154.177 cuts 34.2479 heur 50.4259 branch 3.35433)
[bb] nodes=174000 open=104873 incumbent=40005.054142 node_bound=39865.2 depth=22 gap=0.00349593 t=292.907s (lp 154.69 cuts 34.3575 heur 50.556 branch 3.3625)
[bb] nodes=174500 open=105049 incumbent=40005.054142 node_bound=39819.7 depth=17 gap=0.00463315 t=293.906s (lp 155.223 cuts 34.4744 heur 50.7169 branch 3.37159)
[bb] nodes=175000 open=105183 incumbent=40005.054142 node_bound=39904.1 depth=22 gap=0.00252265 t=294.888s (lp 155.747 cuts 34.5856 heur 50.8872 branch 3.37973)
[bb] nodes=175500 open=105367 incumbent=40005.054142 node_bound=39670 depth=23 gap=0.00837433 t=295.947s (lp 156.316 cuts 34.6984 heur 51.0698 branch 3.3901)
[bb] nodes=176000 open=105557 incumbent=40005.054142 node_bound=39854.1 depth=26 gap=0.00377417 t=296.927s (lp 156.852 cuts 34.8172 heur 51.2111 branch 3.39877)
[bb] nodes=176500 open=105737 incumbent=40005.054142 node_bound=39955.8 depth=21 gap=0.00123004 t=298.002s (lp 157.426 cuts 34.9363 heur 51.3862 branch 3.40812)
[bb] nodes=177000 open=105907 incumbent=40005.054142 node_bound=39818.5 depth=21 gap=0.0046637 t=299.058s (lp 158.019 cuts 35.0483 heur 51.5444 branch 3.41831)
[bb] nodes=177500 open=106097 incumbent=40005.054142 node_bound=39863.4 depth=17 gap=0.00354122 t=300.059s (lp 158.566 cuts 35.1574 heur 51.7148 branch 3.42586)
[bb] nodes=178000 open=106249 incumbent=40005.054142 node_bound=39745.4 depth=28 gap=0.0064917 t=301.069s (lp 159.108 cuts 35.2726 heur 51.8738 branch 3.43618)
[bb] nodes=178500 open=106451 incumbent=40005.054142 node_bound=39828.1 depth=26 gap=0.00442358 t=302.089s (lp 159.631 cuts 35.3959 heur 52.0479 branch 3.44424)
[bb] nodes=179000 open=106607 incumbent=40005.054142 node_bound=39646.9 depth=28 gap=0.00895187 t=303.259s (lp 160.263 cuts 35.5148 heur 52.2766 branch 3.45348)
[bb] nodes=179500 open=106753 incumbent=40005.054142 node_bound=39870.3 depth=18 gap=0.00336797 t=304.406s (lp 160.861 cuts 35.6447 heur 52.4678 branch 3.46417)
[bb] nodes=180000 open=106885 incumbent=40005.054142 node_bound=39648.5 depth=21 gap=0.00891251 t=305.618s (lp 161.519 cuts 35.7889 heur 52.6438 branch 3.47522)
[bb] nodes=180500 open=107067 incumbent=40005.054142 node_bound=39978.6 depth=22 gap=0.000661811 t=306.637s (lp 162.079 cuts 35.9042 heur 52.8046 branch 3.48288)
[bb] nodes=181000 open=107215 incumbent=40005.054142 node_bound=39774.5 depth=19 gap=0.00576219 t=307.742s (lp 162.679 cuts 36.0276 heur 52.9964 branch 3.49103)
[bb] nodes=181500 open=107335 incumbent=40005.054142 node_bound=39972.7 depth=22 gap=0.000809278 t=308.817s (lp 163.278 cuts 36.1415 heur 53.1777 branch 3.49862)
[bb] nodes=182000 open=107493 incumbent=40005.054142 node_bound=39760.4 depth=21 gap=0.00611551 t=309.889s (lp 163.868 cuts 36.2611 heur 53.3495 branch 3.50697)
[bb] nodes=182500 open=107661 incumbent=40005.054142 node_bound=39652.3 depth=16 gap=0.00881681 t=310.858s (lp 164.396 cuts 36.3761 heur 53.5032 branch 3.51536)
[bb] nodes=183000 open=107831 incumbent=40005.054142 node_bound=39889.8 depth=25 gap=0.00288177 t=311.922s (lp 164.954 cuts 36.4948 heur 53.6959 branch 3.52273)
[bb] nodes=183500 open=108003 incumbent=40005.054142 node_bound=39653.7 depth=18 gap=0.00878359 t=313.144s (lp 165.596 cuts 36.6311 heur 53.91 branch 3.53236)
[bb] nodes=184000 open=108163 incumbent=40005.054142 node_bound=39654.5 depth=20 gap=0.00876248 t=314.821s (lp 166.473 cuts 36.8104 heur 54.2243 branch 3.54359)
[bb] nodes=184500 open=108347 incumbent=40005.054142 node_bound=39939.3 depth=18 gap=0.00164267 t=315.815s (lp 166.997 cuts 36.9247 heur 54.381 branch 3.5527)
[bb] nodes=185000 open=108559 incumbent=40005.054142 node_bound=39865.3 depth=19 gap=0.00349306 t=316.847s (lp 167.557 cuts 37.0446 heur 54.5476 branch 3.56377)
[bb] nodes=185500 open=108733 incumbent=40005.054142 node_bound=39830.3 depth=17 gap=0.00436753 t=317.964s (lp 168.173 cuts 37.1671 heur 54.7359 branch 3.57093)
[bb] nodes=186000 open=108911 incumbent=40005.054142 node_bound=39657.1 depth=17 gap=0.00869719 t=318.982s (lp 168.741 cuts 37.2748 heur 54.8985 branch 3.57885)
[bb] nodes=186500 open=109049 incumbent=40005.054142 node_bound=39657.9 depth=23 gap=0.00867766 t=320.679s (lp 169.702 cuts 37.4624 heur 55.1407 branch 3.59592)
[bb] nodes=187000 open=109185 incumbent=40005.054142 node_bound=39658.7 depth=21 gap=0.00865892 t=321.701s (lp 170.254 cuts 37.5833 heur 55.3015 branch 3.6033)
[bb] nodes=187500 open=109295 incumbent=40005.054142 node_bound=39992.5 depth=24 gap=0.000313214 t=322.724s (lp 170.8 cuts 37.6976 heur 55.4798 branch 3.61001)
[bb] nodes=188000 open=109459 incumbent=40005.054142 node_bound=39744.6 depth=29 gap=0.00651073 t=323.757s (lp 171.337 cuts 37.8165 heur 55.6699 branch 3.61686)
[bb] nodes=188500 open=109591 incumbent=40005.054142 node_bound=39850.5 depth=21 gap=0.00386451 t=324.71s (lp 171.841 cuts 37.9317 heur 55.8172 branch 3.6244)
[bb] nodes=189000 open=109729 incumbent=40005.054142 node_bound=39661.7 depth=18 gap=0.00858273 t=325.703s (lp 172.383 cuts 38.048 heur 55.9616 branch 3.6351)
[bb] nodes=189500 open=109857 incumbent=40005.054142 node_bound=39662.5 depth=21 gap=0.00856395 t=326.757s (lp 172.97 cuts 38.1642 heur 56.1265 branch 3.64157)
[bb] nodes=190000 open=110015 incumbent=40005.054142 node_bound=39827.5 depth=24 gap=0.00443719 t=327.848s (lp 173.577 cuts 38.2778 heur 56.3097 branch 3.6488)
[bb] nodes=190500 open=110161 incumbent=40005.054142 node_bound=39664 depth=13 gap=0.00852578 t=328.923s (lp 174.181 cuts 38.3948 heur 56.4859 branch 3.65674)
[bb] nodes=191000 open=110315 incumbent=40005.054142 node_bound=39698 depth=26 gap=0.0076757 t=329.962s (lp 174.761 cuts 38.515 heur 56.6428 branch 3.66393)
[bb] nodes=191500 open=110459 incumbent=40005.054142 node_bound=39718.8 depth=22 gap=0.00715434 t=330.972s (lp 175.304 cuts 38.6297 heur 56.8134 branch 3.67083)
[bb] nodes=192000 open=110595 incumbent=40005.054142 node_bound=39666 depth=20 gap=0.00847426 t=332.064s (lp 175.9 cuts 38.7394 heur 57.0044 branch 3.67749)
[bb] nodes=192500 open=110729 incumbent=40005.054142 node_bound=39830.7 depth=18 gap=0.00435789 t=333.163s (lp 176.484 cuts 38.868 heur 57.1859 branch 3.68918)
[bb] nodes=193000 open=110869 incumbent=40005.054142 node_bound=39667.6 depth=23 gap=0.00843585 t=334.151s (lp 177.013 cuts 38.9865 heur 57.3461 branch 3.69715)
[bb] nodes=193500 open=111009 incumbent=40005.054142 node_bound=39964.1 depth=26 gap=0.00102276 t=335.216s (lp 177.608 cuts 39.1124 heur 57.4974 branch 3.70546)
[bb] nodes=194000 open=111169 incumbent=40005.054142 node_bound=39814.6 depth=20 gap=0.00475994 t=336.49s (lp 178.302 cuts 39.2526 heur 57.7074 branch 3.71464)
[bb] nodes=194500 open=111349 incumbent=40005.054142 node_bound=39669.6 depth=29 gap=0.00838445 t=337.604s (lp 178.913 cuts 39.3699 heur 57.8914 branch 3.72291)
[bb] nodes=195000 open=111477 incumbent=40005.054142 node_bound=39767.8 depth=24 gap=0.00593175 t=338.672s (lp 179.51 cuts 39.4854 heur 58.0649 branch 3.73302)
[bb] nodes=195500 open=111617 incumbent=40005.054142 node_bound=39917 depth=25 gap=0.00220039 t=339.73s (lp 180.104 cuts 39.6095 heur 58.211 branch 3.7417)
[bb] nodes=196000 open=111735 incumbent=40005.054142 node_bound=39671.8 depth=23 gap=0.00832999 t=340.748s (lp 180.673 cuts 39.7192 heur 58.3654 branch 3.75075)
[bb] nodes=196500 open=111849 incumbent=40005.054142 node_bound=39997.6 depth=23 gap=0.00018612 t=341.8s (lp 181.231 cuts 39.8396 heur 58.5398 branch 3.75854)
[bb] nodes=197000 open=111969 incumbent=40005.054142 node_bound=39673.4 depth=18 gap=0.0082911 t=342.869s (lp 181.784 cuts 39.9603 heur 58.7434 branch 3.76543)
[bb] nodes=197500 open=112105 incumbent=40005.054142 node_bound=39903.4 depth=22 gap=0.00253997 t=343.947s (lp 182.354 cuts 40.0834 heur 58.9425 branch 3.7729)
[bb] nodes=198000 open=112251 incumbent=40005.054142 node_bound=39674.8 depth=22 gap=0.00825627 t=345.265s (lp 183.079 cuts 40.2753 heur 59.1227 branch 3.78122)
[bb] nodes=198500 open=112367 incumbent=40005.054142 node_bound=39675.4 depth=19 gap=0.00823946 t=346.238s (lp 183.614 cuts 40.3869 heur 59.2611 branch 3.78857)
[bb] nodes=199000 open=112503 incumbent=40005.054142 node_bound=39676.2 depth=18 gap=0.00822079 t=347.247s (lp 184.169 cuts 40.5111 heur 59.4089 branch 3.79642)
[bb] nodes=199500 open=112615 incumbent=40005.054142 node_bound=39677 depth=20 gap=0.00820104 t=348.37s (lp 184.791 cuts 40.6247 heur 59.5934 branch 3.80333)
[bb] nodes=200000 open=112731 incumbent=40005.054142 node_bound=39881.7 depth=18 gap=0.00308376 t=349.457s (lp 185.391 cuts 40.7401 heur 59.7873 branch 3.81037)
[bb] nodes=200500 open=112883 incumbent=40005.054142 node_bound=39844 depth=25 gap=0.00402652 t=350.629s (lp 186.055 cuts 40.8664 heur 59.9669 branch 3.81812)
[bb] nodes=201000 open=113031 incumbent=40005.054142 node_bound=39892.6 depth=24 gap=0.00281095 t=351.828s (lp 186.74 cuts 41.0017 heur 60.1402 branch 3.82679)
[bb] nodes=201500 open=113171 incumbent=40005.054142 node_bound=39936.2 depth=24 gap=0.00172056 t=352.842s (lp 187.298 cuts 41.1128 heur 60.3091 branch 3.83369)
[bb] nodes=202000 open=113307 incumbent=40005.054142 node_bound=39680.5 depth=17 gap=0.00811354 t=353.898s (lp 187.849 cuts 41.2348 heur 60.4965 branch 3.84234)
[bb] nodes=202500 open=113431 incumbent=40005.054142 node_bound=39907 depth=18 gap=0.00245145 t=354.967s (lp 188.411 cuts 41.3549 heur 60.6919 branch 3.85207)
[bb] nodes=203000 open=113577 incumbent=40005.054142 node_bound=39681.8 depth=15 gap=0.00807969 t=356.001s (lp 188.965 cuts 41.4719 heur 60.8693 branch 3.85921)
[bb] nodes=203500 open=113719 incumbent=40005.054142 node_bound=39927 depth=16 gap=0.00195233 t=356.969s (lp 189.481 cuts 41.5887 heur 61.0206 branch 3.8655)
[bb] nodes=204000 open=113861 incumbent=40005.054142 node_bound=39860.2 depth=25 gap=0.00362056 t=357.979s (lp 190.046 cuts 41.7026 heur 61.1581 branch 3.87599)
[bb] nodes=204500 open=113959 incumbent=40005.054142 node_bound=39683.9 depth=22 gap=0.00802819 t=359.062s (lp 190.654 cuts 41.8201 heur 61.3341 branch 3.88366)
[bb] nodes=205000 open=114031 incumbent=40005.054142 node_bound=39966.3 depth=26 gap=0.000967784 t=360.518s (lp 191.501 cuts 41.9878 heur 61.5328 branch 3.89207)
[bb] nodes=205500 open=114185 incumbent=40005.054142 node_bound=39803.4 depth=24 gap=0.00504021 t=361.677s (lp 192.13 cuts 42.1103 heur 61.7516 branch 3.89953)
[bb] nodes=206000 open=114305 incumbent=40005.054142 node_bound=39963.8 depth=20 gap=0.00103222 t=362.72s (lp 192.7 cuts 42.2264 heur 61.915 branch 3.9066)
[bb] nodes=206500 open=114431 incumbent=40005.054142 node_bound=39686.7 depth=17 gap=0.00795697 t=364.017s (lp 193.42 cuts 42.3665 heur 62.1223 branch 3.91864)
[bb] nodes=207000 open=114551 incumbent=40005.054142 node_bound=39737.5 depth=15 gap=0.00668825 t=365.114s (lp 193.998 cuts 42.5011 heur 62.3029 branch 3.92749)
[bb] nodes=207500 open=114643 incumbent=40005.054142 node_bound=39688.2 depth=18 gap=0.0079199 t=366.392s (lp 194.683 cuts 42.6427 heur 62.5366 branch 3.93584)
[bb] nodes=208000 open=114723 incumbent=40005.054142 node_bound=39688.9 depth=24 gap=0.0079025 t=367.41s (lp 195.239 cuts 42.7536 heur 62.701 branch 3.94342)
[bb] nodes=208500 open=114845 incumbent=40005.054142 node_bound=39899.2 depth=25 gap=0.00264592 t=368.423s (lp 195.781 cuts 42.8589 heur 62.886 branch 3.95101)
[bb] nodes=209000 open=114947 incumbent=40005.054142 node_bound=39690.3 depth=21 gap=0.0078684 t=369.472s (lp 196.339 cuts 42.9764 heur 63.0719 branch 3.95793)
[bb] nodes=209500 open=115067 incumbent=40005.054142 node_bound=39691 depth=13 gap=0.00784929 t=370.463s (lp 196.865 cuts 43.0924 heur 63.2363 branch 3.96408)
[bb] nodes=210000 open=115163 incumbent=40005.054142 node_bound=39691.7 depth=23 gap=0.00783215 t=371.467s (lp 197.416 cuts 43.2079 heur 63.3861 branch 3.97151)
[bb] nodes=210500 open=115251 incumbent=40005.054142 node_bound=39870.2 depth=24 gap=0.00337155 t=372.461s (lp 197.957 cuts 43.3165 heur 63.5561 branch 3.97752)
[bb] nodes=211000 open=115365 incumbent=40005.054142 node_bound=39947.4 depth=27 gap=0.00144189 t=373.522s (lp 198.545 cuts 43.4265 heur 63.7304 branch 3.98753)
[bb] nodes=211500 open=115461 incumbent=40005.054142 node_bound=39753.6 depth=25 gap=0.00628548 t=374.618s (lp 199.146 cuts 43.5418 heur 63.926 branch 3.99388)
[bb] nodes=212000 open=115543 incumbent=40005.054142 node_bound=39907.9 depth=19 gap=0.00242953 t=375.726s (lp 199.75 cuts 43.6548 heur 64.1296 branch 4.00004)
[bb] nodes=212500 open=115641 incumbent=40005.054142 node_bound=39695.4 depth=19 gap=0.00774055 t=376.68s (lp 200.273 cuts 43.77 heur 64.2791 branch 4.00694)
[bb] nodes=213000 open=115745 incumbent=40005.054142 node_bound=39957.9 depth=21 gap=0.00117982 t=377.624s (lp 200.793 cuts 43.8762 heur 64.4245 branch 4.01298)
[bb] nodes=213500 open=115845 incumbent=40005.054142 node_bound=39696.9 depth=22 gap=0.00770328 t=378.646s (lp 201.34 cuts 43.9867 heur 64.5894 branch 4.0218)
[bb] nodes=214000 open=115977 incumbent=40005.054142 node_bound=39970.9 depth=18 gap=0.000853716 t=379.723s (lp 201.94 cuts 44.0926 heur 64.7669 branch 4.03204)
[bb] nodes=214500 open=116071 incumbent=40005.054142 node_bound=39698.2 depth=21 gap=0.00767007 t=380.728s (lp 202.482 cuts 44.2041 heur 64.9366 branch 4.03875)
[bb] nodes=215000 open=116137 incumbent=40005.054142 node_bound=39948.6 depth=24 gap=0.00141074 t=382.156s (lp 203.236 cuts 44.3494 heur 65.2204 branch 4.04816)
[bb] nodes=215500 open=116251 incumbent=40005.054142 node_bound=39985.7 depth=26 gap=0.000483132 t=383.152s (lp 203.76 cuts 44.4614 heur 65.3996 branch 4.05433)
[bb] nodes=216000 open=116361 incumbent=40005.054142 node_bound=39700.3 depth=21 gap=0.00761781 t=384.117s (lp 204.296 cuts 44.5753 heur 65.5338 branch 4.06111)
[bb] nodes=216500 open=116483 incumbent=40005.054142 node_bound=39701 depth=24 gap=0.00760067 t=385.125s (lp 204.816 cuts 44.6919 heur 65.7093 branch 4.06913)
[bb] nodes=217000 open=116523 incumbent=40005.054142 node_bound=39701.8 depth=23 gap=0.00758137 t=386.356s (lp 205.502 cuts 44.8228 heur 65.9042 branch 4.07597)
[bb] nodes=217500 open=116619 incumbent=40005.054142 node_bound=39906.4 depth=26 gap=0.00246683 t=387.341s (lp 206.047 cuts 44.935 heur 66.0521 branch 4.08246)
[bb] nodes=218000 open=116695 incumbent=40005.054142 node_bound=39959.5 depth=23 gap=0.00113827 t=388.37s (lp 206.614 cuts 45.043 heur 66.2293 branch 4.08945)
[bb] nodes=218500 open=116809 incumbent=40005.054142 node_bound=39963.4 depth=21 gap=0.00104047 t=389.449s (lp 207.198 cuts 45.1558 heur 66.4273 branch 4.09692)
[bb] nodes=219000 open=116905 incumbent=40005.054142 node_bound=39704.5 depth=16 gap=0.00751382 t=390.536s (lp 207.782 cuts 45.2666 heur 66.6392 branch 4.10353)
[bb] nodes=219500 open=116963 incumbent=40005.054142 node_bound=39705.2 depth=25 gap=0.00749462 t=391.658s (lp 208.422 cuts 45.3875 heur 66.7902 branch 4.11035)
[bb] nodes=220000 open=117065 incumbent=40005.054142 node_bound=39705.9 depth=21 gap=0.00747684 t=392.623s (lp 208.959 cuts 45.4916 heur 66.9314 branch 4.1172)
[bb] nodes=220500 open=117125 incumbent=40005.054142 node_bound=39706.6 depth=26 gap=0.00745958 t=393.639s (lp 209.529 cuts 45.6045 heur 67.0756 branch 4.12345)
[bb] nodes=221000 open=117263 incumbent=40005.054142 node_bound=39707.2 depth=21 gap=0.00744553 t=394.625s (lp 210.047 cuts 45.7206 heur 67.2488 branch 4.13228)
[bb] nodes=221500 open=117373 incumbent=40005.054142 node_bound=39707.9 depth=22 gap=0.00742897 t=395.667s (lp 210.618 cuts 45.8335 heur 67.4207 branch 4.13908)
[bb] nodes=222000 open=117483 incumbent=40005.054142 node_bound=39992.9 depth=25 gap=0.000303122 t=396.967s (lp 211.329 cuts 45.9665 heur 67.6502 branch 4.14769)
[bb] nodes=222500 open=117531 incumbent=40005.054142 node_bound=39709.1 depth=24 gap=0.00739732 t=398.187s (lp 211.958 cuts 46.108 heur 67.8819 branch 4.15333)
[bb] nodes=223000 open=117617 incumbent=40005.054142 node_bound=39807.6 depth=24 gap=0.00493502 t=399.202s (lp 212.506 cuts 46.2156 heur 68.0593 branch 4.16218)
[bb] nodes=223500 open=117735 incumbent=40005.054142 node_bound=39710.3 depth=24 gap=0.0073669 t=400.218s (lp 213.077 cuts 46.3215 heur 68.2177 branch 4.1689)
[bb] nodes=224000 open=117793 incumbent=40005.054142 node_bound=39984.6 depth=21 gap=0.000510807 t=401.222s (lp 213.634 cuts 46.4348 heur 68.3652 branch 4.17502)
[bb] nodes=224500 open=117933 incumbent=40005.054142 node_bound=39807.8 depth=24 gap=0.00493145 t=402.205s (lp 214.177 cuts 46.5423 heur 68.5261 branch 4.18196)
[bb] nodes=225000 open=117991 incumbent=40005.054142 node_bound=39712.4 depth=20 gap=0.00731563 t=403.197s (lp 214.727 cuts 46.65 heur 68.6876 branch 4.18847)
[bb] nodes=225500 open=118099 incumbent=40005.054142 node_bound=39713 depth=24 gap=0.00730128 t=404.174s (lp 215.257 cuts 46.7602 heur 68.8524 branch 4.19712)
[bb] nodes=226000 open=118153 incumbent=40005.054142 node_bound=39861.8 depth=20 gap=0.00358038 t=405.621s (lp 216.051 cuts 46.9185 heur 69.1002 branch 4.21784)
[bb] nodes=226500 open=118221 incumbent=40005.054142 node_bound=39912.2 depth=20 gap=0.00232188 t=406.693s (lp 216.654 cuts 47.0311 heur 69.2785 branch 4.22587)
[bb] nodes=227000 open=118289 incumbent=40005.054142 node_bound=39715.2 depth=15 gap=0.00724664 t=407.755s (lp 217.236 cuts 47.1477 heur 69.4733 branch 4.23223)
[bb] nodes=227500 open=118389 incumbent=40005.054142 node_bound=39852.5 depth=24 gap=0.00381456 t=408.727s (lp 217.767 cuts 47.2517 heur 69.6328 branch 4.23814)
[bb] nodes=228000 open=118429 incumbent=40005.054142 node_bound=39754.4 depth=23 gap=0.00626636 t=409.749s (lp 218.336 cuts 47.3688 heur 69.7845 branch 4.24429)
[bb] nodes=228500 open=118527 incumbent=40005.054142 node_bound=39717.2 depth=17 gap=0.00719567 t=410.801s (lp 218.919 cuts 47.4943 heur 69.9311 branch 4.25294)
[bb] nodes=229000 open=118611 incumbent=40005.054142 node_bound=39752.3 depth=24 gap=0.00631694 t=412.198s (lp 219.645 cuts 47.6443 heur 70.154 branch 4.27314)
[bb] nodes=229500 open=118703 incumbent=40005.054142 node_bound=39718.5 depth=15 gap=0.00716195 t=413.618s (lp 220.396 cuts 47.796 heur 70.4141 branch 4.28318)
[bb] nodes=230000 open=118777 incumbent=40005.054142 node_bound=39784.8 depth=15 gap=0.00550581 t=414.672s (lp 220.952 cuts 47.9118 heur 70.6036 branch 4.28931)
[bb] nodes=230500 open=118849 incumbent=40005.054142 node_bound=39720 depth=19 gap=0.0071245 t=415.85s (lp 221.574 cuts 48.0354 heur 70.8292 branch 4.29732)
[bb] nodes=231000 open=118917 incumbent=40005.054142 node_bound=40002.4 depth=24 gap=6.67506e-005 t=416.976s (lp 222.173 cuts 48.1578 heur 71.0358 branch 4.30538)
[bb] nodes=231500 open=118981 incumbent=40005.054142 node_bound=39872.2 depth=19 gap=0.00331979 t=418.151s (lp 222.811 cuts 48.2857 heur 71.2523 branch 4.31216)
[bb] nodes=232000 open=119049 incumbent=40005.054142 node_bound=39956.5 depth=25 gap=0.00121292 t=419.229s (lp 223.405 cuts 48.3994 heur 71.4464 branch 4.31922)
[bb] nodes=232500 open=119097 incumbent=40005.054142 node_bound=39849.5 depth=20 gap=0.00388952 t=420.228s (lp 223.969 cuts 48.5135 heur 71.5916 branch 4.32594)
[bb] nodes=233000 open=119159 incumbent=40005.054142 node_bound=39723.5 depth=16 gap=0.00703779 t=421.23s (lp 224.531 cuts 48.6284 heur 71.7337 branch 4.3324)
[bb] nodes=233500 open=119225 incumbent=40005.054142 node_bound=39987.5 depth=26 gap=0.000439861 t=422.378s (lp 225.148 cuts 48.7777 heur 71.8855 branch 4.3424)
[bb] nodes=234000 open=119317 incumbent=40005.054142 node_bound=39946.6 depth=19 gap=0.00146073 t=423.425s (lp 225.73 cuts 48.8943 heur 72.0466 branch 4.35105)
[bb] nodes=234500 open=119389 incumbent=40005.054142 node_bound=39978.9 depth=27 gap=0.000654665 t=424.474s (lp 226.31 cuts 49.0072 heur 72.2216 branch 4.35889)
[bb] nodes=235000 open=119455 incumbent=40005.054142 node_bound=39726.1 depth=12 gap=0.00697237 t=425.788s (lp 227.072 cuts 49.1335 heur 72.4282 branch 4.36797)
[bb] nodes=235500 open=119515 incumbent=40005.054142 node_bound=39985.5 depth=26 gap=0.000488562 t=427.205s (lp 227.861 cuts 49.2752 heur 72.6578 branch 4.37708)
[bb] nodes=236000 open=119595 incumbent=40005.054142 node_bound=39810.7 depth=29 gap=0.00485745 t=429.003s (lp 228.912 cuts 49.4485 heur 72.9725 branch 4.38629)
[bb] nodes=236500 open=119665 incumbent=40005.054142 node_bound=39787.4 depth=23 gap=0.00544156 t=430.133s (lp 229.532 cuts 49.5647 heur 73.1731 branch 4.39253)
[bb] nodes=237000 open=119699 incumbent=40005.054142 node_bound=39997.1 depth=19 gap=0.000199156 t=431.2s (lp 230.123 cuts 49.6787 heur 73.3589 branch 4.39982)
[bb] nodes=237500 open=119731 incumbent=40005.054142 node_bound=39741.6 depth=21 gap=0.00658439 t=432.325s (lp 230.763 cuts 49.8005 heur 73.5222 branch 4.40779)
[bb] nodes=238000 open=119777 incumbent=40005.054142 node_bound=39807.2 depth=24 gap=0.00494605 t=433.36s (lp 231.335 cuts 49.919 heur 73.6735 branch 4.41358)
[bb] nodes=238500 open=119823 incumbent=40005.054142 node_bound=39730.8 depth=25 gap=0.00685639 t=434.4s (lp 231.934 cuts 50.0331 heur 73.8227 branch 4.41892)
[bb] nodes=239000 open=119905 incumbent=40005.054142 node_bound=39731.4 depth=21 gap=0.00684094 t=435.474s (lp 232.522 cuts 50.1485 heur 73.9895 branch 4.42814)
[bb] nodes=239500 open=119919 incumbent=40005.054142 node_bound=39969.1 depth=26 gap=0.000899309 t=436.473s (lp 233.078 cuts 50.2606 heur 74.1398 branch 4.43346)
[bb] nodes=240000 open=119993 incumbent=40005.054142 node_bound=39841.5 depth=26 gap=0.00408817 t=437.592s (lp 233.674 cuts 50.3911 heur 74.332 branch 4.44362)
[bb] nodes=240500 open=120031 incumbent=40005.054142 node_bound=39898.7 depth=20 gap=0.00265824 t=438.684s (lp 234.267 cuts 50.5077 heur 74.5378 branch 4.44928)
[bb] nodes=241000 open=120081 incumbent=40005.054142 node_bound=39734.2 depth=23 gap=0.00677122 t=439.787s (lp 234.85 cuts 50.6278 heur 74.7506 branch 4.45591)
[bb] nodes=241500 open=120113 incumbent=40005.054142 node_bound=39734.9 depth=13 gap=0.00675329 t=440.86s (lp 235.429 cuts 50.7445 heur 74.9421 branch 4.46249)
[bb] nodes=242000 open=120191 incumbent=40005.054142 node_bound=39995.3 depth=19 gap=0.000244566 t=442.011s (lp 236.049 cuts 50.8671 heur 75.1616 branch 4.46901)
[bb] nodes=242500 open=120195 incumbent=40005.054142 node_bound=39879.4 depth=26 gap=0.00314084 t=443.371s (lp 236.812 cuts 51.0036 heur 75.4013 branch 4.47622)
[bb] nodes=243000 open=120237 incumbent=40005.054142 node_bound=39736.8 depth=21 gap=0.00670565 t=444.624s (lp 237.515 cuts 51.1299 heur 75.6223 branch 4.48333)
[bb] nodes=243500 open=120285 incumbent=40005.054142 node_bound=39737.5 depth=24 gap=0.00668914 t=445.738s (lp 238.135 cuts 51.244 heur 75.8177 branch 4.49018)
[bb] nodes=244000 open=120311 incumbent=40005.054142 node_bound=39738.1 depth=19 gap=0.0066722 t=446.876s (lp 238.784 cuts 51.3589 heur 76.0109 branch 4.49678)
[bb] nodes=244500 open=120335 incumbent=40005.054142 node_bound=39917.9 depth=26 gap=0.00217944 t=448.072s (lp 239.443 cuts 51.4801 heur 76.2348 branch 4.50548)
[bb] nodes=245000 open=120413 incumbent=40005.054142 node_bound=39739.5 depth=23 gap=0.00663914 t=449.704s (lp 240.353 cuts 51.6261 heur 76.5515 branch 4.51379)
[bb] nodes=245500 open=120425 incumbent=40005.054142 node_bound=39740.1 depth=26 gap=0.00662234 t=450.772s (lp 240.944 cuts 51.7478 heur 76.7151 branch 4.51945)
[bb] nodes=246000 open=120459 incumbent=40005.054142 node_bound=39740.8 depth=19 gap=0.00660533 t=451.871s (lp 241.557 cuts 51.8748 heur 76.8723 branch 4.52525)
[bb] nodes=246500 open=120515 incumbent=40005.054142 node_bound=39851.4 depth=18 gap=0.0038412 t=452.933s (lp 242.152 cuts 51.995 heur 77.0314 branch 4.53182)
[bb] nodes=247000 open=120547 incumbent=40005.054142 node_bound=39818.8 depth=22 gap=0.00465539 t=454.022s (lp 242.764 cuts 52.1128 heur 77.2024 branch 4.538)
[bb] nodes=247500 open=120617 incumbent=40005.054142 node_bound=39742.7 depth=19 gap=0.00655887 t=455.068s (lp 243.326 cuts 52.2294 heur 77.3878 branch 4.54427)
[bb] nodes=248000 open=120641 incumbent=40005.054142 node_bound=39743.3 depth=22 gap=0.00654326 t=456.181s (lp 243.958 cuts 52.3413 heur 77.5748 branch 4.55143)
[bb] nodes=248500 open=120681 incumbent=40005.054142 node_bound=39744 depth=16 gap=0.00652529 t=457.293s (lp 244.574 cuts 52.4544 heur 77.7726 branch 4.55719)
[bb] nodes=249000 open=120725 incumbent=40005.054142 node_bound=39744.6 depth=25 gap=0.00650968 t=458.578s (lp 245.276 cuts 52.5894 heur 78.0048 branch 4.56387)
[bb] nodes=249500 open=120731 incumbent=40005.054142 node_bound=39745.4 depth=19 gap=0.00649129 t=459.97s (lp 246.04 cuts 52.7321 heur 78.264 branch 4.57102)
[bb] nodes=250000 open=120731 incumbent=40005.054142 node_bound=39746.1 depth=23 gap=0.00647365 t=461.098s (lp 246.664 cuts 52.8439 heur 78.4782 branch 4.57691)
[bb] nodes=250500 open=120747 incumbent=40005.054142 node_bound=39746.7 depth=16 gap=0.00645691 t=462.253s (lp 247.3 cuts 52.9725 heur 78.6843 branch 4.58281)
[bb] nodes=251000 open=120743 incumbent=40005.054142 node_bound=39867.1 depth=22 gap=0.00344811 t=463.441s (lp 247.955 cuts 53.0898 heur 78.8956 branch 4.589)
[bb] nodes=251500 open=120775 incumbent=40005.054142 node_bound=39748.1 depth=14 gap=0.00642274 t=464.645s (lp 248.626 cuts 53.2213 heur 79.1049 branch 4.59535)
[bb] nodes=252000 open=120791 incumbent=40005.054142 node_bound=39748.8 depth=25 gap=0.00640525 t=465.819s (lp 249.284 cuts 53.342 heur 79.3089 branch 4.60082)
[bb] nodes=252500 open=120835 incumbent=40005.054142 node_bound=39749.5 depth=21 gap=0.0063872 t=466.968s (lp 249.897 cuts 53.4596 heur 79.5259 branch 4.60709)
[bb] nodes=253000 open=120861 incumbent=40005.054142 node_bound=39750.1 depth=12 gap=0.00637252 t=468.448s (lp 250.722 cuts 53.6083 heur 79.8006 branch 4.62089)
[bb] nodes=253500 open=120867 incumbent=40005.054142 node_bound=39896.1 depth=21 gap=0.00272247 t=469.642s (lp 251.376 cuts 53.7314 heur 80.0137 branch 4.6287)
[bb] nodes=254000 open=120823 incumbent=40005.054142 node_bound=39751.6 depth=13 gap=0.00633658 t=470.981s (lp 252.072 cuts 53.8714 heur 80.2432 branch 4.63584)
[bb] nodes=254500 open=120829 incumbent=40005.054142 node_bound=39909.7 depth=26 gap=0.00238427 t=472.111s (lp 252.7 cuts 53.9923 heur 80.4379 branch 4.64125)
[bb] nodes=255000 open=120823 incumbent=40005.054142 node_bound=39981 depth=20 gap=0.000601384 t=473.215s (lp 253.317 cuts 54.1026 heur 80.6195 branch 4.65807)
[bb] nodes=255500 open=120819 incumbent=40005.054142 node_bound=39835.2 depth=27 gap=0.00424689 t=474.69s (lp 254.152 cuts 54.249 heur 80.8767 branch 4.66488)
[bb] nodes=256000 open=120819 incumbent=40005.054142 node_bound=39986.8 depth=25 gap=0.000457168 t=475.825s (lp 254.784 cuts 54.3691 heur 81.0718 branch 4.67166)
[bb] nodes=256500 open=120835 incumbent=40005.054142 node_bound=39829.1 depth=19 gap=0.00439924 t=476.965s (lp 255.386 cuts 54.497 heur 81.2953 branch 4.67729)
[bb] nodes=257000 open=120877 incumbent=40005.054142 node_bound=39999.2 depth=22 gap=0.00014643 t=478.187s (lp 256.059 cuts 54.6166 heur 81.5154 branch 4.68444)
[bb] nodes=257500 open=120881 incumbent=40005.054142 node_bound=39986.3 depth=27 gap=0.000467926 t=479.301s (lp 256.673 cuts 54.741 heur 81.7112 branch 4.68923)
[bb] nodes=258000 open=120877 incumbent=40005.054142 node_bound=39954.9 depth=22 gap=0.00125361 t=480.458s (lp 257.304 cuts 54.8601 heur 81.91 branch 4.69672)
[bb] nodes=258500 open=120927 incumbent=40005.054142 node_bound=39757.5 depth=13 gap=0.00618704 t=481.518s (lp 257.902 cuts 54.9673 heur 82.0882 branch 4.70204)
[bb] nodes=259000 open=120971 incumbent=40005.054142 node_bound=39758.1 depth=31 gap=0.00617274 t=482.575s (lp 258.486 cuts 55.0713 heur 82.2843 branch 4.7079)
[bb] nodes=259500 open=120989 incumbent=40005.054142 node_bound=39953.5 depth=26 gap=0.00128875 t=483.615s (lp 259.073 cuts 55.1806 heur 82.4575 branch 4.71326)
[bb] nodes=260000 open=121003 incumbent=40005.054142 node_bound=39759.4 depth=18 gap=0.00614059 t=484.664s (lp 259.645 cuts 55.2977 heur 82.642 branch 4.71965)
[bb] nodes=260500 open=121021 incumbent=40005.054142 node_bound=39760.1 depth=25 gap=0.00612382 t=485.827s (lp 260.285 cuts 55.4139 heur 82.8504 branch 4.72756)
[bb] nodes=261000 open=121051 incumbent=40005.054142 node_bound=39760.7 depth=19 gap=0.006108 t=486.816s (lp 260.842 cuts 55.5187 heur 83.0115 branch 4.73381)
[bb] nodes=261500 open=121055 incumbent=40005.054142 node_bound=39969.6 depth=29 gap=0.000887368 t=487.883s (lp 261.447 cuts 55.6286 heur 83.184 branch 4.73927)
[bb] nodes=262000 open=121053 incumbent=40005.054142 node_bound=39762 depth=14 gap=0.00607509 t=488.996s (lp 262.075 cuts 55.7514 heur 83.353 branch 4.74458)
[bb] nodes=262500 open=121039 incumbent=40005.054142 node_bound=39856.7 depth=24 gap=0.00370958 t=490.41s (lp 262.842 cuts 55.8945 heur 83.6215 branch 4.75461)
[bb] nodes=263000 open=121051 incumbent=40005.054142 node_bound=39801.5 depth=25 gap=0.00508792 t=491.478s (lp 263.438 cuts 56.0111 heur 83.7965 branch 4.76171)
[bb] nodes=263500 open=121057 incumbent=40005.054142 node_bound=39763.9 depth=21 gap=0.00602718 t=492.544s (lp 264.029 cuts 56.128 heur 83.9666 branch 4.76956)
[bb] nodes=264000 open=121029 incumbent=40005.054142 node_bound=39764.6 depth=29 gap=0.00601088 t=493.591s (lp 264.611 cuts 56.2387 heur 84.1422 branch 4.77564)
[bb] nodes=264500 open=121063 incumbent=40005.054142 node_bound=39937.5 depth=25 gap=0.00168918 t=494.614s (lp 265.177 cuts 56.3442 heur 84.3159 branch 4.78111)
[bb] nodes=265000 open=121049 incumbent=40005.054142 node_bound=39765.8 depth=27 gap=0.00598016 t=495.639s (lp 265.749 cuts 56.4557 heur 84.4875 branch 4.78677)
[bb] nodes=265500 open=121051 incumbent=40005.054142 node_bound=39888 depth=27 gap=0.00292651 t=497.065s (lp 266.537 cuts 56.5901 heur 84.723 branch 4.7989)
[bb] nodes=266000 open=121055 incumbent=40005.054142 node_bound=39958.5 depth=24 gap=0.00116354 t=498.173s (lp 267.162 cuts 56.6994 heur 84.9134 branch 4.80533)
[bb] nodes=266500 open=121017 incumbent=40005.054142 node_bound=39884 depth=19 gap=0.0030262 t=499.278s (lp 267.773 cuts 56.8214 heur 85.1066 branch 4.81039)
[bb] nodes=267000 open=121019 incumbent=40005.054142 node_bound=39768.4 depth=20 gap=0.00591552 t=500.346s (lp 268.363 cuts 56.9346 heur 85.2898 branch 4.81613)
[bb] nodes=267500 open=120979 incumbent=40005.054142 node_bound=39769.1 depth=25 gap=0.00589872 t=501.48s (lp 269.001 cuts 57.0582 heur 85.4783 branch 4.82176)
[bb] nodes=268000 open=120953 incumbent=40005.054142 node_bound=39769.8 depth=23 gap=0.00588012 t=502.521s (lp 269.583 cuts 57.1742 heur 85.6484 branch 4.82668)
[bb] nodes=268500 open=120929 incumbent=40005.054142 node_bound=39770.5 depth=15 gap=0.00586344 t=503.663s (lp 270.218 cuts 57.2885 heur 85.8584 branch 4.83272)
[bb] nodes=269000 open=120921 incumbent=40005.054142 node_bound=39771.1 depth=18 gap=0.00584896 t=505.2s (lp 271.094 cuts 57.4329 heur 86.1299 branch 4.84057)
[bb] nodes=269500 open=120889 incumbent=40005.054142 node_bound=39771.8 depth=20 gap=0.00583174 t=506.366s (lp 271.74 cuts 57.5608 heur 86.3219 branch 4.84608)
[bb] nodes=270000 open=120867 incumbent=40005.054142 node_bound=39772.4 depth=15 gap=0.00581601 t=507.766s (lp 272.521 cuts 57.7054 heur 86.5579 branch 4.85474)
[bb] nodes=270500 open=120839 incumbent=40005.054142 node_bound=39982 depth=22 gap=0.000575419 t=508.823s (lp 273.101 cuts 57.8141 heur 86.7458 branch 4.85958)
[bb] nodes=271000 open=120839 incumbent=40005.054142 node_bound=39982.3 depth=24 gap=0.000568242 t=509.985s (lp 273.758 cuts 57.9292 heur 86.9459 branch 4.86499)
[bb] nodes=271500 open=120813 incumbent=40005.054142 node_bound=39992.7 depth=29 gap=0.000307976 t=510.999s (lp 274.328 cuts 58.0341 heur 87.1223 branch 4.87092)
[bb] nodes=272000 open=120805 incumbent=40005.054142 node_bound=39925.5 depth=24 gap=0.00198804 t=513.107s (lp 275.467 cuts 58.2222 heur 87.5663 branch 4.88048)
[bb] nodes=272500 open=120735 incumbent=40005.054142 node_bound=39775.6 depth=22 gap=0.00573491 t=515.182s (lp 276.662 cuts 58.4223 heur 87.9236 branch 4.88677)
[bb] nodes=273000 open=120647 incumbent=40005.054142 node_bound=39776.3 depth=23 gap=0.00571797 t=516.998s (lp 277.672 cuts 58.5935 heur 88.264 branch 4.89625)
[bb] nodes=273500 open=120661 incumbent=40005.054142 node_bound=39776.9 depth=21 gap=0.00570337 t=518.25s (lp 278.349 cuts 58.7325 heur 88.4992 branch 4.90279)
[bb] nodes=274000 open=120639 incumbent=40005.054142 node_bound=39777.5 depth=20 gap=0.00568755 t=519.336s (lp 278.943 cuts 58.8528 heur 88.6934 branch 4.90975)
[bb] nodes=274500 open=120585 incumbent=40005.054142 node_bound=39778.2 depth=26 gap=0.0056714 t=520.778s (lp 279.749 cuts 58.9948 heur 88.9501 branch 4.91678)
[bb] nodes=275000 open=120585 incumbent=40005.054142 node_bound=39778.8 depth=24 gap=0.00565683 t=521.973s (lp 280.414 cuts 59.1147 heur 89.1564 branch 4.92294)
[bb] nodes=275500 open=120537 incumbent=40005.054142 node_bound=39779.4 depth=23 gap=0.00564138 t=523.016s (lp 280.995 cuts 59.2351 heur 89.3251 branch 4.92812)
[bb] nodes=276000 open=120483 incumbent=40005.054142 node_bound=39780 depth=18 gap=0.00562494 t=524.105s (lp 281.595 cuts 59.3497 heur 89.5121 branch 4.93293)
[bb] nodes=276500 open=120445 incumbent=40005.054142 node_bound=39780.7 depth=21 gap=0.00560791 t=525.175s (lp 282.19 cuts 59.4582 heur 89.6951 branch 4.93857)
[bb] nodes=277000 open=120429 incumbent=40005.054142 node_bound=39916.4 depth=25 gap=0.00221592 t=526.223s (lp 282.77 cuts 59.5695 heur 89.8705 branch 4.94393)
[bb] nodes=277500 open=120343 incumbent=40005.054142 node_bound=39782 depth=22 gap=0.00557474 t=527.699s (lp 283.614 cuts 59.7069 heur 90.1219 branch 4.94982)
[bb] nodes=278000 open=120335 incumbent=40005.054142 node_bound=39782.7 depth=25 gap=0.00555731 t=528.678s (lp 284.163 cuts 59.8106 heur 90.2816 branch 4.95523)
[bb] nodes=278500 open=120301 incumbent=40005.054142 node_bound=39994.3 depth=25 gap=0.000269959 t=529.728s (lp 284.746 cuts 59.9189 heur 90.4584 branch 4.96141)
[bb] nodes=279000 open=120271 incumbent=40005.054142 node_bound=39784.1 depth=24 gap=0.00552401 t=530.814s (lp 285.348 cuts 60.0347 heur 90.6503 branch 4.96719)
[bb] nodes=279500 open=120199 incumbent=40005.054142 node_bound=39784.8 depth=22 gap=0.00550681 t=531.887s (lp 285.941 cuts 60.1462 heur 90.8359 branch 4.97155)
[bb] nodes=280000 open=120139 incumbent=40005.054142 node_bound=39865.6 depth=19 gap=0.00348508 t=533.004s (lp 286.571 cuts 60.2665 heur 91.0196 branch 4.978)
[bb] nodes=280500 open=120107 incumbent=40005.054142 node_bound=39880.4 depth=21 gap=0.00311487 t=534.088s (lp 287.157 cuts 60.3759 heur 91.2223 branch 4.98389)
[bb] nodes=281000 open=120055 incumbent=40005.054142 node_bound=39909.4 depth=22 gap=0.0023898 t=535.207s (lp 287.777 cuts 60.4906 heur 91.4188 branch 4.99075)
[bb] nodes=281500 open=119967 incumbent=40005.054142 node_bound=39971.1 depth=22 gap=0.000849614 t=537.106s (lp 288.864 cuts 60.697 heur 91.7234 branch 4.99773)
[bb] nodes=282000 open=119929 incumbent=40005.054142 node_bound=39788.1 depth=25 gap=0.00542319 t=538.302s (lp 289.519 cuts 60.8252 heur 91.9529 branch 5.00292)
[bb] nodes=282500 open=119863 incumbent=40005.054142 node_bound=39889.2 depth=27 gap=0.00289613 t=539.318s (lp 290.084 cuts 60.9364 heur 92.123 branch 5.00816)
[bb] nodes=283000 open=119813 incumbent=40005.054142 node_bound=39789.5 depth=21 gap=0.0053889 t=540.449s (lp 290.709 cuts 61.053 heur 92.3157 branch 5.01315)
[bb] nodes=283500 open=119801 incumbent=40005.054142 node_bound=39790 depth=25 gap=0.00537521 t=541.642s (lp 291.37 cuts 61.1701 heur 92.5221 branch 5.01965)
[bb] nodes=284000 open=119789 incumbent=40005.054142 node_bound=39790.6 depth=18 gap=0.00536176 t=542.896s (lp 292.06 cuts 61.2929 heur 92.7452 branch 5.02512)
[bb] nodes=284500 open=119721 incumbent=40005.054142 node_bound=39969 depth=17 gap=0.000900089 t=544.041s (lp 292.699 cuts 61.4126 heur 92.9411 branch 5.03162)
[bb] nodes=285000 open=119663 incumbent=40005.054142 node_bound=39791.9 depth=25 gap=0.00532728 t=545.178s (lp 293.35 cuts 61.5358 heur 93.1181 branch 5.03728)
[bb] nodes=285500 open=119639 incumbent=40005.054142 node_bound=39792.5 depth=15 gap=0.00531349 t=546.288s (lp 293.971 cuts 61.6575 heur 93.3045 branch 5.04268)
[bb] nodes=286000 open=119601 incumbent=40005.054142 node_bound=39793.1 depth=20 gap=0.00529873 t=547.345s (lp 294.569 cuts 61.7695 heur 93.4723 branch 5.04814)
[bb] nodes=286500 open=119515 incumbent=40005.054142 node_bound=39793.8 depth=22 gap=0.00528154 t=548.472s (lp 295.213 cuts 61.8831 heur 93.6468 branch 5.05226)
[bb] nodes=287000 open=119407 incumbent=40005.054142 node_bound=39794.5 depth=19 gap=0.00526273 t=549.617s (lp 295.844 cuts 62.0061 heur 93.8417 branch 5.05647)
[bb] nodes=287500 open=119371 incumbent=40005.054142 node_bound=39795 depth=21 gap=0.00524967 t=550.727s (lp 296.445 cuts 62.1321 heur 94.031 branch 5.06402)
[bb] nodes=288000 open=119299 incumbent=40005.054142 node_bound=39795.7 depth=20 gap=0.00523336 t=552.124s (lp 297.222 cuts 62.2735 heur 94.2794 branch 5.0692)
[bb] nodes=288500 open=119213 incumbent=40005.054142 node_bound=39796.3 depth=20 gap=0.00521759 t=553.252s (lp 297.843 cuts 62.3993 heur 94.4707 branch 5.07444)
[bb] nodes=289000 open=119149 incumbent=40005.054142 node_bound=39796.9 depth=22 gap=0.00520354 t=554.408s (lp 298.49 cuts 62.5263 heur 94.6513 branch 5.08095)
[bb] nodes=289500 open=119045 incumbent=40005.054142 node_bound=39797.5 depth=26 gap=0.00518754 t=555.742s (lp 299.268 cuts 62.6463 heur 94.8719 branch 5.08597)
[bb] nodes=290000 open=118991 incumbent=40005.054142 node_bound=39922.2 depth=26 gap=0.00207115 t=556.829s (lp 299.889 cuts 62.762 heur 95.0406 branch 5.09132)
[bb] nodes=290500 open=118873 incumbent=40005.054142 node_bound=39798.9 depth=25 gap=0.00515442 t=558.031s (lp 300.563 cuts 62.8802 heur 95.2518 branch 5.09718)
[bb] nodes=291000 open=118793 incumbent=40005.054142 node_bound=39799.5 depth=21 gap=0.00513881 t=559.153s (lp 301.186 cuts 63.0026 heur 95.4351 branch 5.10309)
[bb] nodes=291500 open=118707 incumbent=40005.054142 node_bound=39862.4 depth=23 gap=0.00356626 t=560.311s (lp 301.843 cuts 63.1211 heur 95.6228 branch 5.10802)
[bb] nodes=292000 open=118653 incumbent=40005.054142 node_bound=39800.8 depth=22 gap=0.00510586 t=561.4s (lp 302.46 cuts 63.2384 heur 95.8033 branch 5.11314)
[bb] nodes=292500 open=118593 incumbent=40005.054142 node_bound=39801.4 depth=25 gap=0.00509028 t=562.539s (lp 303.094 cuts 63.3538 heur 95.9902 branch 5.11857)
[bb] nodes=293000 open=118565 incumbent=40005.054142 node_bound=39802 depth=27 gap=0.00507558 t=563.83s (lp 303.818 cuts 63.4797 heur 96.2126 branch 5.12672)
[bb] nodes=293500 open=118515 incumbent=40005.054142 node_bound=39895.4 depth=20 gap=0.00274188 t=564.973s (lp 304.475 cuts 63.5978 heur 96.3862 branch 5.1327)
[bb] nodes=294000 open=118447 incumbent=40005.054142 node_bound=39955.2 depth=21 gap=0.00124651 t=566.319s (lp 305.18 cuts 63.7383 heur 96.6594 branch 5.13903)
[bb] nodes=294500 open=118391 incumbent=40005.054142 node_bound=39895.4 depth=29 gap=0.00274084 t=567.738s (lp 305.978 cuts 63.8779 heur 96.8953 branch 5.1449)
[bb] nodes=295000 open=118325 incumbent=40005.054142 node_bound=39804.4 depth=21 gap=0.00501578 t=568.852s (lp 306.61 cuts 64.0012 heur 97.0632 branch 5.14986)
[bb] nodes=295500 open=118227 incumbent=40005.054142 node_bound=39805.1 depth=23 gap=0.004999 t=570.084s (lp 307.308 cuts 64.1229 heur 97.2633 branch 5.1569)
[bb] nodes=296000 open=118167 incumbent=40005.054142 node_bound=39939.4 depth=25 gap=0.00164165 t=571.207s (lp 307.927 cuts 64.2375 heur 97.458 branch 5.16209)
[bb] nodes=296500 open=118035 incumbent=40005.054142 node_bound=39806.5 depth=26 gap=0.00496442 t=572.367s (lp 308.561 cuts 64.3542 heur 97.6647 branch 5.16776)
[bb] nodes=297000 open=117909 incumbent=40005.054142 node_bound=39807.1 depth=25 gap=0.00494759 t=573.496s (lp 309.19 cuts 64.4731 heur 97.8522 branch 5.17337)
[bb] nodes=297500 open=117805 incumbent=40005.054142 node_bound=39976.5 depth=24 gap=0.00071398 t=574.646s (lp 309.823 cuts 64.6025 heur 98.0493 branch 5.17769)
[bb] nodes=298000 open=117713 incumbent=40005.054142 node_bound=39900 depth=21 gap=0.0026268 t=575.836s (lp 310.498 cuts 64.72 heur 98.2353 branch 5.18223)
[bb] nodes=298500 open=117569 incumbent=40005.054142 node_bound=39809.1 depth=21 gap=0.00489748 t=576.981s (lp 311.157 cuts 64.8353 heur 98.4245 branch 5.18717)
[bb] nodes=299000 open=117473 incumbent=40005.054142 node_bound=39809.7 depth=37 gap=0.00488215 t=578.131s (lp 311.812 cuts 64.9473 heur 98.6043 branch 5.1921)
[bb] nodes=299500 open=117381 incumbent=40005.054142 node_bound=39810.4 depth=24 gap=0.00486523 t=579.248s (lp 312.43 cuts 65.064 heur 98.7929 branch 5.19812)
[bb] nodes=300000 open=117303 incumbent=40005.054142 node_bound=39811 depth=24 gap=0.00484997 t=580.44s (lp 313.098 cuts 65.1855 heur 98.9867 branch 5.20759)
[bb] nodes=300500 open=117229 incumbent=40005.054142 node_bound=39811.7 depth=28 gap=0.00483399 t=581.684s (lp 313.781 cuts 65.3082 heur 99.2007 branch 5.21251)
[bb] nodes=301000 open=117101 incumbent=40005.054142 node_bound=39812.3 depth=25 gap=0.00481771 t=583.083s (lp 314.577 cuts 65.4416 heur 99.4297 branch 5.21832)
[bb] nodes=301500 open=116995 incumbent=40005.054142 node_bound=39813 depth=31 gap=0.00480146 t=584.207s (lp 315.202 cuts 65.5592 heur 99.627 branch 5.22315)
[bb] nodes=302000 open=116923 incumbent=40005.054142 node_bound=39813.6 depth=21 gap=0.00478609 t=585.699s (lp 316.032 cuts 65.6956 heur 99.8655 branch 5.23147)
[bb] nodes=302500 open=116747 incumbent=40005.054142 node_bound=39814.3 depth=23 gap=0.00476905 t=586.789s (lp 316.656 cuts 65.812 heur 100.024 branch 5.23512)
[bb] nodes=303000 open=116631 incumbent=40005.054142 node_bound=39814.9 depth=17 gap=0.00475373 t=587.947s (lp 317.316 cuts 65.9337 heur 100.204 branch 5.24155)
[bb] nodes=303500 open=116471 incumbent=40005.054142 node_bound=39815.5 depth=25 gap=0.00473823 t=589.005s (lp 317.912 cuts 66.0491 heur 100.369 branch 5.24779)
[bb] nodes=304000 open=116357 incumbent=40005.054142 node_bound=39816.1 depth=25 gap=0.00472319 t=590.212s (lp 318.588 cuts 66.1781 heur 100.56 branch 5.25382)
[bb] nodes=304500 open=116239 incumbent=40005.054142 node_bound=39816.7 depth=13 gap=0.0047075 t=591.385s (lp 319.241 cuts 66.3056 heur 100.754 branch 5.25918)
[bb] nodes=305000 open=116149 incumbent=40005.054142 node_bound=39817.3 depth=23 gap=0.00469292 t=592.528s (lp 319.882 cuts 66.4254 heur 100.94 branch 5.26712)
[bb] nodes=305500 open=116059 incumbent=40005.054142 node_bound=39817.9 depth=27 gap=0.00467816 t=593.628s (lp 320.493 cuts 66.5417 heur 101.128 branch 5.2717)
[bb] nodes=306000 open=115893 incumbent=40005.054142 node_bound=40000.6 depth=30 gap=0.000110617 t=594.762s (lp 321.14 cuts 66.6706 heur 101.315 branch 5.27547)
[bb] nodes=306500 open=115749 incumbent=40005.054142 node_bound=39819.2 depth=25 gap=0.00464491 t=595.996s (lp 321.835 cuts 66.8076 heur 101.527 branch 5.27995)
[bb] nodes=307000 open=115681 incumbent=40005.054142 node_bound=39942.9 depth=22 gap=0.00155339 t=597.435s (lp 322.655 cuts 66.9572 heur 101.757 branch 5.28703)
[bb] nodes=307500 open=115565 incumbent=40005.054142 node_bound=39951 depth=18 gap=0.00135166 t=598.792s (lp 323.409 cuts 67.1045 heur 101.976 branch 5.29209)
[bb] nodes=308000 open=115419 incumbent=40005.054142 node_bound=39821.2 depth=17 gap=0.00459678 t=599.952s (lp 324.059 cuts 67.2417 heur 102.16 branch 5.29621)
