[bb] nodes=1 open=0 incumbent=- node_bound=-inf depth=0 gap=-1 t=0.0001874s (lp 0 cuts 0 heur 0 branch 0)
[bb] nodes=2 open=1 incumbent=35.000000 node_bound=13 depth=1 gap=0.628571 t=0.0186759s (lp 0.0022682 cuts 0.0002898 heur 0.0011771 branch 0.014309)
[bb] nodes=3 open=2 incumbent=35.000000 node_bound=13.1667 depth=2 gap=0.62381 t=0.0475054s (lp 0.0032913 cuts 0.0005938 heur 0.0012962 branch 0.0413607)
[bb] nodes=4 open=3 incumbent=35.000000 node_bound=13.375 depth=3 gap=0.617857 t=0.0648852s (lp 0.0046583 cuts 0.0008977 heur 0.0014107 branch 0.056603)
[bb] nodes=5 open=4 incumbent=35.000000 node_bound=13.375 depth=4 gap=0.617857 t=0.0829232s (lp 0.0059986 cuts 0.0012002 heur 0.0015339 branch 0.0724524)
[bb] nodes=6 open=5 incumbent=35.000000 node_bound=13.75 depth=5 gap=0.607143 t=0.110067s (lp 0.007056 cuts 0.0014943 heur 0.0016549 branch 0.0975815)
[bb] nodes=7 open=6 incumbent=35.000000 node_bound=13.75 depth=6 gap=0.607143 t=0.126078s (lp 0.0081351 cuts 0.0015055 heur 0.00178 branch 0.111523)
[bb] nodes=8 open=7 incumbent=34.000000 node_bound=13.75 depth=7 gap=0.595588 t=0.141469s (lp 0.009686 cuts 0.0015196 heur 0.002964 branch 0.123641)
[bb] nodes=9 open=8 incumbent=34.000000 node_bound=13.875 depth=8 gap=0.591912 t=0.16428s (lp 0.0107299 cuts 0.0015282 heur 0.003078 branch 0.144909)
[bb] nodes=10 open=9 incumbent=25.000000 node_bound=14 depth=9 gap=0.44 t=0.20054s (lp 0.0123574 cuts 0.0015413 heur 0.0043941 branch 0.177593)
[bb] nodes=11 open=10 incumbent=25.000000 node_bound=14 depth=10 gap=0.44 t=0.221333s (lp 0.013432 cuts 0.0015489 heur 0.004509 branch 0.196673)
[bb] nodes=12 open=11 incumbent=21.000000 node_bound=14 depth=11 gap=0.333333 t=0.243005s (lp 0.0149322 cuts 0.0015588 heur 0.0056099 branch 0.215229)
[bb] nodes=13 open=12 incumbent=21.000000 node_bound=14 depth=12 gap=0.333333 t=0.263071s (lp 0.016477 cuts 0.0015684 heur 0.0057549 branch 0.232711)
[bb] nodes=14 open=13 incumbent=21.000000 node_bound=14 depth=13 gap=0.333333 t=0.28238s (lp 0.0173625 cuts 0.0015757 heur 0.0058672 branch 0.250636)
[bb] nodes=15 open=14 incumbent=21.000000 node_bound=14 depth=14 gap=0.333333 t=0.304256s (lp 0.0185548 cuts 0.0015879 heur 0.0060003 branch 0.270648)
[bb] nodes=16 open=15 incumbent=21.000000 node_bound=14 depth=15 gap=0.333333 t=0.326924s (lp 0.0207243 cuts 0.0016005 heur 0.006156 branch 0.290146)
[bb] nodes=17 open=16 incumbent=21.000000 node_bound=14 depth=16 gap=0.333333 t=0.347903s (lp 0.0218698 cuts 0.0016087 heur 0.0062794 branch 0.309343)
[bb] nodes=18 open=17 incumbent=21.000000 node_bound=14 depth=17 gap=0.333333 t=0.364742s (lp 0.0230908 cuts 0.0016181 heur 0.0064254 branch 0.324419)
[bb] nodes=19 open=18 incumbent=21.000000 node_bound=14 depth=18 gap=0.333333 t=0.379719s (lp 0.0263199 cuts 0.0016263 heur 0.0065397 branch 0.335615)
[bb] nodes=20 open=19 incumbent=21.000000 node_bound=14 depth=19 gap=0.333333 t=0.406173s (lp 0.027179 cuts 0.0016328 heur 0.0066495 branch 0.360678)
[bb] nodes=500 open=473 incumbent=15.000000 node_bound=13.875 depth=11 gap=0.075 t=2.12577s (lp 1.04662 cuts 0.0183664 heur 0.128211 branch 0.696163)
[bb] nodes=1000 open=937 incumbent=15.000000 node_bound=14 depth=11 gap=0.0666667 t=2.91947s (lp 1.63339 cuts 0.0234792 heur 0.200279 branch 0.704516)
[bb] nodes=1500 open=1399 incumbent=15.000000 node_bound=14 depth=14 gap=0.0666667 t=3.72323s (lp 2.23667 cuts 0.0288233 heur 0.27137 branch 0.709961)
[bb] nodes=2000 open=1855 incumbent=15.000000 node_bound=14.25 depth=20 gap=0.05 t=4.44662s (lp 2.7803 cuts 0.0326303 heur 0.338326 branch 0.71455)
[bb] nodes=2500 open=2305 incumbent=15.000000 node_bound=14.5 depth=20 gap=0.0333333 t=5.20067s (lp 3.34388 cuts 0.0385763 heur 0.409757 branch 0.718798)
[bb] nodes=3000 open=2759 incumbent=15.000000 node_bound=14 depth=15 gap=0.0666667 t=6.04784s (lp 3.98224 cuts 0.0439731 heur 0.488484 branch 0.723296)
[bb] nodes=3500 open=3219 incumbent=15.000000 node_bound=14.75 depth=24 gap=0.0166667 t=6.87619s (lp 4.60355 cuts 0.0497714 heur 0.562482 branch 0.729037)
[bb] nodes=4000 open=3673 incumbent=15.000000 node_bound=14.25 depth=23 gap=0.05 t=7.61393s (lp 5.15469 cuts 0.0536073 heur 0.630725 branch 0.733385)
[bb] nodes=4500 open=4127 incumbent=15.000000 node_bound=14.5 depth=19 gap=0.0333333 t=8.42702s (lp 5.76321 cuts 0.0584729 heur 0.702552 branch 0.738586)
[bb] nodes=5000 open=4567 incumbent=15.000000 node_bound=14 depth=16 gap=0.0666667 t=9.12243s (lp 6.28181 cuts 0.0635143 heur 0.767583 branch 0.742492)
[bb] nodes=5500 open=5003 incumbent=15.000000 node_bound=14.75 depth=11 gap=0.0166667 t=9.84258s (lp 6.82649 cuts 0.067072 heur 0.833836 branch 0.746389)
[bb] nodes=6000 open=5441 incumbent=15.000000 node_bound=14.75 depth=15 gap=0.0166667 t=10.5562s (lp 7.36777 cuts 0.0705292 heur 0.897407 branch 0.750852)
[bb] nodes=6500 open=5885 incumbent=15.000000 node_bound=14 depth=15 gap=0.0666667 t=11.2734s (lp 7.90831 cuts 0.0742187 heur 0.961591 branch 0.755391)
[bb] nodes=7000 open=6329 incumbent=15.000000 node_bound=14.125 depth=23 gap=0.0583333 t=12.0227s (lp 8.46272 cuts 0.078145 heur 1.03144 branch 0.762771)
[bb] nodes=7500 open=6763 incumbent=15.000000 node_bound=14.5 depth=27 gap=0.0333333 t=12.9954s (lp 9.19395 cuts 0.0876343 heur 1.1182 branch 0.768332)
[bb] nodes=8000 open=7203 incumbent=15.000000 node_bound=14.5 depth=22 gap=0.0333333 t=13.7165s (lp 9.73608 cuts 0.0917636 heur 1.18377 branch 0.77232)
[bb] nodes=8500 open=7629 incumbent=15.000000 node_bound=14.75 depth=18 gap=0.0166667 t=14.4471s (lp 10.2894 cuts 0.0953765 heur 1.25103 branch 0.776466)
[bb] nodes=9000 open=8053 incumbent=15.000000 node_bound=13.9286 depth=14 gap=0.0714286 t=15.1629s (lp 10.8319 cuts 0.0988982 heur 1.31638 branch 0.780615)
[bb] nodes=9500 open=8495 incumbent=15.000000 node_bound=14.75 depth=24 gap=0.0166667 t=15.8845s (lp 11.3742 cuts 0.104381 heur 1.38548 branch 0.784754)
[bb] nodes=10000 open=8911 incumbent=15.000000 node_bound=13.875 depth=10 gap=0.075 t=16.595s (lp 11.9134 cuts 0.107931 heur 1.44873 branch 0.789447)
[bb] nodes=10500 open=9333 incumbent=15.000000 node_bound=14.875 depth=19 gap=0.00833333 t=17.3099s (lp 12.4571 cuts 0.112724 heur 1.51162 branch 0.793414)
[bb] nodes=11000 open=9753 incumbent=15.000000 node_bound=14.75 depth=21 gap=0.0166667 t=18.0345s (lp 13.0044 cuts 0.116422 heur 1.57382 branch 0.798152)
[bb] nodes=11500 open=10183 incumbent=15.000000 node_bound=14.75 depth=11 gap=0.0166667 t=18.7557s (lp 13.5457 cuts 0.120149 heur 1.63986 branch 0.802832)
[bb] nodes=12000 open=10613 incumbent=15.000000 node_bound=13.875 depth=10 gap=0.075 t=19.4449s (lp 14.0645 cuts 0.123647 heur 1.70036 branch 0.806806)
[bb] nodes=12500 open=11039 incumbent=15.000000 node_bound=14.875 depth=19 gap=0.00833333 t=20.1455s (lp 14.5886 cuts 0.127188 heur 1.76726 branch 0.811585)
[bb] nodes=13000 open=11461 incumbent=15.000000 node_bound=13.9167 depth=16 gap=0.0722222 t=20.8442s (lp 15.1154 cuts 0.132683 heur 1.83115 branch 0.815691)
[bb] nodes=13500 open=11875 incumbent=15.000000 node_bound=14.75 depth=18 gap=0.0166667 t=21.5471s (lp 15.6441 cuts 0.137913 heur 1.89565 branch 0.819496)
[bb] nodes=14000 open=12283 incumbent=15.000000 node_bound=14.25 depth=21 gap=0.05 t=22.2516s (lp 16.1632 cuts 0.141822 heur 1.96437 branch 0.82349)
[bb] nodes=14500 open=12681 incumbent=15.000000 node_bound=14 depth=23 gap=0.0666667 t=22.9571s (lp 16.6898 cuts 0.146177 heur 2.03023 branch 0.827814)
[bb] nodes=15000 open=13095 incumbent=15.000000 node_bound=14.0833 depth=22 gap=0.0611111 t=23.672s (lp 17.2342 cuts 0.150129 heur 2.09353 branch 0.83177)
[bb] nodes=15500 open=13509 incumbent=15.000000 node_bound=14.875 depth=22 gap=0.00833333 t=24.3955s (lp 17.7838 cuts 0.155527 heur 2.1566 branch 0.835579)
[bb] nodes=16000 open=13905 incumbent=15.000000 node_bound=14.3333 depth=18 gap=0.0444444 t=25.1132s (lp 18.3289 cuts 0.159419 heur 2.22281 branch 0.839385)
[bb] nodes=16500 open=14313 incumbent=15.000000 node_bound=14.25 depth=27 gap=0.05 t=25.8134s (lp 18.8568 cuts 0.163788 heur 2.28893 branch 0.84385)
[bb] nodes=17000 open=14735 incumbent=15.000000 node_bound=14 depth=22 gap=0.0666667 t=26.5382s (lp 19.3982 cuts 0.168461 heur 2.35572 branch 0.848469)
[bb] nodes=17500 open=15149 incumbent=15.000000 node_bound=14 depth=16 gap=0.0666667 t=27.2527s (lp 19.9339 cuts 0.17216 heur 2.41934 branch 0.852927)
[bb] nodes=18000 open=15563 incumbent=15.000000 node_bound=14.5 depth=35 gap=0.0333333 t=27.9617s (lp 20.4664 cuts 0.178245 heur 2.48394 branch 0.857426)
[bb] nodes=18500 open=15987 incumbent=15.000000 node_bound=14 depth=17 gap=0.0666667 t=28.6528s (lp 20.9858 cuts 0.181445 heur 2.54816 branch 0.861692)
[bb] nodes=19000 open=16409 incumbent=15.000000 node_bound=14.3333 depth=29 gap=0.0444444 t=29.3222s (lp 21.485 cuts 0.184867 heur 2.60997 branch 0.865752)
[bb] nodes=19500 open=16809 incumbent=15.000000 node_bound=14 depth=20 gap=0.0666667 t=30.0235s (lp 22.0175 cuts 0.188543 heur 2.66966 branch 0.869691)
[bb] nodes=20000 open=17231 incumbent=15.000000 node_bound=14 depth=16 gap=0.0666667 t=30.7347s (lp 22.5501 cuts 0.192172 heur 2.73568 branch 0.874131)
[bb] nodes=20500 open=17655 incumbent=15.000000 node_bound=14 depth=21 gap=0.0666667 t=31.4212s (lp 23.0714 cuts 0.195544 heur 2.79717 branch 0.878066)
[bb] nodes=21000 open=18065 incumbent=15.000000 node_bound=14 depth=17 gap=0.0666667 t=32.0999s (lp 23.5798 cuts 0.19978 heur 2.85965 branch 0.881763)
[bb] nodes=21500 open=18487 incumbent=15.000000 node_bound=14.1667 depth=18 gap=0.0555556 t=32.7927s (lp 24.1004 cuts 0.20309 heur 2.92156 branch 0.885517)
[bb] nodes=22000 open=18913 incumbent=15.000000 node_bound=14.8333 depth=31 gap=0.0111111 t=33.4869s (lp 24.6252 cuts 0.206563 heur 2.98553 branch 0.889367)
[bb] nodes=22500 open=19317 incumbent=15.000000 node_bound=14.1667 depth=22 gap=0.0555556 t=34.2016s (lp 25.1664 cuts 0.210162 heur 3.05097 branch 0.894549)
[bb] nodes=23000 open=19721 incumbent=15.000000 node_bound=14.75 depth=21 gap=0.0166667 t=34.9217s (lp 25.7094 cuts 0.213841 heur 3.11548 branch 0.898554)
[bb] nodes=23500 open=20129 incumbent=15.000000 node_bound=14.75 depth=25 gap=0.0166667 t=35.6038s (lp 26.2219 cuts 0.217558 heur 3.17922 branch 0.904221)
[bb] nodes=24000 open=20521 incumbent=15.000000 node_bound=14.75 depth=17 gap=0.0166667 t=36.2823s (lp 26.7324 cuts 0.220948 heur 3.24127 branch 0.907937)
[bb] nodes=24500 open=20913 incumbent=15.000000 node_bound=14.5 depth=30 gap=0.0333333 t=36.992s (lp 27.27 cuts 0.224376 heur 3.30457 branch 0.91192)
[bb] nodes=25000 open=21327 incumbent=15.000000 node_bound=14 depth=10 gap=0.0666667 t=37.6774s (lp 27.7857 cuts 0.227775 heur 3.36532 branch 0.915751)
[bb] nodes=25500 open=21743 incumbent=15.000000 node_bound=14.75 depth=20 gap=0.0166667 t=38.3753s (lp 28.3125 cuts 0.231847 heur 3.42788 branch 0.920749)
[bb] nodes=26000 open=22147 incumbent=15.000000 node_bound=14.0833 depth=26 gap=0.0611111 t=39.0653s (lp 28.8298 cuts 0.235785 heur 3.49066 branch 0.925697)
[bb] nodes=26500 open=22545 incumbent=15.000000 node_bound=14 depth=15 gap=0.0666667 t=39.7698s (lp 29.3545 cuts 0.240232 heur 3.55951 branch 0.929497)
[bb] nodes=27000 open=22943 incumbent=15.000000 node_bound=14.75 depth=23 gap=0.0166667 t=40.4663s (lp 29.8803 cuts 0.244767 heur 3.62232 branch 0.933264)
[bb] nodes=27500 open=23357 incumbent=15.000000 node_bound=14.125 depth=23 gap=0.0583333 t=41.1498s (lp 30.3999 cuts 0.248132 heur 3.68275 branch 0.936973)
[bb] nodes=28000 open=23759 incumbent=15.000000 node_bound=14 depth=16 gap=0.0666667 t=41.9014s (lp 30.9624 cuts 0.253038 heur 3.75222 branch 0.941145)
[bb] nodes=28500 open=24179 incumbent=15.000000 node_bound=14.75 depth=28 gap=0.0166667 t=42.6333s (lp 31.5079 cuts 0.256731 heur 3.81862 branch 0.945338)
[bb] nodes=29000 open=24581 incumbent=15.000000 node_bound=14.75 depth=28 gap=0.0166667 t=43.3284s (lp 32.0407 cuts 0.260029 heur 3.87683 branch 0.949324)
[bb] nodes=29500 open=24989 incumbent=15.000000 node_bound=14.75 depth=23 gap=0.0166667 t=44.0299s (lp 32.5671 cuts 0.263565 heur 3.94132 branch 0.953172)
[bb] nodes=30000 open=25407 incumbent=15.000000 node_bound=14.875 depth=22 gap=0.00833333 t=44.7658s (lp 33.1074 cuts 0.267657 heur 4.01094 branch 0.957765)
[bb] nodes=30500 open=25801 incumbent=15.000000 node_bound=14.1667 depth=30 gap=0.0555556 t=45.461s (lp 33.6348 cuts 0.271219 heur 4.07454 branch 0.961486)
[bb] nodes=31000 open=26195 incumbent=15.000000 node_bound=14.25 depth=33 gap=0.05 t=46.1728s (lp 34.1728 cuts 0.274843 heur 4.14222 branch 0.965822)
[bb] nodes=31500 open=26595 incumbent=15.000000 node_bound=14.75 depth=25 gap=0.0166667 t=46.8798s (lp 34.7057 cuts 0.27853 heur 4.20672 branch 0.969871)
[bb] nodes=32000 open=26999 incumbent=15.000000 node_bound=14.25 depth=21 gap=0.05 t=47.6006s (lp 35.2484 cuts 0.282715 heur 4.26934 branch 0.973983)
[bb] nodes=32500 open=27403 incumbent=15.000000 node_bound=14.5 depth=31 gap=0.0333333 t=48.2813s (lp 35.758 cuts 0.286244 heur 4.33309 branch 0.977601)
[bb] nodes=33000 open=27827 incumbent=15.000000 node_bound=14 depth=19 gap=0.0666667 t=48.9895s (lp 36.2863 cuts 0.290005 heur 4.39967 branch 0.981706)
[bb] nodes=33500 open=28221 incumbent=15.000000 node_bound=14 depth=17 gap=0.0666667 t=49.7062s (lp 36.8271 cuts 0.29374 heur 4.46162 branch 0.985558)
[bb] nodes=34000 open=28629 incumbent=15.000000 node_bound=14 depth=15 gap=0.0666667 t=50.3923s (lp 37.339 cuts 0.297428 heur 4.52462 branch 0.989968)
[bb] nodes=34500 open=29041 incumbent=15.000000 node_bound=14.9 depth=29 gap=0.00666667 t=51.0719s (lp 37.8541 cuts 0.300964 heur 4.58558 branch 0.994419)
[bb] nodes=35000 open=29439 incumbent=15.000000 node_bound=14.1667 depth=30 gap=0.0555556 t=51.7906s (lp 38.3975 cuts 0.304584 heur 4.65117 branch 0.998269)
[bb] nodes=35500 open=29841 incumbent=15.000000 node_bound=14.0938 depth=23 gap=0.0604167 t=52.5161s (lp 38.935 cuts 0.308465 heur 4.71901 branch 1.0033)
[bb] nodes=36000 open=30243 incumbent=15.000000 node_bound=14.825 depth=26 gap=0.0116667 t=53.1999s (lp 39.4478 cuts 0.312593 heur 4.78147 branch 1.00699)
[bb] nodes=36500 open=30647 incumbent=15.000000 node_bound=14.75 depth=28 gap=0.0166667 t=53.9076s (lp 39.9821 cuts 0.316504 heur 4.84349 branch 1.01081)
[bb] nodes=37000 open=31045 incumbent=15.000000 node_bound=14 depth=22 gap=0.0666667 t=54.6017s (lp 40.5042 cuts 0.321705 heur 4.90489 branch 1.01487)
[bb] nodes=37500 open=31441 incumbent=15.000000 node_bound=14.75 depth=16 gap=0.0166667 t=55.2853s (lp 41.0191 cuts 0.325192 heur 4.96595 branch 1.01848)
[bb] nodes=38000 open=31835 incumbent=15.000000 node_bound=14.75 depth=25 gap=0.0166667 t=55.9919s (lp 41.5531 cuts 0.328727 heur 5.03081 branch 1.02256)
[bb] nodes=38500 open=32249 incumbent=15.000000 node_bound=14.75 depth=18 gap=0.0166667 t=56.6905s (lp 42.0765 cuts 0.333313 heur 5.09332 branch 1.02674)
[bb] nodes=39000 open=32663 incumbent=15.000000 node_bound=14.75 depth=26 gap=0.0166667 t=57.4346s (lp 42.6321 cuts 0.337573 heur 5.16214 branch 1.03135)
[bb] nodes=39500 open=33051 incumbent=15.000000 node_bound=14.5 depth=34 gap=0.0333333 t=58.1352s (lp 43.1616 cuts 0.341337 heur 5.22506 branch 1.03604)
[bb] nodes=40000 open=33443 incumbent=15.000000 node_bound=14 depth=21 gap=0.0666667 t=59.151s (lp 43.9205 cuts 0.346405 heur 5.31201 branch 1.0432)
[bb] nodes=40500 open=33837 incumbent=15.000000 node_bound=14.5 depth=22 gap=0.0333333 t=59.855s (lp 44.4495 cuts 0.349872 heur 5.37712 branch 1.04693)
[bb] nodes=41000 open=34229 incumbent=15.000000 node_bound=14.75 depth=17 gap=0.0166667 t=60.5538s (lp 44.9717 cuts 0.354211 heur 5.44363 branch 1.05077)
[bb] nodes=41500 open=34631 incumbent=15.000000 node_bound=14.25 depth=27 gap=0.05 t=61.2197s (lp 45.4705 cuts 0.3574 heur 5.50447 branch 1.0544)
[bb] nodes=42000 open=35033 incumbent=15.000000 node_bound=14.3333 depth=27 gap=0.0444444 t=61.913s (lp 45.9911 cuts 0.361331 heur 5.56434 branch 1.05847)
[bb] nodes=42500 open=35439 incumbent=15.000000 node_bound=14 depth=22 gap=0.0666667 t=62.5999s (lp 46.5124 cuts 0.364685 heur 5.62616 branch 1.06217)
[bb] nodes=43000 open=35843 incumbent=15.000000 node_bound=14.75 depth=28 gap=0.0166667 t=63.3265s (lp 47.0518 cuts 0.368359 heur 5.69369 branch 1.06607)
[bb] nodes=43500 open=36271 incumbent=15.000000 node_bound=14.0833 depth=19 gap=0.0611111 t=64.0169s (lp 47.5694 cuts 0.372084 heur 5.75765 branch 1.07073)
[bb] nodes=44000 open=36665 incumbent=15.000000 node_bound=14.1667 depth=20 gap=0.0555556 t=64.6957s (lp 48.0772 cuts 0.375459 heur 5.81909 branch 1.07458)
[bb] nodes=44500 open=37075 incumbent=15.000000 node_bound=14.375 depth=25 gap=0.0416667 t=65.3673s (lp 48.5826 cuts 0.378707 heur 5.88013 branch 1.07805)
[bb] nodes=45000 open=37467 incumbent=15.000000 node_bound=14.75 depth=20 gap=0.0166667 t=66.0759s (lp 49.1144 cuts 0.382392 heur 5.94613 branch 1.082)
[bb] nodes=45500 open=37859 incumbent=15.000000 node_bound=14.5 depth=31 gap=0.0333333 t=66.7551s (lp 49.6244 cuts 0.385794 heur 6.00823 branch 1.0865)
[bb] nodes=46000 open=38255 incumbent=15.000000 node_bound=14.5 depth=18 gap=0.0333333 t=67.4439s (lp 50.1436 cuts 0.389258 heur 6.0695 branch 1.09012)
[bb] nodes=46500 open=38657 incumbent=15.000000 node_bound=14.25 depth=26 gap=0.05 t=68.2394s (lp 50.7282 cuts 0.393871 heur 6.14295 branch 1.09534)
[bb] nodes=47000 open=39057 incumbent=15.000000 node_bound=14 depth=17 gap=0.0666667 t=69.0795s (lp 51.3457 cuts 0.398867 heur 6.22094 branch 1.10086)
[bb] nodes=47500 open=39469 incumbent=15.000000 node_bound=14.75 depth=25 gap=0.0166667 t=69.8957s (lp 51.9478 cuts 0.405225 heur 6.29449 branch 1.10631)
[bb] nodes=48000 open=39859 incumbent=15.000000 node_bound=14.75 depth=20 gap=0.0166667 t=70.7146s (lp 52.5501 cuts 0.409888 heur 6.37419 branch 1.1117)
[bb] nodes=48500 open=40243 incumbent=15.000000 node_bound=14.125 depth=24 gap=0.0583333 t=71.4735s (lp 53.1134 cuts 0.414424 heur 6.44323 branch 1.11654)
[bb] nodes=49000 open=40649 incumbent=15.000000 node_bound=14.5 depth=25 gap=0.0333333 t=72.1784s (lp 53.6432 cuts 0.418009 heur 6.50807 branch 1.12054)
[bb] nodes=49500 open=41041 incumbent=15.000000 node_bound=14.75 depth=20 gap=0.0166667 t=72.9502s (lp 54.2189 cuts 0.42289 heur 6.57595 branch 1.12501)
[bb] nodes=50000 open=41427 incumbent=15.000000 node_bound=14.75 depth=17 gap=0.0166667 t=73.6547s (lp 54.7502 cuts 0.426327 heur 6.63944 branch 1.12889)
[bb] nodes=50500 open=41817 incumbent=15.000000 node_bound=14 depth=18 gap=0.0666667 t=74.3658s (lp 55.2782 cuts 0.430219 heur 6.70481 branch 1.13335)
[bb] nodes=51000 open=42203 incumbent=15.000000 node_bound=14.5 depth=29 gap=0.0333333 t=75.0621s (lp 55.802 cuts 0.434313 heur 6.76867 branch 1.1371)
[bb] nodes=51500 open=42585 incumbent=15.000000 node_bound=14.875 depth=20 gap=0.00833333 t=75.7798s (lp 56.3444 cuts 0.438078 heur 6.83201 branch 1.14071)
[bb] nodes=52000 open=42999 incumbent=15.000000 node_bound=14.9 depth=30 gap=0.00666667 t=76.4916s (lp 56.8841 cuts 0.441675 heur 6.89359 branch 1.14477)
[bb] nodes=52500 open=43383 incumbent=15.000000 node_bound=14.125 depth=25 gap=0.0583333 t=77.1803s (lp 57.4048 cuts 0.445096 heur 6.95491 branch 1.14856)
[bb] nodes=53000 open=43775 incumbent=15.000000 node_bound=14 depth=13 gap=0.0666667 t=77.8664s (lp 57.9202 cuts 0.448771 heur 7.01611 branch 1.15276)
[bb] nodes=53500 open=44167 incumbent=15.000000 node_bound=14.75 depth=31 gap=0.0166667 t=78.5589s (lp 58.444 cuts 0.452346 heur 7.07862 branch 1.15696)
[bb] nodes=54000 open=44571 incumbent=15.000000 node_bound=14 depth=22 gap=0.0666667 t=79.2381s (lp 58.9579 cuts 0.45575 heur 7.13952 branch 1.16135)
[bb] nodes=54500 open=44953 incumbent=15.000000 node_bound=14.1 depth=23 gap=0.06 t=79.941s (lp 59.4892 cuts 0.459525 heur 7.19979 branch 1.1654)
[bb] nodes=55000 open=45347 incumbent=15.000000 node_bound=14.25 depth=27 gap=0.05 t=80.636s (lp 60.0102 cuts 0.463803 heur 7.26493 branch 1.16981)
[bb] nodes=55500 open=45731 incumbent=15.000000 node_bound=14.75 depth=29 gap=0.0166667 t=81.3286s (lp 60.538 cuts 0.467103 heur 7.32734 branch 1.17351)
[bb] nodes=56000 open=46121 incumbent=15.000000 node_bound=14 depth=18 gap=0.0666667 t=82.0277s (lp 61.0598 cuts 0.471729 heur 7.39073 branch 1.17757)
[bb] nodes=56500 open=46519 incumbent=15.000000 node_bound=14.875 depth=28 gap=0.00833333 t=82.7331s (lp 61.5893 cuts 0.47562 heur 7.45539 branch 1.18147)
[bb] nodes=57000 open=46931 incumbent=15.000000 node_bound=14.1667 depth=28 gap=0.0555556 t=83.4681s (lp 62.1419 cuts 0.479524 heur 7.52148 branch 1.18594)
[bb] nodes=57500 open=47313 incumbent=15.000000 node_bound=14.875 depth=21 gap=0.00833333 t=84.163s (lp 62.6652 cuts 0.483226 heur 7.58473 branch 1.18985)
[bb] nodes=58000 open=47725 incumbent=15.000000 node_bound=14 depth=21 gap=0.0666667 t=84.8349s (lp 63.1711 cuts 0.486615 heur 7.64525 branch 1.19366)
[bb] nodes=58500 open=48131 incumbent=15.000000 node_bound=14.5 depth=36 gap=0.0333333 t=85.5258s (lp 63.6929 cuts 0.49123 heur 7.70637 branch 1.19738)
[bb] nodes=59000 open=48525 incumbent=15.000000 node_bound=14.25 depth=23 gap=0.05 t=86.2225s (lp 64.2158 cuts 0.495674 heur 7.7672 branch 1.20125)
[bb] nodes=59500 open=48901 incumbent=15.000000 node_bound=14.5 depth=27 gap=0.0333333 t=86.9254s (lp 64.7466 cuts 0.499403 heur 7.83016 branch 1.20503)
[bb] nodes=60000 open=49291 incumbent=15.000000 node_bound=14.5 depth=34 gap=0.0333333 t=87.6607s (lp 65.2914 cuts 0.503387 heur 7.9009 branch 1.20913)
[bb] nodes=60500 open=49663 incumbent=15.000000 node_bound=14.875 depth=32 gap=0.00833333 t=88.4271s (lp 65.866 cuts 0.507726 heur 7.96979 branch 1.21494)
[bb] nodes=61000 open=50055 incumbent=15.000000 node_bound=14 depth=20 gap=0.0666667 t=89.1201s (lp 66.3859 cuts 0.512253 heur 8.03221 branch 1.21918)
[bb] nodes=61500 open=50447 incumbent=15.000000 node_bound=14 depth=23 gap=0.0666667 t=89.8441s (lp 66.9296 cuts 0.516352 heur 8.09602 branch 1.22348)
[bb] nodes=62000 open=50847 incumbent=15.000000 node_bound=14.5 depth=28 gap=0.0333333 t=90.5798s (lp 67.4794 cuts 0.52045 heur 8.16357 branch 1.22816)
[bb] nodes=62500 open=51219 incumbent=15.000000 node_bound=14.75 depth=29 gap=0.0166667 t=91.3342s (lp 68.0491 cuts 0.526206 heur 8.23131 branch 1.23214)
[bb] nodes=63000 open=51607 incumbent=15.000000 node_bound=14.75 depth=18 gap=0.0166667 t=92.0209s (lp 68.566 cuts 0.529634 heur 8.2926 branch 1.2362)
[bb] nodes=63500 open=51987 incumbent=15.000000 node_bound=14 depth=18 gap=0.0666667 t=92.7103s (lp 69.088 cuts 0.533091 heur 8.35358 branch 1.24011)
[bb] nodes=64000 open=52369 incumbent=15.000000 node_bound=14.75 depth=22 gap=0.0166667 t=93.4125s (lp 69.6159 cuts 0.537143 heur 8.41864 branch 1.24369)
[bb] nodes=64500 open=52753 incumbent=15.000000 node_bound=14.75 depth=26 gap=0.0166667 t=94.1298s (lp 70.1551 cuts 0.541518 heur 8.48275 branch 1.24741)
[bb] nodes=65000 open=53149 incumbent=15.000000 node_bound=14.75 depth=25 gap=0.0166667 t=94.8342s (lp 70.6809 cuts 0.545482 heur 8.54837 branch 1.2516)
[bb] nodes=65500 open=53531 incumbent=15.000000 node_bound=14.75 depth=25 gap=0.0166667 t=95.5373s (lp 71.2096 cuts 0.549951 heur 8.61188 branch 1.25583)
[bb] nodes=66000 open=53935 incumbent=15.000000 node_bound=14.125 depth=25 gap=0.0583333 t=96.2511s (lp 71.7418 cuts 0.553721 heur 8.67751 branch 1.26027)
[bb] nodes=66500 open=54337 incumbent=15.000000 node_bound=14.75 depth=17 gap=0.0166667 t=96.9821s (lp 72.2905 cuts 0.557844 heur 8.74201 branch 1.2644)
[bb] nodes=67000 open=54735 incumbent=15.000000 node_bound=14 depth=22 gap=0.0666667 t=97.6969s (lp 72.8287 cuts 0.562202 heur 8.80701 branch 1.26892)
[bb] nodes=67500 open=55113 incumbent=15.000000 node_bound=14.75 depth=20 gap=0.0166667 t=98.4148s (lp 73.3668 cuts 0.566157 heur 8.87223 branch 1.27321)
[bb] nodes=68000 open=55473 incumbent=15.000000 node_bound=14.25 depth=19 gap=0.05 t=99.1072s (lp 73.8891 cuts 0.569474 heur 8.93531 branch 1.27653)
[bb] nodes=68500 open=55839 incumbent=15.000000 node_bound=14.5 depth=21 gap=0.0333333 t=99.8122s (lp 74.4183 cuts 0.573081 heur 9.00052 branch 1.2801)
[bb] nodes=69000 open=56233 incumbent=15.000000 node_bound=14.5 depth=21 gap=0.0333333 t=100.51s (lp 74.94 cuts 0.577567 heur 9.06351 branch 1.28388)
[bb] nodes=69500 open=56631 incumbent=15.000000 node_bound=14.75 depth=26 gap=0.0166667 t=101.193s (lp 75.4541 cuts 0.580884 heur 9.12643 branch 1.28772)
[bb] nodes=70000 open=57025 incumbent=15.000000 node_bound=14.1667 depth=21 gap=0.0555556 t=101.896s (lp 75.9781 cuts 0.58477 heur 9.19382 branch 1.29168)
[bb] nodes=70500 open=57423 incumbent=15.000000 node_bound=14.25 depth=19 gap=0.05 t=102.594s (lp 76.5046 cuts 0.588464 heur 9.25551 branch 1.29553)
[bb] nodes=71000 open=57809 incumbent=15.000000 node_bound=14 depth=20 gap=0.0666667 t=103.404s (lp 77.1118 cuts 0.592725 heur 9.32861 branch 1.3001)
[bb] nodes=71500 open=58179 incumbent=15.000000 node_bound=14.1875 depth=25 gap=0.0541667 t=104.107s (lp 77.6437 cuts 0.596621 heur 9.39156 branch 1.30377)
[bb] nodes=72000 open=58569 incumbent=15.000000 node_bound=14.5 depth=32 gap=0.0333333 t=105.092s (lp 78.396 cuts 0.605054 heur 9.47665 branch 1.30849)
[bb] nodes=72500 open=58965 incumbent=15.000000 node_bound=14.5 depth=27 gap=0.0333333 t=105.804s (lp 78.9278 cuts 0.60867 heur 9.54427 branch 1.31241)
[bb] nodes=73000 open=59339 incumbent=15.000000 node_bound=14.5 depth=20 gap=0.0333333 t=106.512s (lp 79.4624 cuts 0.612556 heur 9.60697 branch 1.31623)
[bb] nodes=73500 open=59717 incumbent=15.000000 node_bound=14.3 depth=27 gap=0.0466667 t=107.218s (lp 79.9898 cuts 0.616099 heur 9.67133 branch 1.32)
[bb] nodes=74000 open=60099 incumbent=15.000000 node_bound=14.75 depth=30 gap=0.0166667 t=107.919s (lp 80.5135 cuts 0.619698 heur 9.74035 branch 1.32396)
[bb] nodes=74500 open=60485 incumbent=15.000000 node_bound=14.875 depth=21 gap=0.00833333 t=108.639s (lp 81.0502 cuts 0.623311 heur 9.80974 branch 1.32871)
[bb] nodes=75000 open=60855 incumbent=15.000000 node_bound=14 depth=14 gap=0.0666667 t=109.344s (lp 81.5856 cuts 0.626714 heur 9.87164 branch 1.33229)
[bb] nodes=75500 open=61239 incumbent=15.000000 node_bound=14 depth=16 gap=0.0666667 t=110.05s (lp 82.1153 cuts 0.630524 heur 9.93647 branch 1.33674)
[bb] nodes=76000 open=61641 incumbent=15.000000 node_bound=14.1667 depth=28 gap=0.0555556 t=110.774s (lp 82.6594 cuts 0.63424 heur 9.99941 branch 1.34096)
[bb] nodes=76500 open=62021 incumbent=15.000000 node_bound=14.75 depth=23 gap=0.0166667 t=111.475s (lp 83.1961 cuts 0.637465 heur 10.0629 branch 1.34435)
[bb] nodes=77000 open=62365 incumbent=15.000000 node_bound=14.5 depth=21 gap=0.0333333 t=112.198s (lp 83.7422 cuts 0.641413 heur 10.1275 branch 1.34867)
[bb] nodes=77500 open=62747 incumbent=15.000000 node_bound=14.75 depth=26 gap=0.0166667 t=112.9s (lp 84.2724 cuts 0.644976 heur 10.1897 branch 1.35247)
[bb] nodes=78000 open=63131 incumbent=15.000000 node_bound=14.75 depth=28 gap=0.0166667 t=113.584s (lp 84.7859 cuts 0.648295 heur 10.2518 branch 1.35646)
[bb] nodes=78500 open=63513 incumbent=15.000000 node_bound=14.1667 depth=21 gap=0.0555556 t=114.287s (lp 85.3053 cuts 0.65201 heur 10.3174 branch 1.36107)
[bb] nodes=79000 open=63883 incumbent=15.000000 node_bound=14.75 depth=24 gap=0.0166667 t=114.97s (lp 85.8225 cuts 0.655385 heur 10.3793 branch 1.36514)
[bb] nodes=79500 open=64279 incumbent=15.000000 node_bound=14.125 depth=26 gap=0.0583333 t=115.666s (lp 86.3448 cuts 0.659875 heur 10.4434 branch 1.36905)
[bb] nodes=80000 open=64657 incumbent=15.000000 node_bound=14.375 depth=26 gap=0.0416667 t=116.373s (lp 86.8769 cuts 0.663466 heur 10.5081 branch 1.3728)
[bb] nodes=80500 open=65041 incumbent=15.000000 node_bound=14.5 depth=31 gap=0.0333333 t=117.064s (lp 87.3966 cuts 0.666955 heur 10.5721 branch 1.37674)
[bb] nodes=81000 open=65401 incumbent=15.000000 node_bound=14.75 depth=24 gap=0.0166667 t=117.781s (lp 87.9358 cuts 0.671459 heur 10.6358 branch 1.38096)
[bb] nodes=81500 open=65789 incumbent=15.000000 node_bound=14.75 depth=20 gap=0.0166667 t=118.563s (lp 88.5139 cuts 0.676272 heur 10.7089 branch 1.38574)
[bb] nodes=82000 open=66155 incumbent=15.000000 node_bound=14.5 depth=22 gap=0.0333333 t=119.327s (lp 89.0943 cuts 0.680421 heur 10.7748 branch 1.38976)
[bb] nodes=82500 open=66553 incumbent=15.000000 node_bound=14 depth=20 gap=0.0666667 t=120.033s (lp 89.622 cuts 0.684373 heur 10.8405 branch 1.39404)
[bb] nodes=83000 open=66941 incumbent=15.000000 node_bound=14.5 depth=32 gap=0.0333333 t=120.754s (lp 90.1576 cuts 0.689021 heur 10.9088 branch 1.39878)
[bb] nodes=83500 open=67311 incumbent=15.000000 node_bound=14 depth=16 gap=0.0666667 t=121.485s (lp 90.699 cuts 0.693127 heur 10.9778 branch 1.40291)
[bb] nodes=84000 open=67689 incumbent=15.000000 node_bound=14.75 depth=25 gap=0.0166667 t=122.204s (lp 91.2379 cuts 0.697805 heur 11.0425 branch 1.40792)
[bb] nodes=84500 open=68051 incumbent=15.000000 node_bound=14.75 depth=28 gap=0.0166667 t=122.993s (lp 91.8232 cuts 0.702297 heur 11.1151 branch 1.41594)
[bb] nodes=85000 open=68433 incumbent=15.000000 node_bound=14.75 depth=23 gap=0.0166667 t=123.77s (lp 92.4022 cuts 0.706625 heur 11.1839 branch 1.42245)
[bb] nodes=85500 open=68819 incumbent=15.000000 node_bound=14.75 depth=29 gap=0.0166667 t=124.532s (lp 92.9689 cuts 0.710804 heur 11.2566 branch 1.42704)
[bb] nodes=86000 open=69199 incumbent=15.000000 node_bound=14 depth=21 gap=0.0666667 t=125.267s (lp 93.5158 cuts 0.714479 heur 11.323 branch 1.43128)
[bb] nodes=86500 open=69577 incumbent=15.000000 node_bound=14.75 depth=23 gap=0.0166667 t=125.972s (lp 94.0397 cuts 0.71811 heur 11.3885 branch 1.43509)
[bb] nodes=87000 open=69959 incumbent=15.000000 node_bound=14.5 depth=34 gap=0.0333333 t=126.67s (lp 94.5611 cuts 0.722293 heur 11.4499 branch 1.43894)
[bb] nodes=87500 open=70329 incumbent=15.000000 node_bound=14.2143 depth=21 gap=0.052381 t=127.372s (lp 95.0867 cuts 0.726129 heur 11.5136 branch 1.44276)
[bb] nodes=88000 open=70701 incumbent=15.000000 node_bound=14 depth=21 gap=0.0666667 t=128.061s (lp 95.6054 cuts 0.729618 heur 11.5757 branch 1.44639)
[bb] nodes=88500 open=71071 incumbent=15.000000 node_bound=14.75 depth=18 gap=0.0166667 t=128.777s (lp 96.1453 cuts 0.73331 heur 11.639 branch 1.45017)
[bb] nodes=89000 open=71435 incumbent=15.000000 node_bound=14.75 depth=25 gap=0.0166667 t=129.484s (lp 96.6733 cuts 0.737597 heur 11.7015 branch 1.45446)
[bb] nodes=89500 open=71819 incumbent=15.000000 node_bound=14.5 depth=26 gap=0.0333333 t=130.178s (lp 97.1977 cuts 0.741244 heur 11.7628 branch 1.45826)
[bb] nodes=90000 open=72189 incumbent=15.000000 node_bound=14.4 depth=29 gap=0.04 t=130.884s (lp 97.7293 cuts 0.745087 heur 11.8277 branch 1.4622)
[bb] nodes=90500 open=72573 incumbent=15.000000 node_bound=14.75 depth=22 gap=0.0166667 t=131.562s (lp 98.2405 cuts 0.74851 heur 11.889 branch 1.4657)
[bb] nodes=91000 open=72943 incumbent=15.000000 node_bound=14.1667 depth=19 gap=0.0555556 t=132.274s (lp 98.7713 cuts 0.752874 heur 11.9543 branch 1.46967)
[bb] nodes=91500 open=73331 incumbent=15.000000 node_bound=14.75 depth=26 gap=0.0166667 t=132.96s (lp 99.2928 cuts 0.756405 heur 12.0154 branch 1.47322)
[bb] nodes=92000 open=73691 incumbent=15.000000 node_bound=14.1 depth=21 gap=0.06 t=133.685s (lp 99.8331 cuts 0.761089 heur 12.0823 branch 1.47766)
[bb] nodes=92500 open=74045 incumbent=15.000000 node_bound=14.1111 depth=23 gap=0.0592593 t=134.422s (lp 100.388 cuts 0.765298 heur 12.1476 branch 1.48167)
[bb] nodes=93000 open=74427 incumbent=15.000000 node_bound=14.75 depth=27 gap=0.0166667 t=135.125s (lp 100.922 cuts 0.768604 heur 12.2123 branch 1.48511)
[bb] nodes=93500 open=74807 incumbent=15.000000 node_bound=14 depth=20 gap=0.0666667 t=135.851s (lp 101.467 cuts 0.771958 heur 12.2838 branch 1.48881)
[bb] nodes=94000 open=75183 incumbent=15.000000 node_bound=14.75 depth=25 gap=0.0166667 t=136.562s (lp 102.008 cuts 0.775895 heur 12.346 branch 1.49258)
[bb] nodes=94500 open=75571 incumbent=15.000000 node_bound=14 depth=24 gap=0.0666667 t=137.272s (lp 102.533 cuts 0.779174 heur 12.4109 branch 1.4981)
[bb] nodes=95000 open=75933 incumbent=15.000000 node_bound=14.75 depth=25 gap=0.0166667 t=137.977s (lp 103.06 cuts 0.782599 heur 12.4765 branch 1.50174)
[bb] nodes=95500 open=76289 incumbent=15.000000 node_bound=14.75 depth=20 gap=0.0166667 t=138.734s (lp 103.63 cuts 0.786667 heur 12.5439 branch 1.5064)
[bb] nodes=96000 open=76663 incumbent=15.000000 node_bound=14.5 depth=32 gap=0.0333333 t=139.57s (lp 104.249 cuts 0.791284 heur 12.6181 branch 1.51178)
[bb] nodes=96500 open=77045 incumbent=15.000000 node_bound=14.75 depth=28 gap=0.0166667 t=140.307s (lp 104.795 cuts 0.79516 heur 12.6887 branch 1.51651)
[bb] nodes=97000 open=77425 incumbent=15.000000 node_bound=14.75 depth=33 gap=0.0166667 t=141.078s (lp 105.365 cuts 0.799481 heur 12.7597 branch 1.5213)
[bb] nodes=97500 open=77771 incumbent=15.000000 node_bound=14.5 depth=26 gap=0.0333333 t=142.349s (lp 106.291 cuts 0.805595 heur 12.8915 branch 1.53306)
[bb] nodes=98000 open=78137 incumbent=15.000000 node_bound=14.75 depth=26 gap=0.0166667 t=143.115s (lp 106.86 cuts 0.811495 heur 12.9626 branch 1.53716)
[bb] nodes=98500 open=78489 incumbent=15.000000 node_bound=14.5 depth=29 gap=0.0333333 t=144.04s (lp 107.54 cuts 0.818869 heur 13.0485 branch 1.54345)
[bb] nodes=99000 open=78851 incumbent=15.000000 node_bound=14.75 depth=17 gap=0.0166667 t=144.892s (lp 108.157 cuts 0.824312 heur 13.1374 branch 1.54857)
[bb] nodes=99500 open=79211 incumbent=15.000000 node_bound=14 depth=17 gap=0.0666667 t=145.603s (lp 108.694 cuts 0.828105 heur 13.2011 branch 1.55254)
[bb] nodes=100000 open=79579 incumbent=15.000000 node_bound=14.75 depth=23 gap=0.0166667 t=146.315s (lp 109.235 cuts 0.832587 heur 13.2631 branch 1.55625)
[bb] nodes=100500 open=79951 incumbent=15.000000 node_bound=14.3 depth=31 gap=0.0466667 t=147s (lp 109.75 cuts 0.837074 heur 13.3244 branch 1.56051)
[bb] nodes=101000 open=80323 incumbent=15.000000 node_bound=14.5 depth=29 gap=0.0333333 t=147.685s (lp 110.26 cuts 0.840315 heur 13.3917 branch 1.56406)
[bb] nodes=101500 open=80677 incumbent=15.000000 node_bound=14.3333 depth=22 gap=0.0444444 t=148.391s (lp 110.786 cuts 0.843953 heur 13.4616 branch 1.5683)
[bb] nodes=102000 open=81071 incumbent=15.000000 node_bound=14.5 depth=26 gap=0.0333333 t=149.147s (lp 111.356 cuts 0.848386 heur 13.5287 branch 1.57291)
[bb] nodes=102500 open=81457 incumbent=15.000000 node_bound=14 depth=22 gap=0.0666667 t=149.869s (lp 111.898 cuts 0.852634 heur 13.5947 branch 1.57738)
[bb] nodes=103000 open=81837 incumbent=15.000000 node_bound=14.75 depth=26 gap=0.0166667 t=150.584s (lp 112.436 cuts 0.856211 heur 13.6614 branch 1.58141)
[bb] nodes=103500 open=82239 incumbent=15.000000 node_bound=14.75 depth=21 gap=0.0166667 t=151.286s (lp 112.966 cuts 0.85952 heur 13.7267 branch 1.58568)
[bb] nodes=104000 open=82631 incumbent=15.000000 node_bound=14.05 depth=16 gap=0.0633333 t=151.994s (lp 113.496 cuts 0.863437 heur 13.7915 branch 1.58999)
[bb] nodes=104500 open=83023 incumbent=15.000000 node_bound=14 depth=20 gap=0.0666667 t=153.051s (lp 114.295 cuts 0.867931 heur 13.8788 branch 1.59572)
[bb] nodes=105000 open=83411 incumbent=15.000000 node_bound=14.25 depth=27 gap=0.05 t=153.784s (lp 114.845 cuts 0.871891 heur 13.9471 branch 1.5996)
[bb] nodes=105500 open=83803 incumbent=15.000000 node_bound=14.75 depth=24 gap=0.0166667 t=154.527s (lp 115.405 cuts 0.87761 heur 14.0151 branch 1.60351)
[bb] nodes=106000 open=84195 incumbent=15.000000 node_bound=14.75 depth=25 gap=0.0166667 t=155.223s (lp 115.93 cuts 0.881002 heur 14.0745 branch 1.60802)
[bb] nodes=106500 open=84567 incumbent=15.000000 node_bound=14.5 depth=28 gap=0.0333333 t=155.949s (lp 116.481 cuts 0.886017 heur 14.1373 branch 1.61196)
[bb] nodes=107000 open=84951 incumbent=15.000000 node_bound=14.25 depth=33 gap=0.05 t=156.645s (lp 117.005 cuts 0.89215 heur 14.1979 branch 1.6156)
[bb] nodes=107500 open=85353 incumbent=15.000000 node_bound=14.7143 depth=34 gap=0.0190476 t=157.328s (lp 117.515 cuts 0.895618 heur 14.2603 branch 1.61911)
[bb] nodes=108000 open=85737 incumbent=15.000000 node_bound=14 depth=17 gap=0.0666667 t=158.037s (lp 118.05 cuts 0.900239 heur 14.3235 branch 1.6229)
[bb] nodes=108500 open=86133 incumbent=15.000000 node_bound=14 depth=26 gap=0.0666667 t=158.731s (lp 118.571 cuts 0.903705 heur 14.3879 branch 1.62672)
[bb] nodes=109000 open=86513 incumbent=15.000000 node_bound=14.5 depth=29 gap=0.0333333 t=159.427s (lp 119.095 cuts 0.907256 heur 14.4537 branch 1.63035)
[bb] nodes=109500 open=86905 incumbent=15.000000 node_bound=14.75 depth=22 gap=0.0166667 t=160.137s (lp 119.629 cuts 0.910868 heur 14.5164 branch 1.63442)
[bb] nodes=110000 open=87285 incumbent=15.000000 node_bound=14.1667 depth=27 gap=0.0555556 t=160.838s (lp 120.157 cuts 0.914403 heur 14.5826 branch 1.63829)
[bb] nodes=110500 open=87689 incumbent=15.000000 node_bound=14 depth=22 gap=0.0666667 t=161.563s (lp 120.7 cuts 0.918009 heur 14.6489 branch 1.64228)
[bb] nodes=111000 open=88071 incumbent=15.000000 node_bound=14 depth=19 gap=0.0666667 t=162.276s (lp 121.239 cuts 0.92231 heur 14.7128 branch 1.6461)
[bb] nodes=111500 open=88451 incumbent=15.000000 node_bound=14.75 depth=30 gap=0.0166667 t=163.033s (lp 121.809 cuts 0.926598 heur 14.7828 branch 1.65088)
[bb] nodes=112000 open=88845 incumbent=15.000000 node_bound=14.1667 depth=28 gap=0.0555556 t=163.741s (lp 122.344 cuts 0.930533 heur 14.8437 branch 1.65463)
[bb] nodes=112500 open=89241 incumbent=15.000000 node_bound=14.0833 depth=26 gap=0.0611111 t=164.619s (lp 122.983 cuts 0.935581 heur 14.9273 branch 1.66176)
[bb] nodes=113000 open=89629 incumbent=15.000000 node_bound=14.75 depth=24 gap=0.0166667 t=165.345s (lp 123.523 cuts 0.939677 heur 14.9945 branch 1.66607)
[bb] nodes=113500 open=90009 incumbent=15.000000 node_bound=14.75 depth=24 gap=0.0166667 t=166.043s (lp 124.054 cuts 0.943631 heur 15.0554 branch 1.67022)
[bb] nodes=114000 open=90395 incumbent=15.000000 node_bound=14.75 depth=25 gap=0.0166667 t=166.776s (lp 124.606 cuts 0.947488 heur 15.1211 branch 1.67575)
[bb] nodes=114500 open=90791 incumbent=15.000000 node_bound=14 depth=17 gap=0.0666667 t=167.494s (lp 125.148 cuts 0.950995 heur 15.1863 branch 1.68003)
[bb] nodes=115000 open=91191 incumbent=15.000000 node_bound=14.5 depth=29 gap=0.0333333 t=168.198s (lp 125.68 cuts 0.95534 heur 15.2497 branch 1.68402)
[bb] nodes=115500 open=91551 incumbent=15.000000 node_bound=14.25 depth=26 gap=0.05 t=168.907s (lp 126.21 cuts 0.960062 heur 15.3141 branch 1.6881)
[bb] nodes=116000 open=91941 incumbent=15.000000 node_bound=14 depth=20 gap=0.0666667 t=169.663s (lp 126.777 cuts 0.964627 heur 15.3847 branch 1.69295)
[bb] nodes=116500 open=92319 incumbent=15.000000 node_bound=14.75 depth=32 gap=0.0166667 t=170.359s (lp 127.302 cuts 0.968822 heur 15.4482 branch 1.69676)
[bb] nodes=117000 open=92703 incumbent=15.000000 node_bound=14.5 depth=28 gap=0.0333333 t=171.049s (lp 127.824 cuts 0.972125 heur 15.5097 branch 1.7011)
[bb] nodes=117500 open=93095 incumbent=15.000000 node_bound=14.2 depth=29 gap=0.0533333 t=171.764s (lp 128.367 cuts 0.976411 heur 15.5704 branch 1.70519)
[bb] nodes=118000 open=93491 incumbent=15.000000 node_bound=14.75 depth=22 gap=0.0166667 t=172.471s (lp 128.899 cuts 0.979855 heur 15.6374 branch 1.7097)
[bb] nodes=118500 open=93879 incumbent=15.000000 node_bound=14 depth=20 gap=0.0666667 t=173.152s (lp 129.413 cuts 0.983082 heur 15.6985 branch 1.71452)
[bb] nodes=119000 open=94261 incumbent=15.000000 node_bound=14 depth=21 gap=0.0666667 t=173.852s (lp 129.944 cuts 0.986557 heur 15.7594 branch 1.71921)
[bb] nodes=119500 open=94651 incumbent=15.000000 node_bound=14.75 depth=28 gap=0.0166667 t=174.558s (lp 130.475 cuts 0.990212 heur 15.8239 branch 1.72302)
[bb] nodes=120000 open=95017 incumbent=15.000000 node_bound=14.75 depth=19 gap=0.0166667 t=175.257s (lp 131.003 cuts 0.993586 heur 15.8853 branch 1.7266)
[bb] nodes=120500 open=95383 incumbent=15.000000 node_bound=14.7857 depth=26 gap=0.0142857 t=175.964s (lp 131.537 cuts 0.997787 heur 15.9472 branch 1.73006)
[bb] nodes=121000 open=95779 incumbent=15.000000 node_bound=14.5 depth=34 gap=0.0333333 t=176.669s (lp 132.063 cuts 1.0016 heur 16.0148 branch 1.73395)
[bb] nodes=121500 open=96171 incumbent=15.000000 node_bound=14.375 depth=24 gap=0.0416667 t=177.354s (lp 132.576 cuts 1.00496 heur 16.0808 branch 1.7378)
[bb] nodes=122000 open=96543 incumbent=15.000000 node_bound=14.75 depth=35 gap=0.0166667 t=178.066s (lp 133.112 cuts 1.0087 heur 16.1464 branch 1.74183)
[bb] nodes=122500 open=96923 incumbent=15.000000 node_bound=14 depth=18 gap=0.0666667 t=178.868s (lp 133.737 cuts 1.01247 heur 16.2156 branch 1.74566)
[bb] nodes=123000 open=97305 incumbent=15.000000 node_bound=14.0833 depth=22 gap=0.0611111 t=179.774s (lp 134.4 cuts 1.01847 heur 16.3101 branch 1.75295)
[bb] nodes=123500 open=97685 incumbent=15.000000 node_bound=14.75 depth=23 gap=0.0166667 t=180.532s (lp 134.965 cuts 1.02271 heur 16.3793 branch 1.75761)
[bb] nodes=124000 open=98055 incumbent=15.000000 node_bound=14.75 depth=29 gap=0.0166667 t=181.242s (lp 135.5 cuts 1.02615 heur 16.4444 branch 1.7611)
[bb] nodes=124500 open=98429 incumbent=15.000000 node_bound=14.875 depth=22 gap=0.00833333 t=181.949s (lp 136.036 cuts 1.02982 heur 16.5085 branch 1.76501)
[bb] nodes=125000 open=98813 incumbent=15.000000 node_bound=14.75 depth=31 gap=0.0166667 t=182.69s (lp 136.594 cuts 1.0341 heur 16.5735 branch 1.76912)
[bb] nodes=125500 open=99187 incumbent=15.000000 node_bound=14.75 depth=20 gap=0.0166667 t=183.377s (lp 137.11 cuts 1.03758 heur 16.6379 branch 1.77283)
[bb] nodes=126000 open=99569 incumbent=15.000000 node_bound=14 depth=27 gap=0.0666667 t=184.075s (lp 137.632 cuts 1.04127 heur 16.7056 branch 1.77797)
[bb] nodes=126500 open=99957 incumbent=15.000000 node_bound=14.75 depth=27 gap=0.0166667 t=184.76s (lp 138.143 cuts 1.04583 heur 16.7682 branch 1.78228)
[bb] nodes=127000 open=100337 incumbent=15.000000 node_bound=14.75 depth=22 gap=0.0166667 t=185.476s (lp 138.686 cuts 1.04976 heur 16.8331 branch 1.78702)
[bb] nodes=127500 open=100721 incumbent=15.000000 node_bound=14.5 depth=22 gap=0.0333333 t=186.174s (lp 139.211 cuts 1.0531 heur 16.899 branch 1.79165)
[bb] nodes=128000 open=101129 incumbent=15.000000 node_bound=14.8 depth=29 gap=0.0133333 t=186.849s (lp 139.716 cuts 1.05697 heur 16.9598 branch 1.79566)
[bb] nodes=128500 open=101515 incumbent=15.000000 node_bound=14.25 depth=27 gap=0.05 t=187.54s (lp 140.237 cuts 1.06026 heur 17.0227 branch 1.79927)
[bb] nodes=129000 open=101899 incumbent=15.000000 node_bound=14 depth=26 gap=0.0666667 t=188.236s (lp 140.761 cuts 1.06372 heur 17.0867 branch 1.80289)
[bb] nodes=129500 open=102261 incumbent=15.000000 node_bound=14.5 depth=20 gap=0.0333333 t=188.927s (lp 141.278 cuts 1.06727 heur 17.1501 branch 1.80725)
[bb] nodes=130000 open=102621 incumbent=15.000000 node_bound=14 depth=18 gap=0.0666667 t=189.646s (lp 141.818 cuts 1.07306 heur 17.2159 branch 1.81122)
[bb] nodes=130500 open=103009 incumbent=15.000000 node_bound=14.5 depth=27 gap=0.0333333 t=190.338s (lp 142.345 cuts 1.07663 heur 17.2761 branch 1.81527)
[bb] nodes=131000 open=103383 incumbent=15.000000 node_bound=14.75 depth=27 gap=0.0166667 t=191.061s (lp 142.888 cuts 1.08058 heur 17.3436 branch 1.81973)
[bb] nodes=131500 open=103769 incumbent=15.000000 node_bound=14 depth=15 gap=0.0666667 t=191.737s (lp 143.4 cuts 1.08401 heur 17.4062 branch 1.82372)
[bb] nodes=132000 open=104185 incumbent=15.000000 node_bound=14.25 depth=21 gap=0.05 t=192.433s (lp 143.914 cuts 1.08818 heur 17.4689 branch 1.82945)
[bb] nodes=132500 open=104579 incumbent=15.000000 node_bound=14.25 depth=27 gap=0.05 t=193.113s (lp 144.421 cuts 1.09177 heur 17.5327 branch 1.83323)
[bb] nodes=133000 open=104975 incumbent=15.000000 node_bound=14 depth=17 gap=0.0666667 t=193.815s (lp 144.944 cuts 1.09791 heur 17.5994 branch 1.83737)
[bb] nodes=133500 open=105379 incumbent=15.000000 node_bound=14.875 depth=29 gap=0.00833333 t=194.507s (lp 145.461 cuts 1.10248 heur 17.6648 branch 1.8412)
[bb] nodes=134000 open=105765 incumbent=15.000000 node_bound=14.75 depth=16 gap=0.0166667 t=195.257s (lp 146.017 cuts 1.10779 heur 17.7343 branch 1.84569)
[bb] nodes=134500 open=106169 incumbent=15.000000 node_bound=14.75 depth=24 gap=0.0166667 t=195.999s (lp 146.566 cuts 1.11206 heur 17.8043 branch 1.85064)
[bb] nodes=135000 open=106559 incumbent=15.000000 node_bound=14.75 depth=22 gap=0.0166667 t=196.698s (lp 147.091 cuts 1.11582 heur 17.8684 branch 1.8546)
[bb] nodes=135500 open=106937 incumbent=15.000000 node_bound=14.75 depth=22 gap=0.0166667 t=197.413s (lp 147.633 cuts 1.11969 heur 17.9346 branch 1.859)
[bb] nodes=136000 open=107311 incumbent=15.000000 node_bound=14.75 depth=26 gap=0.0166667 t=198.133s (lp 148.174 cuts 1.12334 heur 18.0014 branch 1.86309)
[bb] nodes=136500 open=107701 incumbent=15.000000 node_bound=14.5 depth=29 gap=0.0333333 t=198.826s (lp 148.694 cuts 1.12691 heur 18.0644 branch 1.86696)
[bb] nodes=137000 open=108089 incumbent=15.000000 node_bound=14.375 depth=25 gap=0.0416667 t=199.531s (lp 149.22 cuts 1.13049 heur 18.1341 branch 1.87145)
[bb] nodes=137500 open=108481 incumbent=15.000000 node_bound=14.75 depth=25 gap=0.0166667 t=200.241s (lp 149.748 cuts 1.13417 heur 18.202 branch 1.87771)
[bb] nodes=138000 open=108869 incumbent=15.000000 node_bound=14 depth=19 gap=0.0666667 t=200.935s (lp 150.27 cuts 1.13777 heur 18.265 branch 1.88161)
[bb] nodes=138500 open=109251 incumbent=15.000000 node_bound=14.1667 depth=20 gap=0.0555556 t=201.653s (lp 150.811 cuts 1.14171 heur 18.3289 branch 1.88545)
[bb] nodes=139000 open=109635 incumbent=15.000000 node_bound=14.25 depth=29 gap=0.05 t=202.353s (lp 151.337 cuts 1.14556 heur 18.3929 branch 1.88944)
[bb] nodes=139500 open=110021 incumbent=15.000000 node_bound=14.3 depth=31 gap=0.0466667 t=203.11s (lp 151.905 cuts 1.14959 heur 18.4631 branch 1.8936)
[bb] nodes=140000 open=110409 incumbent=15.000000 node_bound=14 depth=24 gap=0.0666667 t=203.816s (lp 152.437 cuts 1.15346 heur 18.5267 branch 1.89745)
[bb] nodes=140500 open=110797 incumbent=15.000000 node_bound=14.8636 depth=33 gap=0.00909091 t=204.536s (lp 152.973 cuts 1.15716 heur 18.5947 branch 1.90162)
[bb] nodes=141000 open=111187 incumbent=15.000000 node_bound=14.9 depth=29 gap=0.00666667 t=205.255s (lp 153.51 cuts 1.16096 heur 18.6618 branch 1.90674)
[bb] nodes=141500 open=111557 incumbent=15.000000 node_bound=14.25 depth=26 gap=0.05 t=205.966s (lp 154.043 cuts 1.16492 heur 18.7274 branch 1.91049)
[bb] nodes=142000 open=111933 incumbent=15.000000 node_bound=14.75 depth=17 gap=0.0166667 t=206.661s (lp 154.565 cuts 1.1687 heur 18.789 branch 1.91455)
[bb] nodes=142500 open=112319 incumbent=15.000000 node_bound=14.75 depth=18 gap=0.0166667 t=207.359s (lp 155.086 cuts 1.17256 heur 18.8542 branch 1.91944)
[bb] nodes=143000 open=112701 incumbent=15.000000 node_bound=14.25 depth=27 gap=0.05 t=208.075s (lp 155.622 cuts 1.17644 heur 18.9221 branch 1.92336)
[bb] nodes=143500 open=113071 incumbent=15.000000 node_bound=14 depth=19 gap=0.0666667 t=208.785s (lp 156.15 cuts 1.18018 heur 18.9896 branch 1.92728)
[bb] nodes=144000 open=113451 incumbent=15.000000 node_bound=14.875 depth=35 gap=0.00833333 t=209.515s (lp 156.701 cuts 1.18433 heur 19.0579 branch 1.9312)
[bb] nodes=144500 open=113827 incumbent=15.000000 node_bound=14.75 depth=21 gap=0.0166667 t=210.252s (lp 157.254 cuts 1.18825 heur 19.1229 branch 1.93523)
[bb] nodes=145000 open=114215 incumbent=15.000000 node_bound=14.75 depth=26 gap=0.0166667 t=210.998s (lp 157.812 cuts 1.19224 heur 19.1916 branch 1.93983)
[bb] nodes=145500 open=114585 incumbent=15.000000 node_bound=14.75 depth=30 gap=0.0166667 t=211.718s (lp 158.361 cuts 1.19608 heur 19.2548 branch 1.94358)
[bb] nodes=146000 open=114961 incumbent=15.000000 node_bound=14.5 depth=33 gap=0.0333333 t=212.415s (lp 158.885 cuts 1.20045 heur 19.3208 branch 1.9478)
[bb] nodes=146500 open=115339 incumbent=15.000000 node_bound=14.75 depth=20 gap=0.0166667 t=213.116s (lp 159.417 cuts 1.20396 heur 19.3826 branch 1.95178)
[bb] nodes=147000 open=115699 incumbent=15.000000 node_bound=14.75 depth=19 gap=0.0166667 t=213.829s (lp 159.957 cuts 1.20812 heur 19.4483 branch 1.95537)
[bb] nodes=147500 open=116093 incumbent=15.000000 node_bound=14.8333 depth=25 gap=0.0111111 t=214.515s (lp 160.471 cuts 1.21164 heur 19.5097 branch 1.95935)
[bb] nodes=148000 open=116449 incumbent=15.000000 node_bound=14.25 depth=27 gap=0.05 t=215.205s (lp 160.994 cuts 1.21538 heur 19.5722 branch 1.96278)
[bb] nodes=148500 open=116833 incumbent=15.000000 node_bound=14.75 depth=21 gap=0.0166667 t=215.897s (lp 161.512 cuts 1.21886 heur 19.636 branch 1.96638)
[bb] nodes=149000 open=117221 incumbent=15.000000 node_bound=14.75 depth=28 gap=0.0166667 t=216.611s (lp 162.051 cuts 1.22268 heur 19.7023 branch 1.97022)
[bb] nodes=149500 open=117615 incumbent=15.000000 node_bound=14.75 depth=18 gap=0.0166667 t=217.298s (lp 162.571 cuts 1.22607 heur 19.7641 branch 1.97394)
[bb] nodes=150000 open=118007 incumbent=15.000000 node_bound=14 depth=20 gap=0.0666667 t=218.011s (lp 163.105 cuts 1.22997 heur 19.8327 branch 1.97817)
[bb] nodes=150500 open=118411 incumbent=15.000000 node_bound=14.75 depth=23 gap=0.0166667 t=218.729s (lp 163.645 cuts 1.23395 heur 19.8989 branch 1.98241)
[bb] nodes=151000 open=118779 incumbent=15.000000 node_bound=14.75 depth=19 gap=0.0166667 t=219.429s (lp 164.18 cuts 1.23735 heur 19.9597 branch 1.98575)
[bb] nodes=151500 open=119171 incumbent=15.000000 node_bound=14.75 depth=22 gap=0.0166667 t=220.133s (lp 164.711 cuts 1.24174 heur 20.0231 branch 1.9895)
[bb] nodes=152000 open=119577 incumbent=15.000000 node_bound=14.2857 depth=27 gap=0.047619 t=220.844s (lp 165.243 cuts 1.24542 heur 20.0889 branch 1.99364)
[bb] nodes=152500 open=119951 incumbent=15.000000 node_bound=14.125 depth=21 gap=0.0583333 t=221.59s (lp 165.807 cuts 1.24999 heur 20.1579 branch 1.99745)
[bb] nodes=153000 open=120351 incumbent=15.000000 node_bound=14.125 depth=22 gap=0.0583333 t=222.282s (lp 166.326 cuts 1.25359 heur 20.2203 branch 2.00132)
[bb] nodes=153500 open=120733 incumbent=15.000000 node_bound=14 depth=23 gap=0.0666667 t=223.028s (lp 166.883 cuts 1.2592 heur 20.2871 branch 2.00545)
[bb] nodes=154000 open=121099 incumbent=15.000000 node_bound=14.75 depth=20 gap=0.0166667 t=223.745s (lp 167.426 cuts 1.26279 heur 20.351 branch 2.00908)
[bb] nodes=154500 open=121475 incumbent=15.000000 node_bound=14.25 depth=23 gap=0.05 t=224.438s (lp 167.95 cuts 1.26623 heur 20.4121 branch 2.0127)
[bb] nodes=155000 open=121851 incumbent=15.000000 node_bound=14 depth=20 gap=0.0666667 t=225.131s (lp 168.473 cuts 1.27 heur 20.4743 branch 2.01657)
[bb] nodes=155500 open=122237 incumbent=15.000000 node_bound=14.75 depth=24 gap=0.0166667 t=225.974s (lp 169.093 cuts 1.27618 heur 20.5563 branch 2.02254)
[bb] nodes=156000 open=122621 incumbent=15.000000 node_bound=14.0417 depth=22 gap=0.0638889 t=226.709s (lp 169.643 cuts 1.2802 heur 20.6235 branch 2.02789)
[bb] nodes=156500 open=123003 incumbent=15.000000 node_bound=14.5 depth=24 gap=0.0333333 t=227.396s (lp 170.157 cuts 1.28416 heur 20.6865 branch 2.0326)
[bb] nodes=157000 open=123369 incumbent=15.000000 node_bound=14.5 depth=26 gap=0.0333333 t=228.09s (lp 170.677 cuts 1.28773 heur 20.7502 branch 2.03639)
[bb] nodes=157500 open=123733 incumbent=15.000000 node_bound=14.4167 depth=25 gap=0.0388889 t=228.793s (lp 171.2 cuts 1.29183 heur 20.8196 branch 2.04072)
[bb] nodes=158000 open=124099 incumbent=15.000000 node_bound=14.75 depth=27 gap=0.0166667 t=229.499s (lp 171.724 cuts 1.29611 heur 20.8874 branch 2.04518)
[bb] nodes=158500 open=124455 incumbent=15.000000 node_bound=14.75 depth=24 gap=0.0166667 t=230.594s (lp 172.485 cuts 1.30782 heur 21.0288 branch 2.0515)
[bb] nodes=159000 open=124827 incumbent=15.000000 node_bound=14.75 depth=29 gap=0.0166667 t=231.29s (lp 173 cuts 1.31174 heur 21.0955 branch 2.05588)
[bb] nodes=159500 open=125189 incumbent=15.000000 node_bound=14.0417 depth=23 gap=0.0638889 t=232.01s (lp 173.54 cuts 1.31564 heur 21.1615 branch 2.05983)
[bb] nodes=160000 open=125557 incumbent=15.000000 node_bound=14.5 depth=34 gap=0.0333333 t=232.718s (lp 174.065 cuts 1.31981 heur 21.2277 branch 2.06583)
[bb] nodes=160500 open=125913 incumbent=15.000000 node_bound=14.75 depth=22 gap=0.0166667 t=233.426s (lp 174.593 cuts 1.32356 heur 21.2953 branch 2.06997)
[bb] nodes=161000 open=126291 incumbent=15.000000 node_bound=14.6 depth=32 gap=0.0266667 t=234.126s (lp 175.117 cuts 1.32757 heur 21.3632 branch 2.07384)
[bb] nodes=161500 open=126639 incumbent=15.000000 node_bound=14.75 depth=28 gap=0.0166667 t=234.846s (lp 175.652 cuts 1.3318 heur 21.4293 branch 2.07882)
[bb] nodes=162000 open=126997 incumbent=15.000000 node_bound=14.4 depth=26 gap=0.04 t=235.541s (lp 176.165 cuts 1.3356 heur 21.4935 branch 2.08268)
[bb] nodes=162500 open=127341 incumbent=15.000000 node_bound=14.1 depth=19 gap=0.06 t=236.263s (lp 176.699 cuts 1.33947 heur 21.5638 branch 2.08701)
[bb] nodes=163000 open=127703 incumbent=15.000000 node_bound=14.25 depth=30 gap=0.05 t=236.964s (lp 177.218 cuts 1.34421 heur 21.6274 branch 2.09086)
[bb] nodes=163500 open=128039 incumbent=15.000000 node_bound=14.05 depth=24 gap=0.0633333 t=237.68s (lp 177.754 cuts 1.34814 heur 21.6945 branch 2.09482)
[bb] nodes=164000 open=128377 incumbent=15.000000 node_bound=14.75 depth=23 gap=0.0166667 t=238.377s (lp 178.272 cuts 1.35216 heur 21.7601 branch 2.09867)
[bb] nodes=164500 open=128741 incumbent=15.000000 node_bound=14.25 depth=26 gap=0.05 t=239.07s (lp 178.788 cuts 1.35677 heur 21.8227 branch 2.10259)
[bb] nodes=165000 open=129099 incumbent=15.000000 node_bound=14.75 depth=24 gap=0.0166667 t=239.757s (lp 179.299 cuts 1.36036 heur 21.8909 branch 2.10642)
[bb] nodes=165500 open=129441 incumbent=15.000000 node_bound=14.75 depth=27 gap=0.0166667 t=240.444s (lp 179.81 cuts 1.36382 heur 21.9568 branch 2.11069)
[bb] nodes=166000 open=129807 incumbent=15.000000 node_bound=14.75 depth=25 gap=0.0166667 t=241.188s (lp 180.363 cuts 1.36811 heur 22.0262 branch 2.11498)
[bb] nodes=166500 open=130151 incumbent=15.000000 node_bound=14.75 depth=27 gap=0.0166667 t=241.91s (lp 180.901 cuts 1.37192 heur 22.0925 branch 2.1195)
[bb] nodes=167000 open=130487 incumbent=15.000000 node_bound=14.75 depth=35 gap=0.0166667 t=242.628s (lp 181.434 cuts 1.3757 heur 22.162 branch 2.12354)
[bb] nodes=167500 open=130819 incumbent=15.000000 node_bound=14.0625 depth=24 gap=0.0625 t=243.33s (lp 181.96 cuts 1.37912 heur 22.2271 branch 2.12704)
[bb] nodes=168000 open=131159 incumbent=15.000000 node_bound=14.8 depth=30 gap=0.0133333 t=244.036s (lp 182.48 cuts 1.38283 heur 22.2908 branch 2.13073)
[bb] nodes=168500 open=131501 incumbent=15.000000 node_bound=14.75 depth=23 gap=0.0166667 t=244.784s (lp 183.041 cuts 1.38661 heur 22.3558 branch 2.13946)
[bb] nodes=169000 open=131837 incumbent=15.000000 node_bound=14.0625 depth=22 gap=0.0625 t=245.485s (lp 183.569 cuts 1.39005 heur 22.4214 branch 2.1449)
[bb] nodes=169500 open=132173 incumbent=15.000000 node_bound=14.75 depth=26 gap=0.0166667 t=246.208s (lp 184.113 cuts 1.394 heur 22.4878 branch 2.14833)
[bb] nodes=170000 open=132527 incumbent=15.000000 node_bound=14.75 depth=22 gap=0.0166667 t=246.888s (lp 184.625 cuts 1.39753 heur 22.5497 branch 2.15185)
[bb] nodes=170500 open=132881 incumbent=15.000000 node_bound=14.375 depth=23 gap=0.0416667 t=247.587s (lp 185.14 cuts 1.40126 heur 22.6172 branch 2.15576)
[bb] nodes=171000 open=133225 incumbent=15.000000 node_bound=14.875 depth=27 gap=0.00833333 t=248.258s (lp 185.642 cuts 1.40448 heur 22.6823 branch 2.15919)
[bb] nodes=171500 open=133575 incumbent=15.000000 node_bound=14.75 depth=29 gap=0.0166667 t=248.931s (lp 186.149 cuts 1.40779 heur 22.7417 branch 2.16268)
[bb] nodes=172000 open=133937 incumbent=15.000000 node_bound=14.0714 depth=18 gap=0.0619048 t=249.62s (lp 186.658 cuts 1.4112 heur 22.8108 branch 2.16624)
[bb] nodes=172500 open=134285 incumbent=15.000000 node_bound=14.875 depth=34 gap=0.00833333 t=250.308s (lp 187.174 cuts 1.4149 heur 22.8728 branch 2.16969)
[bb] nodes=173000 open=134637 incumbent=15.000000 node_bound=14.5278 depth=33 gap=0.0314815 t=250.982s (lp 187.677 cuts 1.41914 heur 22.9376 branch 2.17414)
[bb] nodes=173500 open=134983 incumbent=15.000000 node_bound=14.875 depth=30 gap=0.00833333 t=251.67s (lp 188.2 cuts 1.42243 heur 23 branch 2.17836)
[bb] nodes=174000 open=135325 incumbent=15.000000 node_bound=14.75 depth=21 gap=0.0166667 t=252.354s (lp 188.718 cuts 1.4263 heur 23.06 branch 2.18179)
[bb] nodes=174500 open=135647 incumbent=15.000000 node_bound=14.75 depth=23 gap=0.0166667 t=253.047s (lp 189.243 cuts 1.43045 heur 23.121 branch 2.18531)
[bb] nodes=175000 open=135975 incumbent=15.000000 node_bound=14.75 depth=27 gap=0.0166667 t=253.748s (lp 189.766 cuts 1.43418 heur 23.1946 branch 2.18884)
[bb] nodes=175500 open=136315 incumbent=15.000000 node_bound=14.75 depth=24 gap=0.0166667 t=254.456s (lp 190.299 cuts 1.4375 heur 23.2581 branch 2.19287)
[bb] nodes=176000 open=136685 incumbent=15.000000 node_bound=14.75 depth=21 gap=0.0166667 t=255.129s (lp 190.803 cuts 1.44135 heur 23.3197 branch 2.19763)
[bb] nodes=176500 open=137017 incumbent=15.000000 node_bound=14.875 depth=31 gap=0.00833333 t=255.831s (lp 191.332 cuts 1.44526 heur 23.3846 branch 2.20209)
[bb] nodes=177000 open=137343 incumbent=15.000000 node_bound=14.75 depth=26 gap=0.0166667 t=256.604s (lp 191.909 cuts 1.4498 heur 23.4536 branch 2.20647)
[bb] nodes=177500 open=137695 incumbent=15.000000 node_bound=14.75 depth=27 gap=0.0166667 t=257.279s (lp 192.418 cuts 1.45328 heur 23.5151 branch 2.20985)
[bb] nodes=178000 open=138031 incumbent=15.000000 node_bound=14.75 depth=26 gap=0.0166667 t=258.007s (lp 192.967 cuts 1.45724 heur 23.5817 branch 2.21354)
[bb] nodes=178500 open=138359 incumbent=15.000000 node_bound=14.75 depth=25 gap=0.0166667 t=258.814s (lp 193.573 cuts 1.46198 heur 23.6543 branch 2.21793)
[bb] nodes=179000 open=138707 incumbent=15.000000 node_bound=14.875 depth=34 gap=0.00833333 t=259.495s (lp 194.088 cuts 1.4653 heur 23.7146 branch 2.22184)
[bb] nodes=179500 open=139059 incumbent=15.000000 node_bound=14.75 depth=24 gap=0.0166667 t=260.189s (lp 194.607 cuts 1.469 heur 23.7786 branch 2.22617)
[bb] nodes=180000 open=139415 incumbent=15.000000 node_bound=14.75 depth=22 gap=0.0166667 t=260.901s (lp 195.134 cuts 1.47305 heur 23.8517 branch 2.23009)
[bb] nodes=180500 open=139733 incumbent=15.000000 node_bound=14.75 depth=26 gap=0.0166667 t=261.606s (lp 195.664 cuts 1.4767 heur 23.9129 branch 2.23393)
[bb] nodes=181000 open=140049 incumbent=15.000000 node_bound=14.5 depth=34 gap=0.0333333 t=262.303s (lp 196.191 cuts 1.47997 heur 23.9756 branch 2.23731)
[bb] nodes=181500 open=140379 incumbent=15.000000 node_bound=14.0833 depth=26 gap=0.0611111 t=262.996s (lp 196.711 cuts 1.4843 heur 24.0379 branch 2.241)
[bb] nodes=182000 open=140727 incumbent=15.000000 node_bound=14.75 depth=34 gap=0.0166667 t=263.695s (lp 197.233 cuts 1.48819 heur 24.1064 branch 2.2446)
[bb] nodes=182500 open=141047 incumbent=15.000000 node_bound=14.25 depth=27 gap=0.05 t=264.432s (lp 197.787 cuts 1.49179 heur 24.172 branch 2.24878)
[bb] nodes=183000 open=141371 incumbent=15.000000 node_bound=14.75 depth=27 gap=0.0166667 t=265.123s (lp 198.308 cuts 1.49568 heur 24.235 branch 2.25312)
[bb] nodes=183500 open=141695 incumbent=15.000000 node_bound=14.375 depth=21 gap=0.0416667 t=265.823s (lp 198.839 cuts 1.49949 heur 24.2969 branch 2.25713)
[bb] nodes=184000 open=142009 incumbent=15.000000 node_bound=14.75 depth=23 gap=0.0166667 t=266.516s (lp 199.358 cuts 1.50288 heur 24.3624 branch 2.2605)
[bb] nodes=184500 open=142349 incumbent=15.000000 node_bound=14.75 depth=19 gap=0.0166667 t=267.195s (lp 199.868 cuts 1.5063 heur 24.4275 branch 2.26485)
[bb] nodes=185000 open=142685 incumbent=15.000000 node_bound=14.8333 depth=26 gap=0.0111111 t=267.877s (lp 200.379 cuts 1.50983 heur 24.49 branch 2.26839)
[bb] nodes=185500 open=143029 incumbent=15.000000 node_bound=14.75 depth=21 gap=0.0166667 t=268.567s (lp 200.893 cuts 1.51368 heur 24.5541 branch 2.27222)
[bb] nodes=186000 open=143365 incumbent=15.000000 node_bound=14.75 depth=26 gap=0.0166667 t=269.555s (lp 201.602 cuts 1.51871 heur 24.676 branch 2.28231)
[bb] nodes=186500 open=143691 incumbent=15.000000 node_bound=14.75 depth=27 gap=0.0166667 t=270.231s (lp 202.108 cuts 1.52206 heur 24.7407 branch 2.28595)
[bb] nodes=187000 open=144037 incumbent=15.000000 node_bound=14.75 depth=23 gap=0.0166667 t=270.902s (lp 202.611 cuts 1.52538 heur 24.8033 branch 2.28969)
[bb] nodes=187500 open=144383 incumbent=15.000000 node_bound=14.75 depth=28 gap=0.0166667 t=271.635s (lp 203.159 cuts 1.52919 heur 24.8739 branch 2.29363)
[bb] nodes=188000 open=144723 incumbent=15.000000 node_bound=14.375 depth=28 gap=0.0416667 t=272.338s (lp 203.682 cuts 1.53306 heur 24.9405 branch 2.29772)
[bb] nodes=188500 open=145047 incumbent=15.000000 node_bound=14.75 depth=28 gap=0.0166667 t=273.028s (lp 204.193 cuts 1.53647 heur 25.0099 branch 2.30141)
[bb] nodes=189000 open=145383 incumbent=15.000000 node_bound=14.5 depth=27 gap=0.0333333 t=273.724s (lp 204.714 cuts 1.54008 heur 25.0762 branch 2.30508)
[bb] nodes=189500 open=145717 incumbent=15.000000 node_bound=14.5 depth=24 gap=0.0333333 t=274.413s (lp 205.232 cuts 1.54459 heur 25.1388 branch 2.30948)
[bb] nodes=190000 open=146047 incumbent=15.000000 node_bound=14.1071 depth=17 gap=0.0595238 t=275.112s (lp 205.76 cuts 1.54809 heur 25.2011 branch 2.31342)
[bb] nodes=190500 open=146399 incumbent=15.000000 node_bound=14.3333 depth=26 gap=0.0444444 t=275.802s (lp 206.269 cuts 1.5518 heur 25.2713 branch 2.31802)
[bb] nodes=191000 open=146731 incumbent=15.000000 node_bound=14.1154 depth=22 gap=0.0589744 t=276.505s (lp 206.798 cuts 1.55559 heur 25.3331 branch 2.32342)
[bb] nodes=191500 open=147043 incumbent=15.000000 node_bound=14.75 depth=24 gap=0.0166667 t=277.207s (lp 207.325 cuts 1.55911 heur 25.3996 branch 2.32738)
[bb] nodes=192000 open=147345 incumbent=15.000000 node_bound=14.25 depth=28 gap=0.05 t=277.934s (lp 207.878 cuts 1.56269 heur 25.4644 branch 2.33125)
[bb] nodes=192500 open=147625 incumbent=15.000000 node_bound=14.125 depth=19 gap=0.0583333 t=278.671s (lp 208.433 cuts 1.56638 heur 25.534 branch 2.33497)
[bb] nodes=193000 open=147923 incumbent=15.000000 node_bound=14.5 depth=25 gap=0.0333333 t=279.351s (lp 208.945 cuts 1.57018 heur 25.5969 branch 2.33845)
[bb] nodes=193500 open=148233 incumbent=15.000000 node_bound=14.5625 depth=26 gap=0.0291667 t=280.045s (lp 209.47 cuts 1.57367 heur 25.6617 branch 2.34224)
[bb] nodes=194000 open=148545 incumbent=15.000000 node_bound=14.125 depth=25 gap=0.0583333 t=280.75s (lp 209.999 cuts 1.57808 heur 25.7252 branch 2.34587)
[bb] nodes=194500 open=148855 incumbent=15.000000 node_bound=14.125 depth=23 gap=0.0583333 t=281.457s (lp 210.536 cuts 1.58152 heur 25.7891 branch 2.34956)
[bb] nodes=195000 open=149205 incumbent=15.000000 node_bound=14.5 depth=37 gap=0.0333333 t=282.149s (lp 211.055 cuts 1.58533 heur 25.8544 branch 2.3532)
[bb] nodes=195500 open=149529 incumbent=15.000000 node_bound=14.5 depth=28 gap=0.0333333 t=282.831s (lp 211.57 cuts 1.5889 heur 25.9153 branch 2.3573)
[bb] nodes=196000 open=149851 incumbent=15.000000 node_bound=14.8333 depth=28 gap=0.0111111 t=283.5s (lp 212.079 cuts 1.59222 heur 25.9748 branch 2.36042)
[bb] nodes=196500 open=150141 incumbent=15.000000 node_bound=14.75 depth=23 gap=0.0166667 t=284.244s (lp 212.643 cuts 1.59644 heur 26.0399 branch 2.36447)
[bb] nodes=197000 open=150441 incumbent=15.000000 node_bound=14.75 depth=27 gap=0.0166667 t=284.917s (lp 213.151 cuts 1.59986 heur 26.1029 branch 2.36775)
[bb] nodes=197500 open=150709 incumbent=15.000000 node_bound=14.75 depth=31 gap=0.0166667 t=285.631s (lp 213.688 cuts 1.60364 heur 26.1686 branch 2.37145)
[bb] nodes=198000 open=151013 incumbent=15.000000 node_bound=14.125 depth=26 gap=0.0583333 t=286.335s (lp 214.219 cuts 1.60775 heur 26.2333 branch 2.37483)
[bb] nodes=198500 open=151327 incumbent=15.000000 node_bound=14.5 depth=20 gap=0.0333333 t=287.075s (lp 214.773 cuts 1.61191 heur 26.3012 branch 2.37876)
[bb] nodes=199000 open=151585 incumbent=15.000000 node_bound=14.125 depth=25 gap=0.0583333 t=287.78s (lp 215.308 cuts 1.61557 heur 26.3624 branch 2.38215)
[bb] nodes=199500 open=151869 incumbent=15.000000 node_bound=14.5 depth=28 gap=0.0333333 t=288.481s (lp 215.841 cuts 1.61995 heur 26.4256 branch 2.38545)
[bb] nodes=200000 open=152139 incumbent=15.000000 node_bound=14.125 depth=25 gap=0.0583333 t=289.209s (lp 216.398 cuts 1.62383 heur 26.488 branch 2.38888)
[bb] nodes=200500 open=152389 incumbent=15.000000 node_bound=14.125 depth=25 gap=0.0583333 t=289.935s (lp 216.947 cuts 1.62768 heur 26.5543 branch 2.39258)
[bb] nodes=201000 open=152699 incumbent=15.000000 node_bound=14.125 depth=23 gap=0.0583333 t=290.62s (lp 217.462 cuts 1.63201 heur 26.6153 branch 2.39588)
[bb] nodes=201500 open=152977 incumbent=15.000000 node_bound=14.8333 depth=33 gap=0.0111111 t=291.323s (lp 217.995 cuts 1.63524 heur 26.6768 branch 2.39914)
[bb] nodes=202000 open=153227 incumbent=15.000000 node_bound=14.125 depth=25 gap=0.0583333 t=292.035s (lp 218.533 cuts 1.63912 heur 26.7442 branch 2.40231)
[bb] nodes=202500 open=153529 incumbent=15.000000 node_bound=14.875 depth=30 gap=0.00833333 t=292.724s (lp 219.054 cuts 1.64242 heur 26.8074 branch 2.40563)
[bb] nodes=203000 open=153803 incumbent=15.000000 node_bound=14.75 depth=24 gap=0.0166667 t=293.426s (lp 219.586 cuts 1.64682 heur 26.8716 branch 2.40869)
[bb] nodes=203500 open=154089 incumbent=15.000000 node_bound=14.125 depth=24 gap=0.0583333 t=294.13s (lp 220.117 cuts 1.65108 heur 26.9343 branch 2.41342)
[bb] nodes=204000 open=154381 incumbent=15.000000 node_bound=14.5 depth=26 gap=0.0333333 t=294.841s (lp 220.652 cuts 1.65483 heur 27.0013 branch 2.41693)
[bb] nodes=204500 open=154675 incumbent=15.000000 node_bound=14.6667 depth=29 gap=0.0222222 t=295.553s (lp 221.196 cuts 1.65803 heur 27.0657 branch 2.42005)
[bb] nodes=205000 open=154977 incumbent=15.000000 node_bound=14.1923 depth=27 gap=0.0538462 t=296.267s (lp 221.733 cuts 1.66165 heur 27.1349 branch 2.42349)
[bb] nodes=205500 open=155273 incumbent=15.000000 node_bound=14.75 depth=32 gap=0.0166667 t=296.954s (lp 222.252 cuts 1.66571 heur 27.197 branch 2.4268)
[bb] nodes=206000 open=155543 incumbent=15.000000 node_bound=14.875 depth=33 gap=0.00833333 t=297.659s (lp 222.789 cuts 1.66911 heur 27.2593 branch 2.43028)
[bb] nodes=206500 open=155811 incumbent=15.000000 node_bound=14.75 depth=28 gap=0.0166667 t=298.363s (lp 223.323 cuts 1.67317 heur 27.3222 branch 2.43371)
[bb] nodes=207000 open=156107 incumbent=15.000000 node_bound=14.75 depth=28 gap=0.0166667 t=299.073s (lp 223.86 cuts 1.67677 heur 27.3865 branch 2.43712)
[bb] nodes=207500 open=156393 incumbent=15.000000 node_bound=14.3125 depth=24 gap=0.0458333 t=299.791s (lp 224.403 cuts 1.68055 heur 27.4531 branch 2.44114)
[bb] nodes=208000 open=156697 incumbent=15.000000 node_bound=14.5 depth=26 gap=0.0333333 t=300.474s (lp 224.92 cuts 1.6841 heur 27.5148 branch 2.44446)
[bb] nodes=208500 open=157013 incumbent=15.000000 node_bound=14.75 depth=26 gap=0.0166667 t=301.178s (lp 225.453 cuts 1.68858 heur 27.5784 branch 2.44786)
[bb] nodes=209000 open=157287 incumbent=15.000000 node_bound=14.5 depth=19 gap=0.0333333 t=301.908s (lp 226.004 cuts 1.69218 heur 27.645 branch 2.45202)
[bb] nodes=209500 open=157589 incumbent=15.000000 node_bound=14.75 depth=25 gap=0.0166667 t=302.741s (lp 226.637 cuts 1.69659 heur 27.7193 branch 2.45651)
[bb] nodes=210000 open=157897 incumbent=15.000000 node_bound=14.125 depth=24 gap=0.0583333 t=303.713s (lp 227.31 cuts 1.70329 heur 27.8174 branch 2.46486)
[bb] nodes=210500 open=158185 incumbent=15.000000 node_bound=14.875 depth=22 gap=0.00833333 t=304.772s (lp 228.033 cuts 1.71112 heur 27.9195 branch 2.4734)
[bb] nodes=211000 open=158493 incumbent=15.000000 node_bound=14.75 depth=25 gap=0.0166667 t=305.5s (lp 228.584 cuts 1.7147 heur 27.9866 branch 2.47687)
[bb] nodes=211500 open=158771 incumbent=15.000000 node_bound=14.5833 depth=30 gap=0.0277778 t=306.217s (lp 229.123 cuts 1.71833 heur 28.051 branch 2.48097)
[bb] nodes=212000 open=159073 incumbent=15.000000 node_bound=14.75 depth=23 gap=0.0166667 t=306.911s (lp 229.646 cuts 1.7217 heur 28.1133 branch 2.48432)
[bb] nodes=212500 open=159383 incumbent=15.000000 node_bound=14.85 depth=33 gap=0.01 t=307.625s (lp 230.18 cuts 1.72512 heur 28.1812 branch 2.48799)
[bb] nodes=213000 open=159683 incumbent=15.000000 node_bound=14.125 depth=26 gap=0.0583333 t=308.324s (lp 230.704 cuts 1.72878 heur 28.2462 branch 2.49158)
[bb] nodes=213500 open=159987 incumbent=15.000000 node_bound=14.5 depth=26 gap=0.0333333 t=309.099s (lp 231.284 cuts 1.73311 heur 28.3174 branch 2.49608)
[bb] nodes=214000 open=160291 incumbent=15.000000 node_bound=14.1875 depth=28 gap=0.0541667 t=309.945s (lp 231.912 cuts 1.73788 heur 28.399 branch 2.50091)
[bb] nodes=214500 open=160613 incumbent=15.000000 node_bound=14.5833 depth=30 gap=0.0277778 t=310.801s (lp 232.542 cuts 1.74295 heur 28.4767 branch 2.50658)
[bb] nodes=215000 open=160909 incumbent=15.000000 node_bound=14.75 depth=32 gap=0.0166667 t=311.621s (lp 233.147 cuts 1.74747 heur 28.5539 branch 2.51117)
[bb] nodes=215500 open=161237 incumbent=15.000000 node_bound=14.75 depth=31 gap=0.0166667 t=312.458s (lp 233.759 cuts 1.75345 heur 28.6341 branch 2.51603)
[bb] nodes=216000 open=161551 incumbent=15.000000 node_bound=14.75 depth=28 gap=0.0166667 t=313.249s (lp 234.343 cuts 1.75986 heur 28.7072 branch 2.52151)
[bb] nodes=216500 open=161853 incumbent=15.000000 node_bound=14.875 depth=26 gap=0.00833333 t=314.105s (lp 234.972 cuts 1.76492 heur 28.79 branch 2.52671)
[bb] nodes=217000 open=162137 incumbent=15.000000 node_bound=14.8333 depth=29 gap=0.0111111 t=314.943s (lp 235.6 cuts 1.76976 heur 28.8642 branch 2.53106)
[bb] nodes=217500 open=162441 incumbent=15.000000 node_bound=14.2917 depth=27 gap=0.0472222 t=315.649s (lp 236.131 cuts 1.77322 heur 28.9278 branch 2.53441)
[bb] nodes=218000 open=162787 incumbent=15.000000 node_bound=14.75 depth=29 gap=0.0166667 t=316.34s (lp 236.647 cuts 1.77661 heur 28.9948 branch 2.53845)
[bb] nodes=218500 open=163083 incumbent=15.000000 node_bound=14.125 depth=24 gap=0.0583333 t=317.045s (lp 237.176 cuts 1.78014 heur 29.0609 branch 2.54205)
[bb] nodes=219000 open=163421 incumbent=15.000000 node_bound=14.75 depth=27 gap=0.0166667 t=317.793s (lp 237.729 cuts 1.78633 heur 29.132 branch 2.54779)
[bb] nodes=219500 open=163761 incumbent=15.000000 node_bound=14.8125 depth=28 gap=0.0125 t=318.49s (lp 238.252 cuts 1.78999 heur 29.1954 branch 2.55143)
[bb] nodes=220000 open=164075 incumbent=15.000000 node_bound=14.5 depth=31 gap=0.0333333 t=319.212s (lp 238.791 cuts 1.79371 heur 29.2633 branch 2.55527)
[bb] nodes=220500 open=164385 incumbent=15.000000 node_bound=14.3333 depth=21 gap=0.0444444 t=319.922s (lp 239.326 cuts 1.79748 heur 29.3265 branch 2.55993)
[bb] nodes=221000 open=164699 incumbent=15.000000 node_bound=14.4583 depth=31 gap=0.0361111 t=320.641s (lp 239.863 cuts 1.80132 heur 29.3925 branch 2.56401)
[bb] nodes=221500 open=165027 incumbent=15.000000 node_bound=14.75 depth=32 gap=0.0166667 t=321.307s (lp 240.366 cuts 1.80471 heur 29.4528 branch 2.56754)
[bb] nodes=222000 open=165343 incumbent=15.000000 node_bound=14.75 depth=29 gap=0.0166667 t=322.3s (lp 241.083 cuts 1.81025 heur 29.5518 branch 2.57435)
[bb] nodes=222500 open=165655 incumbent=15.000000 node_bound=14.125 depth=28 gap=0.0583333 t=323.028s (lp 241.619 cuts 1.81427 heur 29.6226 branch 2.57941)
[bb] nodes=223000 open=165941 incumbent=15.000000 node_bound=14.9167 depth=30 gap=0.00555556 t=323.745s (lp 242.153 cuts 1.81843 heur 29.6955 branch 2.58299)
[bb] nodes=223500 open=166255 incumbent=15.000000 node_bound=14.1667 depth=28 gap=0.0555556 t=324.434s (lp 242.672 cuts 1.82243 heur 29.7576 branch 2.58657)
[bb] nodes=224000 open=166597 incumbent=15.000000 node_bound=14.875 depth=29 gap=0.00833333 t=325.108s (lp 243.179 cuts 1.82608 heur 29.8189 branch 2.59124)
[bb] nodes=224500 open=166921 incumbent=15.000000 node_bound=14.125 depth=25 gap=0.0583333 t=325.838s (lp 243.721 cuts 1.83001 heur 29.8869 branch 2.59566)
[bb] nodes=225000 open=167231 incumbent=15.000000 node_bound=14.8333 depth=30 gap=0.0111111 t=326.527s (lp 244.237 cuts 1.83387 heur 29.9523 branch 2.5991)
[bb] nodes=225500 open=167575 incumbent=15.000000 node_bound=14.75 depth=23 gap=0.0166667 t=327.228s (lp 244.76 cuts 1.83803 heur 30.0211 branch 2.60305)
[bb] nodes=226000 open=167881 incumbent=15.000000 node_bound=14.75 depth=28 gap=0.0166667 t=327.902s (lp 245.263 cuts 1.84154 heur 30.0865 branch 2.60657)
[bb] nodes=226500 open=168223 incumbent=15.000000 node_bound=14.1429 depth=28 gap=0.0571429 t=328.576s (lp 245.759 cuts 1.84547 heur 30.1516 branch 2.61045)
[bb] nodes=227000 open=168545 incumbent=15.000000 node_bound=14.75 depth=35 gap=0.0166667 t=329.279s (lp 246.286 cuts 1.84898 heur 30.2178 branch 2.61408)
[bb] nodes=227500 open=168863 incumbent=15.000000 node_bound=14.5 depth=23 gap=0.0333333 t=329.987s (lp 246.807 cuts 1.85334 heur 30.2851 branch 2.61801)
[bb] nodes=228000 open=169163 incumbent=15.000000 node_bound=14.15 depth=22 gap=0.0566667 t=330.684s (lp 247.327 cuts 1.85721 heur 30.3513 branch 2.6222)
[bb] nodes=228500 open=169469 incumbent=15.000000 node_bound=14.5 depth=20 gap=0.0333333 t=331.376s (lp 247.839 cuts 1.86186 heur 30.4203 branch 2.62621)
[bb] nodes=229000 open=169765 incumbent=15.000000 node_bound=14.5 depth=29 gap=0.0333333 t=332.069s (lp 248.356 cuts 1.86553 heur 30.4861 branch 2.62974)
[bb] nodes=229500 open=170085 incumbent=15.000000 node_bound=14.5 depth=25 gap=0.0333333 t=332.806s (lp 248.908 cuts 1.8697 heur 30.5531 branch 2.63406)
[bb] nodes=230000 open=170387 incumbent=15.000000 node_bound=14.25 depth=22 gap=0.05 t=333.503s (lp 249.43 cuts 1.87323 heur 30.6176 branch 2.63802)
[bb] nodes=230500 open=170699 incumbent=15.000000 node_bound=14.375 depth=24 gap=0.0416667 t=334.196s (lp 249.948 cuts 1.87673 heur 30.6851 branch 2.64146)
[bb] nodes=231000 open=171025 incumbent=15.000000 node_bound=14.375 depth=28 gap=0.0416667 t=334.877s (lp 250.455 cuts 1.88051 heur 30.7491 branch 2.64508)
[bb] nodes=231500 open=171293 incumbent=15.000000 node_bound=14.5 depth=24 gap=0.0333333 t=335.574s (lp 250.981 cuts 1.88378 heur 30.813 branch 2.64985)
[bb] nodes=232000 open=171571 incumbent=15.000000 node_bound=14.5 depth=29 gap=0.0333333 t=336.28s (lp 251.508 cuts 1.88786 heur 30.8783 branch 2.65409)
[bb] nodes=232500 open=171817 incumbent=15.000000 node_bound=14.75 depth=22 gap=0.0166667 t=336.99s (lp 252.043 cuts 1.89155 heur 30.9435 branch 2.65733)
[bb] nodes=233000 open=172125 incumbent=15.000000 node_bound=14.75 depth=28 gap=0.0166667 t=337.706s (lp 252.579 cuts 1.89662 heur 31.012 branch 2.66111)
[bb] nodes=233500 open=172447 incumbent=15.000000 node_bound=14.875 depth=21 gap=0.00833333 t=338.395s (lp 253.093 cuts 1.90062 heur 31.0757 branch 2.66485)
[bb] nodes=234000 open=172729 incumbent=15.000000 node_bound=14.75 depth=29 gap=0.0166667 t=339.093s (lp 253.617 cuts 1.90417 heur 31.1393 branch 2.66812)
[bb] nodes=234500 open=172991 incumbent=15.000000 node_bound=14.75 depth=32 gap=0.0166667 t=339.829s (lp 254.167 cuts 1.90835 heur 31.2099 branch 2.67158)
[bb] nodes=235000 open=173253 incumbent=15.000000 node_bound=14.75 depth=20 gap=0.0166667 t=340.539s (lp 254.701 cuts 1.91187 heur 31.2749 branch 2.6755)
[bb] nodes=235500 open=173515 incumbent=15.000000 node_bound=14.75 depth=26 gap=0.0166667 t=341.244s (lp 255.229 cuts 1.91531 heur 31.3472 branch 2.67876)
[bb] nodes=236000 open=173821 incumbent=15.000000 node_bound=14.3333 depth=26 gap=0.0444444 t=341.961s (lp 255.763 cuts 1.91914 heur 31.4129 branch 2.68338)
[bb] nodes=236500 open=174117 incumbent=15.000000 node_bound=14.1667 depth=30 gap=0.0555556 t=343.003s (lp 256.48 cuts 1.92821 heur 31.5094 branch 2.68836)
[bb] nodes=237000 open=174409 incumbent=15.000000 node_bound=14.75 depth=28 gap=0.0166667 t=343.706s (lp 257.006 cuts 1.93164 heur 31.5754 branch 2.69172)
[bb] nodes=237500 open=174685 incumbent=15.000000 node_bound=14.525 depth=31 gap=0.0316667 t=344.419s (lp 257.543 cuts 1.93534 heur 31.6406 branch 2.6951)
[bb] nodes=238000 open=174975 incumbent=15.000000 node_bound=14.9375 depth=30 gap=0.00416667 t=345.137s (lp 258.083 cuts 1.93887 heur 31.7125 branch 2.69854)
[bb] nodes=238500 open=175271 incumbent=15.000000 node_bound=14.1667 depth=20 gap=0.0555556 t=345.85s (lp 258.62 cuts 1.94249 heur 31.7764 branch 2.70254)
[bb] nodes=239000 open=175569 incumbent=15.000000 node_bound=14.75 depth=32 gap=0.0166667 t=346.562s (lp 259.158 cuts 1.94667 heur 31.8379 branch 2.70593)
[bb] nodes=239500 open=175855 incumbent=15.000000 node_bound=14.1667 depth=21 gap=0.0555556 t=347.246s (lp 259.672 cuts 1.95068 heur 31.9002 branch 2.71)
[bb] nodes=240000 open=176133 incumbent=15.000000 node_bound=14.1667 depth=27 gap=0.0555556 t=348.012s (lp 260.246 cuts 1.95562 heur 31.9718 branch 2.71371)
[bb] nodes=240500 open=176411 incumbent=15.000000 node_bound=14.75 depth=29 gap=0.0166667 t=348.785s (lp 260.822 cuts 1.9601 heur 32.0474 branch 2.71836)
[bb] nodes=241000 open=176685 incumbent=15.000000 node_bound=14.1667 depth=22 gap=0.0555556 t=349.464s (lp 261.333 cuts 1.9636 heur 32.1092 branch 2.72251)
[bb] nodes=241500 open=176937 incumbent=15.000000 node_bound=14.75 depth=27 gap=0.0166667 t=350.174s (lp 261.869 cuts 1.9673 heur 32.1729 branch 2.72674)
[bb] nodes=242000 open=177235 incumbent=15.000000 node_bound=14.375 depth=20 gap=0.0416667 t=350.863s (lp 262.385 cuts 1.97175 heur 32.2356 branch 2.73061)
[bb] nodes=242500 open=177509 incumbent=15.000000 node_bound=14.875 depth=25 gap=0.00833333 t=351.568s (lp 262.914 cuts 1.97511 heur 32.306 branch 2.73402)
[bb] nodes=243000 open=177821 incumbent=15.000000 node_bound=14.75 depth=26 gap=0.0166667 t=352.282s (lp 263.447 cuts 1.97896 heur 32.3736 branch 2.73787)
[bb] nodes=243500 open=178105 incumbent=15.000000 node_bound=14.375 depth=28 gap=0.0416667 t=352.975s (lp 263.967 cuts 1.98255 heur 32.4374 branch 2.74172)
[bb] nodes=244000 open=178403 incumbent=15.000000 node_bound=14.75 depth=28 gap=0.0166667 t=353.669s (lp 264.491 cuts 1.98621 heur 32.499 branch 2.74514)
[bb] nodes=244500 open=178713 incumbent=15.000000 node_bound=14.375 depth=27 gap=0.0416667 t=354.387s (lp 265.03 cuts 1.99015 heur 32.5657 branch 2.74884)
[bb] nodes=245000 open=178987 incumbent=15.000000 node_bound=14.1667 depth=18 gap=0.0555556 t=355.116s (lp 265.57 cuts 1.99407 heur 32.6424 branch 2.75243)
[bb] nodes=245500 open=179273 incumbent=15.000000 node_bound=14.1667 depth=28 gap=0.0555556 t=355.822s (lp 266.101 cuts 1.99805 heur 32.7067 branch 2.7561)
[bb] nodes=246000 open=179541 incumbent=15.000000 node_bound=14.1667 depth=25 gap=0.0555556 t=356.533s (lp 266.634 cuts 2.00183 heur 32.7707 branch 2.76008)
[bb] nodes=246500 open=179833 incumbent=15.000000 node_bound=14.1667 depth=27 gap=0.0555556 t=357.24s (lp 267.162 cuts 2.00565 heur 32.8351 branch 2.76459)
[bb] nodes=247000 open=180121 incumbent=15.000000 node_bound=14.75 depth=27 gap=0.0166667 t=357.968s (lp 267.703 cuts 2.0096 heur 32.9058 branch 2.76822)
[bb] nodes=247500 open=180383 incumbent=15.000000 node_bound=14.2917 depth=24 gap=0.0472222 t=358.668s (lp 268.225 cuts 2.0135 heur 32.9736 branch 2.77218)
[bb] nodes=248000 open=180687 incumbent=15.000000 node_bound=14.5 depth=20 gap=0.0333333 t=359.339s (lp 268.73 cuts 2.01783 heur 33.0353 branch 2.77564)
[bb] nodes=248500 open=181003 incumbent=15.000000 node_bound=14.75 depth=27 gap=0.0166667 t=360.026s (lp 269.239 cuts 2.0229 heur 33.1019 branch 2.77915)
[bb] nodes=249000 open=181297 incumbent=15.000000 node_bound=14.75 depth=29 gap=0.0166667 t=360.718s (lp 269.76 cuts 2.0265 heur 33.1653 branch 2.78339)
[bb] nodes=249500 open=181595 incumbent=15.000000 node_bound=14.1667 depth=28 gap=0.0555556 t=361.376s (lp 270.254 cuts 2.02972 heur 33.2272 branch 2.78662)
[bb] nodes=250000 open=181901 incumbent=15.000000 node_bound=14.875 depth=32 gap=0.00833333 t=362.08s (lp 270.775 cuts 2.0338 heur 33.2969 branch 2.79065)
[bb] nodes=250500 open=182141 incumbent=15.000000 node_bound=14.1667 depth=23 gap=0.0555556 t=362.862s (lp 271.359 cuts 2.03859 heur 33.366 branch 2.79423)
[bb] nodes=251000 open=182427 incumbent=15.000000 node_bound=14.75 depth=30 gap=0.0166667 t=363.62s (lp 271.928 cuts 2.04281 heur 33.4343 branch 2.79886)
[bb] nodes=251500 open=182691 incumbent=15.000000 node_bound=14.25 depth=20 gap=0.05 t=364.337s (lp 272.464 cuts 2.04661 heur 33.5005 branch 2.80248)
[bb] nodes=252000 open=182983 incumbent=15.000000 node_bound=14.875 depth=30 gap=0.00833333 t=365.145s (lp 273.065 cuts 2.05171 heur 33.5761 branch 2.80893)
[bb] nodes=252500 open=183245 incumbent=15.000000 node_bound=14.75 depth=23 gap=0.0166667 t=365.862s (lp 273.604 cuts 2.05542 heur 33.6422 branch 2.81231)
[bb] nodes=253000 open=183527 incumbent=15.000000 node_bound=14.75 depth=25 gap=0.0166667 t=366.548s (lp 274.112 cuts 2.05931 heur 33.7071 branch 2.81592)
[bb] nodes=253500 open=183797 incumbent=15.000000 node_bound=14.5 depth=22 gap=0.0333333 t=367.246s (lp 274.634 cuts 2.06408 heur 33.7745 branch 2.8195)
[bb] nodes=254000 open=184111 incumbent=15.000000 node_bound=14.9 depth=37 gap=0.00666667 t=367.939s (lp 275.152 cuts 2.06759 heur 33.8369 branch 2.82313)
[bb] nodes=254500 open=184403 incumbent=15.000000 node_bound=14.5 depth=29 gap=0.0333333 t=368.606s (lp 275.653 cuts 2.07083 heur 33.8991 branch 2.82639)
[bb] nodes=255000 open=184691 incumbent=15.000000 node_bound=14.75 depth=34 gap=0.0166667 t=369.302s (lp 276.176 cuts 2.07512 heur 33.9627 branch 2.82982)
[bb] nodes=255500 open=184965 incumbent=15.000000 node_bound=14.1875 depth=23 gap=0.0541667 t=370s (lp 276.691 cuts 2.07862 heur 34.0326 branch 2.83348)
[bb] nodes=256000 open=185241 incumbent=15.000000 node_bound=14.75 depth=26 gap=0.0166667 t=370.704s (lp 277.219 cuts 2.08254 heur 34.1008 branch 2.83662)
[bb] nodes=256500 open=185537 incumbent=15.000000 node_bound=14.75 depth=26 gap=0.0166667 t=371.365s (lp 277.709 cuts 2.08595 heur 34.1619 branch 2.83971)
[bb] nodes=257000 open=185835 incumbent=15.000000 node_bound=14.1875 depth=22 gap=0.0541667 t=372.044s (lp 278.216 cuts 2.0894 heur 34.2248 branch 2.8435)
[bb] nodes=257500 open=186115 incumbent=15.000000 node_bound=14.75 depth=24 gap=0.0166667 t=372.76s (lp 278.754 cuts 2.09297 heur 34.2917 branch 2.8487)
[bb] nodes=258000 open=186399 incumbent=15.000000 node_bound=14.75 depth=29 gap=0.0166667 t=373.432s (lp 279.258 cuts 2.0961 heur 34.3563 branch 2.85354)
[bb] nodes=258500 open=186679 incumbent=15.000000 node_bound=14.75 depth=24 gap=0.0166667 t=374.12s (lp 279.78 cuts 2.09979 heur 34.4178 branch 2.85687)
[bb] nodes=259000 open=186981 incumbent=15.000000 node_bound=14.25 depth=23 gap=0.05 t=374.798s (lp 280.287 cuts 2.10361 heur 34.4827 branch 2.86044)
[bb] nodes=259500 open=187265 incumbent=15.000000 node_bound=14.1875 depth=24 gap=0.0541667 t=375.479s (lp 280.797 cuts 2.10719 heur 34.5466 branch 2.86363)
[bb] nodes=260000 open=187561 incumbent=15.000000 node_bound=14.75 depth=23 gap=0.0166667 t=376.167s (lp 281.314 cuts 2.11063 heur 34.6117 branch 2.86685)
[bb] nodes=260500 open=187883 incumbent=15.000000 node_bound=14.5 depth=25 gap=0.0333333 t=376.863s (lp 281.833 cuts 2.11421 heur 34.6797 branch 2.87047)
[bb] nodes=261000 open=188199 incumbent=15.000000 node_bound=14.1905 depth=22 gap=0.0539683 t=377.546s (lp 282.352 cuts 2.11758 heur 34.7425 branch 2.87375)
[bb] nodes=261500 open=188489 incumbent=15.000000 node_bound=14.1964 depth=24 gap=0.0535714 t=378.266s (lp 282.893 cuts 2.12128 heur 34.8047 branch 2.87709)
[bb] nodes=262000 open=188753 incumbent=15.000000 node_bound=14.75 depth=21 gap=0.0166667 t=379.025s (lp 283.457 cuts 2.126 heur 34.8729 branch 2.88103)
[bb] nodes=262500 open=189047 incumbent=15.000000 node_bound=14.75 depth=27 gap=0.0166667 t=379.724s (lp 283.982 cuts 2.12953 heur 34.9403 branch 2.8842)
[bb] nodes=263000 open=189339 incumbent=15.000000 node_bound=14.8214 depth=31 gap=0.0119048 t=380.433s (lp 284.509 cuts 2.13317 heur 35.0084 branch 2.88897)
[bb] nodes=263500 open=189625 incumbent=15.000000 node_bound=14.2 depth=23 gap=0.0533333 t=381.111s (lp 285.018 cuts 2.13749 heur 35.069 branch 2.89292)
[bb] nodes=264000 open=189895 incumbent=15.000000 node_bound=14.2 depth=25 gap=0.0533333 t=381.848s (lp 285.581 cuts 2.14102 heur 35.1364 branch 2.89646)
[bb] nodes=264500 open=190177 incumbent=15.000000 node_bound=14.25 depth=22 gap=0.05 t=382.585s (lp 286.138 cuts 2.14641 heur 35.1983 branch 2.90189)
[bb] nodes=265000 open=190475 incumbent=15.000000 node_bound=14.5 depth=31 gap=0.0333333 t=383.278s (lp 286.655 cuts 2.14988 heur 35.2679 branch 2.90503)
[bb] nodes=265500 open=190753 incumbent=15.000000 node_bound=14.375 depth=23 gap=0.0416667 t=383.985s (lp 287.187 cuts 2.15354 heur 35.3324 branch 2.90836)
[bb] nodes=266000 open=191037 incumbent=15.000000 node_bound=14.75 depth=24 gap=0.0166667 t=384.947s (lp 287.861 cuts 2.1622 heur 35.4383 branch 2.91511)
[bb] nodes=266500 open=191347 incumbent=15.000000 node_bound=14.75 depth=32 gap=0.0166667 t=385.656s (lp 288.389 cuts 2.16621 heur 35.5029 branch 2.91943)
[bb] nodes=267000 open=191601 incumbent=15.000000 node_bound=14.75 depth=28 gap=0.0166667 t=386.389s (lp 288.935 cuts 2.17025 heur 35.5705 branch 2.92335)
[bb] nodes=267500 open=191863 incumbent=15.000000 node_bound=14.75 depth=33 gap=0.0166667 t=387.325s (lp 289.597 cuts 2.17586 heur 35.6894 branch 2.92877)
[bb] nodes=268000 open=192155 incumbent=15.000000 node_bound=14.2083 depth=23 gap=0.0527778 t=388.475s (lp 290.413 cuts 2.18464 heur 35.8092 branch 2.9346)
[bb] nodes=268500 open=192467 incumbent=15.000000 node_bound=14.3333 depth=23 gap=0.0444444 t=389.402s (lp 291.091 cuts 2.18922 heur 35.8933 branch 2.93922)
[bb] nodes=269000 open=192717 incumbent=15.000000 node_bound=14.75 depth=28 gap=0.0166667 t=390.426s (lp 291.866 cuts 2.19464 heur 35.9774 branch 2.9485)
[bb] nodes=269500 open=192987 incumbent=15.000000 node_bound=14.8 depth=29 gap=0.0133333 t=391.117s (lp 292.378 cuts 2.19898 heur 36.0456 branch 2.95166)
[bb] nodes=270000 open=193275 incumbent=15.000000 node_bound=14.2143 depth=22 gap=0.052381 t=391.819s (lp 292.898 cuts 2.20252 heur 36.1188 branch 2.95513)
[bb] nodes=270500 open=193541 incumbent=15.000000 node_bound=14.75 depth=29 gap=0.0166667 t=392.526s (lp 293.43 cuts 2.20782 heur 36.1802 branch 2.95867)
[bb] nodes=271000 open=193815 incumbent=15.000000 node_bound=14.2188 depth=26 gap=0.0520833 t=393.2s (lp 293.93 cuts 2.21147 heur 36.2477 branch 2.96245)
[bb] nodes=271500 open=194099 incumbent=15.000000 node_bound=14.2222 depth=25 gap=0.0518519 t=393.976s (lp 294.5 cuts 2.21591 heur 36.32 branch 2.96718)
[bb] nodes=272000 open=194371 incumbent=15.000000 node_bound=14.75 depth=32 gap=0.0166667 t=394.735s (lp 295.066 cuts 2.2199 heur 36.3896 branch 2.97107)
[bb] nodes=272500 open=194635 incumbent=15.000000 node_bound=14.75 depth=32 gap=0.0166667 t=395.433s (lp 295.582 cuts 2.22399 heur 36.4576 branch 2.97577)
[bb] nodes=273000 open=194883 incumbent=15.000000 node_bound=14.75 depth=30 gap=0.0166667 t=396.129s (lp 296.109 cuts 2.22848 heur 36.5197 branch 2.9794)
[bb] nodes=273500 open=195147 incumbent=15.000000 node_bound=14.75 depth=28 gap=0.0166667 t=396.844s (lp 296.638 cuts 2.23266 heur 36.5938 branch 2.98293)
[bb] nodes=274000 open=195391 incumbent=15.000000 node_bound=14.75 depth=23 gap=0.0166667 t=397.551s (lp 297.166 cuts 2.23786 heur 36.6621 branch 2.98606)
[bb] nodes=274500 open=195603 incumbent=15.000000 node_bound=14.75 depth=20 gap=0.0166667 t=398.349s (lp 297.764 cuts 2.2418 heur 36.7395 branch 2.98984)
[bb] nodes=275000 open=195857 incumbent=15.000000 node_bound=14.25 depth=25 gap=0.05 t=399.138s (lp 298.37 cuts 2.2464 heur 36.8055 branch 2.99322)
[bb] nodes=275500 open=196103 incumbent=15.000000 node_bound=14.5 depth=26 gap=0.0333333 t=399.861s (lp 298.904 cuts 2.25016 heur 36.8747 branch 2.99661)
[bb] nodes=276000 open=196331 incumbent=15.000000 node_bound=14.75 depth=30 gap=0.0166667 t=400.565s (lp 299.437 cuts 2.25359 heur 36.9405 branch 3.0002)
[bb] nodes=276500 open=196607 incumbent=15.000000 node_bound=14.75 depth=28 gap=0.0166667 t=401.262s (lp 299.955 cuts 2.25702 heur 37.0119 branch 3.00335)
[bb] nodes=277000 open=196901 incumbent=15.000000 node_bound=14.3333 depth=25 gap=0.0444444 t=401.976s (lp 300.481 cuts 2.26076 heur 37.079 branch 3.00915)
[bb] nodes=277500 open=197193 incumbent=15.000000 node_bound=14.8333 depth=37 gap=0.0111111 t=402.714s (lp 301.035 cuts 2.26445 heur 37.1461 branch 3.01273)
[bb] nodes=278000 open=197501 incumbent=15.000000 node_bound=14.75 depth=27 gap=0.0166667 t=403.407s (lp 301.545 cuts 2.26835 heur 37.2098 branch 3.01603)
[bb] nodes=278500 open=197789 incumbent=15.000000 node_bound=14.75 depth=24 gap=0.0166667 t=404.139s (lp 302.086 cuts 2.27372 heur 37.2741 branch 3.02076)
[bb] nodes=279000 open=198119 incumbent=15.000000 node_bound=14.75 depth=26 gap=0.0166667 t=404.89s (lp 302.638 cuts 2.27839 heur 37.3491 branch 3.02477)
[bb] nodes=279500 open=198373 incumbent=15.000000 node_bound=14.75 depth=30 gap=0.0166667 t=405.597s (lp 303.169 cuts 2.28306 heur 37.4139 branch 3.02864)
[bb] nodes=280000 open=198635 incumbent=15.000000 node_bound=14.75 depth=27 gap=0.0166667 t=406.374s (lp 303.746 cuts 2.28757 heur 37.4883 branch 3.03284)
[bb] nodes=280500 open=198875 incumbent=15.000000 node_bound=14.4 depth=27 gap=0.04 t=407.751s (lp 304.685 cuts 2.30438 heur 37.6363 branch 3.04329)
[bb] nodes=281000 open=199157 incumbent=15.000000 node_bound=14.75 depth=30 gap=0.0166667 t=410.317s (lp 306.353 cuts 2.34129 heur 37.906 branch 3.06392)
[bb] nodes=281500 open=199393 incumbent=15.000000 node_bound=14.5 depth=25 gap=0.0333333 t=411.195s (lp 306.997 cuts 2.34714 heur 37.9906 branch 3.06835)
[bb] nodes=282000 open=199629 incumbent=15.000000 node_bound=14.25 depth=21 gap=0.05 t=411.942s (lp 307.559 cuts 2.3523 heur 38.0553 branch 3.07186)
[bb] nodes=282500 open=199911 incumbent=15.000000 node_bound=14.75 depth=24 gap=0.0166667 t=412.646s (lp 308.086 cuts 2.35653 heur 38.1196 branch 3.07527)
[bb] nodes=283000 open=200125 incumbent=15.000000 node_bound=14.5 depth=35 gap=0.0333333 t=413.367s (lp 308.632 cuts 2.36015 heur 38.1841 branch 3.07844)
[bb] nodes=283500 open=200361 incumbent=15.000000 node_bound=14.25 depth=27 gap=0.05 t=414.173s (lp 309.225 cuts 2.36608 heur 38.2606 branch 3.08223)
[bb] nodes=284000 open=200643 incumbent=15.000000 node_bound=14.4 depth=26 gap=0.04 t=414.919s (lp 309.783 cuts 2.37042 heur 38.3298 branch 3.08656)
[bb] nodes=284500 open=200865 incumbent=15.000000 node_bound=14.625 depth=38 gap=0.025 t=415.682s (lp 310.349 cuts 2.37555 heur 38.4018 branch 3.08991)
[bb] nodes=285000 open=201073 incumbent=15.000000 node_bound=14.25 depth=23 gap=0.05 t=416.447s (lp 310.922 cuts 2.37964 heur 38.4704 branch 3.09324)
[bb] nodes=285500 open=201291 incumbent=15.000000 node_bound=14.25 depth=20 gap=0.05 t=417.235s (lp 311.509 cuts 2.38371 heur 38.5387 branch 3.09661)
[bb] nodes=286000 open=201541 incumbent=15.000000 node_bound=14.6 depth=30 gap=0.0266667 t=418.037s (lp 312.108 cuts 2.38799 heur 38.6142 branch 3.10044)
[bb] nodes=286500 open=201791 incumbent=15.000000 node_bound=14.75 depth=22 gap=0.0166667 t=419.008s (lp 312.825 cuts 2.39267 heur 38.707 branch 3.11006)
[bb] nodes=287000 open=201979 incumbent=15.000000 node_bound=14.75 depth=22 gap=0.0166667 t=419.822s (lp 313.426 cuts 2.3968 heur 38.786 branch 3.11381)
[bb] nodes=287500 open=202191 incumbent=15.000000 node_bound=14.4 depth=24 gap=0.04 t=420.544s (lp 313.965 cuts 2.4006 heur 38.8548 branch 3.11775)
[bb] nodes=288000 open=202427 incumbent=15.000000 node_bound=14.25 depth=33 gap=0.05 t=421.284s (lp 314.516 cuts 2.40461 heur 38.9205 branch 3.12175)
[bb] nodes=288500 open=202683 incumbent=15.000000 node_bound=14.75 depth=23 gap=0.0166667 t=422.004s (lp 315.053 cuts 2.40863 heur 38.9847 branch 3.12542)
[bb] nodes=289000 open=202895 incumbent=15.000000 node_bound=14.5 depth=29 gap=0.0333333 t=422.749s (lp 315.607 cuts 2.41613 heur 39.0542 branch 3.12837)
[bb] nodes=289500 open=203111 incumbent=15.000000 node_bound=14.75 depth=24 gap=0.0166667 t=423.569s (lp 316.209 cuts 2.42095 heur 39.1342 branch 3.13238)
[bb] nodes=290000 open=203333 incumbent=15.000000 node_bound=14.75 depth=25 gap=0.0166667 t=424.286s (lp 316.747 cuts 2.42468 heur 39.2002 branch 3.13581)
[bb] nodes=290500 open=203519 incumbent=15.000000 node_bound=14.875 depth=31 gap=0.00833333 t=425.043s (lp 317.313 cuts 2.42884 heur 39.2691 branch 3.13995)
[bb] nodes=291000 open=203737 incumbent=15.000000 node_bound=14.8333 depth=28 gap=0.0111111 t=425.815s (lp 317.896 cuts 2.43304 heur 39.3376 branch 3.14339)
[bb] nodes=291500 open=203953 incumbent=15.000000 node_bound=14.75 depth=31 gap=0.0166667 t=426.552s (lp 318.452 cuts 2.43691 heur 39.4052 branch 3.14676)
[bb] nodes=292000 open=204169 incumbent=15.000000 node_bound=14.75 depth=29 gap=0.0166667 t=427.233s (lp 318.967 cuts 2.44028 heur 39.4663 branch 3.15166)
[bb] nodes=292500 open=204363 incumbent=15.000000 node_bound=14.75 depth=38 gap=0.0166667 t=427.926s (lp 319.49 cuts 2.44378 heur 39.5293 branch 3.15517)
[bb] nodes=293000 open=204567 incumbent=15.000000 node_bound=14.75 depth=26 gap=0.0166667 t=428.624s (lp 320.017 cuts 2.44751 heur 39.5931 branch 3.15854)
[bb] nodes=293500 open=204715 incumbent=15.000000 node_bound=14.5833 depth=30 gap=0.0277778 t=429.317s (lp 320.541 cuts 2.45144 heur 39.6558 branch 3.16213)
[bb] nodes=294000 open=204951 incumbent=15.000000 node_bound=14.75 depth=28 gap=0.0166667 t=430.027s (lp 321.071 cuts 2.45494 heur 39.721 branch 3.16535)
[bb] nodes=294500 open=205123 incumbent=15.000000 node_bound=14.9 depth=23 gap=0.00666667 t=430.74s (lp 321.608 cuts 2.45853 heur 39.7864 branch 3.16877)
[bb] nodes=295000 open=205337 incumbent=15.000000 node_bound=14.375 depth=27 gap=0.0416667 t=431.451s (lp 322.146 cuts 2.46249 heur 39.8509 branch 3.17184)
[bb] nodes=295500 open=205529 incumbent=15.000000 node_bound=14.875 depth=33 gap=0.00833333 t=432.167s (lp 322.694 cuts 2.46615 heur 39.9142 branch 3.17522)
[bb] nodes=296000 open=205761 incumbent=15.000000 node_bound=14.75 depth=16 gap=0.0166667 t=432.863s (lp 323.22 cuts 2.46963 heur 39.9799 branch 3.17839)
[bb] nodes=296500 open=205977 incumbent=15.000000 node_bound=14.75 depth=17 gap=0.0166667 t=433.664s (lp 323.823 cuts 2.47383 heur 40.0514 branch 3.18374)
[bb] nodes=297000 open=206223 incumbent=15.000000 node_bound=14.5 depth=27 gap=0.0333333 t=434.41s (lp 324.376 cuts 2.4779 heur 40.1227 branch 3.18739)
[bb] nodes=297500 open=206439 incumbent=15.000000 node_bound=14.625 depth=30 gap=0.025 t=435.148s (lp 324.923 cuts 2.48186 heur 40.1896 branch 3.1922)
[bb] nodes=298000 open=206653 incumbent=15.000000 node_bound=14.25 depth=27 gap=0.05 t=435.88s (lp 325.473 cuts 2.48564 heur 40.2594 branch 3.19555)
[bb] nodes=298500 open=206825 incumbent=15.000000 node_bound=14.25 depth=24 gap=0.05 t=436.584s (lp 326 cuts 2.48919 heur 40.3251 branch 3.19878)
[bb] nodes=299000 open=207061 incumbent=15.000000 node_bound=14.375 depth=25 gap=0.0416667 t=437.316s (lp 326.55 cuts 2.4931 heur 40.3919 branch 3.20228)
[bb] nodes=299500 open=207265 incumbent=15.000000 node_bound=14.75 depth=31 gap=0.0166667 t=438.099s (lp 327.129 cuts 2.49745 heur 40.4692 branch 3.2064)
[bb] nodes=300000 open=207503 incumbent=15.000000 node_bound=14.75 depth=24 gap=0.0166667 t=438.82s (lp 327.671 cuts 2.50132 heur 40.5359 branch 3.21002)
[bb] nodes=300500 open=207719 incumbent=15.000000 node_bound=14.25 depth=29 gap=0.05 t=439.536s (lp 328.201 cuts 2.50521 heur 40.6024 branch 3.21331)
[bb] nodes=301000 open=207897 incumbent=15.000000 node_bound=14.25 depth=27 gap=0.05 t=440.291s (lp 328.762 cuts 2.51293 heur 40.6695 branch 3.21673)
[bb] nodes=301500 open=208159 incumbent=15.000000 node_bound=14.25 depth=28 gap=0.05 t=441.107s (lp 329.37 cuts 2.51778 heur 40.7446 branch 3.22183)
[bb] nodes=302000 open=208387 incumbent=15.000000 node_bound=14.375 depth=22 gap=0.0416667 t=441.818s (lp 329.904 cuts 2.52161 heur 40.8083 branch 3.22572)
[bb] nodes=302500 open=208627 incumbent=15.000000 node_bound=14.5 depth=34 gap=0.0333333 t=442.586s (lp 330.474 cuts 2.52541 heur 40.8803 branch 3.22969)
[bb] nodes=303000 open=208895 incumbent=15.000000 node_bound=14.5 depth=25 gap=0.0333333 t=443.279s (lp 330.997 cuts 2.52944 heur 40.9432 branch 3.2332)
[bb] nodes=303500 open=209163 incumbent=15.000000 node_bound=14.75 depth=24 gap=0.0166667 t=444.001s (lp 331.542 cuts 2.53316 heur 41.0078 branch 3.23662)
[bb] nodes=304000 open=209375 incumbent=15.000000 node_bound=14.75 depth=29 gap=0.0166667 t=444.71s (lp 332.078 cuts 2.53692 heur 41.073 branch 3.23966)
[bb] nodes=304500 open=209577 incumbent=15.000000 node_bound=14.8333 depth=32 gap=0.0111111 t=445.434s (lp 332.626 cuts 2.542 heur 41.1375 branch 3.24275)
[bb] nodes=305000 open=209787 incumbent=15.000000 node_bound=14.3889 depth=22 gap=0.0407407 t=446.177s (lp 333.189 cuts 2.54632 heur 41.204 branch 3.24609)
[bb] nodes=305500 open=209975 incumbent=15.000000 node_bound=14.25 depth=26 gap=0.05 t=446.936s (lp 333.759 cuts 2.55048 heur 41.2738 branch 3.24986)
[bb] nodes=306000 open=210229 incumbent=15.000000 node_bound=14.75 depth=30 gap=0.0166667 t=447.694s (lp 334.327 cuts 2.55564 heur 41.3431 branch 3.25397)
[bb] nodes=306500 open=210499 incumbent=15.000000 node_bound=14.5 depth=24 gap=0.0333333 t=448.417s (lp 334.864 cuts 2.55961 heur 41.4082 branch 3.2582)
[bb] nodes=307000 open=210755 incumbent=15.000000 node_bound=14.75 depth=32 gap=0.0166667 t=449.154s (lp 335.411 cuts 2.56342 heur 41.4767 branch 3.26177)
[bb] nodes=307500 open=211019 incumbent=15.000000 node_bound=14.25 depth=23 gap=0.05 t=449.856s (lp 335.941 cuts 2.56752 heur 41.5414 branch 3.26547)
[bb] nodes=308000 open=211319 incumbent=15.000000 node_bound=14.25 depth=22 gap=0.05 t=450.759s (lp 336.598 cuts 2.57335 heur 41.6177 branch 3.27074)
[bb] nodes=308500 open=211591 incumbent=15.000000 node_bound=14.75 depth=33 gap=0.0166667 t=451.505s (lp 337.154 cuts 2.57844 heur 41.6874 branch 3.27438)
[bb] nodes=309000 open=211867 incumbent=15.000000 node_bound=14.75 depth=25 gap=0.0166667 t=452.193s (lp 337.673 cuts 2.58189 heur 41.7492 branch 3.27872)
[bb] nodes=309500 open=212151 incumbent=15.000000 node_bound=14.75 depth=24 gap=0.0166667 t=453.319s (lp 338.496 cuts 2.59116 heur 41.8515 branch 3.28566)
[bb] nodes=310000 open=212427 incumbent=15.000000 node_bound=14.75 depth=28 gap=0.0166667 t=454.039s (lp 339.035 cuts 2.59503 heur 41.9198 branch 3.2897)
[bb] nodes=310500 open=212669 incumbent=15.000000 node_bound=14.25 depth=24 gap=0.05 t=454.745s (lp 339.564 cuts 2.59861 heur 41.9842 branch 3.29323)
[bb] nodes=311000 open=212901 incumbent=15.000000 node_bound=14.875 depth=26 gap=0.00833333 t=455.494s (lp 340.122 cuts 2.6033 heur 42.0509 branch 3.297)
[bb] nodes=311500 open=213175 incumbent=15.000000 node_bound=14.8333 depth=24 gap=0.0111111 t=456.323s (lp 340.728 cuts 2.60828 heur 42.1276 branch 3.30191)
[bb] nodes=312000 open=213429 incumbent=15.000000 node_bound=14.5 depth=29 gap=0.0333333 t=457.019s (lp 341.25 cuts 2.61183 heur 42.1952 branch 3.30553)
[bb] nodes=312500 open=213649 incumbent=15.000000 node_bound=14.625 depth=29 gap=0.025 t=457.736s (lp 341.783 cuts 2.61545 heur 42.2642 branch 3.30878)
[bb] nodes=313000 open=213865 incumbent=15.000000 node_bound=14.6 depth=35 gap=0.0266667 t=458.52s (lp 342.366 cuts 2.61977 heur 42.336 branch 3.31239)
[bb] nodes=313500 open=214085 incumbent=15.000000 node_bound=14.25 depth=31 gap=0.05 t=459.216s (lp 342.889 cuts 2.62337 heur 42.3986 branch 3.31613)
[bb] nodes=314000 open=214271 incumbent=15.000000 node_bound=14.75 depth=26 gap=0.0166667 t=459.926s (lp 343.424 cuts 2.62727 heur 42.4623 branch 3.31986)
[bb] nodes=314500 open=214471 incumbent=15.000000 node_bound=14.75 depth=23 gap=0.0166667 t=460.651s (lp 343.969 cuts 2.63134 heur 42.527 branch 3.32334)
[bb] nodes=315000 open=214705 incumbent=15.000000 node_bound=14.25 depth=25 gap=0.05 t=461.372s (lp 344.505 cuts 2.63625 heur 42.5987 branch 3.32659)
[bb] nodes=315500 open=214915 incumbent=15.000000 node_bound=14.25 depth=25 gap=0.05 t=462.117s (lp 345.06 cuts 2.64053 heur 42.6719 branch 3.33042)
[bb] nodes=316000 open=215127 incumbent=15.000000 node_bound=14.3571 depth=24 gap=0.0428571 t=462.921s (lp 345.654 cuts 2.64564 heur 42.7438 branch 3.3346)
[bb] nodes=316500 open=215409 incumbent=15.000000 node_bound=14.75 depth=30 gap=0.0166667 t=463.883s (lp 346.352 cuts 2.65138 heur 42.8359 branch 3.3435)
[bb] nodes=317000 open=215685 incumbent=15.000000 node_bound=14.5 depth=24 gap=0.0333333 t=464.989s (lp 347.162 cuts 2.66413 heur 42.9378 branch 3.34929)
[bb] nodes=317500 open=215945 incumbent=15.000000 node_bound=14.75 depth=25 gap=0.0166667 t=465.854s (lp 347.808 cuts 2.66983 heur 43.0167 branch 3.35401)
[bb] nodes=318000 open=216211 incumbent=15.000000 node_bound=14.8333 depth=34 gap=0.0111111 t=466.66s (lp 348.407 cuts 2.67495 heur 43.0943 branch 3.3588)
[bb] nodes=318500 open=216447 incumbent=15.000000 node_bound=14.25 depth=22 gap=0.05 t=467.455s (lp 348.998 cuts 2.67947 heur 43.1692 branch 3.36304)
[bb] nodes=319000 open=216745 incumbent=15.000000 node_bound=14.875 depth=30 gap=0.00833333 t=468.188s (lp 349.544 cuts 2.68455 heur 43.24 branch 3.36671)
[bb] nodes=319500 open=217031 incumbent=15.000000 node_bound=14.75 depth=28 gap=0.0166667 t=468.89s (lp 350.071 cuts 2.68951 heur 43.3045 branch 3.37007)
[bb] nodes=320000 open=217313 incumbent=15.000000 node_bound=14.75 depth=22 gap=0.0166667 t=469.665s (lp 350.65 cuts 2.69375 heur 43.3754 branch 3.37439)
[bb] nodes=320500 open=217605 incumbent=15.000000 node_bound=14.75 depth=24 gap=0.0166667 t=470.383s (lp 351.185 cuts 2.69767 heur 43.4414 branch 3.37781)
[bb] nodes=321000 open=217923 incumbent=15.000000 node_bound=14.5 depth=29 gap=0.0333333 t=471.143s (lp 351.751 cuts 2.70206 heur 43.514 branch 3.38172)
[bb] nodes=321500 open=218221 incumbent=15.000000 node_bound=14.25 depth=28 gap=0.05 t=471.85s (lp 352.279 cuts 2.70587 heur 43.5789 branch 3.38507)
[bb] nodes=322000 open=218473 incumbent=15.000000 node_bound=14.25 depth=18 gap=0.05 t=472.577s (lp 352.823 cuts 2.71 heur 43.6484 branch 3.38839)
[bb] nodes=322500 open=218805 incumbent=15.000000 node_bound=14.9167 depth=34 gap=0.00555556 t=473.269s (lp 353.341 cuts 2.71401 heur 43.7134 branch 3.39218)
[bb] nodes=323000 open=219097 incumbent=15.000000 node_bound=14.75 depth=25 gap=0.0166667 t=473.977s (lp 353.874 cuts 2.71814 heur 43.7771 branch 3.39558)
[bb] nodes=323500 open=219361 incumbent=15.000000 node_bound=14.25 depth=24 gap=0.05 t=474.726s (lp 354.433 cuts 2.72339 heur 43.8436 branch 3.3993)
[bb] nodes=324000 open=219631 incumbent=15.000000 node_bound=14.4286 depth=25 gap=0.0380952 t=475.438s (lp 354.965 cuts 2.7285 heur 43.9113 branch 3.40288)
[bb] nodes=324500 open=219887 incumbent=15.000000 node_bound=14.5 depth=29 gap=0.0333333 t=476.149s (lp 355.494 cuts 2.73224 heur 43.9789 branch 3.40677)
[bb] nodes=325000 open=220169 incumbent=15.000000 node_bound=14.75 depth=27 gap=0.0166667 t=476.859s (lp 356.026 cuts 2.73689 heur 44.0472 branch 3.41063)
[bb] nodes=325500 open=220423 incumbent=15.000000 node_bound=14.8 depth=32 gap=0.0133333 t=477.599s (lp 356.581 cuts 2.74082 heur 44.1132 branch 3.41519)
[bb] nodes=326000 open=220721 incumbent=15.000000 node_bound=14.625 depth=29 gap=0.025 t=478.343s (lp 357.133 cuts 2.74488 heur 44.1851 branch 3.41924)
[bb] nodes=326500 open=220967 incumbent=15.000000 node_bound=14.5 depth=24 gap=0.0333333 t=479.089s (lp 357.688 cuts 2.74872 heur 44.257 branch 3.42285)
[bb] nodes=327000 open=221273 incumbent=15.000000 node_bound=14.75 depth=32 gap=0.0166667 t=480s (lp 358.346 cuts 2.75367 heur 44.3427 branch 3.42915)
[bb] nodes=327500 open=221571 incumbent=15.000000 node_bound=14.8 depth=26 gap=0.0133333 t=480.703s (lp 358.874 cuts 2.75757 heur 44.4049 branch 3.43327)
[bb] nodes=328000 open=221871 incumbent=15.000000 node_bound=14.5 depth=26 gap=0.0333333 t=481.379s (lp 359.379 cuts 2.76155 heur 44.4692 branch 3.43701)
[bb] nodes=328500 open=222143 incumbent=15.000000 node_bound=14.4375 depth=26 gap=0.0375 t=482.087s (lp 359.912 cuts 2.76529 heur 44.5344 branch 3.4404)
[bb] nodes=329000 open=222423 incumbent=15.000000 node_bound=14.875 depth=32 gap=0.00833333 t=482.859s (lp 360.485 cuts 2.76931 heur 44.6037 branch 3.4442)
[bb] nodes=329500 open=222703 incumbent=15.000000 node_bound=14.75 depth=33 gap=0.0166667 t=483.554s (lp 361.002 cuts 2.77342 heur 44.67 branch 3.44816)
[bb] nodes=330000 open=222965 incumbent=15.000000 node_bound=14.625 depth=29 gap=0.025 t=484.272s (lp 361.54 cuts 2.77721 heur 44.7352 branch 3.45204)
[bb] nodes=330500 open=223217 incumbent=15.000000 node_bound=14.25 depth=29 gap=0.05 t=484.994s (lp 362.079 cuts 2.78103 heur 44.7988 branch 3.45544)
[bb] nodes=331000 open=223459 incumbent=15.000000 node_bound=14.6 depth=25 gap=0.0266667 t=485.72s (lp 362.624 cuts 2.78548 heur 44.865 branch 3.45879)
[bb] nodes=331500 open=223699 incumbent=15.000000 node_bound=14.75 depth=32 gap=0.0166667 t=486.557s (lp 363.248 cuts 2.79105 heur 44.9436 branch 3.46294)
[bb] nodes=332000 open=223983 incumbent=15.000000 node_bound=14.4 depth=23 gap=0.04 t=487.265s (lp 363.777 cuts 2.79487 heur 45.0107 branch 3.4673)
[bb] nodes=332500 open=224301 incumbent=15.000000 node_bound=14.5556 depth=29 gap=0.0296296 t=487.967s (lp 364.303 cuts 2.79909 heur 45.0753 branch 3.47107)
[bb] nodes=333000 open=224543 incumbent=15.000000 node_bound=14.75 depth=25 gap=0.0166667 t=488.665s (lp 364.828 cuts 2.803 heur 45.1403 branch 3.47416)
[bb] nodes=333500 open=224823 incumbent=15.000000 node_bound=14.5 depth=27 gap=0.0333333 t=489.338s (lp 365.339 cuts 2.80651 heur 45.1993 branch 3.47846)
[bb] nodes=334000 open=225113 incumbent=15.000000 node_bound=14.8333 depth=29 gap=0.0111111 t=490.094s (lp 365.896 cuts 2.81056 heur 45.2714 branch 3.48311)
[bb] nodes=334500 open=225311 incumbent=15.000000 node_bound=14.75 depth=37 gap=0.0166667 t=490.804s (lp 366.427 cuts 2.81461 heur 45.3418 branch 3.48661)
[bb] nodes=335000 open=225573 incumbent=15.000000 node_bound=14.75 depth=23 gap=0.0166667 t=491.497s (lp 366.946 cuts 2.81886 heur 45.4047 branch 3.48962)
[bb] nodes=335500 open=225765 incumbent=15.000000 node_bound=14.2692 depth=33 gap=0.0487179 t=492.201s (lp 367.475 cuts 2.82241 heur 45.4707 branch 3.49309)
[bb] nodes=336000 open=225997 incumbent=15.000000 node_bound=14.75 depth=24 gap=0.0166667 t=492.891s (lp 367.994 cuts 2.82604 heur 45.5326 branch 3.49634)
[bb] nodes=336500 open=226179 incumbent=15.000000 node_bound=14.5 depth=29 gap=0.0333333 t=493.563s (lp 368.504 cuts 2.82938 heur 45.5935 branch 3.50068)
[bb] nodes=337000 open=226415 incumbent=15.000000 node_bound=14.5 depth=29 gap=0.0333333 t=494.334s (lp 369.079 cuts 2.83343 heur 45.6733 branch 3.50494)
[bb] nodes=337500 open=226635 incumbent=15.000000 node_bound=14.2833 depth=26 gap=0.0477778 t=495.266s (lp 369.761 cuts 2.83895 heur 45.7714 branch 3.50955)
[bb] nodes=338000 open=226795 incumbent=15.000000 node_bound=14.5 depth=26 gap=0.0333333 t=495.963s (lp 370.292 cuts 2.8437 heur 45.8322 branch 3.51239)
[bb] nodes=338500 open=227017 incumbent=15.000000 node_bound=14.5 depth=25 gap=0.0333333 t=496.645s (lp 370.8 cuts 2.84776 heur 45.8952 branch 3.51541)
[bb] nodes=339000 open=227243 incumbent=15.000000 node_bound=14.75 depth=29 gap=0.0166667 t=497.336s (lp 371.314 cuts 2.85273 heur 45.9628 branch 3.51933)
[bb] nodes=339500 open=227463 incumbent=15.000000 node_bound=14.2895 depth=20 gap=0.0473684 t=498.075s (lp 371.866 cuts 2.85679 heur 46.029 branch 3.5248)
[bb] nodes=340000 open=227703 incumbent=15.000000 node_bound=14.8333 depth=29 gap=0.0111111 t=498.788s (lp 372.401 cuts 2.86059 heur 46.0984 branch 3.52801)
[bb] nodes=340500 open=227949 incumbent=15.000000 node_bound=14.2917 depth=23 gap=0.0472222 t=499.554s (lp 372.959 cuts 2.86486 heur 46.1822 branch 3.5319)
[bb] nodes=341000 open=228029 incumbent=15.000000 node_bound=14.3 depth=31 gap=0.0466667 t=500.267s (lp 373.492 cuts 2.86918 heur 46.2504 branch 3.53536)
[bb] nodes=341500 open=228201 incumbent=15.000000 node_bound=14.3 depth=31 gap=0.0466667 t=500.973s (lp 374.02 cuts 2.87312 heur 46.3195 branch 3.53901)
[bb] nodes=342000 open=228351 incumbent=15.000000 node_bound=14.75 depth=37 gap=0.0166667 t=501.887s (lp 374.696 cuts 2.87983 heur 46.4025 branch 3.54367)
[bb] nodes=342500 open=228541 incumbent=15.000000 node_bound=14.375 depth=25 gap=0.0416667 t=502.626s (lp 375.244 cuts 2.88377 heur 46.4708 branch 3.54676)
[bb] nodes=343000 open=228757 incumbent=15.000000 node_bound=14.3 depth=28 gap=0.0466667 t=503.329s (lp 375.769 cuts 2.88719 heur 46.536 branch 3.54975)
[bb] nodes=343500 open=228945 incumbent=15.000000 node_bound=14.5 depth=27 gap=0.0333333 t=504.049s (lp 376.307 cuts 2.89097 heur 46.6092 branch 3.55272)
[bb] nodes=344000 open=229185 incumbent=15.000000 node_bound=14.75 depth=25 gap=0.0166667 t=504.753s (lp 376.827 cuts 2.89479 heur 46.6822 branch 3.55611)
[bb] nodes=344500 open=229349 incumbent=15.000000 node_bound=14.3 depth=22 gap=0.0466667 t=505.423s (lp 377.328 cuts 2.89796 heur 46.7471 branch 3.55886)
[bb] nodes=345000 open=229535 incumbent=15.000000 node_bound=14.875 depth=25 gap=0.00833333 t=506.151s (lp 377.88 cuts 2.90231 heur 46.8105 branch 3.56209)
[bb] nodes=345500 open=229767 incumbent=15.000000 node_bound=14.3571 depth=26 gap=0.0428571 t=506.829s (lp 378.387 cuts 2.90577 heur 46.8721 branch 3.56515)
[bb] nodes=346000 open=229977 incumbent=15.000000 node_bound=14.3 depth=26 gap=0.0466667 t=507.532s (lp 378.912 cuts 2.90937 heur 46.941 branch 3.56837)
[bb] nodes=346500 open=230227 incumbent=15.000000 node_bound=14.875 depth=28 gap=0.00833333 t=508.264s (lp 379.454 cuts 2.91343 heur 47.0103 branch 3.5733)
[bb] nodes=347000 open=230459 incumbent=15.000000 node_bound=14.75 depth=27 gap=0.0166667 t=508.95s (lp 379.974 cuts 2.91738 heur 47.0738 branch 3.57631)
[bb] nodes=347500 open=230659 incumbent=15.000000 node_bound=14.5 depth=26 gap=0.0333333 t=509.684s (lp 380.525 cuts 2.92221 heur 47.1407 branch 3.57948)
[bb] nodes=348000 open=230881 incumbent=15.000000 node_bound=14.75 depth=27 gap=0.0166667 t=510.362s (lp 381.034 cuts 2.9256 heur 47.2028 branch 3.58245)
[bb] nodes=348500 open=231111 incumbent=15.000000 node_bound=14.3 depth=28 gap=0.0466667 t=511.056s (lp 381.552 cuts 2.92902 heur 47.2716 branch 3.58553)
[bb] nodes=349000 open=231347 incumbent=15.000000 node_bound=14.9167 depth=27 gap=0.00555556 t=511.76s (lp 382.077 cuts 2.9328 heur 47.3399 branch 3.58852)
[bb] nodes=349500 open=231553 incumbent=15.000000 node_bound=14.3125 depth=26 gap=0.0458333 t=512.442s (lp 382.588 cuts 2.93633 heur 47.402 branch 3.59146)
[bb] nodes=350000 open=231751 incumbent=15.000000 node_bound=14.75 depth=35 gap=0.0166667 t=513.122s (lp 383.1 cuts 2.93982 heur 47.4621 branch 3.59614)
[bb] nodes=350500 open=231915 incumbent=15.000000 node_bound=14.3125 depth=22 gap=0.0458333 t=513.839s (lp 383.64 cuts 2.94352 heur 47.5273 branch 3.59942)
[bb] nodes=351000 open=232107 incumbent=15.000000 node_bound=14.3125 depth=25 gap=0.0458333 t=514.621s (lp 384.226 cuts 2.94809 heur 47.5985 branch 3.60312)
[bb] nodes=351500 open=232371 incumbent=15.000000 node_bound=14.3125 depth=29 gap=0.0458333 t=515.333s (lp 384.752 cuts 2.95204 heur 47.6733 branch 3.60692)
[bb] nodes=352000 open=232629 incumbent=15.000000 node_bound=14.375 depth=30 gap=0.0416667 t=516.037s (lp 385.274 cuts 2.95586 heur 47.7445 branch 3.61013)
[bb] nodes=352500 open=232861 incumbent=15.000000 node_bound=14.5 depth=26 gap=0.0333333 t=516.776s (lp 385.827 cuts 2.9601 heur 47.8121 branch 3.61397)
[bb] nodes=353000 open=233077 incumbent=15.000000 node_bound=14.5 depth=28 gap=0.0333333 t=517.493s (lp 386.364 cuts 2.96397 heur 47.8784 branch 3.61723)
[bb] nodes=353500 open=233167 incumbent=15.000000 node_bound=14.3333 depth=32 gap=0.0444444 t=518.223s (lp 386.914 cuts 2.96791 heur 47.9409 branch 3.62104)
[bb] nodes=354000 open=233189 incumbent=15.000000 node_bound=14.3333 depth=29 gap=0.0444444 t=518.957s (lp 387.473 cuts 2.97173 heur 48.0013 branch 3.62436)
[bb] nodes=354500 open=233325 incumbent=15.000000 node_bound=14.75 depth=24 gap=0.0166667 t=519.655s (lp 387.995 cuts 2.97508 heur 48.0675 branch 3.62718)
[bb] nodes=355000 open=233441 incumbent=15.000000 node_bound=14.875 depth=33 gap=0.00833333 t=520.388s (lp 388.538 cuts 2.97908 heur 48.1426 branch 3.63016)
[bb] nodes=355500 open=233477 incumbent=15.000000 node_bound=14.75 depth=27 gap=0.0166667 t=521.113s (lp 389.087 cuts 2.98381 heur 48.2081 branch 3.63258)
[bb] nodes=356000 open=233617 incumbent=15.000000 node_bound=14.3333 depth=26 gap=0.0444444 t=522.085s (lp 389.823 cuts 2.98878 heur 48.3027 branch 3.63676)
[bb] nodes=356500 open=233729 incumbent=15.000000 node_bound=14.3333 depth=26 gap=0.0444444 t=522.866s (lp 390.409 cuts 2.99297 heur 48.3787 branch 3.63965)
[bb] nodes=357000 open=233901 incumbent=15.000000 node_bound=14.5 depth=28 gap=0.0333333 t=523.547s (lp 390.916 cuts 2.9962 heur 48.4478 branch 3.64235)
[bb] nodes=357500 open=234035 incumbent=15.000000 node_bound=14.5 depth=24 gap=0.0333333 t=524.285s (lp 391.467 cuts 3.00012 heur 48.5181 branch 3.64523)
[bb] nodes=358000 open=234175 incumbent=15.000000 node_bound=14.3333 depth=24 gap=0.0444444 t=524.962s (lp 391.979 cuts 3.00336 heur 48.5793 branch 3.64798)
[bb] nodes=358500 open=234313 incumbent=15.000000 node_bound=14.3333 depth=28 gap=0.0444444 t=525.665s (lp 392.51 cuts 3.00659 heur 48.6423 branch 3.65091)
[bb] nodes=359000 open=234405 incumbent=15.000000 node_bound=14.3333 depth=26 gap=0.0444444 t=526.388s (lp 393.054 cuts 3.01059 heur 48.7096 branch 3.65364)
[bb] nodes=359500 open=234461 incumbent=15.000000 node_bound=14.3333 depth=23 gap=0.0444444 t=527.108s (lp 393.594 cuts 3.01437 heur 48.7801 branch 3.65674)
[bb] nodes=360000 open=234623 incumbent=15.000000 node_bound=14.3333 depth=32 gap=0.0444444 t=527.803s (lp 394.115 cuts 3.0192 heur 48.8475 branch 3.65988)
[bb] nodes=360500 open=234773 incumbent=15.000000 node_bound=14.5 depth=24 gap=0.0333333 t=528.515s (lp 394.649 cuts 3.02329 heur 48.9132 branch 3.66265)
[bb] nodes=361000 open=234933 incumbent=15.000000 node_bound=14.75 depth=28 gap=0.0166667 t=529.267s (lp 395.211 cuts 3.02765 heur 48.9836 branch 3.66592)
[bb] nodes=361500 open=235111 incumbent=15.000000 node_bound=14.4444 depth=29 gap=0.037037 t=530.024s (lp 395.776 cuts 3.03167 heur 49.0524 branch 3.66943)
[bb] nodes=362000 open=235265 incumbent=15.000000 node_bound=14.5 depth=29 gap=0.0333333 t=530.754s (lp 396.322 cuts 3.03654 heur 49.1184 branch 3.67315)
[bb] nodes=362500 open=235439 incumbent=15.000000 node_bound=14.3333 depth=30 gap=0.0444444 t=531.509s (lp 396.884 cuts 3.0415 heur 49.1859 branch 3.6766)
[bb] nodes=363000 open=235645 incumbent=15.000000 node_bound=14.8333 depth=30 gap=0.0111111 t=533.592s (lp 398.307 cuts 3.05414 heur 49.4965 branch 3.68735)
[bb] nodes=363500 open=235833 incumbent=15.000000 node_bound=14.875 depth=34 gap=0.00833333 t=535.922s (lp 399.971 cuts 3.072 heur 49.7688 branch 3.69585)
[bb] nodes=364000 open=235909 incumbent=15.000000 node_bound=14.3333 depth=27 gap=0.0444444 t=536.656s (lp 400.517 cuts 3.07563 heur 49.84 branch 3.69882)
[bb] nodes=364500 open=236111 incumbent=15.000000 node_bound=14.6667 depth=28 gap=0.0222222 t=537.354s (lp 401.046 cuts 3.07891 heur 49.9083 branch 3.7018)
[bb] nodes=365000 open=236263 incumbent=15.000000 node_bound=14.4375 depth=26 gap=0.0375 t=538.058s (lp 401.579 cuts 3.0826 heur 49.974 branch 3.70476)
[bb] nodes=365500 open=236443 incumbent=15.000000 node_bound=14.5 depth=31 gap=0.0333333 t=538.759s (lp 402.109 cuts 3.08598 heur 50.0357 branch 3.70784)
[bb] nodes=366000 open=236605 incumbent=15.000000 node_bound=14.5 depth=25 gap=0.0333333 t=539.453s (lp 402.633 cuts 3.0894 heur 50.098 branch 3.71071)
[bb] nodes=366500 open=236791 incumbent=15.000000 node_bound=14.75 depth=29 gap=0.0166667 t=540.17s (lp 403.171 cuts 3.09313 heur 50.1596 branch 3.71407)
[bb] nodes=367000 open=236997 incumbent=15.000000 node_bound=14.8125 depth=27 gap=0.0125 t=540.866s (lp 403.693 cuts 3.09731 heur 50.2262 branch 3.71721)
[bb] nodes=367500 open=237181 incumbent=15.000000 node_bound=14.3462 depth=27 gap=0.0435897 t=541.552s (lp 404.209 cuts 3.10071 heur 50.2948 branch 3.72009)
[bb] nodes=368000 open=237361 incumbent=15.000000 node_bound=14.6 depth=28 gap=0.0266667 t=542.267s (lp 404.735 cuts 3.10475 heur 50.3684 branch 3.7234)
[bb] nodes=368500 open=237553 incumbent=15.000000 node_bound=14.75 depth=32 gap=0.0166667 t=542.979s (lp 405.263 cuts 3.10848 heur 50.4386 branch 3.72659)
[bb] nodes=369000 open=237705 incumbent=15.000000 node_bound=14.5 depth=29 gap=0.0333333 t=543.658s (lp 405.775 cuts 3.11184 heur 50.5007 branch 3.72944)
[bb] nodes=369500 open=237855 incumbent=15.000000 node_bound=14.3571 depth=28 gap=0.0428571 t=544.401s (lp 406.325 cuts 3.11567 heur 50.5674 branch 3.73514)
[bb] nodes=370000 open=238009 incumbent=15.000000 node_bound=14.5 depth=22 gap=0.0333333 t=545.094s (lp 406.846 cuts 3.1195 heur 50.6289 branch 3.7383)
[bb] nodes=370500 open=238159 incumbent=15.000000 node_bound=14.3571 depth=23 gap=0.0428571 t=545.784s (lp 407.362 cuts 3.12334 heur 50.6922 branch 3.7414)
[bb] nodes=371000 open=238339 incumbent=15.000000 node_bound=14.3636 depth=20 gap=0.0424242 t=546.473s (lp 407.874 cuts 3.12706 heur 50.7601 branch 3.74452)
[bb] nodes=371500 open=238503 incumbent=15.000000 node_bound=14.375 depth=27 gap=0.0416667 t=547.164s (lp 408.386 cuts 3.13073 heur 50.8316 branch 3.74742)
[bb] nodes=372000 open=238707 incumbent=15.000000 node_bound=14.375 depth=19 gap=0.0416667 t=547.946s (lp 408.966 cuts 3.13522 heur 50.9119 branch 3.75108)
[bb] nodes=372500 open=238903 incumbent=15.000000 node_bound=14.4375 depth=27 gap=0.0375 t=548.754s (lp 409.561 cuts 3.14112 heur 50.9971 branch 3.75676)
[bb] nodes=373000 open=239117 incumbent=15.000000 node_bound=14.375 depth=24 gap=0.0416667 t=549.648s (lp 410.217 cuts 3.14668 heur 51.0791 branch 3.76202)
[bb] nodes=373500 open=239283 incumbent=15.000000 node_bound=14.75 depth=29 gap=0.0166667 t=550.511s (lp 410.85 cuts 3.15346 heur 51.1598 branch 3.76661)
[bb] nodes=374000 open=239485 incumbent=15.000000 node_bound=14.75 depth=24 gap=0.0166667 t=551.224s (lp 411.38 cuts 3.15806 heur 51.2263 branch 3.76995)
[bb] nodes=374500 open=239701 incumbent=15.000000 node_bound=14.75 depth=26 gap=0.0166667 t=551.926s (lp 411.904 cuts 3.16187 heur 51.2902 branch 3.7739)
[bb] nodes=375000 open=239917 incumbent=15.000000 node_bound=14.75 depth=25 gap=0.0166667 t=552.648s (lp 412.441 cuts 3.16574 heur 51.3657 branch 3.7775)
[bb] nodes=375500 open=240177 incumbent=15.000000 node_bound=14.9 depth=35 gap=0.00666667 t=553.388s (lp 412.986 cuts 3.1696 heur 51.443 branch 3.78102)
[bb] nodes=376000 open=240395 incumbent=15.000000 node_bound=14.375 depth=27 gap=0.0416667 t=554.093s (lp 413.509 cuts 3.17323 heur 51.5113 branch 3.78411)
[bb] nodes=376500 open=240589 incumbent=15.000000 node_bound=14.375 depth=24 gap=0.0416667 t=555.04s (lp 414.244 cuts 3.17781 heur 51.5897 branch 3.78788)
[bb] nodes=377000 open=240801 incumbent=15.000000 node_bound=14.375 depth=30 gap=0.0416667 t=555.758s (lp 414.788 cuts 3.18193 heur 51.6543 branch 3.79107)
[bb] nodes=377500 open=241019 incumbent=15.000000 node_bound=14.875 depth=34 gap=0.00833333 t=556.454s (lp 415.314 cuts 3.18562 heur 51.7182 branch 3.79419)
[bb] nodes=378000 open=241257 incumbent=15.000000 node_bound=14.375 depth=17 gap=0.0416667 t=557.166s (lp 415.841 cuts 3.18954 heur 51.7885 branch 3.79759)
[bb] nodes=378500 open=241469 incumbent=15.000000 node_bound=14.75 depth=27 gap=0.0166667 t=557.864s (lp 416.363 cuts 3.19337 heur 51.8546 branch 3.80098)
[bb] nodes=379000 open=241679 incumbent=15.000000 node_bound=14.375 depth=27 gap=0.0416667 t=558.624s (lp 416.931 cuts 3.19774 heur 51.9257 branch 3.80624)
[bb] nodes=379500 open=241913 incumbent=15.000000 node_bound=14.75 depth=30 gap=0.0166667 t=559.322s (lp 417.456 cuts 3.20137 heur 51.9904 branch 3.80973)
[bb] nodes=380000 open=242105 incumbent=15.000000 node_bound=14.375 depth=21 gap=0.0416667 t=560.032s (lp 417.987 cuts 3.20539 heur 52.0524 branch 3.81285)
[bb] nodes=380500 open=242289 incumbent=15.000000 node_bound=14.8333 depth=32 gap=0.0111111 t=560.76s (lp 418.526 cuts 3.20949 heur 52.1199 branch 3.81634)
[bb] nodes=381000 open=242453 incumbent=15.000000 node_bound=14.375 depth=25 gap=0.0416667 t=561.457s (lp 419.045 cuts 3.21335 heur 52.1869 branch 3.81965)
[bb] nodes=381500 open=242635 incumbent=15.000000 node_bound=14.8333 depth=30 gap=0.0111111 t=562.191s (lp 419.591 cuts 3.21728 heur 52.2532 branch 3.82301)
[bb] nodes=382000 open=242837 incumbent=15.000000 node_bound=14.375 depth=27 gap=0.0416667 t=562.909s (lp 420.126 cuts 3.22128 heur 52.3219 branch 3.82657)
[bb] nodes=382500 open=243063 incumbent=15.000000 node_bound=14.75 depth=25 gap=0.0166667 t=563.702s (lp 420.718 cuts 3.22834 heur 52.3943 branch 3.83062)
[bb] nodes=383000 open=243275 incumbent=15.000000 node_bound=14.75 depth=25 gap=0.0166667 t=564.697s (lp 421.442 cuts 3.23466 heur 52.4872 branch 3.83607)
[bb] nodes=383500 open=243431 incumbent=15.000000 node_bound=14.4444 depth=28 gap=0.037037 t=565.669s (lp 422.149 cuts 3.24112 heur 52.5729 branch 3.84193)
[bb] nodes=384000 open=243611 incumbent=15.000000 node_bound=14.375 depth=16 gap=0.0416667 t=566.863s (lp 422.995 cuts 3.25046 heur 52.6898 branch 3.84955)
[bb] nodes=384500 open=243813 incumbent=15.000000 node_bound=14.75 depth=21 gap=0.0166667 t=567.667s (lp 423.592 cuts 3.25528 heur 52.7647 branch 3.85405)
[bb] nodes=385000 open=244029 incumbent=15.000000 node_bound=14.75 depth=22 gap=0.0166667 t=568.453s (lp 424.171 cuts 3.25962 heur 52.8421 branch 3.85836)
[bb] nodes=385500 open=244255 incumbent=15.000000 node_bound=14.75 depth=25 gap=0.0166667 t=569.179s (lp 424.718 cuts 3.2634 heur 52.9106 branch 3.86167)
[bb] nodes=386000 open=244441 incumbent=15.000000 node_bound=14.375 depth=16 gap=0.0416667 t=569.898s (lp 425.259 cuts 3.26732 heur 52.977 branch 3.86534)
[bb] nodes=386500 open=244677 incumbent=15.000000 node_bound=14.375 depth=19 gap=0.0416667 t=570.601s (lp 425.785 cuts 3.27091 heur 53.0429 branch 3.86922)
[bb] nodes=387000 open=244921 incumbent=15.000000 node_bound=14.375 depth=19 gap=0.0416667 t=571.308s (lp 426.318 cuts 3.27448 heur 53.106 branch 3.87251)
[bb] nodes=387500 open=245151 incumbent=15.000000 node_bound=14.75 depth=31 gap=0.0166667 t=571.993s (lp 426.834 cuts 3.27808 heur 53.1668 branch 3.87571)
[bb] nodes=388000 open=245369 incumbent=15.000000 node_bound=14.375 depth=30 gap=0.0416667 t=572.678s (lp 427.348 cuts 3.28158 heur 53.2301 branch 3.87943)
[bb] nodes=388500 open=245609 incumbent=15.000000 node_bound=14.75 depth=26 gap=0.0166667 t=573.377s (lp 427.871 cuts 3.28514 heur 53.2983 branch 3.8832)
[bb] nodes=389000 open=245817 incumbent=15.000000 node_bound=14.375 depth=22 gap=0.0416667 t=574.081s (lp 428.4 cuts 3.28923 heur 53.3654 branch 3.88722)
[bb] nodes=389500 open=246081 incumbent=15.000000 node_bound=14.375 depth=29 gap=0.0416667 t=574.788s (lp 428.932 cuts 3.2933 heur 53.4298 branch 3.89137)
[bb] nodes=390000 open=246277 incumbent=15.000000 node_bound=14.75 depth=31 gap=0.0166667 t=575.488s (lp 429.46 cuts 3.29857 heur 53.4919 branch 3.89491)
[bb] nodes=390500 open=246537 incumbent=15.000000 node_bound=14.8333 depth=37 gap=0.0111111 t=576.204s (lp 429.996 cuts 3.30224 heur 53.5581 branch 3.89842)
[bb] nodes=391000 open=246697 incumbent=15.000000 node_bound=14.375 depth=23 gap=0.0416667 t=576.908s (lp 430.524 cuts 3.30602 heur 53.6254 branch 3.90142)
[bb] nodes=391500 open=246865 incumbent=15.000000 node_bound=14.375 depth=26 gap=0.0416667 t=577.639s (lp 431.07 cuts 3.30991 heur 53.6928 branch 3.90439)
[bb] nodes=392000 open=247021 incumbent=15.000000 node_bound=14.375 depth=25 gap=0.0416667 t=578.436s (lp 431.661 cuts 3.31436 heur 53.7748 branch 3.90817)
[bb] nodes=392500 open=247223 incumbent=15.000000 node_bound=14.6667 depth=31 gap=0.0222222 t=579.209s (lp 432.237 cuts 3.31905 heur 53.8475 branch 3.91163)
[bb] nodes=393000 open=247325 incumbent=15.000000 node_bound=14.375 depth=22 gap=0.0416667 t=579.986s (lp 432.819 cuts 3.32326 heur 53.9204 branch 3.915)
[bb] nodes=393500 open=247461 incumbent=15.000000 node_bound=14.75 depth=26 gap=0.0166667 t=580.72s (lp 433.37 cuts 3.32708 heur 53.9872 branch 3.91802)
[bb] nodes=394000 open=247605 incumbent=15.000000 node_bound=14.5 depth=28 gap=0.0333333 t=581.455s (lp 433.923 cuts 3.33162 heur 54.055 branch 3.92095)
[bb] nodes=394500 open=247803 incumbent=15.000000 node_bound=14.375 depth=26 gap=0.0416667 t=582.186s (lp 434.473 cuts 3.336 heur 54.1236 branch 3.92447)
[bb] nodes=395000 open=248067 incumbent=15.000000 node_bound=14.375 depth=21 gap=0.0416667 t=582.913s (lp 435.017 cuts 3.34012 heur 54.1885 branch 3.92801)
[bb] nodes=395500 open=248271 incumbent=15.000000 node_bound=14.75 depth=22 gap=0.0166667 t=583.641s (lp 435.568 cuts 3.34382 heur 54.2538 branch 3.93131)
[bb] nodes=396000 open=248469 incumbent=15.000000 node_bound=14.8333 depth=33 gap=0.0111111 t=584.405s (lp 436.141 cuts 3.34816 heur 54.3253 branch 3.93477)
[bb] nodes=396500 open=248605 incumbent=15.000000 node_bound=14.375 depth=26 gap=0.0416667 t=585.104s (lp 436.665 cuts 3.3523 heur 54.3884 branch 3.93763)
[bb] nodes=397000 open=248731 incumbent=15.000000 node_bound=14.75 depth=27 gap=0.0166667 t=585.852s (lp 437.227 cuts 3.35639 heur 54.4544 branch 3.94084)
[bb] nodes=397500 open=248935 incumbent=15.000000 node_bound=14.9 depth=31 gap=0.00666667 t=586.587s (lp 437.777 cuts 3.36035 heur 54.5236 branch 3.94411)
[bb] nodes=398000 open=249089 incumbent=15.000000 node_bound=14.375 depth=22 gap=0.0416667 t=587.303s (lp 438.318 cuts 3.36421 heur 54.5857 branch 3.9471)
[bb] nodes=398500 open=249301 incumbent=15.000000 node_bound=14.75 depth=29 gap=0.0166667 t=588.024s (lp 438.858 cuts 3.36792 heur 54.6538 branch 3.95051)
[bb] nodes=399000 open=249505 incumbent=15.000000 node_bound=14.8125 depth=25 gap=0.0125 t=588.745s (lp 439.397 cuts 3.37253 heur 54.7233 branch 3.95384)
[bb] nodes=399500 open=249725 incumbent=15.000000 node_bound=14.375 depth=24 gap=0.0416667 t=589.455s (lp 439.932 cuts 3.37623 heur 54.7887 branch 3.95714)
[bb] nodes=400000 open=249939 incumbent=15.000000 node_bound=14.875 depth=31 gap=0.00833333 t=590.249s (lp 440.52 cuts 3.38386 heur 54.861 branch 3.9612)
[bb] nodes=400500 open=250111 incumbent=15.000000 node_bound=14.75 depth=21 gap=0.0166667 t=591.114s (lp 441.157 cuts 3.38921 heur 54.937 branch 3.96574)
[bb] nodes=401000 open=250269 incumbent=15.000000 node_bound=14.375 depth=25 gap=0.0416667 t=591.887s (lp 441.733 cuts 3.39358 heur 55.0042 branch 3.96929)
[bb] nodes=401500 open=250457 incumbent=15.000000 node_bound=14.5833 depth=26 gap=0.0277778 t=592.597s (lp 442.268 cuts 3.39826 heur 55.0672 branch 3.97245)
[bb] nodes=402000 open=250651 incumbent=15.000000 node_bound=14.375 depth=18 gap=0.0416667 t=593.306s (lp 442.804 cuts 3.40172 heur 55.1306 branch 3.97542)
[bb] nodes=402500 open=250801 incumbent=15.000000 node_bound=14.75 depth=29 gap=0.0166667 t=594.118s (lp 443.412 cuts 3.40748 heur 55.2042 branch 3.97965)
[bb] nodes=403000 open=250951 incumbent=15.000000 node_bound=14.6667 depth=28 gap=0.0222222 t=594.856s (lp 443.964 cuts 3.41214 heur 55.2744 branch 3.98295)
[bb] nodes=403500 open=251127 incumbent=15.000000 node_bound=14.375 depth=29 gap=0.0416667 t=595.581s (lp 444.509 cuts 3.41572 heur 55.3435 branch 3.98619)
[bb] nodes=404000 open=251271 incumbent=15.000000 node_bound=14.375 depth=24 gap=0.0416667 t=596.3s (lp 445.054 cuts 3.41945 heur 55.4091 branch 3.9892)
[bb] nodes=404500 open=251421 incumbent=15.000000 node_bound=14.375 depth=21 gap=0.0416667 t=597.024s (lp 445.598 cuts 3.42355 heur 55.4751 branch 3.99213)
[bb] nodes=405000 open=251545 incumbent=15.000000 node_bound=14.375 depth=22 gap=0.0416667 t=597.712s (lp 446.117 cuts 3.42773 heur 55.5376 branch 3.99486)
[bb] nodes=405500 open=251697 incumbent=15.000000 node_bound=14.375 depth=20 gap=0.0416667 t=598.404s (lp 446.636 cuts 3.43206 heur 55.6008 branch 3.99774)
[bb] nodes=406000 open=251881 incumbent=15.000000 node_bound=14.75 depth=25 gap=0.0166667 t=599.084s (lp 447.148 cuts 3.43608 heur 55.6631 branch 4.00063)
