0.311670416125954142
0.318864682253607867
0.328008537925891963
0.321625562332619352
0.344381828968566617
0.336637725533299126
0.33892431200412898
0.328449836220607305
0.302502095756738143
0.323414690430471996
0.309531051089748654
0.341693668386733318
0.350777772012176581
0.313102857639899201
0.347328664214308414
0.298046918000504146
0.341190077722716645
0.350687483601941352
0.34739423820921389
0.293067818251395884
0.338791515544313637
0.299958232545418424
0.312274213562737435
0.364292471790405081
0.333040735739671745
0.345443931859633069
0.336732424731145563
0.354953597603071436
0.334486466955808803
0.343334919186285559
0.322544447728439376
0.327025519209086457
0.323610171372931132
0.321770427321733499
0.295301384512668408
0.346984745249798998
0.341287857941367123
0.360803982159338232
0.313154975741547326
0.346781464885326851
0.352878985623602703
0.355411296599486615
0.336196828593561481
0.318659842454023179
0.338501589719017337
0.325563381344858849
0.317919831151449561
0.379839919717427366
0.347683927256440095
0.365178043397708374
0.321214814146824179
0.3415050237042076
0.317853554618784617
0.321725899338068722
0.349719346888167582
0.309516927453222901
0.332991023702204736
0.326685922173821308
0.348807533736192943
0.333770332812511006
0.332094114419446251
0.336072658279602032
0.341759742043381554
0.30649707942518023
0.347396832784922005
0.324331502988172093
0.335881693772918488
0.310636760398257661
0.337951243102447119
0.336877590113444203
0.319052262476847981
0.294911498368195191
0.30152443008392904
0.306606774136645333
0.349775797002673805
0.340697429479156433
0.313556236351280271
0.352894245296191345
0.337962358061730417
0.346571192537140083
0.316212549528241127
0.308669786759167064
0.332012109727055527
0.317335282160761067
0.33579462465635046
0.307887085463832644
0.31880688510225047
0.338401430616434573
0.3323366928206819
0.341111116874778519
0.35057976481489328
0.318693867767837702
0.367351816066633308
0.311115963630923753
0.321329777368441927
0.315175936544326241
0.322354164644249652
0.337741305286792082
0.328691587540291208
0.320602428765281278
0.319189352105156809
0.299782599485688361
0.327141604980840328
0.321914910449484504
0.350081601277719423
0.3726589748654347
0.346964342675433746
0.333396787397970129
0.360342033472900836
0.306071531154375298
0.32477746393720347
0.285861613921770008
0.28668737742287953
0.362595954533400988
0.3307241225183008
0.299764033495297733
0.324900643791811272
0.310546750314808551
0.351762860800001964
0.321702396904861299
0.318937093407393124
0.308149478365008833
0.376829811052807051
0.325999267586069286
0.323049978524775516
0.300738783329362436
0.328252703643291732
0.342825643398836699
0.327681667075089167
0.32908297574762152
0.331870230920883524
0.330463560353062735
0.328898728858083078
0.325651136788521811
0.335800822145328248
0.360902893345335984
0.329664033918179999
0.343885521554465223
0.327843864757765002
0.310049710903154641
0.323837230441320401
0.31783220342471441
0.334241816698687744
0.333901192767763699
0.322638015853174198
0.336488720248838913
0.295669420649129544
0.352080872171793569
0.329261559265525861
0.338650351847274822
0.343172926781914023
0.347977496925483909
0.336732423853540408
0.339844334812703375
0.309285692630688835
0.323895512439840327
0.382254580032860614
0.342229982780684616
0.341962083127951622
0.331359482711844011
0.282156902107952079
0.293506954847839008
0.288466128536872146
0.326018133660022802
0.326599975166383838
0.344273195739628224
0.30043983438518429
0.342134759679467382
0.357247039192179983
0.342304846549554509
0.35185686958321305
0.334420085420002788
0.324699986523729278
0.347300066873906021
0.375395274394960676
0.301110208177723215
0.296710960837997972
0.338632446532448839
0.329033618260917704
0.323515571003161917
0.314727820732265573
0.345020510393881985
0.371602010184649667
0.319578970766451198
0.322415344515255164
0.338717918005046748
0.327432476263515904
0.337504893109071336
0.293797175074776817
0.287820390599499432
0.324879074857561567
0.351282778809477225
0.302186092003982554
0.338106495130942764
0.36669578736112729
0.341435691434309851
0.332060145083381553
0.35907075072727529
0.306984612176813276
0.352123639695737234
0.315626405208551342
0.342795526579758481
0.344498102701493891
0.370735170421107041
0.329648967713913443
0.335880285576368232
0.314473606532372107
0.330605155749199298
0.330530609418000443
0.328294958342969567
0.310643918442044975
0.317233688790889534
0.346118440708403585
0.337178756940733126
0.304361683214695811
0.298561164803076984
0.294852176386688036
0.298139403706873585
0.302391548159730683
0.331595666897619767
0.332437924365280246
0.378374415157482713
0.372013980841676417
0.32050553198936349
0.352596973805864633
0.311960965213675001
0.312637693839740716
0.382700150477105816
0.313119217722634957
0.314135932684983576
0.318306777842698563
0.333985904229073149
0.340436565284329862
0.315448217364515449
0.332988520447403458
0.305798422849117624
0.322228498880535896
0.319988680302334128
0.339123557001991094
0.363156815676988709
0.320435482170904173
0.331084147864452893
0.335963577341006736
0.334991768913403987
0.296840687888698662
0.302694827718718362
0.340173692780243953
0.356040882947420423
0.312943028890166286
0.341285481732354068
0.31181713846170328
0.323991556364576772
0.329506343208492869
0.356610767059572065
0.325114614378360867
0.342445082885405205
0.352555052002805014
0.339418105735541653
0.317971956138033862
0.318915522937437745
0.303948009277974607
0.322704138652637806
0.295109216590031531
0.332215117100517709
0.282345210345990916
0.312156504222985742
0.308255956704609813
0.333884789861978171
0.338348279779741024
0.307019302254997739
0.328107574863407414
0.329474447708536677
0.318794805179849816
0.350982419756975361
0.295612947820967087
0.331121396075909291
0.298369571685286106
0.323448202603301593
0.325556747072372921
0.294459641933696892
0.361952770152348946
0.360889478540372288
0.378598358017598502
0.332177307733712623
0.326805338415546098
0.355723964004116211
0.366357430030331721
0.315725460199547392
0.355411062954877788
0.282053836005826397
0.285848580040388212
0.322802618418088327
0.307917371771912252
0.349043054087634641
0.295024811682052635
0.333946439451180521
0.297429202728123177
0.323572435721359963
0.332571884726255207
0.337110612598025772
0.285164694447124001
0.307678804220824942
0.359830227956054238
0.304126291269479654
0.336390614542064148
0.344858883819360362
0.33418316557571115
0.304925041374084937
0.326272520248967468
0.303859331505061281
0.312610178300439523
0.297317694473105854
0.318209615085888797
0.339831095349628132
0.329660246032588256
0.369792975087363307
0.338467267431213636
0.349166187906570558
0.352581669904289852
0.322286209816357305
0.321653330295868845
0.358653501304271483
0.339275182891671523
0.281753741114421807
0.327178143494597451
0.336144939275114796
0.341319960131908351
0.32323966223194589
0.32256946573874129
0.334748185612780635
0.334242097042321495
0.336389358719855758
0.350308451586002323
0.332998541400941372
0.335998715283908955
0.306695618152919069
0.329004761499099241
0.330858058212911754
0.330245275210123701
0.326647927742213906
0.30611125113234039
0.34422600726654895
0.331745463376937388
0.358771281775062956
0.354568643377287829
0.330190086184460274
0.356268208166697964
0.326422355422683386
0.352408658644591144
0.346778771642578254
0.344333559459304828
0.330664547126321207
0.335969801540584145
0.334784653400473142
0.3458378123239918
0.332894391103813359
0.340754748589973233
0.326871218059214375
0.321435485680784616
0.33025605300828631
0.363286936686943174
0.327374158666063675
0.338150914928748436
0.325311919636214142
0.324498330835843174
0.352804185982961704
0.326342567267392136
0.309958252699086279
0.338749766089800397
0.323815870920761917
0.329010186637451574
0.332785690913814214
0.347074685509846437
0.388130046682339302
0.28558020354953656
0.324766057822912901
0.324075274366300625
0.31216644312886066
0.308873977166165048
0.363940587104164548
0.290946041492915142
0.327322153359030255
0.361682694934839621
0.30539509943644233
0.316348900072877082
0.381856552505507207
0.319841113938546362
0.291849955966585084
0.332890947381928926
0.316171225879544937
0.290167262532377679
0.309839365811999223
0.339047124545895362
0.330042478815132379
0.341479491949901737
0.297468893919828614
0.344628785716080688
0.303746125218400276
0.348620089470859762
0.316994914726091148
0.329538239575615455
0.335986942353990958
0.330290963780234703
0.339965164439890999
0.339235420324644044
0.356054952050717854
0.325104314400279593
0.324659572981575495
0.312211902366793914
0.318433686945548355
0.270381169531520027
0.299641825528839445
0.309972478085842162
0.337964332858238292
0.316540220559313135
0.346668743685601688
0.304558864838070098
0.340133201713001043
0.329299765449853843
0.289636334167550025
0.295246601401068176
0.287574440696579059
0.325346185589582171
0.329226145192558106
0.322841217737670938
0.300269856647016664
0.336411332798643437
0.346011887002313279
0.305121714644115971
0.335512713792479655
0.333350353742600414
0.344234068616710076
0.340693396087772327
0.33685152412226449
0.364185505669278597
0.35322793914713263
0.333202001413354654
0.326052802932827179
0.332877012993163524
0.333612551417885483
0.291122111051417165
0.320270652364382291
0.300323764046960595
0.32490048072374994
0.305308014227760771
0.327339052797547825
0.296695538974090789
0.327888364587746506
0.327371761440991615
0.319464604784061135
0.362459241270421173
0.345491144653701232
0.317929933011155408
0.303092346268137969
0.349136945611380423
0.300848389285068796
0.288305969951099195
0.328698294615021258
0.316009333352554878
0.327443518313557003
0.300154510183541334
0.304550419537088002
0.339595855115277012
0.317808164719668551
0.342081579615011067
0.298621263451323338
0.314631622862217242
0.353964342501324469
0.322667212236037448
0.364141964302362675
0.328981859095583473
0.332498539429605389
0.344105764357435229
0.310674538064850347
0.335741246824880324
0.310374917134521755
0.323586143376137836
0.309430534277850056
0.316354234618533958
0.327714574579653029
0.344967363662636251
0.338081339183854634
0.308664281413400743
0.33571905184894979
0.337056109893418387
0.323500517449111846
0.317763952227969992
0.339063298548943792
0.311266798736148376
0.327682771028609376
0.333598152679736915
0.311778215026570993
0.305705579250727499
0.283325593812150223
0.318045478640264778
0.3316574242801692
0.303745998573695108
0.316354962430712372
0.3383715409146833
0.320584909657343375
0.32689054991378258
0.310096935004754326
0.333882725325576502
0.339736563215440712
0.308919097053884428
0.306761912414562021
0.306743543866167645
0.296570624768185576
0.35379914900297571
0.331755330948513172
0.337379805922107479
0.326105542589349595
0.345553454239312108
0.312151897274561219
0.334175958232171832
0.341188868079970398
0.305448764097539294
0.324448455300721583
0.362290524008114456
0.317225266874814449
0.298574074316656612
0.350106453967309661
0.31047646170581672
0.30482328925967439
0.33506659080600576
0.316294392600490415
0.331086879917781629
0.354907391944148276
0.303346153703688004
0.300594701569380285
0.315460329474344714
0.341766412825056209
0.337049596049907196
0.350185217947011185
0.305213947787613571
0.299139847174705376
0.316091891172699757
0.31429120261135185
0.307782398990055717
0.329211242711543006
0.318834921606269361
0.37316303725121569
0.32949442739667173
0.307397076711285855
0.329115526277687254
0.34747153713633333
0.316835611126163486
0.321178763467546424
0.327177927827459969
0.323098938417128223
0.323939434920271552
0.343105777815862101
0.352124091646741078
0.316079935135655632
0.346901029626301816
0.333570350935437465
0.3498543641981956
0.366075584801438814
0.319706835733970574
0.346144621471525415
0.271119890398943353
0.347310249891143563
0.30734861351564674
0.311128668742302605
0.336135410099560716
0.360053163223384876
0.329932264624802851
0.321496695883498051
0.320878294252111285
0.327936054888493977
0.323239508212862237
0.35527199385967817
0.329582292323132853
0.335856163699504662
0.3093321514597
0.355857287190120219
0.314590993548592379
0.345308909011054876
0.314957043948842053
0.334028083429828093
0.340154532412788035
0.330502150459346833
0.357195497930386241
0.266632219004284021
0.342071260368604912
0.311341735882468384
0.328277442922672635
0.331605320492558808
0.319386663154065498
0.312813765856448989
0.346624287094528916
0.325738366353183262
0.334808560979518166
0.342035988328912188
0.335842047299779789
0.326118607428493523
0.351681697840480756
0.343412956591722995
0.365589836941627055
0.332629334800788823
0.273817381391120052
0.366628521722983214
0.302556049734703458
0.301938124326847301
0.349776233914108503
0.327195622714376577
0.314309305802435934
0.321375856095807155
0.322480942860631947
0.334819565484116899
0.300976406796427676
0.323915370770770206
0.318486351369071663
0.323193831533374443
0.354077624866980523
0.33387975152992605
0.314076361711772667
0.308651006916367265
0.356326423078752064
0.318558765408134326
0.309740393834876393
0.305314026563311136
0.317937499206323415
0.324571688654124946
0.308171974087928069
0.311952111200618387
0.330070175651660969
0.29910650204281769
0.298389783790303897
0.295224473296005596
0.310220751806908446
0.296324493731616012
0.295996961103630496
0.28387853233765914
0.358124800261243326
0.309827309905007342
0.284749197571433965
0.322206155559114915
0.296278257084563845
0.330990111592111669
0.328300921490694786
0.317271959249286362
0.324442311558245156
0.306967812468031898
0.330971978066894212
0.348534158416709761
0.282146158798421753
0.351108826216719461
0.306554959971497676
0.318691395794528098
0.308850809799914083
0.326075935653328874
0.325520495001597021
0.337306725977376487
0.325783167959320719
0.31019449647756453
0.323198665338659874
0.315278062029274664
0.324132942475338026
0.340651153271758489
0.35116743232079578
0.296957261357545188
0.34194285762316351
0.316651141980844708
0.306979424191074213
0.322537954102562752
0.327024967975802994
0.30320923510845077
0.324103147202812303
0.342487803690302739
0.353062696553694932
0.323296071664675666
0.29493821744120341
0.330112428981975903
0.318847097679399061
0.346563734526974199
0.36272203305791928
0.317489425441054351
0.293043511394603662
0.295561649151746764
0.337856558849479238
0.360262215114276918
0.32873751387242689
0.329967640753307812
0.322076682320298291
0.347143657910868875
0.335360826695055403
0.30645298644209229
0.308767076926506401
0.289882012862696159
0.348523646523152986
0.30076469267062006
0.302465996514049262
0.32075335598644833
0.29241908409202455
0.355686067335432787
0.300978872626012084
0.344459036873892954
0.311097351146397083
0.351437434489249523
0.345427433821298258
0.307134601864298917
0.2814092726537335
0.321736972171237035
0.332539114838078687
0.33355860559270889
0.326176319800829395
0.308883831644890139
0.329296028747639746
0.326481847899806166
0.34457452885416312
0.309206446452266026
0.349800775859584634
0.321117696234095584
0.329903676206548535
0.316295605990131512
0.353628283525420528
0.338871513718244088
0.306667635801721739
0.300962897361220616
0.328423307950334253
0.352838797931247783
0.317053095705104537
0.330859024332596063
0.350873763233773284
0.328493093990603557
0.327968194904726118
0.323293643894852267
0.346806792679211884
0.357917092084090893
0.325604317145872124
0.356311028501138938
0.325423572423941543
0.344651862300824396
0.344608637949506302
0.328883846601947694
0.309189295867580427
0.277507912829986159
0.326283849344468913
0.304588826311513239
0.313723559535838636
0.365147246004543902
0.343539100482749105
0.357229695397763114
0.34088933455376691
0.312924515614049326
0.319708680233354914
0.303272236224939706
0.299077866043671592
0.325421670578749433
0.358701995422472886
0.344731043124068659
0.318489632311496074
0.306439920953851641
0.347958500583417929
0.312754723570972171
0.324121128307050976
0.334067745933836091
0.340311450510740465
0.333405662180043916
0.300753087343914982
0.288163440139002081
0.321400486099025384
0.323466209936321192
0.299453431139525383
0.2893958771073602
0.352276183388587072
0.311502059035573931
0.342721670969782455
0.308424373378321737
0.335737233556849979
0.339714317595762871
0.332602954049171062
0.286235227937069681
0.32135761369377952
0.34358801894140989
0.317732071446728437
0.338676878231764344
0.321157027697401121
0.312312363241653401
0.320613058966033093
0.304141001634663066
0.289981614447789138
0.285725798796763353
0.310306464775126023
0.295947737681849454
0.326913039814096806
0.328868781179102898
0.321103113194855572
0.366952498384000958
0.323834564062057684
0.315619932165485895
0.280610335891515739
0.346909871381202217
0.340512912989854422
0.332029005541580824
0.291966402773397471
0.31367349386674076
0.289282038115241835
0.339031006836383264
0.280479984190474041
0.305430610675723357
0.345201812951589082
0.308200339037966786
0.285562031851849085
0.342974806301862278
0.344782122112202216
0.30934808047708362
0.36412273403477452
0.358918104430671847
0.333041543597663969
0.30508478746626938
0.325911810575264305
0.325053021506668538
0.319060488434743827
0.337640221135617369
0.344142806284955749
0.33678757084017108
0.349626099511511412
0.330581123717238579
0.308079443734057323
0.299502339208497004
0.317444823541508436
0.317594050796146554
0.316739699296837929
0.299235063496035403
0.321175522998700724
0.364346040636433666
0.321981221802822126
0.305185527296177483
0.322299326436183198
0.310045965208910479
0.351925373079499171
0.328972301891110208
0.368900021872371142
0.340316373818052686
0.335398277608772721
0.325900446364413232
0.328560034957797731
0.341023986010078328
0.312222553672471426
0.325129027526650405
0.308113579941205862
0.30626024342686109
0.346057368131011733
0.340803728085290414
0.349517832796819361
0.346546380362081685
0.321884194849551775
0.316913880326879394
0.304328517224899786
0.351753328606918714
0.315980098954427024
0.305939828922892842
0.341886050523023066
0.31040959534337903
0.325940430261634495
0.2890072507848373
0.31073291174218165
0.299678500651589685
0.315363133865935008
0.321670681953993398
0.375118937499199556
0.316190049530226669
0.312836880925919603
0.289538702516507152
0.324483460328631956
0.283709311017141141
0.347258652694537595
0.34355978906882112
0.312419480329325205
0.359097653687233676
0.302533905148892113
0.3052494687395374
0.325766001476454625
0.316531704736652486
0.310971465570768102
0.300152714155119349
0.318981604529664398
0.293541128170908661
0.319895129903667585
0.345570838436321137
0.317157185614768744
0.310226367213024434
0.320901843951551136
0.308268652375858987
0.300102287807704149
0.331234443024524705
0.345331530212732718
0.326011097327843724
0.332066229441400851
0.356804249827952336
0.326845917514862916
0.313638446947938854
0.31070981235484274
0.339701364868864653
0.297190620917064829
0.323402315849707467
0.350542396191963312
0.334733759734555825
0.336722312190171347
0.321387927045161503
0.295345372729027333
0.288794378948671548
0.32615435234332113
0.30881067781289967
0.323699315704820412
0.348414734277080973
0.310297411199025819
0.310514844171239424
0.309097973753804933
0.291239666471400926
0.325710079545168063
0.350322560028230756
0.33033486571538051
0.314101955412753764
0.334484829247028437
0.336392762592266859
0.327745011689930088
0.301626851300393406
0.314270083955652646
0.295754498441808678
0.343721591880608912
0.333269533357830272
0.323018008133942602
0.315403917062956118
0.35175717454721428
0.308313502839133835
0.28907376088563641
0.320616893785234613
0.337286602012273451
0.372442842760022153
0.304325863333791136
0.320529843664102365
0.311442859075551415
0.297812778731610328
0.286267621453509202
0.336821630806419359
0.337119532866918481
0.317380705335758961
0.306958666126342372
0.343764478753127767
0.304651142063542824
0.350082348235075669
0.324581847528539191
0.309334720175860944
0.338146168453457907
0.338036530136677338
0.337605238082571146
0.34867573357095627
0.321900719526139467
0.325312365285731486
0.348441885980794064
0.308699954180937375
0.332438719517069103
0.332234489205934735
0.314521996319328145
0.346021288781875991
0.295777238186868519
0.313674891616903484
0.320018951954956998
0.284868788669706663
0.324802855373331922
0.335433417483784468
0.295666791357463432
0.297955029067909993
0.298429622546287188
0.354294854890423006
0.324127912780690752
0.345068490328429456
0.338231853363155699
0.31774018657172387
0.341385925659966727
0.337129142625111622
0.361361390768572488
0.307157234175634619
0.33145093717683527
0.317943820909175112
0.352238968906358751
0.313096159537835539
0.345155811576753346
0.335331094086833204
0.331604433184753689
0.296228921507273535
0.355740969659723683
0.324456019914934723
0.314350554586960373
0.316243120415031331
0.364618134208046285
0.321491715657926502
0.29755859519224076
0.355899540519482305
0.353485404350558974
0.331808984045502797
0.309387099055617398
0.33607386071486639
0.310020844752599889
0.300354599727917448
0.295477487911589287
0.350065291348837571
0.289727160431697106
0.308886699852977564
0.319223547833158094
0.337229118625479884
0.304710103350202932
0.317515985591874772
0.330122982535856258
0.328180038707063026
0.342211151320296336
0.310459183201395206
0.327832073194403051
0.301450387929165009
0.336691052996841267
0.294662780589614204
0.305448277626107823
0.343292623772527616
0.329589911135549918
0.332831093847781867
0.336954671720910037
0.309496527240552433
0.281690246000712741
0.331476162261813201
0.313144235781258051
0.303269336038706483
0.317712403343499372
0.317410401774611328
0.303910893234455137
0.308891155536674789
0.327376783099500634
0.317661975277966913
0.312616673049159688
0.321281965378880652
0.341702537874449097
0.330386433395358503
0.316652908288846902
0.301171237100295197
0.319361230948035868
0.302896972468018277
0.314328368868627195
0.330851803509817799
0.311348762667827961
0.335612582046159014
0.345469095169717688
0.323870054181028377
0.283102918783876834
0.311455219430261998
0.306826573456710439
0.332838799703032484
0.311302338430122505
0.312783328581230036
0.340877735379600033
0.330756460981036893
0.326136231309811619
0.304892074784965939
0.342095106496752954
0.304915198402346599
0.313758343424645314
0.299745471937010566
0.3360355733685364
0.310516687087782184
0.310469343659724117
0.31767349720941096
0.28625509680858402
0.323574602782222998
0.308289486777695354
0.312766941723681136
0.368570649167088926
0.294609293571058972
0.342303618262351284
0.273295211128314564
0.315635683768487274
0.327945399323590014
0.308479143455435811
0.311635303913747996
0.345225469045683908
0.307877462749574116
0.309412792523750591
0.346579277893575288
0.336173613599875187
0.331470163325883971
0.340252362881340642
0.313439547989548817
0.35338763511221466
0.343485716885248649
0.313269335467076027
0.330904766530958294
0.325584896966307658
0.340713435859091529
0.326985711273550805
0.302616444111016625
0.339571846915991515
0.317866278118144496
0.297503074454770922
0.333772283230760136
0.338602023949495068
0.299128422970827479
0.342798052468380132
0.328322623684471238
0.327145912190479116
0.314853680175604334
0.310595259295030901
0.341805835935054925
0.315041291387576139
0.327421464032870146
0.280246080014691923
0.319352353580873716
0.310717707039550539
0.247889193647797212
0.3287176571855846
0.318730197907287349
0.363721480871621705
0.32090684083071408
0.320013926744687649
0.303933343188485916
0.320607675549526849
0.283971809733937097
0.355319943728891807
0.305376228807035577
0.315388874338013103
0.337266381107898805
0.339990168954377114
0.320539880346594364
0.319877859954519339
0.311010426672585771
0.313566711842649448
0.343121655006961901
0.312366592485906036
0.283526922456738273
0.314005934123855301
0.33918514782176501
0.342473878379438768
0.326789459096712365
0.30302670644384444
0.316857030861225575
0.337902499514616983
0.331884691165686196
0.333240045388102202
0.35261752323186224
0.30342653857041707
0.358253092412609331
0.317439472693078317
0.325414472776885011
0.309765623413011781
0.318450977324431062
0.336790725673535463
0.325948129151907906
0.304657369840105385
0.304291999317358008
0.344177769748712503
0.300763786752497542
0.345022026956619488
0.301188926525165768
0.299514431090457445
0.303611645466384639
0.315958264983400405
0.286363805209639666
0.300865758899609703
0.281022404728820729
0.346077494500439953
0.329144828707136627
0.29486693213391324
0.323305654766241179
0.305620873001313353
0.314828705909565132
0.333529100531387512
0.327265281367308369
0.343727279885507608
0.315979622531287585
0.339928145758123135
0.315881684361944415
0.303040510910662253
0.320090635033845328
0.361836607881782124
0.326552941173403166
0.286871613498935474
0.29792031445617595
0.36491018882751991
0.317289094745437095
0.303907276430790296
0.317660495347936611
0.335958556273013409
0.320307022937947827
0.346944597999046089
0.314244220236982841
0.334577901529343413
0.343890323951174581
0.357698906171521502
0.328852144340439412
0.301404508627506729
0.322562655950637489
0.360369286947856471
0.332643432468385902
0.328256179264672154
0.29682798353403983
0.339741948311156894
0.353780133856062495
0.330030484443610383
0.333511906166685967
0.314695437644067988
0.313147836050239436
0.36725009408591075
0.319542920062802827
0.30789797145507769
0.297466089928409227
0.326795338601607976
0.321906561420811144
0.311494930921408675
0.307043208268981904
0.319382791383945985
0.329044918527842456
0.319289890694180567
0.317243573064351858
0.303640137692351098
0.295465941208674143
0.295794889447133391
0.309842443765973363
0.343086631844107037
0.29550248750787772
0.31343073872823024
0.320061696558152808
0.310599800821363736
0.322230602514082365
0.267275094177124861
0.291602670980897483
0.338168244769322279
0.319498878402703079
0.33050790218232623
0.325532859152463494
0.311473565812987185
0.313257384213415147
0.320427049811348119
0.317918115117883482
0.349682432984924185
0.306600760835465502
0.332211186160128125
0.306705548871601674
0.307127114461375861
0.302597632451430121
0.332580181570700406
0.307895809060955317
0.338167158309180371
0.358540823104644524
0.304654695744667914
0.325375641653692815
0.327801079986795585
0.322155204389490413
0.311209608243476432
0.332381635808624232
0.350498506482897543
0.315998689843867808
0.31323320065943816
0.360011660120615917
0.333248009837580406
0.29946633852138288
0.303540034943342085
0.321176009679011776
0.336975407322372522
0.299626422286237426
0.32870527636432223
0.34049625963367397
0.316232812523514761
0.302897100387188534
0.29682968369511209
0.31816336681167795
0.332384188088464483
0.306469087610621138
0.324949791840998814
0.328266456142733531
0.367299642422050265
0.332019977282803302
0.367920027595400212
0.340240806745230717
0.302048031736627254
0.332372083635631144
0.285697734868710584
0.334363924202542184
0.311398955708722891
0.304888864737275056
0.315362589325554332
0.327035289519443217
0.31811758837856996
0.306282762487696092
0.315873750788765062
0.343186116203557268
0.350706562834660895
0.334337074559461489
0.352654058589773833
0.344858171525234791
0.317569129093162927
0.320778570492496973
0.315597346665812961
0.324388178766325697
0.344864796320842382
0.326664925638562254
0.336067374286462273
0.301862244000856816
0.317503198449819224
0.321499214544127998
0.320781552060886876
0.334424362847044077
0.324598167843746677
0.346784933052436295
0.302395441192385095
0.358039878392571231
0.300343378922457271
0.318980981708215372
0.316683985157968584
0.293866163764634425
0.330316906750665773
0.327478238359675822
0.315592239620380133
0.332304765816229142
0.345712976840840736
0.308186385643623995
0.302089495099719829
0.344727446454945352
0.304378621304980335
0.317938563639184879
0.32044963092203449
0.335252581774746761
0.326147891170668391
0.319815647570155515
0.310246940769442481
0.322403702849231866
0.331813506266184055
0.305260596247503679
0.344355599855714289
0.31826975355736481
0.325736347875791032
0.323667435505031298
0.315400043064836322
0.326773786604695693
0.352552428653588601
0.342552309445171788
0.327042526432335723
0.344078110448942764
0.293787921967262944
0.308977514896252581
0.320145173750494227
0.305767689556173339
0.330457346852317813
0.321293276374502113
0.326013299289418801
0.345779643823074967
0.290119822046405462
0.327648390973573567
0.340285732679941444
0.307884670467369281
0.322568273326927557
0.312832054914033875
0.34886448621415489
0.322948244680421825
0.298783907882593014
0.32724483726224296
0.322602327286758972
0.296012260283131268
0.320211691539580845
0.346651632814607258
0.329246653039633685
0.33959787581187878
0.286853956351864614
0.308760740240618226
0.329974845235544434
0.315273233050887447
0.313689244617985974
0.326135544662707555
0.30006498947372906
0.29165019262117492
0.295881914204511487
0.343132663734367904
0.342027878006178065
0.307037608143530816
0.308827041724667406
0.319851279901987084
0.297895353179853828
0.33583260505410556
0.322089851506214331
0.276740169130728852
0.347779481832934168
0.303799129120350953
0.316585619291723575
0.324823229171982586
0.347512781947635963
0.339605428919609598
0.330532719304067635
0.342986520995578581
0.328185167209021245
0.306584496837979337
0.324258094713015421
0.301594216173171392
0.322831565960389422
0.307700638766989332
0.307363581151382181
0.313063314692666128
0.303183680617744589
0.322103013608533439
0.341551988563315756
0.325017075123789911
0.32661480735277526
0.338308081434317232
0.338435625342220714
0.328144679629868041
0.310843883047016212
0.335803419794876212
0.338323164384050079
0.360897560875053647
0.292391179446486515
0.339638835099309255
0.324290939870881256
0.297987873275439408
0.321251395565198827
0.345782362730746251
0.334850951900414917
0.32233942655087372
0.323128542129351215
0.320430164226661873
0.308176558119619914
0.33319130207886638
0.327969191333889298
0.286449292927697385
0.311340475072342804
0.357262702263292209
0.334296876903894313
0.311346214433132429
0.331568706430969307
0.326860524554059673
0.325766578844803367
0.318953919929024499
0.354985462274004515
0.304518080659336998
0.293291138008307417
0.343416738187890147
0.306000089155428867
0.296167069135443994
0.320514772435231188
0.340099839931612247
0.32708721047108158
0.299598595544337765
0.31317484298692011
0.344628473262770463
0.28558954780956608
0.31166381164084378
0.290214147780152476
0.30844580934419219
0.348467157557367013
0.273605583392184104
0.360700740407366272
0.307566018320855949
0.310839474121016646
0.32738382070868377
0.326379224504190324
0.333831554188865176
0.359142198908628307
0.340111583897781899
0.312030262694853455
0.301490733963530044
0.324637271867294186
0.333528495278014758
0.304943400224224614
0.34621352807596556
0.297089941093187204
0.332217863425180893
0.293347859959043444
0.313615171217563604
0.339789977919893016
0.307390087654299649
0.293826794191507035
0.327654629724364377
0.288096891384716447
0.306873186291291344
0.325327184712278006
0.326907635699918375
0.319331378586525216
0.314070410182257898
0.306316473919272081
0.321034579527047614
0.323496237640867157
0.288885746857662939
0.311471092300251828
0.28849885827274524
0.319829785845880343
0.323325494221458731
0.327412933444066911
0.306780731800243789
0.337646564090026802
0.338545601532701634
0.346239859324636523
0.321837128470237988
0.306181540278842423
0.33172105860702733
0.320696951282923859
0.327030691557721631
0.328189959702695766
0.322018614527748381
0.369576776839635579
0.354964697837110321
0.299555242478326655
0.30470029534169002
0.300236206566010522
0.297852968777805649
0.274937781490524225
0.295881214110777724
0.319845734004895799
0.346739581267607733
0.32372220461657647
0.3449576792405738
0.317074732400001003
0.344707080012716494
0.310678378225580865
0.341102632800405481
0.281755613527220339
0.315129636770124066
0.312372430025154968
0.318208196877389271
0.318462963327741988
0.311438438431290543
0.312000293432833253
0.29464042585754896
0.326937561863225257
0.314620578319594391
0.318149089006567465
0.300424915249551505
0.294798952241046186
0.280655125154468221
0.320398801021309299
0.297799192676624469
0.341253859640202273
0.342816197091834196
0.310533043434490563
0.316010683334026543
0.365791355245312144
0.304944907267147569
0.326479985257367877
0.337591510288278773
0.283503322185402362
0.274864895686082078
0.337042748734250608
0.334027863291092353
0.338438903948432401
0.340937980716478461
0.311295528755237583
0.326020142582603145
0.350927155255577883
0.328792073544516728
0.356273186230552485
0.270446387605083549
0.317118577924595302
0.307114179065874127
0.301509282653027677
0.31989116148111324
0.317021625449740496
0.314257942867024631
0.304694537706218682
0.31473140735465055
0.303557950324565007
0.339695592736504959
0.323410494995991282
0.293008135292493199
0.316528327862323822
0.288429757886695837
0.321444001759176645
0.321981325583677591
0.345295630335340054
0.295265279134588665
0.335660270656757131
0.244347053930704078
0.328721906595776547
0.339809913066534297
0.316663922969180056
0.312982123827072467
0.330557967918892415
0.319739284979836946
0.343248235157542103
0.29923271135052032
0.369602795937215012
0.297601630237333881
0.292619657819749746
0.318737971721789637
0.338094589819969815
0.312757853902867478
0.342748513564777424
0.321861571253720669
0.306880741440198335
0.284662033761684141
0.31031028657637505
0.33219424778599671
0.324430387651916896
0.312437092502887037
0.319285068020454088
0.31583610255559208
0.340062847827384718
0.31709387990454807
0.299044693000364681
0.311132602355878418
0.371969325016272501
0.350803830558592322
0.293666977876665736
0.349286205828552521
0.294668128684312747
0.336811379122503141
0.343458782334249701
0.342561076456894154
0.294849069522693519
0.332213716948221272
0.365361443938570896
0.303956502772747272
0.337457125789196566
0.336322250342863227
0.318740589468100355
0.330258982583797434
0.32379209989235247
0.300637535781761223
0.314588576794812114
0.267534826580730412
0.344856269942117821
0.283790332337571172
0.330154604051957734
0.331419003809029222
0.337812825112617676
0.316658225707841579
0.330861417172636008
0.292739416141155617
0.317816285070433968
0.347722874012125649
0.346707742059512991
0.334766291101913305
0.345608532492321152
0.351719592556135441
0.337765165449834037
0.327736232851376874
0.319445044442845105
0.321590263267755194
0.312702028139399402
0.3307398805289673
0.316290686275377209
0.294278942748581296
0.328014537419032637
0.31352893458892539
0.359213541867921649
0.286662687308692765
0.321440252695289641
0.347509611959390008
0.314905455533452727
0.327592110373903567
0.340910511857566212
0.29557874974999071
0.296597251151177799
0.331439089907215934
0.290532714539494308
0.308418628675141415
0.324004581513319678
0.335528368285393119
0.344659801145417
0.292613796288182237
0.318754229937703693
0.316965506018122289
0.287991130692182795
0.360538808351946349
0.292734757836510262
0.339852869410304625
0.295492250928758693
0.319824715014335792
0.333630288189608104
0.311592087079422209
0.330801895295477544
0.331938133998181895
0.305759091867722876
0.310995772428872164
0.294922062247297445
0.309624643105616604
0.310726735291690481
0.250876569907211078
0.308167241730985753
0.324126510594642814
0.300126801506491458
0.331762721122863591
0.359657065963435163
0.29468461754108205
0.3128378172524518
0.351173448459070225
0.290485495105345715
0.298655011088021005
0.336849693633804737
0.320642196107690347
0.330842984917476379
0.340067085966172578
0.302694359849240702
0.311551020724339156
0.309154772468598682
0.282901781017536325
0.280087957574383095
0.31793081357627434
0.335424127799444083
0.33393230239136934
0.308679436884194525
0.358668823786798374
0.299893478962170612
0.304514216400784243
0.344859076343311088
0.324596405814262468
0.329508809458515961
0.325265949645779207
0.323032289977858322
0.325803227418344832
0.341083074990618906
0.324602170488292652
0.327406922643068976
0.327844414849360055
0.309967384189080819
0.355960510205958869
0.338119320204862739
0.292872711996160717
0.328671820652695734
0.342541295637160959
0.33081679233020117
0.311865644715171308
0.312801145778678458
0.379697737541510927
0.329990442910383708
0.308234179484559112
0.344077937953599977
0.310199838852356358
0.326260405184951918
0.265558678955091443
0.304461409020488294
0.317012647274352577
0.320867438762223789
0.343168478887224848
0.322014817935839526
0.349329090762754924
0.313544613375935088
0.347254860232004248
0.327229970277950144
0.286774249228562039
0.356950266777039782
0.335625398679733344
0.323176213815992319
0.294601820142680437
0.302878861141752553
0.308565247137937704
0.303299380717761746
0.322823432472736926
0.304738916940505866
0.274053692415887562
0.349721132432214754
0.296602569947428951
0.346643690209751498
0.316347530615457728
0.294974122865414745
0.324214044174974847
0.318810615647835249
0.335353294222817178
0.300747888962388465
0.348076696742096015
0.332746927900884559
0.301788638833029754
0.309334367131484655
0.364518457132170737
0.313422798392513802
0.290029001959829724
0.296178677756751163
0.337431142438611165
0.308782370166357512
0.321827554307173969
0.327694129381509602
0.330992150603901025
0.357473863502591693
0.310849569739104603
0.343088127017237954
0.331603522608037216
0.29711584423809817
0.311131796615059686
0.330605305148082784
0.33661531764494923
0.313269225651161054
0.299604594388671042
0.356288669339904052
0.310479861318782746
0.328823057090585236
0.320569586199776824
0.317990264985739068
0.336877708532110409
0.265887927567199145
0.315854384678005085
0.328387485733989015
0.333595169364570121
0.314793257203292154
0.337332783640479805
0.319036176573677832
0.358360987673313369
0.291669789666077983
0.319324355562291939
0.289201901475592271
0.334768696061882198
0.337742684003624394
0.299288405187561057
0.357303612719038932
0.307711220241328187
0.329277234634464733
0.304134645948869187
0.321415592463504984
0.335808129625836504
0.319833128309086501
0.301055139206117317
0.333101603807609004
0.29885839801764652
0.325617690330900988
0.298406047420208653
0.339971677810537609
0.353463155792057004
0.334813657808635312
0.322328695140371546
0.271796370081949235
0.29571536261416248
0.315593139312645155
0.343362839690885102
0.316107072607189898
0.343579686450483424
0.317700554160123827
0.365709552516841008
0.335887274991751195
0.351927085139838225
0.329232693363603945
0.34714687430402591
0.345014477885578874
0.297483001110226575
0.299338983232506572
0.318537321671337414
0.348189634857186847
0.293136533766724439
0.288674817182889121
0.286220008620933442
0.280705888488207655
0.3088116474195719
0.32298862059207456
0.309037490633833789
0.362103454477386788
0.29421946889097228
0.313304123302074633
0.320619174740418122
0.315607465684682509
0.280996488232696351
0.262189940983065917
0.309952221546370421
0.352112089902465342
0.337351782252852783
0.329673018825134112
0.327089086496701875
0.296055790084456039
0.327445427860536709
0.324863116471387547
0.303933575964290714
0.370163730291940052
0.344141610779593932
0.274625049282840705
0.320127006045963891
0.325249211813497363
0.331922011086947633
0.300969065204914177
0.31058340119819744
0.329056134568952885
0.309009435398776622
0.318095158688069091
0.33858437071801295
0.358593730530306687
0.331869575793566685
0.327457836238352951
0.331996588342563459
0.286644057800879704
0.298762675497237118
0.30658200626455967
0.340721448269023397
0.311577526796628423
0.336948357938999243
0.327082829175102674
0.286274443135967616
0.325198500878152941
0.315028605822288255
0.29818839492251803
0.35866170441332762
0.323637705435853462
0.313396334156007039
0.308695688951443004
0.300191659128206889
0.284915802490383396
0.320496160528532748
0.344373505974531369
0.338735436756734287
0.321428067828691877
0.315564195374372358
0.307294580148826157
0.362733207819320835
0.30162569681678908
0.293415026223811604
0.334463310816943027
0.331581730969599753
0.339047845749847532
0.319970405890742937
0.29461567691085272
0.323753675894808801
0.282790411078240489
0.298343106048933326
0.337327659284324732
0.338800582702731612
0.28739497413908649
0.335955448866508022
0.314387853720889121
0.315746498996664682
0.291210793784147604
0.322700804751073711
0.320633949287393138
0.318401462691142889
0.328040113329694516
0.309836734907962541
0.302201422311866419
0.314611262628653965
0.312861826604987459
0.298155148090140321
0.320457464927324021
0.343145398895954912
0.29929353480113885
0.296414406064680502
0.324861142681049042
0.32793177951390956
0.323081008494173927
0.302232051468168339
0.330183694038129472
0.320458582675210213
0.348467553675643693
0.290919179286093343
0.345289410450570877
0.296873880505893584
0.332308652693909468
0.314706976267058902
0.318694891586162543
0.305193702049967319
0.3200462930490377
0.339526226641163886
0.330906576727789947
0.326718933929062039
0.360886304786284029
0.332526606398274416
0.310852759343459129
0.299178643660439836
0.338534191914629079
0.323298731054187216
0.297438506622005661
0.324205135429687097
0.303941450359086485
0.333620262653710642
0.285035776533529295
0.328465518103809917
0.292309130212497603
0.339796750991905594
0.313575436130488439
0.375219746296774403
0.316644631871888349
0.322056787998873995
0.297327997710348846
0.318457263875829399
0.32321192977646096
0.359540657886385118
0.276924861111134846
0.334025657318284097
0.32595153064315413
0.296359241243112859
0.334645371470998987
0.293096611735153501
0.330062694070325513
0.284694343350629431
0.322105240308868668
0.310040733874170582
0.330026177225254291
0.326405896220181346
0.319382917003085687
0.311208637141787703
0.322723746292285674
0.326291251611593947
0.333655598601358627
0.309007645776512685
0.342296510286575706
0.327107457769492627
0.292540734700699523
0.328234537585859021
0.314929430878243433
0.353775177563703358
0.338090348044616296
0.315864797263627761
0.298636936945563203
0.298726045301007992
0.336755558816333123
0.307370418037692439
0.346885149909525403
0.319402520293437631
0.33822650517824665
0.320794893842939022
0.317342449438180019
0.294500029643007921
0.317453030270756054
0.324803158886393217
0.347898477537447071
0.345570007063281337
0.291268158916634323
0.305654978501266439
0.314214057548391712
0.333103578414231383
0.348261984947389025
0.315051460757509505
0.324834579961865377
0.359995699159732951
0.330839511140756048
0.306784670948956562
0.339657192437638977
0.287379141032553687
0.331771539892032175
0.330945512776870121
0.311613872289353111
0.300404942534849118
0.29237010443062339
0.322085003935287606
0.285839212306113533
0.329106987655208238
0.339289942015808144
0.292500888663548175
0.334877657091599779
0.314057733720159937
0.319622074360353448
0.323302483095591509
0.313952338509719042
0.300211916123729217
0.303520965693337363
0.297820178114563683
0.300771983186680081
0.30683664419770762
0.326341772029244193
0.344371048884569764
0.358710392037441761
0.304164336520656331
0.313899295795484146
0.349272850453514749
0.302280148115801783
0.311310103500270718
0.322539402057768543
0.30595229052380335
0.317019954622304423
0.332872237174346775
0.323489940354487304
0.294646363112943455
0.302132961039122849
0.279492840641187235
0.297218257700662791
0.323111421429393531
0.326816023498468167
0.321574118866748138
0.333305672900544081
0.329263880060700731
0.328614908257714777
0.348539691774460092
0.350093241493135143
0.296710254728400902
0.310390987121644202
0.324415711036304122
0.310366723632377384
0.307213050589401626
0.326975385750966074
0.311642180895501775
0.335890882648162525
0.336646229421368015
0.329265201190969303
0.286438174243096644
0.319983878976908775
0.306108467352052327
0.321312134070277255
0.302721702829272132
0.310332486901018001
0.300190599745822129
0.324343303155884277
0.299354031490050243
0.323883107480221866
0.319506761674063611
0.311866658085850124
0.368373755340948461
0.307754338360052115
0.341635598893974712
0.320984955235878278
0.302549981219209119
0.350345255302549452
0.3060829311593668
0.348399849631273906
0.314115355089036652
0.319829502437491586
0.297323457151710768
0.303693419734264003
0.340752851404814039
0.287505565568266563
0.331242148792191826
0.344232440717194998
0.320680233146786287
0.326468113309103192
0.302808794452842978
0.30158638529841536
0.307159699997351376
0.327957767841207448
0.329473694072031031
0.336886652591254721
0.326908184328576323
0.278956619329977618
0.330356803062459847
0.285943246645648796
0.303534924990044419
0.314005119577041858
0.306348972692111754
0.33347418569987064
0.307099995987334895
0.323131953122220816
0.300131930955637172
0.279676766781043196
0.308500143418114714
0.3254866613170182
0.314526013668853743
0.341215600342731351
0.321791093562358077
0.339552566524996213
0.337844145464109735
0.318685904309070844
0.301752400827260459
0.36219758544921199
0.302353588809526175
0.321595366483320044
0.274827513701130677
0.322724185644481798
0.329414112105655188
0.308294533908481605
0.307969676014769322
0.356620334966186558
0.301523220300751571
0.305338103116428006
0.282236084518997232
0.28947065161477098
0.304205311615558305
0.304684585264148822
0.345598545059190632
0.299872885481136719
0.309231178331609236
0.296071008992125795
0.330000730613869142
0.32751104410358467
0.325944800953539504
0.338603077113996676
0.363181502974331716
0.324299895502233537
0.313395138948238838
0.298656791066886251
0.332253946411395995
0.313562106095536308
0.29429725670778667
0.325283349797947374
0.323042493710333112
0.310883761852817797
0.303577622666845515
0.298295679584961559
0.338484244201050943
0.327094235093766394
0.336702120664351345
0.322726867979340082
0.318194511610772002
0.333394159413465563
0.311676645866747259
0.331015889969130839
0.302448897001420802
0.32682695705970366
0.316054316936254132
0.307429656932079576
0.333312454911976752
0.295753352092201105
0.319083904575801658
0.325369725432863521
0.326105345621269027
0.327989320485665092
0.326212302984178359
0.297509976428902645
0.31656670957731381
0.291200922747151869
0.35158461613176234
0.296010055996672239
0.316396521431339894
0.316879588354146369
0.278179227581522248
0.311895292367245502
0.311661318129508202
0.280380996493657775
0.303706659299654957
0.302258162290153953
0.31148690368046128
0.361228743364962468
0.307824028853740772
0.290758481740653385
0.318839700435506634
0.331571567265767475
0.302010826988907188
0.336509506424889249
0.334333701193770205
0.318057733097035278
0.297298272313627432
0.338495541612162831
0.305048622519912382
0.301171476045852926
0.346090276163514232
0.285750724334477679
0.328583095992333651
0.331963630071380356
0.310832979603753723
0.300623559065620438
0.276870203613638788
0.319022588917076355
0.322159622442645011
0.337736136515647267
0.333840819834582692
0.328708048944700515
0.286276853350501015
0.31526488745205461
0.326233885878806362
0.285467610096490798
0.346399495442882344
0.325422958792415229
0.270292962022279371
0.281383758429940345
0.336072609588105142
0.301091059716411813
0.318776247815623304
0.305763316918773731
0.374257396711550061
0.352829963751667697
0.325863069114542381
0.352740489168678839
0.316918761138756111
0.355681228832574636
0.354611232843551949
0.305311283532685218
0.348770610295986272
0.307499568939674117
0.310158560237877023
0.318999701094789478
0.283197971443848839
0.289133660747158239
0.299083035899784466
0.246586053182257847
0.317968756864862423
0.337517033970291036
0.27765317120703803
0.318893430770757491
0.312677275418694389
0.342182520180758454
0.324952388724867369
0.351528962796600897
0.332989596812100941
0.294561975313702429
0.333217366793424064
0.301603755195514855
0.33720031759730229
0.319949595318425262
0.326169913329760308
0.327229050319683079
0.33376762468662885
0.304932282440728564
0.350616805233720019
0.314122297809271811
0.310881253157724746
0.286229740994049797
0.298077213833495114
0.304955867699290062
0.305296954099313289
0.325671106309433633
0.318523970534116074
0.35227722917152271
0.264390794671843399
0.299656248658077107
0.352059369172931569
0.313006586108897644
0.297006443046996527
0.310255884124106041
0.334073887786440538
0.341844018467152733
0.331023846321298554
0.304127977457659682
0.316542861562745692
0.29585100115160623
0.34584398978323011
0.302052870212047742
0.317219527788992317
0.3041059363728284
0.340462039041512066
0.306134219410497899
0.301127385605217346
0.361885610933466106
0.317798984439121968
0.32539196309730567
0.324555340968036621
0.295652216564931347
0.308221404551430489
0.336657340806659766
0.32520860161360482
0.32862826252721139
0.340824515562865304
0.312559128685545362
0.318284278623282513
0.319670458842964411
0.332063437931566896
0.350448953100242322
0.340018978851244214
0.344104957504240916
0.326816157348968683
0.300695410967777577
0.367769464477804231
0.308999212331552586
0.306436070435173569
0.342751100029617894
0.313940443716628936
0.293900635445800862
0.269508493123776227
0.324905770516117909
0.276000731180119474
0.344664492752819629
0.32342583583649992
0.309015392414890344
0.311706038046367651
0.305056616870298392
0.311261993453492425
0.2664599053425874
0.306885068172206066
0.369076467495551064
0.307107231172112638
0.334220268039876645
0.327867453023929722
0.337232455880714654
0.323308890105046653
0.273818666002334843
0.304485683368226068
0.302114468474387721
0.293765456440184591
0.281420496651428764
0.316184572611737269
0.337820379860368836
0.308616693049918067
0.294289617870831799
0.29205944361110675
0.331056277211265404
0.330869993066381152
0.347019123282153119
0.331870918410990423
0.307755667691674117
0.306900933397515341
0.324652085734852214
0.322287451314647144
0.276890605159986425
0.30512977277289316
0.310270564360583145
0.309316458702344865
0.314784970108484552
0.296155096350142921
0.290038482061260428
0.306508678189532591
0.347123972295934002
0.307583172381509062
0.301546382421022552
0.326931669817363046
0.321501952212173314
0.324213102757124949
0.338804227175128425
0.257505232391601058
0.321210268880052607
0.328610240472452242
0.308847670689531839
0.327017498573572762
0.312564053127550312
0.310114747764739962
0.302500467333283896
0.303653743461537895
0.326786843310173825
0.31864387841210684
0.322977587409309264
0.310922117714478197
0.360134583809946951
0.321162656533269475
0.296582433470903906
0.291877840884035178
0.298200834049546226
0.32885061572401808
0.30740499874257754
0.324322586017680436
0.328017869169534626
0.316945478057458596
0.321414181863602044
0.318789020630556585
0.335779472460896844
0.324529816273311567
0.293166569011412581
0.282649802760762014
0.310022706430312656
0.281834239388464469
0.301147699650087697
0.30033924835783038
0.315145959620672322
0.3564299809926606
0.356196573378073866
0.308451577139430944
0.294844651133159719
0.314766226448450148
0.313102916928300889
0.307957245007468738
0.30965807072707191
0.310711685748347732
0.321235617570662269
0.327536202838342838
0.294738389340452656
0.292306189174272257
0.261512798750209385
0.307463217262156085
0.328698441506673933
0.306264427062876321
0.323231138276180552
0.34609685159057485
0.335870025900807334
0.286284297426387113
0.294044298801818926
0.276271471739527708
0.319193090150306225
0.32911465240554566
0.330253965038359687
0.306570800379662167
0.339276599934009104
0.307894331186212233
0.305309542629036257
0.324071839427897912
0.304010929261621377
0.330605946608290291
0.316559674976078176
0.279175750646521614
0.279060408328071496
0.312077141047680584
0.356861633811044521
0.300302886132238323
0.319655177246786437
0.343900368640016496
0.321167778456374509
0.32568369065980729
0.332545198518620133
0.324763849531052973
0.329752065789355175
0.287010444777938689
0.321789265858047902
0.324364805656402966
0.294121500372061528
0.296671427553826805
0.298151135967049064
0.342259520442160015
0.310641023596576249
0.298902282377597139
0.320912442218568683
0.299865288559601872
0.331362993939162354
0.298271213632861687
0.33471182144991557
0.32468800855247304
0.313101924650585339
0.301559773460720659
0.320280662863373977
0.319700664338656126
0.304724504823653264
0.313375827449482669
0.336164513222766248
0.306110691483204578
0.337748903118849531
0.301312605109506582
0.31119686267359653
0.314257981470399239
0.280075952784962501
0.304130526405735291
0.317028410398868254
0.268125342256999577
0.29425784523049614
0.311350969309740433
0.340197805792402275
0.323248753727955696
0.318506181317806891
0.33241451183589571
0.306973742393246041
0.288714593454612256
0.337582247172074246
0.309080374412146919
0.32702943360884601
0.284330054721535164
0.338817173350972667
0.301818461931669113
0.337434702305546397
0.305664059553002077
0.344169557539946325
0.291146915244409443
0.340219798580642663
0.30918467246217024
0.312336338978641548
0.314926791921158578
0.295570930630765782
0.333639643995249924
0.297832781574448258
0.321209506557915303
0.321901399785826825
0.319740288193864963
0.310423747090260771
0.327137198900932291
0.319906763154979845
0.290483133370724733
0.272105469573533931
0.312565406424377357
0.306610730695662359
0.292150602582120111
0.268241592756564395
0.289436883752972052
0.265537704880148773
0.311751500595196351
0.348823779560617386
0.30328888034215512
0.290155744085231815
0.267827329130366387
0.285643819963321888
0.300916971441585523
0.301981710451729446
0.309827207883605182
0.301749816242118551
0.309727291252760384
0.320755769511109012
0.309433109424467223
0.325662599094710126
0.350593036517142409
0.306412384468752075
0.282591815389734435
0.282557482215609335
0.297859298927832639
0.330441228585979296
0.291570781701743997
0.323319527958244035
0.306533195793091906
0.31663247938825767
0.325349225721871027
0.326778108614173224
0.296567407598393062
0.287691173993543103
0.325300309536308063
0.284647961244960612
0.285279263054257548
0.29387907151916659
0.314804032593984873
0.277436500224942373
0.2882183596509173
0.285073191080674415
0.31967072575205846
0.305594366301299047
0.278376056196936339
0.321349275254814715
0.269952687893717236
0.316624155755966363
0.344092159885303395
0.280513832112718853
0.308701398740525046
0.296395521050670574
0.314075632268286054
0.325188452836452702
0.303200603943374558
0.318064983791690736
0.290550170981336231
0.293737018147083973
0.336178490508267758
0.299501368743876284
0.277298026816997223
0.363662025606320105
0.313975693934620215
0.282644144318173862
0.296248841548051201
0.296172337674980524
0.287920148209663163
0.276805962226421121
0.295820416456763824
0.276938014030904456
0.319858426247941918
0.331484511031612361
0.296889177008566707
0.311791649269173021
0.310985621731146966
0.289554792457794863
0.288182432464567095
0.285245125755951512
0.331318579764608656
0.348272651504265784
0.312972267326918074
0.317568992997029564
0.298681804792355454
0.300616031279400175
0.329520379967635502
0.299563013144636237
0.309241900983719675
0.306324739601560203
0.260762323858461986
0.307294668514447811
0.313914774241200178
0.29191527070104728
0.307939975846699465
0.299905506191999904
0.314477672532010533
0.320235509714673627
0.326945025957835089
0.305993490611906838
0.282401386958278544
0.314180019859499893
0.330216261571477376
0.277559474842907161
0.33005678793492127
0.316989123507282644
0.324876440942845346
0.293935370450498223
0.317064434917817994
0.282498919783633062
0.319509288845304107
0.318154702792940391
0.330103608939183113
0.338085901002780798
0.283975378282296576
0.274583180961683493
0.314982510103452185
0.333986477411132632
0.315715477879048356
0.25330939781635875
0.30526112463995686
0.315850090301015796
0.331052908338267171
0.278196253773802027
0.308078596728830922
0.248741706119390948
0.296428351665284584
0.319861447110363517
0.305507117521901683
0.342721101803982631
0.260591553468300152
0.311861703165393911
0.297804896191325053
0.303002478164490163
0.330466308214193649
0.293934612869995837
0.268852397156755518
0.300416105010005985
0.339291768334777311
0.317107942275368981
0.307755845615076129
0.31438006903508936
0.291778713639344434
0.296168396822348023
0.338835768918657187
0.283470769451948046
0.305084008721718591
0.307017256721073661
0.288687215198427438
0.312827087144578075
0.30421059995716021
0.307760134784595185
0.317617091164958509
0.33692944425959892
0.289623538275836145
0.300020231213332711
0.298725508704469622
0.307980376098206332
0.301952719486618282
0.325270871485139335
0.326688068626658001
0.30964657007681512
0.287651557647500167
0.319516848678997323
0.329535016079501031
0.305621539795420838
0.306992579599109972
0.309887753698952328
0.27774402466189696
0.278112835195865493
0.294258830358270218
0.28625418476721104
0.308651838604270257
0.299794532359159593
0.285287748382154704
0.283775998450066402
0.309742652800342244
0.274950234601978316
0.309161636040871268
0.339227055291857038
0.314318195987060733
0.289041069419954333
0.316890956138177082
0.281673603238814796
0.298569548751510982
0.297893363430543068
0.300775146362143475
0.320609772726191955
0.313272512823914329
0.330090715100161969
0.352979983207975356
0.321292727887919627
0.313021176683044466
0.303410744032907465
0.281627477090562517
0.30508796122702081
0.286402726954435083
0.299582875817490157
0.294118013581661897
0.273875380156086257
0.338708003156534321
0.279437857807955936
0.286976361218481746
0.326270501234926458
0.303825795249280772
0.295108584529991891
0.301699779607365159
0.272926802591468565
0.330966991028629087
0.317151382827498274
0.290827000125240487
0.266482751142356866
0.329150525365881519
0.269487311124374573
0.324722796811203251
0.296331893613858643
0.287935631448147322
0.307038647709590495
0.277760417044616403
0.323386552065678012
0.323106480790540773
0.283577237541135341
0.347105765010406631
0.323640567711837801
0.282603925925621891
0.320902300826629572
0.330493132660043765
0.324842489306757576
0.271899612474788777
0.317832365757181101
0.305256200803113442
0.306101553913289637
0.339083625866190841
0.323110159770336358
0.305075529458176953
0.30525640131589471
0.291796312586374451
0.292558595115980202
0.309661394680068924
0.306431689930260154
0.318800025411960231
0.286838745443021792
0.309166715992925223
0.29428775702903387
0.298755696951783278
0.30891724098172213
0.275927816873274556
0.281339832317659855
0.283165818823922999
0.292627292319178389
0.334170850469366398
0.310090204180632711
0.306088820067256406
0.340219543382556999
0.282603492132824263
0.327960721497769447
0.342816196765023951
0.29504854013524956
0.306813368015692589
0.329203734597013575
0.311449708661929947
0.326929436144544949
0.315241141079422749
0.272643866459031881
0.284994264486145843
0.329491781818838869
0.301522834261032935
0.282531365836465043
0.328628307338100112
0.305409635173575889
0.267847532638943675
0.322330983195544263
0.313272711766310941
0.306572300265126718
0.315657984747937492
0.283482883630423121
0.316443955127457044
0.304292916211875819
0.31331275303324263
0.322260885613118386
0.304099687861771661
0.317425982254567529
0.286098024518626814
0.305135024426166801
0.283511997176744135
0.297734416573469718
0.316674031097020581
0.329032698307865801
0.311112663331366446
0.344883421860459227
0.29766264666240505
0.285816148271610615
0.299641220619496051
0.29684522904264582
0.273215546546563381
0.341398576526424469
0.277214895405664186
0.307757686637000483
0.340369215786443469
0.356715583104325495
0.319732134331433548
0.324371162927842793
0.263799371320461051
0.232336402702808253
0.301894737151165105
0.297581203475066114
0.308243226685835592
0.296494574962605117
0.266873259828847298
0.301366189906288662
0.253962229021697961
0.283981123549169823
0.279233504360567708
0.291342844885977892
0.329663119179184116
0.305005835213961574
0.302490913981732557
0.278353810624413278
0.281834608241629536
0.305835491115072022
0.307090304846882323
0.291310505085497329
0.332738110234841566
0.311168165810466357
0.300260623987297748
0.297193879494611568
0.312683902687366844
0.352101785090739361
0.304074761731344845
0.295347678409414061
0.285579666759185724
0.282582511523944591
0.286013367217564762
0.260127574767955172
0.268855427718526163
0.341496064585186443
0.312813379860874596
0.274721134797478284
0.260215330077363305
0.288363314073158183
0.305321070156094165
0.292512168558283603
0.309213928708910679
0.324446270776039714
0.311265458585342103
0.336226880977897102
0.271839528337129044
0.28054940800156869
0.339273229000441823
0.300697411807312853
0.318288446857611207
0.28132499243146647
0.304143153015838275
0.288641692224783974
0.283311714268882797
0.283305264468998619
0.306082946959763791
0.269633272039313199
0.319079428017817246
0.31299594949906806
0.279748784706096543
0.277641420699143548
0.302315807537955561
0.313066951063227017
0.298298318276096597
0.256057795048515668
0.292427428829050928
0.270232900999598291
0.317478955811670405
0.319341870228290026
0.314038523200114217
0.310210627853504783
0.26635709537350255
0.316168827175731082
0.322570240330640745
0.284496296245633107
0.281978649905127332
0.27486049141693375
0.305466487769398998
0.290317993541752584
0.281307641784695694
0.299439947279329433
0.314896504710460268
0.296205933111154229
0.347799744144229928
0.287230549534971513
0.292364026770387919
0.322899025801832551
0.294219737508691848
0.305038433694684752
0.303065932930280724
0.330378586437879596
0.264813223962966249
0.283280915921825416
0.287037482320426585
0.309498420765534854
0.321623911054925216
0.342316251185529052
0.272730194819107874
0.295568460933424537
0.30990752876766503
0.270454290821490084
0.332491320284799552
0.289229729714137684
0.26238998096771371
0.281124639266555287
0.317495655291144596
0.288984011338225766
0.311162772374800167
0.309277806289616763
0.266089656659987572
0.35689377111809456
0.285622599941015076
0.309347230933882389
0.320988035332234134
0.29363026528162689
0.304520346637105088
0.307749037877268594
0.278864154961502908
0.296225884152930607
0.28939634755136745
0.245571731813368194
0.326185092482174976
0.308538494293626231
0.332165236920189733
0.309803109799764387
0.288361301599717901
0.285639980064400223
0.269137157294057516
0.29794387766461905
0.296720698878161604
0.320555108118222243
0.330261771257784165
0.30563543149227218
0.288502614740436314
0.304244456751681547
0.30275337230579813
0.285222041544297478
0.289838577044080004
0.295104828075930026
0.307968938055067587
0.31404249761991071
0.317569871704594719
0.284595963198735757
0.275670271354405749
0.311382952406539071
0.299473134369238281
0.274553960452475154
0.279551345804268381
0.276563061478009464
0.282803387246195637
0.294361140168051372
0.269792467888810783
0.312984421840458105
0.255443699129217383
0.299540589895180898
0.287173474835570819
0.276816078585608305
0.290179066059689017
0.289231231878960882
0.311022680650767935
0.300089560137339451
0.339994154512461733
0.276036563405824997
0.259675762620544648
0.310029780954615863
0.313107888255787448
0.312068059130759523
0.299706182130635601
0.302034523724582671
0.244151073742691377
0.268172729239347873
0.317990033027495012
0.274771531802335267
0.302446940388969576
0.279686613414188767
0.312114513199843124
0.276575935572314524
0.33803884419678315
0.273407299613368238
0.2843904036574737
0.285767086574157669
0.298511089502862093
0.30884165895468968
0.286003285284946729
0.301193258645046924
0.305426452606030685
0.340470573395835752
0.311486371308995202
0.257792854298145524
0.289375621173042274
0.260146608870741536
0.33558195326010376
0.292169745868967823
0.2752260704152939
0.278181644516969917
0.291406114523136806
0.265694069278071376
0.287077690543928343
0.273351938628294044
0.330980561137630913
0.270485430573492946
0.293867699574767938
0.314608557739938344
0.290237824001976563
0.27474871330557088
0.302369742124413032
0.293008659356574996
0.281673455238047599
0.300374694011671883
0.283859651469777985
0.323731493542047499
0.261724438365392775
0.269671514567522586
0.288607302709137981
0.292919500880775174
0.292044909573213884
0.296466724782544655
0.343030277319734456
0.3106055842038139
0.292136138353373709
0.259442895154305964
0.249915704844977271
0.273150329250290036
0.305316418400269685
0.272775870490443273
0.275357755198691656
0.309496489196871893
0.27844798044218122
0.270100306354600306
0.3026203077680511
0.28749037173603692
0.292697710436949421
0.27113408841724268
0.303892451890457771
0.284324237337288621
0.320411776856878772
0.271603665910511827
0.308269486051954256
0.305379401621412583
0.290699822019461818
0.263665123259451906
0.314123777492328837
0.306703453445645535
0.280674733500964779
0.265446832583365933
0.280671329625374388
0.289137240488910929
0.292858600302444538
0.25621726249794341
0.254381229264000364
0.283700382570517828
0.308359483204503904
0.28839693138289163
0.268974697839438559
0.273159775426587759
0.268911967447363065
0.308070092040402144
0.296752949254550369
0.295153441893940771
0.31743876025156581
0.271993845643302201
0.279609231943768244
0.29564175735178716
0.287049082415517132
0.270924149354531296
0.28362186549576468
0.286662816901461559
0.245715005334292524
0.281929340656543903
0.269509448717664468
0.343686131937076533
0.291138609873335008
0.290029856790974483
0.294317217820279531
0.316840709110294383
0.308112473427423539
0.30201663167363052
0.297883230312884439
0.280697168883042136
0.302783095740881192
0.299956879188658709
0.263700097738325978
0.271394261550857163
0.298313658562832484
0.310344680569619336
0.270321356722998951
0.293894954832687849
0.281129913638628604
0.286837963898388282
0.266954608633324098
0.277449491431280282
0.312328814004784017
0.276985501817718582
0.300067416151706401
0.256826955052502026
0.283393786041240603
0.270781224447686375
0.290637448781262075
0.284991691203780151
0.27162510642279114
0.308391715375960329
0.284644720287250907
0.312730123407849447
0.29592245752087093
0.277430052452589948
0.301584782342538826
0.297616130854150063
0.284503757266386881
0.287094205918654477
0.326408804989266776
0.309841085904149938
0.301449384450539204
0.277968283977343855
0.308478688753502928
0.26585207476342132
0.277450046236132064
0.281889311025108058
0.315971317769396798
0.297591004013014082
0.32481554076757968
0.266018537514162712
0.316486484231990328
0.313326961489685418
0.314075304244345599
0.275495884647523503
0.29622575226759279
0.245715454088410334
0.263458331399428758
0.295862866107668543
0.297416717256178964
0.33563461186576371
0.277983271341743221
0.278980185627603794
0.336073126472868688
0.284899214418720959
0.283061015199452981
0.30056864175999598
0.277188668677815275
0.300375452854910852
0.267018897870380467
0.317024523604463315
0.284455701067947708
0.250663558396659936
0.26006418261243619
0.285100975930601741
0.275795018877572129
0.282689915864787866
0.284578716860128811
0.278280081076559493
0.309753914194927316
0.299074166287876919
0.273615702065685584
0.240985433923187359
0.292759901658018351
0.285127477003709717
0.292337523697116797
0.303919373214405431
0.290857851786525567
0.325730774023829606
0.263602631521938635
0.316425919303487013
0.306876905102556274
0.263012080439448126
0.247919236421688782
0.297525281992633228
0.271226199524517042
0.286567776367959604
0.262268831073449837
0.265231124563945098
0.28458130817347288
0.289447055722067192
0.294077609278251939
0.30944233969386159
0.300780168747555032
0.302198109574897289
0.290360842671938457
0.274100955133598279
0.243588159504023544
0.277576900158127859
0.277072855123157047
0.292571263940512583
0.300525770448771379
0.304528824116159114
0.263813538820840354
0.294008711226779573
0.304025618372386897
0.261532323494103103
0.252079737812709759
0.317282666311243855
0.308283941622798374
0.299252216673054572
0.286709356953993078
0.274081679397462641
0.289265597158633703
0.306526488895250193
0.302481054032150198
0.283534122138346278
0.239184093713107337
0.317271276907892252
0.320483257545844946
0.261065075664417612
0.267220504650854618
0.27941963888471355
0.269613108524935141
0.318386466724640993
0.274042903784842473
0.293357154702076461
0.323778363431703187
0.296616573297350195
0.302469503362922221
0.276427177091379317
0.275461793206739747
0.242396388145120795
0.283070578468896439
0.28383273758510269
0.300015765142535584
0.269384812699826393
0.269789425262152271
0.292977143232901971
0.280070628770856977
0.30384672173977445
0.303382746467281084
0.265024060727639954
0.273675878692550945
0.263539882150764182
0.280614731979564602
0.316029910606112907
0.263940057594651667
0.247608181313376613
0.313032810290055752
0.273697693206535198
0.285678773739325098
0.28466099581122456
0.289331385281235587
0.282639723452696723
0.319919343322374372
0.300388014441008822
0.265859211897145731
0.303683094297076461
0.281276161534710245
0.29828110126726376
0.266751239921596939
0.248882433252840207
0.299544209807868167
0.275365045180407275
0.284669531285333677
0.260553406205734084
0.316555944486951901
0.27045453713744988
0.311386841717956386
0.273159346845591733
0.283489227165114044
0.292557815301733082
0.25419906737603265
0.300121743839376565
0.256001052551912911
0.28496973620408339
0.252395084142624848
0.281033066655984765
0.279618710038125717
0.329103362824073986
0.286494581915106961
0.252627893894480759
0.25325591161122496
0.289110685016983615
0.292705488266506386
0.251381738335895388
0.29194721608342139
0.253196275487764855
0.263021638291549953
0.323278935671272194
0.279490702522770751
0.273193340128851381
0.270340375824779711
0.268832691789088252
0.247333331684792546
0.282123399975047429
0.276366773665636334
0.268263642568101812
0.284053024537407606
0.292492843374859979
0.288121638506582678
0.287453237508315362
0.297477193856449662
0.287372398421102015
0.288111019546878899
0.269401168890226028
0.281740946589508601
0.289802072669840149
0.278323404460048995
0.266262852184324272
0.269004726373508862
0.284588983618570601
0.295443996488420624
0.322900525350208634
0.27870490323124969
0.295252530596882001
0.260017021028055684
0.30045428799730628
0.29893282425691986
0.273815749195130687
0.241097045193149201
0.286733692886408875
0.270361079683322458
0.292727414853319545
0.282687425878185739
0.277352888948258158
0.290222512550962986
0.276040940333587226
0.280404925887125622
0.277069282830602504
0.255671138573904055
0.309091065508818152
0.265958407207075309
0.25931101407830115
0.274707985261460563
0.258678116782702805
0.296120966609314362
0.286486542726334892
0.289747852035004139
0.256831037509570037
0.297561921185269751
0.307055923756242355
0.24866159892250736
0.271300981442197275
0.254047498378248582
0.286741740655893862
0.254120440758524357
0.263881240102102455
0.263011223845785458
0.270351113911458829
0.263432250035856019
0.276232425202072973
0.292020576534082088
0.285985289690191269
0.283634965284281282
0.292015812003633024
0.244222147261593303
0.313312167923720075
0.261793340132045083
0.286849028824191332
0.282640454422385723
0.284868205545633413
0.259449723224408069
0.269549461732678131
0.273201358166317743
0.249622782976233221
0.267693293301348945
0.277258049221866198
0.303470168463318868
0.262865554117819644
0.292753639773553398
0.260943728812622067
0.27198710807245785
0.283134014737764839
0.330096472700727395
0.27196518732535363
0.237425671269251237
0.270698472940777035
0.289687658311996554
0.27658969734799832
0.252042052763562452
0.269775986122862743
0.286574215515287167
0.303268666556581745
0.237472603297954915
0.287765267686253989
0.282003737027290979
0.282173470539337279
0.268377301975193994
0.282166917534456219
0.298352562496220219
0.284692258108848906
0.277002486951338833
0.297550760935204384
0.298563146166965443
0.266562241732086647
0.256443724651557403
0.303410469762065038
0.283343675394922834
0.273992803270015073
0.244200317065898426
0.262315596522433858
0.263010270711630856
0.269584781207331536
0.299534071460993201
0.26871716189465511
0.2817945848864154
0.2993849702709242
0.258179860414898044
0.27123365188923404
0.285922376296300629
0.298382518210958236
0.258639337106486178
0.292834084588880383
0.23647719084656954
0.292407168625701819
0.276162925298631845
0.25390890473039962
0.281717139068785649
0.24200966571460969
0.288020100096976206
0.274016056815276299
0.240012181443953643
0.283770216431970479
0.250661914565937616
0.291285595547959686
0.278954329003309465
0.290854056571590192
0.292679564726537
0.295527152142576077
0.291515231661372443
0.283782165845557321
0.275795782619343677
0.266840989660902583
0.272002841459815181
0.23020356839811873
0.2617246557194568
0.288393406632849958
0.295096991357392313
0.289684427375971498
0.263855384364074075
0.277648203787234704
0.284264138187344917
0.262589843779523768
0.269555238872203839
0.271928901213144336
0.279141125218580199
0.239229149752412107
0.263815162230540912
0.288130684318249342
0.26761260453387542
0.253748290792536302
0.275261086799599708
0.266918413945559041
0.267192140377340792
0.262075429668987336
0.268389660571085931
0.248718871785053836
0.271852483771698239
0.262368070175547807
0.265939968005023952
0.272018173905644811
0.291984158136813776
0.268609395992114641
0.297360797930366516
0.243270786082157631
0.277842769998027372
0.295041434167158168
0.242252499575518587
0.251336455218218846
0.275825357832980067
0.253966315591849512
0.265944726025589995
0.261538797629143116
0.270694941788930998
0.293182667726945512
0.287715892482392877
0.282198644215575667
0.278148388546462955
0.262093899856690515
0.271412854050832597
0.263364006874352186
0.29005895719238578
0.263762021334528418
0.273596434400786126
0.25820867354714816
0.296614763574186813
0.3110197740329117
0.248030435934349758
0.281588524723227984
0.263804730807696175
0.280469554257703091
0.279247216423717026
0.290950235390606937
0.250745314659002572
0.28360349887627595
0.264962177056202397
0.2773628211108779
0.274283189848383069
0.239474825395012858
0.304032203820264968
0.244920625043317297
0.258039777967834505
0.251679830191126996
0.243898067620724135
0.231480942348651408
0.256746450168857221
0.248894585277929847
0.253690754878463987
0.27940817884168534
0.267402050625420828
0.27850683186191405
0.258997925113364613
0.30170127527742796
0.239082687354822909
0.271931895481316799
0.295416764472089088
0.276597749148340233
0.28587419845341222
0.269199245699183631
0.276352918513357415
0.262755534477393582
0.259041315677788875
0.28298334255253943
0.270066172200773447
0.236023602558257412
0.265878884554478112
0.297942898953178825
0.238745533254688669
0.26828924136114729
0.278482015587026233
0.278042168971032677
0.260103744486689825
0.266811824682260168
0.290297961971064111
0.264377214180639419
0.259082842473760233
0.29681249333915366
0.226711128556016439
0.256271760829561601
0.286885359721662792
0.27418096372285139
0.232781722853221296
0.271092975797178892
0.245538184803902271
0.246809153654129254
0.271112420873906301
0.270007793237933502
0.272280692312252992
0.264495218247341068
0.29342138775345733
0.257552709068244234
0.269537267066784603
0.270788952422961915
0.296146688343938758
0.322379513135416518
0.268302057514508252
0.278717737712871949
0.274089054513005914
0.30601358267205625
0.229139474382387964
0.252567089316192483
0.287553176596263005
0.23987440114987657
0.27639248866705618
0.237249863849683107
0.299031110092471575
0.249314231802637148
0.25227758388331506
0.29577827165821563
0.296787854832620601
0.264158357311478853
0.279036624139172018
0.299949605804097075
0.252088863439507926
0.271389476644307293
0.270530236620462383
0.242543188583465158
0.251116763455427772
0.251421029195423751
0.286399559354994893
0.255792277189820449
0.270885605261456774
0.260492070327772274
0.259350093824715522
0.281314636598080314
0.293232750368506878
0.270530791217462985
0.258675747158748026
0.305394532289074483
0.255484396291168592
0.269205825368023677
0.240402189871383454
0.266111819877556999
0.254844690489281323
0.286792533544244499
0.228350680123616923
0.301867925566673745
0.285016732308771281
0.254096885261902106
0.295823897808867364
0.285891842790469863
0.263184582650229149
0.235079142688582432
0.268803826704664739
0.238650665180799554
0.277993049236481604
0.278441973630455919
0.265230782820266575
0.259496073879847466
0.269407020127997221
0.283716778112974688
0.250968916059535085
0.260936978407320441
0.2525036355303103
0.285689241108466385
0.271731814106349445
0.284424080933364354
0.295725055351487132
0.284038628288670658
0.214241133471066214
0.27190240010684269
0.246074077059898338
0.264747180004785365
0.252690484199709242
0.244761989937267666
0.268600537745360635
0.236719323467175502
0.276713057266695761
0.275907069733605625
0.266939490102227839
0.253832222108796468
0.267467106554202805
0.281623418524476699
0.268198881330440675
0.264404956856094331
0.226619800581221803
0.268480809963634492
0.306593347527484239
0.268376061850712611
0.257629023293875159
0.27331385287271559
0.219027841866686918
0.281490581139776486
0.247926077383042537
0.279587862842070711
0.257631062988023241
0.204108715017575826
0.284892741242034842
0.260561209076001499
0.305358288990473681
0.26356019992826718
0.299162840324913137
0.271501605320564832
0.271337711605309284
0.258441461989982746
0.288807496151762155
0.232016136441450527
0.272275276113305598
0.245161325616249731
0.255817885764847708
0.229781695759616239
0.271199494236199101
0.278078216664960687
0.257619194373173321
0.271022066959747843
0.265133813253589479
0.246432920340918488
0.269524541513737781
0.236484915123666012
0.266376417908720464
0.247536481304985567
0.274679675147916247
0.255729838362880602
0.260529359527191473
0.255475782713729727
0.277095436741743251
0.253607951929890718
0.288119734727959764
0.256090948700030741
0.247379444985511204
0.298118636123526903
0.277274532610977953
0.219503531174261107
0.245200038437581508
0.233451462890018974
0.281913517345542319
0.268978310459584091
0.236188023128783314
0.269116068138139819
0.249784569474849921
0.275435343373132413
0.215022125642979234
0.231482246448535989
0.253193834984080768
0.280857823803415008
0.279266223594304586
0.242336821189003709
0.267019732247691433
0.233202235874344826
0.24558058946503894
0.279569498187517085
0.259558888030656132
0.260017618771288039
0.236142134757417077
0.262175672171822027
0.240267998662667792
0.251526632514954385
0.273439275350174094
0.220556243907666122
0.23994137915531244
0.243134527981522575
0.244367189251848804
0.24881062896424358
0.268560909982819451
0.251736949042855873
0.270422118984061544
0.263280491842626641
0.251205115697387182
0.275198797090870972
0.224672033649391006
0.227237856870895621
0.226568445373389576
0.243356042987744603
0.278202498156384759
0.246375936623155711
0.268519623753233905
0.24226670836884473
0.283936902118958223
0.267225178447506595
0.260449044659029461
0.241464830311857837
0.254415751327843886
0.242249405905762216
0.22121041143100445
0.227032382376952419
0.262181801548821591
0.249720030289094536
0.256960027901441179
0.243779432220776748
0.242673854454261456
0.239490821935110842
0.267133401043472607
0.254208504971669691
0.250174034104203413
0.257856004182952347
0.228110824945419399
0.268823956529785524
0.231136879018407737
0.219096628964446677
0.258691334829419195
0.22605746611998126
0.254755493593363025
0.237505204563842692
0.284625287194638199
0.230285824786027216
0.24050636179329718
0.289435292170225567
0.257249365488778414
0.195009824491198802
0.257046194603036848
0.28539942792773737
0.235730482501865124
0.249535584843862929
0.271133218509887475
0.290252093732225935
0.292557867067026356
0.261798515451269642
0.230832533580701715
0.265737901733857529
0.28240294309373043
0.230857247225756901
0.287031026537120371
0.243989259425414773
0.232249494381492616
0.254101846435224821
0.272190556073467982
0.257193080434686583
0.249961139645781844
0.262155029017076047
0.255632347123322945
0.238779561390018658
0.244706042652316824
0.24786716775197512
0.219527427371386946
0.257230118459482959
0.28054474104897803
0.259394874335703352
0.226911527321733669
0.296055149973363241
0.28072268251664928
0.240047690269158925
0.254484980732788468
0.272659313562610306
0.234267419971643825
0.218448144857752768
0.254199576463189025
0.214364383603875996
0.270856719355198561
0.233687669889421412
0.274383031041974035
0.241251336487386447
0.20791813615334126
0.209327245961208497
0.270516642438424659
0.232528362523377163
0.231557982779286603
0.257614958722013176
0.229252523615599474
0.246330434516345675
0.228881358359364628
0.23417898520247718
0.223465496085706428
0.239856076480384817
0.25084518092276048
0.212442643946998549
0.246140772586530387
0.263857364309966202
0.254531572603474865
0.212716455285750117
0.21922111490152496
0.260413085810699108
0.235129760437412405
0.252602837893642462
0.253046159208405841
0.219786485830390621
0.251283861406618625
0.242516786314786154
0.27441278271608821
0.209404400287794057
0.286209137014795778
0.254526006476542555
0.209722273167234657
0.261933603095330703
0.277628367734876869
0.21309019522817213
0.239877655847546334
0.255882512098101755
0.193247204606655149
0.258045492050285263
0.223966866523865105
0.252651991066228543
0.230657832749132014
0.213829107910582239
0.25761656394105753
0.224973596825155109
0.275402618122251475
0.249281408717204972
0.264682094534003098
0.236883117609498844
0.256700889824536482
0.208535268488487913
0.253920135881605946
0.257462947055099867
0.221906966807895734
0.224997318418844405
0.247198611873250568
0.250749063860607302
0.271436832385625604
0.259823971114051755
0.232945678205689455
0.214979855204055048
0.220964355224319897
0.24593207789544827
0.280116732304773963
0.246231605551426896
0.244892388018463025
0.212401962011564638
0.241107232832089458
0.243787654801710718
0.186134178492441932
0.276362464237722094
0.225921707677368994
0.259705857834218401
0.241259430248249362
0.266266206246844606
0.221464612527473431
0.265264560130615223
0.249192175018630002
0.230457174293187572
0.240594313812147631
0.246689685761613042
0.254218933757676679
0.263768653879998038
0.221202859840032073
0.254751853749839441
0.27521058647284885
0.222316303892607287
0.195681958814376195
0.203505349761472859
0.255528702125421836
0.240616028146523525
0.224244001098794776
0.248750881350670416
0.257729920553284531
0.222828572000948744
0.221674560931936576
0.240468173043549366
0.234456135838485707
0.222746784630029032
0.245707611392981751
0.226246362457386246
0.245720806136743491
0.266982795167310716
0.269984201861188766
0.258446652708381519
0.236267483144669777
0.233730528885348898
0.225278868453203357
0.22946616888487098
0.239507535642306368
0.255896052931336271
0.197774215401090359
0.226320330960159188
0.24328637156529534
0.247964472413261083
0.239989059486136108
0.260036134605479863
0.269352192396798806
0.186128044659121306
0.266141409234019022
0.234167576873535482
0.270782700433556123
0.257128203996736249
0.251456897022171055
0.217065626919144161
0.258330285550496364
0.231155595722919438
0.245349255251553988
0.240980273775682735
0.230565143201492212
0.248160714015652095
0.222506795333428098
0.208499934109056012
0.24839788228500792
0.228861903737708039
0.236480428705193479
0.239212707363180732
0.205290912422586069
0.251102848183709815
0.190953509792343074
0.228232377145461129
0.214490020448360214
0.227174807487031116
0.199168314131713486
0.235253543836657003
0.215905879506927245
0.234309276215291545
0.218243636905235266
0.19331464136617979
0.248065652117994639
0.251043684783805288
0.241916386575543207
0.241214182830696927
0.235555912767154652
0.235002790102536552
0.229198056530627275
0.25542717485204619
0.223341471835325239
0.23800891009472272
0.195747545965125613
0.218324483199908631
0.233070224134662052
0.246275475678718103
0.204263239283657333
0.211120411558797932
0.275883462451315453
0.219911321656598713
0.247515780032307786
0.214529694493983958
0.232290905009933241
0.204797976677140114
0.230921075004966503
0.215826251859568524
0.222536482537908448
0.213122632325027817
0.251759204152916083
0.202732984003553524
0.235242968680830139
0.217301462779466936
0.222725709280139128
0.225561548503171921
0.244509677911199624
0.231399105038607944
0.215546541689292909
0.205069218334985093
0.21063677555175922
0.239699623431483266
0.196474382144393528
0.257190991876585784
0.263434609713886936
0.263530324753710743
0.20135243711485637
0.212684152929101894
0.233781981170560538
0.246482892308702517
0.223911486043260971
0.284203046407628723
0.243119517436729438
0.236524906042272554
0.233711690253010196
0.254774256279980238
0.248087533021753681
0.26369230415515621
0.240225896075928341
0.230145067816684423
0.229357123996184187
0.244203842561447282
0.245467916947720355
0.224467944973349237
0.202083297348028684
0.23762262535189238
0.232614788496787656
0.233350346634362243
0.232694072038216987
0.223653021558478687
0.239168037544830736
0.243483403490793837
0.263626587776238264
0.216544972905520605
0.238107782035260451
0.207609747941901013
0.209143514377880479
0.220419785152480036
0.210062711562781501
0.24014922014340126
0.202480784022840199
0.211700841781028715
0.202621575256954345
0.219746974074129436
0.235119658310935481
0.229981966330790683
0.225571289465151509
0.227081758024372665
0.219354198114476068
0.242329198432439857
0.218798478279627201
0.261855931434540889
0.241261491332964012
0.203531634504507397
0.252223385693474578
0.233872336777551759
0.221373523281339551
0.231885997227907453
0.20840923267834835
0.268194196793190953
0.237554199219794288
0.191917585671365798
0.251341248352145996
0.192724663590338907
0.212929362346051365
0.241017077698458482
0.254110612095938104
0.218847889787368077
0.193788611471557154
0.249376143174619536
0.246652320619949933
0.235541715767165427
0.221020506487008855
0.253306845686505244
0.206985809965962886
0.198645220349796509
0.228215408133073311
0.240370434405586614
0.230795485982168341
0.219190881100371909
0.22898555148553329
0.23336120371763977
0.234654319384442173
0.237860483113876281
0.240973241556371398
0.198647765827583506
0.247581068457114861
0.227335855503518119
0.248406308305034684
0.221980563211682302
0.200143229674740408
0.207833012593508865
0.230828123331232815
0.23792444349457556
0.215932682775822782
0.246036962296717593
0.241424177357987907
0.236687274108935419
0.220608536032923991
0.238950717710322558
0.262751014005756289
0.247521959890617732
0.235665663001221215
0.221262473989803365
0.183232576124702756
0.197686519239361258
0.215282329560041341
0.218687440821770052
0.21273336580934829
0.234547617012182713
0.236606491254722606
0.174202437947181848
0.231726860947994301
0.233069624961164651
0.209071425311914999
0.244724926210621807
0.234252631276960055
0.20714791317808201
0.226856784438821346
0.262489035428357609
0.224824823154363612
0.227518364555133495
0.260752644684304424
0.238266286419187262
0.22123155177811582
0.201663197261291394
0.184185226037198113
0.208553682115965866
0.216724043165753222
0.205448576068199412
0.222970111945646476
0.236266879703176447
0.230117548200014288
0.251997372063908542
0.197851033099396251
0.21519333450905731
0.222844609097685831
0.203559858815734795
0.214025277663274782
0.220429781014871706
0.204640595825560934
0.244958482176228703
0.215799426483645723
0.237621247285273368
0.20022067523891468
0.211517734492223192
0.250684481246870761
0.218592323518356779
0.213335661952064021
0.20648670124931448
0.239481248311094852
0.177761519156019981
0.245532912962189181
0.209598205206911692
0.223345153596013285
0.215713032122333809
0.201686636380888767
0.252470180429410274
0.236133580601090687
0.208313538084422878
0.205234515449922134
0.233167026849255637
0.232387190778964331
0.195863946415098689
0.207695028087504091
0.224990234229160924
0.226612657620741897
0.22812525657065838
0.235206912597250462
0.188500118093983288
0.206908976494967811
0.22849830991054107
0.20085786221987828
0.246924924982780014
0.222533666177394313
0.234665478593325844
0.228786085184259608
0.225960452435689185
0.237154732566197401
0.225557851970005191
0.200501463871849944
0.207354735026676035
0.23918015443218224
0.182290848307428532
0.218200560143342104
0.172918369408132766
0.261820025528866851
0.216315454296380966
0.204170598159794769
0.222374650154005038
0.195844574430373147
0.232241198520061504
0.199628154075790126
0.213723650096332429
0.251044518267330263
0.197030127264607835
0.248152114069129487
0.208460858456154308
0.199336964757937662
0.2161190652167643
0.234351147611490368
0.194752848650327881
0.220957823028114009
0.235341812252381932
0.243981513726976851
0.195102519887816739
0.220180423093782135
0.199524846145966106
0.179870825479912733
0.232608445256090424
0.219353880899604087
0.20808842221610685
0.202367929217244558
0.201018773218714947
0.223580816153811535
0.191095342258286727
0.191823753910445288
0.203968045123789854
0.194612661409957061
0.213041398877217181
0.183077696652916094
0.224264346494500472
0.231525388933320975
0.220773327018188414
0.207244749392656885
0.236520911955782953
0.191936840546132775
0.203895706624187073
0.205912289417986893
0.201303215248456485
0.227785949959755124
0.2337552788719999
0.230442709842202331
0.204404962775821403
0.21667514706366911
0.218816014615808047
0.186927766801502332
0.234863218338201091
0.200343826811635983
0.20148431290870078
0.243757549577127558
0.209196786840108589
0.189726286448731796
0.209648551192767069
0.233124039279351936
0.234894678074059143
0.200432705653806914
0.218015573805458968
0.232565177580013882
0.187958519168299476
0.205028374069023356
0.207249872464829149
0.228683023596550489
0.234103812857381299
0.208772293791845309
0.174514496026490551
0.20563809452278331
0.186124762748904826
0.195343478965668171
0.248715147268338321
0.197757085411238792
0.225893264219599682
0.176923598604123572
0.222557645231974743
0.15899295862002702
0.197817796892535119
0.19573534818750235
0.185874420926081196
0.224034764925618468
0.216105976026764096
0.20305716273444735
0.21007788009846623
0.222957772902730916
0.238773772073265556
0.212117461088403791
0.208057071923029108
0.186967557480647278
0.227815199808248936
0.223699021399663023
0.174725081245415276
0.180009280521314263
0.20303469102534874
0.183416806382820707
0.196729278539534674
0.207160311270816272
0.216850819756792906
0.22763242753135618
0.213388473043584798
0.190670447803967302
0.207195428977619223
0.185982227622060375
0.220669788062184208
0.204156924396529132
0.228763118923596409
0.201081733990128242
0.245274018015563505
0.206516346044770288
0.204709757881004623
0.184761923382284449
0.191458730153575146
0.23043070772901203
0.230126718967305688
0.223035688794016002
0.238429385805999317
0.185768075016650214
0.160881856443243459
0.241699550941529506
0.198095405610678871
0.219512068060129517
0.239871570833167791
0.208958035752891125
0.22574003828051814
0.200854887672523408
0.19793212272435981
0.165388461961597677
0.185096916715117521
0.191745794738936798
0.190815233473718593
0.194364009742432287
0.159071630268486142
0.219795532150128953
0.232643698523401554
0.219840433552056846
0.211498333841167674
0.194138615926516211
0.207955282141945225
0.206265718449573754
0.175946153300587577
0.202585106454474195
0.205236540939192191
0.207088233749196715
0.190781391706050796
0.207368674812188958
0.207886850544484553
0.229425390336906287
0.169377791120502247
0.204311124505186043
0.222286630359755072
0.215682366677248771
0.188594801890843322
0.201792736136850642
0.224485855220485253
0.188840310319382254
0.237799423519998693
0.192377974939574009
0.176824140196175345
0.205961529365360607
0.167995314812841579
0.186931143540584571
0.17949888021708571
0.211067660117899181
0.201135919814613956
0.193432969376959002
0.227117452960881289
0.215926266857996874
0.219393070485243619
0.210753427727819242
0.206344331157060024
0.189912433998191521
0.183878378470052006
0.191730154149457543
0.206186627635271569
0.223902912867700171
0.201215294619321527
0.21908418686846956
0.210884506810261496
0.197446588761112318
0.200096542010192113
0.20837903308149569
0.217963606344095173
0.172198006979239399
0.225387028113299998
0.216827738607202086
0.205753634035322708
0.186879262375232447
0.212369600073818554
0.203252081488764669
0.189876240814426528
0.188460598606419449
0.198066728866822556
0.204986960167535648
0.189632069959890487
0.171777063292007814
0.201766521052698572
0.225277333402991858
0.172919897806364409
0.18311576791883491
0.236226502202629585
0.199935628994195813
0.228962882846718063
0.180997934003444716
0.209507749794030251
0.249617661119645506
0.197425958312351629
0.181181230722892078
0.230226114701272799
0.176165744806172059
0.227385811729391957
0.23454609538480109
0.194233923825953281
0.171853832144006541
0.194994613761531516
0.215680586323020923
0.195823242039655177
0.193791188946470905
0.203178371230758215
0.181207081575929546
0.186444629909653464
0.174764441238341089
0.148638706055422065
0.190604598052141805
0.181552573263833672
0.211332723175816445
0.184146774376263839
0.17962219756740555
0.196179223008058901
0.190655246843617898
0.19155505590475666
0.17068307873682062
0.216738685015373161
0.181182256510139417
0.218776855083108762
0.180564999253936959
0.162706386062566544
0.177883110787773607
0.213338323652798284
0.199017438235272959
0.144880147613397181
0.211003751203223067
0.190391741851961088
0.175607875860298052
0.158489776026196239
0.227608585390040724
0.185809543932726334
0.197228120207228408
0.197940948880366008
0.215548681821072341
0.208939789359067318
0.148270210029360527
0.1982466701436843
0.21470617716191967
0.177705029667027337
0.182119420076375299
0.195231099095382499
0.214002295161334039
0.196927676267635715
0.233708727767235447
0.159269023733308063
0.169429138811812735
0.188542583081796278
0.205673994553749878
0.175087543728603717
0.18676151015425127
0.207273131025613511
0.185510711484037277
0.152170639557391629
0.2093128642577404
0.215828817470699097
0.200879466594718725
0.201411995627288676
0.174686833895058652
0.227038251935453184
0.179471579971697187
0.216223224432089217
0.20294671844094786
0.220034034779520771
0.195121429942191754
0.199843151022723459
0.202010870449433777
0.180596461941921277
0.193336403122945311
0.197367666737037761
0.175652090343366568
0.167282352270658741
0.18268078485041303
0.195126438428603194
0.182867612025898851
0.222066509100143999
0.19954995455551422
0.266043840904282458
0.199788622103621555
0.177838418385283054
0.158536243440469099
0.205605151814089643
0.206583378685747304
0.192000958804065092
0.182910924547586728
0.201508939548141225
0.174916364491869702
0.184739479091825781
0.222981226564537005
0.17321577526543247
0.179973377379947369
0.180667757631641362
0.182245949224807441
0.162939307418305479
0.169338133804833507
0.160667029858324428
0.206748322280110114
0.202979357499855823
0.18373374450378846
0.203283507859087526
0.221437699522350484
0.180325269162668389
0.174932126533805909
0.189818311832464198
0.185458398367009253
0.192302220592376533
0.190501211065047804
0.15964088305482238
0.223840680318195817
0.195081779258373722
0.204751941381263569
0.223367457842408801
0.179582442424208455
0.198410229342453615
0.169117131496116235
0.216910275150737603
0.210051212761989625
0.16481316046814562
0.19440728522150777
0.16074202867559248
0.196945591849495477
0.166440422639078295
0.217893397221313956
0.169421810051240379
0.179288657274256719
0.154407992176105624
0.177207299129530926
0.200849919221275486
0.161270370888174946
0.162539243807147793
0.221627704299097422
0.153487230015767528
0.145713994924946022
0.191222707331754532
0.196972773736619228
0.165110140073434219
0.165556516858796021
0.203408076525921105
0.20065212899642032
0.174520203145097308
0.1904877578396664
0.183312085177396111
0.166152616762196337
0.151729269256736105
0.230643688418357612
0.177494970849309847
0.211943029766416352
0.168357229457053698
0.179443152749223456
0.252637861518606843
0.213455891606569248
0.18411034215224345
0.196171711456085612
0.174643949115514036
0.231737872954672353
0.177835494112415893
0.212479753388159526
0.207040080962790585
0.166959197175143736
0.168468297411674212
0.178818604715028057
0.152698005692284228
0.191951339139049187
0.188369788647448771
0.199530350550894381
0.207327607171925554
0.165983575650336862
0.198333387002819966
0.181735773618556085
0.177017795466848982
0.175756175825204392
0.176991699222453835
0.203811936133935279
0.181091470985609293
0.166146196545190417
0.192698495722733093
0.179751963854216629
0.168967256619327821
0.190872894108922941
0.146737107867478372
0.204042489601463123
0.187228738980597664
0.198992745335741739
0.163507113937064463
0.181220253292472516
0.199092290869189698
0.217289633097689561
0.201863749570014767
0.155339385458533819
0.233342782736468413
0.199638920914293749
0.183986687417878492
0.18079425523339443
0.190438173808487932
0.172000322587066351
0.184613364309866246
0.218765156052175558
0.144466744498788102
0.174300199710728854
0.177469873682002927
0.184359466466575722
0.17689395964028598
0.209420332404093856
0.183694487009698176
0.192703456778305998
0.213869300797833894
0.191440591853571901
0.200698274388278836
0.195115104050804788
0.185828937157864416
0.158630038324689748
0.192044765484135072
0.163921652856293287
0.162954774018257142
0.190756564422143893
0.176277498455441134
0.216259719995929023
0.16064413425918575
0.174553955810851508
0.18027560388771427
0.177868385520699085
0.174887655562635164
0.193025672194494735
0.168739735555281795
0.15359419713294109
0.14851096017064408
0.170832603596895061
0.186421522039927207
0.156466860778839062
0.145602289233677185
0.18172166955159072
0.167306708991063535
0.154588257079424279
0.160914147855079431
0.168235010248224542
0.15101336967989154
0.151835827676966351
0.187778679468820708
0.151047498592401047
0.182188505330208278
0.203205427797130161
0.181784784821303474
0.166178970827790706
0.22952545494243462
0.180047122438462631
0.122653204619904727
0.201381624450234858
0.185485470308094869
0.190252609130553973
0.175994300716522722
0.149539640564785109
0.178420562159932655
0.170617291525833742
0.180515649752552715
0.19318559217703174
0.16193404230211525
0.177359733935879671
0.170591342623407777
0.148076148409615138
0.188090072658625179
0.162063458350228978
0.180515485994927394
0.198939226759793419
0.216935196000246688
0.19032073458676238
0.201536497067301146
0.193795765365909423
0.135681216271028693
0.154614317034964421
0.161766652694548374
0.152259618049323225
0.148767751984599461
0.171221979193289686
0.188914916540319666
0.140052368374946473
0.168244640441845672
0.156996707428051607
0.215777477476344071
0.205443436436974047
0.148611054379905211
0.164862564694029462
0.173142251107135853
0.207459849783523553
0.195591370653474206
0.164224704497922508
0.195167958987556844
0.197281505861219203
0.188495236217454953
0.150803851285097906
0.151803982580733021
0.130415177128687665
0.165409861677236175
0.142342840827817702
0.179319467708750263
0.172650986968822723
0.167201962434766399
0.153316960552583342
0.164622953650761045
0.158200743114993436
0.115435659869860818
0.151660869691904981
0.140337382541738276
0.186542587597121556
0.184726191836449199
0.140271959606848379
0.177333935722923247
0.168343356681733003
0.148344636691798315
0.148443620256592967
0.19136755786666973
0.175751757644796724
0.17917125991841551
0.133930837121700008
0.135175524652349166
0.124457024275771433
0.135245481449816712
0.171512164947663193
0.167585185595922087
0.200731607811727358
0.138172891377801615
0.168759522398991751
0.170447371163432143
0.167272584357034404
0.16151915770704095
0.130853234389949974
0.180089390260533555
0.0991532416261731303
0.158811175190622766
0.180955765706307586
0.175844480458634989
0.13581105452052053
0.132507336164191525
0.161936112512885394
0.181982144519737182
0.171136508217704736
0.185354945848864222
0.142675676403610313
0.18389388231309689
0.13906625133214956
0.18481351194582013
0.179990555185545686
0.169451694087370236
0.150404604312428275
0.14016880433246498
0.197116742888442442
0.194354620397222982
0.129903360345701768
0.193571145278671697
0.203755035522685785
0.17093143020666593
0.173442491680343563
0.137893735660685857
0.204500420807944172
0.181630605384447086
0.172140195466120666
0.126843261000155472
0.154872136989897269
0.14029461386722647
0.169743095068224242
0.139655918065138246
0.174524317811526442
0.176674159499962097
0.198091935745243697
0.191718974312777735
0.16088099419918761
0.124790731464091031
0.148868869105808654
0.185894676927565006
0.126425491958124941
0.192031247948158151
0.136757797935952163
0.17016548833577938
0.153533961706726785
0.164517889393484995
0.1694895878677041
0.191297758147578822
0.15697508983052208
0.0992126516342658193
0.168099202381100515
0.159355598053617348
0.152583988494263495
0.17063564521747876
0.14181467306838838
0.155142064257575318
0.125051090711087387
0.155071792894826255
0.16761482705741379
0.155096982513642595
0.151194969386488381
0.173347556634718375
0.153206278580452243
0.147435836784678392
0.158319188149542628
0.155873206684392723
0.196193853682135821
0.143968333485529315
0.183861647318545485
0.171046627296264048
0.153982123007580296
0.18101841241528302
0.16455870290556035
0.144384952886639162
0.167512080710640304
0.14296632012195043
0.161853010463635205
0.181459350579252526
0.152455458406193595
0.195090036922407589
0.166198148198473006
0.157819671985812093
0.153021412690233088
0.161571762971176008
0.142768044230589253
0.144343305011207568
0.169845565128796533
0.166751999000949447
0.133545799317537711
0.157701770106860234
0.167244819011838297
0.16786126076247132
0.158656260838986179
0.119375749638316153
0.197984460200472612
0.165980101228084514
0.153482382943726681
0.160667067634830324
0.14679575980326065
0.16726882390056394
0.156670905936665161
0.156173760464571765
0.140515316244692962
0.192537141953886326
0.116507343625281951
0.162968791713151734
0.154654922799050132
0.162337917886723665
0.134829290868868246
0.184246320332404845
0.150467001062596945
0.143489157882277396
0.205195949732299765
0.152439960180768969
0.136023996169579608
0.149175696381622952
0.155786308058440237
0.154350368390943765
0.18110843280125738
0.166085706681914053
0.133466779493585708
0.16498031861430798
0.151958355579004833
0.137198634283406506
0.124260078756098929
0.138854122511275907
0.153717049298871117
0.174853203869431206
0.140485470910956312
0.132980885215970318
0.136167426349510096
0.134140855388208219
0.100919437358934883
0.158977915054274999
0.178939572714451156
0.163922492343102633
0.153348807901481698
0.14391558959069245
0.140800183891084896
0.109785630080844743
0.141764151577409597
0.140077012726497113
0.158260121509473661
0.154427707144828341
0.154678354323957962
0.168006995967388467
0.122412416737819746
0.144554450169795151
0.136869534050413688
0.123472960019584882
0.161551748185502164
0.139558333860584111
0.162961675268064765
0.172933455177776779
0.17289293445797338
0.133372568417625376
0.124067844132313573
0.155903727585307739
0.163454941652324881
0.142941409718603862
0.122711927022394307
0.15424141171911615
0.146914934020941718
0.136540841995911377
0.15392550573032121
0.148039592161095968
0.167278858933309765
0.111086314721375701
0.149861587582545697
0.131339424363064311
0.149653077281279023
0.143213422789430528
0.153652806459352087
0.125146953789040977
0.149129385084190047
0.121514175754408052
0.143013622220413944
0.143984909255209903
0.176839085124231715
0.136919259555947886
0.147658611439830501
0.138724951375705702
0.157491569282240229
0.139632281642315115
0.133231854931981308
0.12688994822858965
0.117692402503139643
0.112875261680891681
0.173441207159467981
0.133761853285487675
0.157299194182532326
0.12676614679175835
0.163129029068777159
0.116232231669091524
0.187160843930274295
0.130932803919016488
0.167785818447065888
0.150907331100942899
0.147658034745326655
0.13433737283347244
0.178309327832856246
0.141844249124917859
0.1666744231422779
0.163001965118205222
0.144330659805135153
0.167524488999666959
0.142661613888551725
0.11519976632305759
0.139023874889041554
0.126007498905078563
0.138238236862747471
0.16279275577320973
0.157062553691908163
0.156031370050786017
0.140295038403137784
0.199716646524615182
0.16932233472844932
0.115772295085765684
0.162568097640355957
0.169416354195053603
0.141025459016645455
0.107565173651617912
0.144319548198620584
0.118745493727709567
0.147432885190581342
0.157750671835855755
0.136695551035596718
0.153998213951466706
0.152453517287695101
0.159944810293493361
0.165537051019932158
0.150158848880441259
0.163533567277413056
0.115992854330817671
0.129333765518506866
0.111527508726383381
0.135079873223323016
0.132008188560983952
0.134434532714234917
0.13089539246510512
0.138216493446569139
0.0942375298921176718
0.117629643624674901
0.113132460259603662
0.155294703323996447
0.113433761736655342
0.149577170606565446
0.12593569932856985
0.149523460311460021
0.108951147894069497
0.138247874508989316
0.137884710900479462
0.144851343493918178
0.151407438820523599
0.144371335669770978
0.105056378092794236
0.100656665297863296
0.126528702126160159
0.137403949834222994
0.129882628849167125
0.132814167487720125
0.127681180137047073
0.141568837917693396
0.13880058264912315
0.128483768332001841
0.117228500973726626
0.141729102179990712
0.136817631286125285
0.134040673273337602
0.114150026576376629
0.144139280575146911
0.176147156169798424
0.14576485068705311
0.151234802508366156
0.128003770789056837
0.134463795105856876
0.106775581098671496
0.133939315539097215
0.104798541535911088
0.149479437218234007
0.10648853226622379
0.0838468937183119711
0.121042101550849851
0.125807541392697203
0.117276813159292753
0.140732712795718057
0.134760817680052103
0.135880293221766674
0.0979671364447806253
0.13936958805700439
0.141696129085934486
0.152363850185704724
0.114882940819815149
0.131400026649286988
0.18206316225443675
0.16218371882891186
0.155637176736588972
0.117222884245290981
0.10389855180747698
0.159911480423966496
0.0952655971790940664
0.177928783692205661
0.144328004116087927
0.113152037475284739
0.142251981152058143
0.180089236875994096
0.113277578248770758
0.138105253125069299
0.10128591225302408
0.137553070718237885
0.122443908029341159
0.139099611366744952
0.114936220691515309
0.179998312509159986
0.145244170667764072
0.140287884320723283
0.107573965857587606
0.128080421595818172
0.119947236106090982
0.123528810744637549
0.148845175110916383
0.136574477170592401
0.10895893120941709
0.108617545665827167
0.11492920591327041
0.113530805509763327
0.108527479933725163
0.105170299885050222
0.13960990263528536
0.177464065308941432
0.11904808491844826
0.166483763150527458
0.117575678341879208
0.146915497009574597
0.135732549977041678
0.122999954636093894
0.114382495986093513
0.153738721718787996
0.155826384305776416
0.0807456131771668167
0.105858838930238952
0.117664268642731384
0.0965540241161685769
0.158848653847565857
0.104787248836942293
0.117300504577093151
0.167258518006562246
0.118329933426352563
0.0852189364371838121
0.114393338458259233
0.145656213533624901
0.137206126343236978
0.130013019964447363
0.128120421645446791
0.138929175317553749
0.116870264698155951
0.109091164642523331
0.132504332045485895
0.155084827197598502
0.122165002270252968
0.14170969539640102
0.0938851871332838095
0.12529874427671342
0.107968637495574879
0.123325008233260036
0.173072211116436031
0.130155739414377941
0.14932866322894045
0.137918117925850126
0.10966224820145995
0.128368026280296088
0.0969480148750830328
0.106295367748401176
0.139101791098769523
0.0711090018506876365
0.121201506407423096
0.126331788878600443
0.120409627981672721
0.186478178958980917
0.149583480754407749
0.128484197772752717
0.115434155282839485
0.107595385731123178
0.146286262823564939
0.134767306076699928
0.107868928637765052
0.150959334514768118
0.119847404155695406
0.113330831200533916
0.163260838555292942
0.122220475264959355
0.137586227629419328
0.095433800681227865
0.134917442178631691
0.147582773203676854
0.137246562020940488
0.126847464393915699
0.126456470187657016
0.116216705215110364
0.146171664933857609
0.104814290680121422
0.117616351968811289
0.1295880446227477
0.10540803701905134
0.138408959356298905
0.162013594816896145
0.133638578627084198
0.125871845640251195
0.121125602748395331
0.13576270303748858
0.119924343651598903
0.11685912781181905
0.105316324279680754
0.139599491243669466
0.127817458244196824
0.15576482315312562
0.123116828971588377
0.110898368907517281
0.119128821533374604
0.143434358451209887
0.114856525549165311
0.164705023420208596
0.156215349144218557
0.128645022162966555
0.141159260859357844
0.106793443261680235
0.0894140039754491578
0.154329636859716735
0.111791848110339334
0.118823450785535314
0.122119741326309997
0.137010023242436468
0.126560443360005409
0.125887078287553661
0.1322951652045391
0.132430905527706588
0.134207855679894406
0.167963564618017563
0.0844563313447179304
0.10991332054869056
0.119914893489891997
0.107693116426786889
0.0988569628081493595
0.11848521021340376
0.13799727598501918
0.117100102070920156
0.0814714603792568437
0.128746287179989843
0.117151425268545412
0.0830519976901223922
0.150115683448546311
0.117914577113369168
0.149823062174348126
0.117310353096624603
0.114527728668364734
0.109685188368622399
0.133992127256428117
0.0820129048349683837
0.110201589278193415
0.132039713384919294
0.103940420965936767
0.116223542726603957
0.127658250868937284
0.120980536657380483
0.0950049866879530969
0.150624165075661398
0.0849122178521917875
0.11283350024291075
0.123640189795038588
0.151827886984660654
0.156421210504596425
0.133926653205316465
0.108827228630519968
0.117535495584013022
0.14833240867724945
0.117617333955038539
0.121280588760782071
0.127635175044291616
0.132385282288593142
0.112284787960528626
0.0946930592259635634
0.125903119245777462
0.112171657447944259
0.174918690334372129
0.1427574799934484
0.125449663250003757
0.0931198293039297714
0.122328488005643471
0.148191357756580794
0.102343553186351605
0.108002764018885047
0.141690555697208703
0.150368769705755773
0.104928735174151994
0.133783237431573943
0.120943794196648829
0.0943616764407201186
0.143798120452851647
0.128701986193674539
0.16006088395573978
0.123477077833426999
0.131200823554078666
0.0952817812716671986
0.0790916907456546137
0.143061103790536881
0.0981555784161914219
0.115592237150502708
0.114167485231672583
0.0931571879884060816
0.152024695201920856
0.105411643124493248
0.0964920455239910851
0.0963236285108388518
0.0929671844164420835
0.108048436470804046
0.113984681529316442
0.110548598071990578
0.0993763307645251504
0.0740964707653354315
0.124953448945798129
0.106297402242000738
0.118831746050002976
0.0625385252035025874
0.104778507085004774
0.0947096164779101662
0.153571842182871066
0.124684960417418444
0.100311487020148027
0.107383340302233496
0.0895260258130401165
0.0784982143319760822
0.130513636107577657
0.101153583074285541
0.129755029794309501
0.107638535859915979
0.125930264181880053
0.113303878922014212
0.12546994306782086
0.124836950413192524
0.129296766702964777
0.097416209155994235
0.116312992199830878
0.116340898438472007
0.0862873097470085726
0.111978934470101807
0.114362623636526328
0.102897016145793052
0.0830895047529544573
0.0917937416827358243
0.0853754766108795332
0.126131530288047633
0.133608382202612869
0.0792473474367117736
0.139770535545742952
0.10225019360330484
0.0951199209756410508
0.131061708759583284
0.112684034633636868
0.125642575168314313
0.10929271778435691
0.115216254027068671
0.0814017852275459725
0.0991578270281641971
0.109534544476592707
0.0992965746072052013
0.115367438713822296
0.124847469631519228
0.0892281969186633217
0.0966773808238384352
0.0850450016190942987
0.0823147038912812601
0.0926886461099258041
0.0726499755091721267
0.106369833995812985
0.103467838755254199
0.10712709581583893
0.0778097015596416891
0.0808903109464878811
0.12001159878678852
0.105773004865930359
0.111766850115570332
0.099705660617839767
0.0893529011642433396
0.109938127865625054
0.102541422560321116
0.111511090136846444
0.117100035551933462
0.129319354834986799
0.12929137789886086
0.120670165615095373
0.101379756524719644
0.0940465047339370253
0.107065604234835438
0.145949950869057099
0.105155392618368343
0.120451264429381963
0.0695383494802355312
0.0962505260876455881
0.112552139590417877
0.0588524475561136781
0.0688022196038654277
0.106135020953835701
0.0904437162028939312
0.0841406421689481904
0.0893525036420309143
0.0729316503623104739
0.101277921338724805
0.082539678763060384
0.109608928104892617
0.131063829705700047
0.0989664323259321771
0.118709362995757114
0.10415064498002477
0.0601049560281834358
0.0769054325270911859
0.0820786525960231078
0.122463306164784944
0.112202021674029248
0.154984828056301843
0.0972259597278526816
0.0872572080195242045
0.100171972188585048
0.0922803524216035675
0.0849496078200321636
0.125855937001755541
0.109355209097517947
0.0944466397557792575
0.104257733635824287
0.0888200091237224543
0.0785785565282623583
0.0860882154630244478
0.0927256630197575982
0.0947362647452738016
0.119887475925120723
0.109290503285413218
0.0955770760420411869
0.117652805987935483
0.102931633838352021
0.137005381195942966
0.110616785680232796
0.106307445046175883
0.0974963247036194636
0.0996250988956903921
0.133760422274405072
0.0783396577805496597
0.115328910316406658
0.107058109414749525
0.0787315960133632559
0.104401172596730735
0.0927857868487015902
0.0875559088354292137
0.0775242401976465462
0.12497380668891446
0.080087463771010739
0.0626348432848230219
0.0837257575799218445
0.151039165234592987
0.0629603090015246614
0.106236563050075672
0.104114304805594887
0.0924988110978373079
0.10298347880067138
0.0939290533721302973
0.0973174926205235824
0.0921187932358978473
0.091989755488589009
0.103281355325426275
0.108154577382101449
0.0844039283558400549
0.08575455073018598
0.0835635162706108714
0.119660802665542437
0.0774848790531526554
0.117364559127225876
0.10734320919950302
0.0468800075838560551
0.0864360137704375253
0.105908433047783773
0.0607651504480805488
0.126868023794814211
0.0529027534587591386
0.0659337668234016155
0.0847067995278202729
0.0877074408618064294
0.123213405606773838
0.0976981961698865087
0.0955397661445974017
0.100221528206977745
0.103141710298223721
0.126520735164123183
0.106388121298527011
0.105990526508058833
0.0307866047083314651
0.106907339649760055
0.106162680425966952
0.0777442615549113203
0.0813249995377463147
0.0585471056730261855
0.0964872149932671647
0.0890330489174028517
0.0768645537008511015
0.0934083466328574502
0.0763900546343788123
0.059798134235147099
0.107926389418357208
0.128739918242014806
0.120217845728309264
0.0618970629003112102
0.0709388056507071069
0.090547752439561216
0.0936488414816989551
0.0733206292241907892
0.0638190661211127941
0.0617966272064378042
0.0925573713331058062
0.123282534830125676
0.150713608342795041
0.0796617654183302271
0.102679100473010182
0.0985948343810972988
0.136625078615483231
0.053787935760284046
0.110783881237328075
0.102670490033220665
0.100531394907883598
0.0607373625410607965
0.0945952844532889497
0.0852436974278264759
0.0891390875823741269
0.0767475703534262199
0.0982018626967283287
0.0821177255290201219
0.0994523109037870473
0.0522851926942331235
0.0908469535353657875
0.0910046506716910841
0.0725238902265589042
0.0849133799420221658
0.0888628163311598329
0.0976065161832993106
0.0670042632926570736
0.0827922565567421331
0.0686464795428866903
0.0744256564501643986
0.0844722031955976033
0.0786759005592332361
0.0572276593772314268
0.0973537104538254178
0.0656170160477490966
0.0975871634859053899
0.0516788102062491692
0.0781426350935623543
0.0955325065765736114
0.0806485542114046966
0.0469278964928468087
0.0889292420416394058
0.0552961423505717586
0.0778409515389038853
0.0507366263472816895
0.0689315446235527346
0.103735460018048314
0.0851530039998732863
0.0598267919046665125
0.0925966592715529724
0.0898005855587766799
0.0980368230406484797
0.0812784821369416238
0.0837706855934918365
0.0833281404647765178
0.0970982438164412626
0.0497409282755258489
0.0827973615418119979
0.0918523694598807339
0.047060229358780542
0.0927270391796984894
0.0840948087270985273
0.0693975254430331673
0.0944238531746741522
0.0660311181370916711
0.0754700287434533212
0.0901682499693327866
0.0730696380854433669
0.0784272856111862399
0.0807356910476647455
0.105305371134775921
0.0555933626339517595
0.0967973387398401719
0.102044703110566529
0.136513956586458096
0.102434621378604512
0.0494826741685886751
0.0615794302733599433
0.0863415086559831263
0.0974439091080438746
0.103983186342121489
0.0609844574651237509
0.0967678978150074004
0.10186869636954804
0.0803137788103312072
0.083714160241855351
0.118951606176367422
0.0901003347727108023
0.0640223403872535596
0.0880069804415514051
0.0595897651183690674
0.0737438086843783119
0.127309721088495809
0.0733023950381256895
0.0964391231612754807
0.0759226935624509602
0.047259984162941221
0.103527246203063431
0.112031770450878185
0.115645198251340869
0.0699482238573340132
0.0649046452438393623
0.0842579354114268847
0.112976057835504393
0.0446964502671461303
0.0744805100442551132
0.0722900836611372888
0.0821316051946140019
0.07558642829732308
0.100626722687458495
0.0828912536820186341
0.0773130441642271432
0.0652728222271605485
0.0446219218744123916
0.0625254148679730698
0.0730522839902746218
0.0636673510184794095
0.0813611707290128189
0.0250751559431577065
0.100396968673310244
0.0828419094156636338
0.0625003250660373794
0.0596262800933678727
0.0863431713752407792
0.0823944003157613403
0.0879492750226212594
0.0822095391458943225
0.07594500449532883
0.0639363742033544485
0.0757444237529409231
0.0419832002970364632
0.0824246442221666376
0.0783955053214974856
0.10423921054923127
0.0761313720204726124
0.0847000147599188402
0.074275674485375226
0.0668703468292171921
0.0819764268123137907
0.0985670573954375573
0.11431473549623436
0.0713393740990681119
0.0898328915121644755
0.0831073375281787818
0.0631182995273057296
0.100329624445125234
0.102069385708590449
0.0479854685355570396
0.0920922613880108543
0.0535105030178848404
0.0597707257212562598
0.0725977093186098849
0.0684435320941638725
0.0733803915311594529
0.106284680223919653
0.091657864313314269
0.0598006002263524947
0.0631219380063487573
0.0911767136666605249
0.0901049057416193344
0.0537918100235566521
0.0773315090577628983
0.0908001474981339068
0.0758859178050449307
0.0901810391817606666
0.065724584344110687
0.0804924056100642521
0.0696250967854881858
0.0910737591146795894
0.0620494755253316529
0.0712648355400863631
0.0734222225345165375
0.0667571489535732365
0.0873519060508281403
0.0254141630700165586
0.0469183360017099566
0.0804577704233683522
0.0837576456343073206
0.0805532399970402269
0.0645892965628554194
0.0758440842486856337
0.113237151034635636
0.0385284168381519326
0.0846834428644187703
0.0806213793903867992
0.0605380998129879944
0.0841151296677446064
0.0743587934022125752
0.0457740965686196793
0.0686597005300115248
0.0783034734226685375
0.0576245497157556463
0.0511786592742829449
0.0708842688364120094
0.0629106455729781522
0.089414647378153328
0.0762016129227727351
0.0523514816582209136
0.0953810241995464714
0.0584421739531900547
0.0811242829083356765
0.0589980917469526064
0.0604883817429462262
0.0453380066364188761
0.0667447045165057429
0.055632361503425605
0.0814152030658357173
0.0712807739383654743
0.0837180012820696456
0.0743347557248530549
0.0699484325496281117
0.0443784202479070161
0.0621330259180854841
0.0845002353930274924
0.0747805334920818576
0.0645358585784908262
0.0479424291074191031
0.0803569754588474711
0.0788312350047696425
0.0646181714694467335
0.0925167873596443868
0.0841221561814387703
0.073292702213094682
0.0772136381901264435
0.0597493970177318048
0.0470032155774722238
0.0711323959819021301
0.0572232691520786069
0.0422930510470049953
0.0682671761727107473
0.045682429868777949
0.0490080081857270783
0.108378273982797937
0.05315351010420237
0.0740975642947618029
0.0309701883255029189
0.0585033015204482545
0.0755652245634585579
0.0683664792657992376
0.0969120141058758544
0.101320932399900199
0.110990676353864198
0.0252648326447016541
0.0808225606698030757
0.0767495074146295475
0.0429895553387696638
0.0520417956416119667
0.0614353676753769742
0.0458462330971351403
0.0744865701013152082
0.0643946816149448542
0.0274980912658508575
0.0758761093804541376
0.0638465863250979315
0.0669567378631258925
0.0423650005671470098
0.0512770911463873644
0.0848725092706672651
0.0515633576622767376
0.0334366556287760269
0.071740846670220515
0.0539703652901967409
0.051990124191279817
0.0680205017641633408
0.0555542923582346207
0.0489591812440585694
0.0606512753999673068
0.0651217433738140034
0.0473843613159568508
0.0543377917207825897
0.0524309339456441731
0.0963055203119428382
0.0557310357170305859
0.0606688202460023349
0.052327407473863545
0.0981887721120057178
0.0633550131606897132
0.0675391380709869094
0.0577460734608119669
0.0610144470079418272
0.0548838693677020373
0.08996726035410188
0.0666838642727922565
0.0830514593115678074
0.0662490584798797744
0.047538764773792902
0.0405481408212079245
0.0606051857758120385
0.0546313251240695408
0.0869014795531775908
0.0405605827058906215
0.0570335014725395772
0.0504723959640958272
0.0585037088698229235
0.0910060341034295284
0.0605410175195328498
0.0673241907642661286
0.0196711233992368645
0.0524473681029724442
0.0595477237068995427
0.102569178318098253
0.0272414864437595071
0.0665944540187414502
0.0435308672634693861
0.0566450778825178802
0.0723027358061482661
0.0401833469516744701
0.0628279444572656109
0.0729621279960490782
0.0637027945324737388
0.0367992864439678907
0.0791727593646834871
0.0198274886782243351
0.0651164832296029505
0.039741159533221708
0.0387796420171549194
0.102588897537462434
0.0358337808848424172
0.0609609006276301338
0.0629673907139701589
0.0692243007279276096
0.0137272041197526798
0.0396574809984238524
0.0333280668303314806
0.0380297790449275197
0.0455461084958710682
0.0492195485153648915
0.0216367479665167881
0.05204727648061689
0.0674311671051813638
0.0407634712370124816
0.0710140342106533318
0.0633276927994000094
0.0945087107998722475
0.0523200551262117952
0.045341139818600204
0.0599321432181964681
0.0439339149157575506
0.060103985316246597
0.0888610138736613819
0.00616225710369779772
0.02361591029357403
0.0554154946477249596
0.0692161244381657992
0.0577002835145346421
0.0531352657449425947
0.0504034650125655889
0.0602727596067919869
0.0503419116481567328
0.05721946338027116
0.0385242441381136724
0.0464269321307254762
0.0319889664047033548
0.0115274849731863832
0.0617127059988042542
0.0633203726504850406
0.0408468332146118968
0.0385281304966564667
0.04622101300369897
0.0494764901068896201
0.0505777540950033966
0.0615661520705926002
0.0380568646282879314
0.0489668208317898881
0.0489028220094691324
0.0437781319331253804
0.0666958942976426938
0.00877095566616923478
0.0367269963279362593
0.0497050007057221535
0.0425647723659901556
0.0687695507450588467
0.0688487737681604539
0.0574200657674017248
0.0541498707216361078
0.035147439515280321
0.0458973761921696727
0.0354402910162908494
0.0456753251439418195
0.0593651366722103696
0.0189247623648931204
0.0601824842725343923
0.0444986395700435883
0.0197857430245673427
0.0621767589029690246
0.0778458711722521679
0.0353933272312206768
0.0769832824120399439
0.0532058014858120751
0.06674617511794112
0.0549009292797980261
0.047453341998877227
0.0652661185960417833
0.046220040172588496
0.0990907303895349201
0.0538454086561688389
0.0265917962945450108
0.0507054556560562822
0.0455694937773854433
0.0408770587335866437
0.045130927553558027
0.0644007779965189292
0.0498304257927016311
0.0311732302428569599
0.0723505130240819083
0.0643706893767184707
0.0449881966218423635
0.0749379826281360573
0.0651538292653494056
0.0618914388163693679
0.0542190408385186673
0.0234840039354718491
0.0540834039556858381
0.0338385637543313356
0.036861802197376746
0.0648894795313518791
0.0362814759986021668
0.03339642359740852
0.0508994827998572666
0.0330502804988814097
0.0522491303889511399
0.0294257261446515921
0.0411984636428421799
0.0337643341166381575
0.0136079140337803245
0.0353132071279968346
0.0133323319802545887
0.0406400880433003889
0.0358733628424610512
0.0463505003345132949
0.0813233277916459579
0.0363509960088692352
0.0563662892443955177
0.0410829443211474937
0.0207610316952422762
0.022221812706559211
0.0386965226139508942
0.0326013458180351226
0.0388255374469099815
0.0680330405357672668
0.0457170301829145781
0.0601656022963944354
0.0559871807823619505
0.0304295800471301725
0.0570663169058643269
0.0192855776887354592
0.0449177212207656981
0.0307409700251592248
0.00115576639354258298
0.0272146807973690716
0.0410063491457715729
0.0622115758680658881
0.0386718730428473809
0.024277335773397437
0.0632046951220101572
0.0804575195300001322
0.06440179083037538
0.0392523035536805898
0.0348315711876389586
0.06259238583018438
0.0519620897492488396
0.00747907761575401786
0.082567675907967486
0.0307764600460040047
0.0471526993047151691
0.044102291304104202
0.0345501414958345535
2.83146769616549054e-05
0.0455333448492212939
0.0669539988404521114
0.0341645949131072491
0.0592785450709739023
0.0701772099748803474
0.0517528708529953682
0.0331884438684773991
0.0578820898783599033
-0.0100122264484663118
0.0382079433021522072
0.026561869405804954
0.0405726442404687193
0.0443792143689618682
0.0772841100427551775
0.0251935728886056205
0.00753630492488834014
0.0535139324086520152
0.0678015039293671934
0.0370310269745728615
0.0442728846819267219
0.0126399074909750442
0.0296652007094091452
0.0144526153308581727
0.0319826821289163898
0.0621384120934248135
0.0431738786060165067
0.0134455153836179724
0.055491733984571058
0.0514617746689421743
0.0238367924438339859
0.0349890512986399116
0.00398648306825059862
0.00480865800853893383
0.0223585396807531936
0.037497902976376167
0.0307987513764277319
0.0414074669041380183
0.0323962950385020682
0.0433951980218119995
0.0283227016981694897
0.0444602160211406208
0.0666191839377615336
0.016772470864396042
0.023941897383845466
0.0380632428388014629
0.02131249969301309
0.0578631856450590662
0.0155224920885345431
0.0275426430120213686
0.0557829574764791697
0.0728940747273447709
0.0281568166717602424
0.0189111527612143941
0.0152060000949131233
0.0271758090148011069
0.0442638652020778678
0.0673509896821981729
0.0317263228912744305
0.0401290974730916239
0.0360120428447447682
0.0584654337437067739
0.0365525551639512281
0.0439871907658269459
0.0205602067117046719
0.048720109106796923
0.0367457239057673649
0.0505521086141943882
0.0137072456965039689
0.0559217171902668675
0.0163894712634536331
0.0438224094717741819
0.0453051969469978263
0.0291140124650754034
0.0563402837086307978
0.010177794412226486
0.0347372605447707761
0.0270230136935958841
0.0708652453864563603
0.0359471580876000174
0.0792863131835209733
0.0562598363203624802
0.0431625107795879231
0.0115435032352585315
0.037249856385523715
0.0562976935050938515
-0.0215561607464598431
0.0342641586391818354
-0.00899022472451103949
0.0218058479293489899
0.0060763221727504306
0.0138758501472886417
0.0414565798009097555
0.0542881395936320524
0.0539247589212508427
0.0568002398148187704
0.01244282945492391
0.0112194179107154395
0.00436850648779022604
0.0299627439149959852
0.0415623383266779875
0.0539448849476952957
0.0649293988872482603
0.0493154959767215587
0.0593124286635051123
0.0149436299738672194
0.00420092962447495347
0.00571950447391518513
0.00845014176118719443
0.0311939056353248492
0.0312176722073584101
0.0455366503524703078
0.0190229192113062912
0.0446219478212026566
0.0536583903085267044
0.0289965115297296863
0.0345679581463405883
0.0265757581116442196
0.00151491736273569669
0.0191419279117412272
0.0166220840698483377
0.0291169242444692528
0.0408324014473338617
0.0102342005473321229
0.00578728975558585879
0.0277937948962735208
0.0674812096490725322
0.0315098200586246269
0.0223664001818836451
0.0486361053099912954
0.0196720614925421713
0.0350938360578060687
0.0165478354845286363
0.040618080654419908
0.020891693423647148
0.0564393492026472737
0.0773892798057399245
0.0813277909222087647
0.0380115984781020863
0.022241419945901935
0.0289062556347966064
0.0363286306529122388
-0.00478622672160439189
0.0593334646094385784
-0.0037703301658780948
0.0432494913491029281
0.00912976358446054154
0.0144199334849850307
0.00356827785293665697
0.00768474867508242218
0.0497727295133816167
0.0634234367465208726
0.0417210154993566881
0.0500693564762693666
0.0308371423783641782
0.0326109812030999369
0.0434004073188954884
0.0195968271999420497
0.0322530182632172271
0.0621880506049898446
0.0138869520264371694
0.0163788323728928445
0.0367521178734489876
0.028393858064500916
0.0167632751346577513
-0.000336112944089462379
0.000740561006971202085
0.0209632043435376211
0.0385772615381306319
0.0533023567821593325
0.00483722687505150351
0.0249711928266446621
0.0225427075437869204
0.0171742235477140813
0.0253963830558487126
0.0341644891281015772
0.0370757609866100291
-0.00870458945857807698
0.0434817223067027886
0.0302573289757075772
0.0435691489884039163
0.0528044564481669754
0.00161283979509958125
0.00764848837213648672
0.0143037988974542753
0.0284706072873132758
0.0186622825853159369
0.0284922050243863398
-0.00487116410211320405
0.0330100528737351379
0.0178932060030569801
0.0270532276106880826
0.0140783272669450423
0.0620855513899077199
0.0112283266586701673
0.00778858116105593697
0.00362422122326770679
0.0427458990448493226
0.0139064926396852764
0.0025834916460737746
0.0158465598172031902
0.017633906993324646
0.0525872785041486684
-0.012104160616382649
0.0112034230321075307
0.0251994970963149989
0.0149045202781367229
0.0559988680023732061
0.00181464093365355655
0.0554925917546540901
0.0512227144602607071
0.021860580435625443
0.0560496880082383131
-0.0133119736768223182
0.00782623095683078127
-0.0107106632099262349
0.0591028011362099912
0.0102574290760204922
0.0320185863293359768
0.0127213773685752561
0.0629218535888873554
0.0965678883152872591
0.0216057813705047078
0.0270374662023156742
0.00296406212546480516
0.00703923718992661464
0.0126541766464949336
0.0240341042499794648
0.0141391296160928125
0.0243851799489119003
-0.0042330876898122663
0.00640812618447194823
0.0328922125132970963
0.0317359243827550833
-0.0248470194780133422
-0.00559360772710516124
0.0069581824158470116
0.0343602469868572596
0.000854941845902564695
0.018998780417716802
0.0064604144518810528
-0.0304753442949089737
0.0623631990799344282
0.0289242705634616265
0.019643519391952944
0.021104443265655571
-0.0131676201604229194
0.000167458339167730896
0.0367467747721612614
0.000534268963878977571
0.0187237388159122546
0.035369759946345572
0.0286210861356386639
0.0359920543140991311
0.0304908148719866962
0.0155118091876281852
0.0292739020566685285
-0.00109829091103158527
0.0164974590840782712
0.00799805112135759319
0.00624653634476658205
0.0280674902526802106
0.0518111270079508884
0.0275295167234398466
-0.00353284864483279989
0.00431707647322036869
0.0739183536956073695
0.0199597317810728259
0.00273617664377416581
0.0072675553887367704
0.0213738985838437985
0.0468900262837533693
0.0200933506207101736
0.0169368168493867835
0.0153655856737550788
0.00691849483933089284
0.000498549399731592485
-0.0288254322292803705
-0.014063956263597549
0.0145958007760983131
0.0134288245278003406
0.0116434310885759063
-0.0110251352511936476
0.0432086840929289534
0.0367300826862649171
0.0193629258504993441
-0.00666077726125763325
0.0141774242373294695
0.0240403797504007977
-0.0110061062294960418
0.0183970544353913266
0.0129837539566418879
0.0313462951015585634
0.074238033185317201
0.0256370413181575482
0.000843559332889582889
0.00261904486360107873
0.0219288333936352407
0.0492941982349541924
-0.0330199284686108763
-0.0174097131483651711
0.00139679508141678232
0.0478766947890383737
0.0303827943969859245
0.0102377742043454761
0.0365511186149109074
0.00694153958036836886
0.0367456218849612076
0.00711538832753641406
0.0263732481432157675
0.00101380759703112618
-0.0190043221671942139
0.00995326919102649046
-0.0173348634685722355
-0.0236751095345585846
0.012522137781965894
-0.00847445037642763355
-0.0179894574592930935
-0.00627243480290737634
-0.0036603827609162469
0.0611620730513016894
-0.0295479103694278461
-0.01040489477010988
0.0285199427062899184
0.0281944031962139893
0.00415034130222063057
-0.0199551901825449109
0.00760825265283210199
0.0315788966881337743
0.0178937045799813371
-0.0103494596618314769
-0.0130447826661841508
0.0057994333136499477
0.0542334302661250933
0.00856310419736552343
0.0370809877996818443
-0.00150333182048986366
0.030387505597728879
0.00718388170324574596
0.00330496764174400236
0.0160945769714274066
0.0116658701369701818
0.00735478440629628791
0.0242761648963974383
0.0260572635026129276
0.0113221456494213991
0.0278644968029051684
-0.0265493312427865988
0.00752239670157636361
0.0101217082645011607
-0.00495807001877717965
0.0200367964134014198
-0.0126661959521244712
0.0276018237197079852
0.0223739078660301974
0.051176896230836301
0.00705929266127505728
-0.0104574753906825219
0.00361281045579064063
0.00865747434779621031
-0.0222198027667797754
0.0080089472080670087
0.00459073719170458201
0.00835233647693593879
0.0216669950537535655
0.0112322811903878134
0.0163252112359509316
0.00340320719222866365
0.00313055117045209089
0.0105529001874498617
-0.0321732345219830213
0.0136409372979410474
0.0283714125012333035
-0.0226466530312010757
0.00129294536228842603
0.0216400927018867845
0.00588736152753973133
0.020394526840195281
0.0387138995189505522
0.0036804657313765218
-0.0214398514174426354
-0.000667483258241670201
0.0153117917714209531
-0.0158670060002505942
0.0101425736478009745
0.0261015467968943003
0.0171357373190475226
-0.0103487928063410121
0.0117539464114841015
0.0216309294321804339
-0.00817029957858001789
-0.00552658438678012114
0.00226006361329012233
0.0022652834469849047
-0.014910824666359547
-0.00828555582701777892
-0.0247393889670502777
0.0111982556220792864
-0.0333878315940615844
-0.00606980527737571197
0.0262060160625789615
-0.0110718476166012728
0.00317598324105469298
0.00754697930264108894
0.000394943815373052093
0.0192254813513386066
-0.0168625867687441228
0.00960818993211802648
0.00663618116725086388
0.0169508076849789989
-0.00361068470456392659
0.0109855764108116039
-0.00802792109516027412
-0.0172101665648960976
0.0381972696433481654
0.0216851792379438406
-0.00484401004996365403
-0.0203507659618229961
0.021043642582352251
-0.0334098813310976864
-0.00882741548254197851
0.0130925005868745819
-0.000958220249549132305
0.0356681071428894478
-0.0167895343520788921
0.0255475258934822758
-0.00440241908910002193
-0.0134088617239539083
0.0175052065343786825
0.00213645106941879378
0.0100464490407534447
0.013346547102330018
0.0144615900297995221
-0.0243765813180285111
0.0398138260135702179
-0.0132599793453503385
-0.00475405737264142456
-0.037344075681690056
-0.000453124206739278211
0.00617845546484573505
0.0060170870089491079
-0.00656200685277002344
-0.00834397651556606328
-0.0151005525896404334
-0.0308299274663467182
0.0191465837427876387
0.00682407894018553611
-0.0115301462288140786
0.00125083843958618407
-0.00324856462568030467
-0.00352609605219373181
0.0301758550924658905
0.0029698222448463615
-0.00582461390934266472
-0.0553286503108467234
0.0357793094333920189
-0.0151919341170355052
-0.0323350501204421326
-0.035196781055910828
0.0388096637395937555
0.0104833454182218094
0.0253609407238990954
-0.00678497436849368786
0.0133414433818684862
-0.0192959738869355711
-0.0121627914833338652
0.0154418246815969107
-0.0111118319603473147
-0.0103916951614501304
-0.023930561733014756
-0.00212317950066816079
-0.0232848976095385747
-0.0111566044327778245
-0.0106274889328629527
0.016900156321667751
-0.00362547096893064101
0.000173049631597535763
0.0239209745691315104
-0.0103495927711403785
-0.0304131495336952516
0.0190879749210334619
-0.0311973213456931825
0.000715276682484088273
-0.0130657417251325361
0.00405189882212313689
0.00710707242951108716
-0.000877426338296550656
-0.000728125758503635374
-0.0213299942508629846
0.00312252325320086076
0.00444665608923020678
0.00325653685230462703
0.00381238217647149151
0.0116963757953984608
0.00272320947661630012
-0.000134385952279476514
-0.0224034550105706755
0.00560332395349234097
0.00836598947030784898
-0.0397887527487220116
-0.0045844970253271812
0.00579119395380989221
0.0421909847899377688
-0.0365001074380328222
0.00435772590250105979
0.0123359414171955867
0.00894651527114245608
0.0185101901120213047
-0.00452439448870710706
-0.031283678956389907
0.0101245453177420987
0.0012182768483513266
0.0263322056599594664
-0.00568320390830946969
-0.0250710271468742828
-0.0173791938622442355
-0.0176661613333312165
0.0264782836355472312
-0.0013979332206177416
0.00747762181716441106
0.0295236863154252419
-0.0304736530203009934
-0.0321527145283850985
-0.00384504677004918281
0.00390163207104606176
-0.0041771922052951365
0.00556402774891446954
0.0471733910708424103
-0.0316932454525883922
-0.00456365230854914854
-0.0133612409532633258
0.0272193587216117833
-0.0100245594906398488
0.00983141625831255445
-0.0321924505958165047
-0.00354835219916331979
-0.0192198073720293502
0.0106975710926504181
-0.0160597403651201141
-0.0272767681114196511
0.00737199540049481711
-0.00338987698330656638
-0.0105571136142153972
0.000739982170120586161
-0.0487853781660371535
0.0381460915717542828
0.00265101780635852713
0.0451512951364033063
-0.0248271376725031842
-0.0183736885345870855
-0.036866194019331909
-0.00514009162175776101
-0.0198215674960316862
0.00479062124407559145
-0.00640414585879223869
0.0143874561412071847
-0.025411384463286342
-0.0579243169935642413
-0.0425809034543361206
-0.00466072052022343739
0.0127164595129016407
-0.0289819962847224777
-0.00964916111629791559
-0.01793507965567245
-0.0155195607739502008
-0.0325109876321729302
-0.00140155465162451753
-0.00264917872348843092
-0.0603894397957320528
0.0414109536718053547
-0.0017966890521277628
-0.0198529523961901606
-0.0413264460261049682
-0.0416057967883587815
-0.0508098841872519982
0.0241641643540235346
-0.00733335270312901206
-0.0124295032773731381
0.0111466887197500149
0.0175470969751819299
0.0142240299743977665
-0.0271095260004463531
-0.00408318140538795928
-0.010991938870935046
-0.00371229003813775861
-0.0319369196843656347
-0.0497776010117576273
0.00199415027199015618
-0.000684053183468365938
0.000328043750691885475
-0.0136199008099190198
-0.0302210454172399459
-0.00821602512959777702
0.00147942715535841901
-0.00167354384928388757
-0.00439766154453075445
0.00501284983609123422
-0.0131310796274638
-0.0227594779709842515
-0.0273367663026233276
-0.0223753457689124871
0.0267708479141990086
-0.0212061638819655181
-0.0463638177456269368
-0.0178071197520354753
0.00421337663072854363
0.00645322009873130001
-0.00235728855908807003
-0.028274799947295523
-0.0107588201921377975
-0.0588277033418951462
0.00983850224174119894
-0.0320140302290716494
0.0179905484832495396
-0.0258134088403420524
-0.00261158545437592017
-0.00656116322470110674
0.00815033490776132311
-0.0415708933779275897
0.0393647474499477928
0.0054692808649849968
-0.0347932255551290925
-0.0148816925869668781
-0.0265108444324160253
-0.040172133322223566
-0.0134380680802373021
-0.0221706840092449411
0.0171651275599100234
0.0120757032105630151
-0.000601128700341898442
0.00679600082099612174
0.00920015684832374905
-0.00239225375922531847
-0.00348652405369158716
-0.052836012738471716
0.0153648652213535727
-0.041912614552950804
-0.0539663682815421583
-0.0288403660473867673
-0.0154343698864403949
-0.0182514037456874834
-0.0275074128582621612
-0.0062455018006797175
-0.0118071041682151073
0.0053056076946028409
-0.0090973060264416504
-0.0376508832866380011
-0.0156885936475215614
-0.00712781949858473998
-0.0689124914500191532
0.0199224013032063135
0.00818960623095540963
-0.0233124119602055799
-0.0416858638337589057
-0.0343261202608972429
-0.022734978300900148
0.00875459378021403722
-0.0382896691373958292
-0.0251416297992577836
-0.0228155517644723221
-0.0403290759984520561
-0.00287956733748527885
-0.00601196363154627225
0.000967682241548355193
-0.0012442482532652073
-0.0256963307590855096
-0.0599274767009297243
-0.0170895873037492305
-0.0555495660689176093
-0.018585689362573779
-0.011267633937494052
0.00248672247404080338
-8.31068093685508047e-05
-0.00232285789527091405
-0.0219197824696123131
-0.0204849683085168814
-0.0546056818915706191
-0.0139396180038795451
-0.0295767726147333904
-0.0357111024492629062
0.0120124076686433795
-0.00907162118118170699
-0.0177258566663465907
-0.0080407933649175381
-0.0352367334960421302
-0.000567052496502573611
-0.00119492632714536529
-0.00706610815971603357
-0.0320140133541727129
-0.0148756628546413902
-0.00507687687077234412
-0.034387362796554348
-0.00324861996201146822
-0.0544912742428603422
-0.0264333892954876394
-0.00315787732529365303
-0.0142802832872354832
0.00929307404132187487
-0.0055043545514217064
-0.00736342215568282048
0.00574461739897890594
-0.00900950048442940472
-0.0403229625422763804
-0.020053118746080574
-0.0315482118411394841
-0.0270692267402900082
-0.0221414968136409741
0.00534104176480285769
-0.0385532525911523455
-0.0582475141182962064
-0.0315592255923051318
-0.0567804959208478149
-0.023513048149462229
-0.013771599465682972
-0.053291627795251699
-0.0133638015068971144
0.013252350506557653
0.0161323523690963533
-0.0429205807086777552
-0.0342693287283692208
-0.0130711236857566637
-0.0294535733980811759
-0.0552897158217961135
0.00735227044640039684
-0.0426419483050438086
-0.0264777452981403878
-0.0340976912060896586
-0.0219651561068879494
-0.00562956125119969814
-0.0468282014418670983
-0.0355706844177702056
-0.0122470812267082112
-0.0132156337803828062
-0.0307287484228144329
-0.0606548002431584951
-0.0157127405620342137
-0.0379795631203381362
0.015901098919894531
-0.0229223522981310684
-0.0199600229847448109
-0.0259735750288248475
-0.0112847314028514546
-0.0107115161147457311
-0.00770549787912642309
-0.0308508644334432522
-0.0704820263487896947
-0.033787715332269673
-0.0368847442939868875
-0.00816085597429773088
-0.00718378972757113821
-0.0307339525592738513
-0.0201222258901622847
-0.0209727776090327112
-0.0160171033809115571
-0.0349205104473763947
-0.0561193203787939687
-0.0300544483543859729
-0.0148404053074663953
-0.039869129322519431
-0.0218371563017408926
-0.0370128762836115996
-0.0420588257688376058
-0.0841313348686864859
-0.0227892917068467961
-0.00785307469028531657
-0.00972438310585063345
0.0166496880392594457
0.00796694122867535465
0.00456918321807849026
-0.0271555156192572512
-0.0230270575446979535
0.0020620168963875439
-0.010147217665960568
-0.0228664611870873571
-0.0423917733910193772
-0.0671066853536938929
0.0126476310196030409
-0.0421065358622030109
-0.034765007731357489
-0.00450235529132407206
0.0133831385003531644
-0.0386177834941953818
-0.0287262069112862693
-0.0485524003409597837
-0.0457635134653972056
-0.00453744768994421288
-0.0286140613869864599
-0.0354063595125215028
-0.0384786511410505974
-0.0313454043950435191
-0.0132231580117936325
-0.0655457293644637201
-0.0385479477844556523
-0.0547719090820957683
-0.0287376656682691543
-0.0446631003792633194
-0.0315156266560780024
-0.0418613658149407514
-0.0480506208382457528
-0.0407994945832024294
-0.0439451872784405034
-0.0247280705288678432
-0.0163668165814469177
-0.0416003074608566614
-0.0434343465472959017
-0.061136733005882668
-0.00860075173329430398
-0.03247944641264882
0.040350217506163015
0.0207479800454457575
-0.00753892206835128642
-0.0584161264280501982
-0.0197709678197752828
-0.0589368854353592292
-0.0409364654301197575
-0.0488412623366919624
-0.00909269414496967701
0.00595231286345071497
0.00996443267627750845
-0.0168327927823793445
-0.0229217903539850817
-0.0469605307442183123
-0.078450088199997825
-0.0181837200074335646
-0.0245501483967428685
-0.0568923328066424233
-0.0454533101937490622
-0.0300597780987913663
-0.0420970956511381028
-0.0202481900337030327
0.00280396255935885103
-0.000114733729617053082
-0.0517369169570768977
-0.0519024535161949907
-0.0333513807022082359
-0.0417715626500001769
-0.0320935710654542683
-0.0308545404732329977
-0.0564796290453645489
-0.000694144907349800167
0.000630081329827225645
-0.0388758764541946786
-0.0190285052581529793
-0.0265607111403003762
-0.036205042562884357
-0.028301732388088259
-0.0115385084177823671
-0.0455449429321026084
-0.015340750240426769
-0.018657131453022946
-0.0178423302709966106
-0.0316280527380696785
-0.0651764507546214039
-0.0411027928754576638
-0.054267310075047398
-0.014699162449405407
-0.0257329062574911463
-0.052056198098839615
-0.0387320744795212335
-0.0274271571083470611
-0.0216650063833447939
-0.0240890865677394969
-0.0295426821626037783
-0.0468235125032426952
-0.0826156221994839707
-0.0121394428575474604
-0.0408934823044430074
-0.0434069576821099964
-0.0418553539309311912
-0.0726361860290464095
-0.0339044363259798504
-0.0314828927735269562
-0.0372869702920451615
-0.0193758318041724296
-0.0185799871922345955
-0.05369143836429012
-0.0192270368255318333
-0.0271998661645870624
-0.0527738783872764086
-0.0130526354548499215
-0.0532578750454749672
-0.0479869980990219602
-0.017771123460017732
-0.022563793724339528
-0.0461253087573675821
-0.0480802068446389633
-0.0730547482855770647
-0.0317532759769824924
0.0124911317569020991
-0.0107603009640297557
-0.00482315790821743334
-0.0436484016999078364
-0.0401310135902130175
-0.0650385988740671411
-0.0597179285939765242
-0.0603802052107058548
-0.0540429444392697342
-0.0411156425595212635
-0.0348717268965074156
-0.0251097985800079818
-0.0610136069673850728
-0.044866609159181281
-0.0357039060628011259
-0.064899646644040257
-0.0578925112380427251
-0.0172565503265651975
-0.0106198823972598368
-0.0497036529838966457
-0.0258414863879929957
-0.033667258688984264
-0.0454217552259484625
-0.00506056118434428798
-0.00042809208823776923
-0.0702330458979108507
-0.0213877027999797714
-0.0362595224902161894
-0.0765986057544020271
-0.00789529520326069309
-0.0268395020982436644
-0.0463124076660456768
-0.0220693922915800901
-0.0272427963992190811
-0.0556061787376732411
-0.044008673087960172
-0.0836691548660195294
-0.0592987397957112083
-0.0520820986449739565
-0.0272214303981625563
-0.0237210163732127985
-0.0386363383523132542
-0.0469692919014944865
-0.00695170462302156095
-0.0255174499712263608
-0.0529219316456406297
-0.0325580215688567043
-0.0208213954773381893
-0.0183260741644286768
-0.0317995213419113437
-0.00906916908286635112
-0.0413660508560384776
-0.0663703286332771175
-0.0223454608476224906
-0.0532075611999145576
-0.0242644591636391495
-0.0253456230687622505
-0.0559945261509062348
-0.0437664343393889474
-0.0263230908121357618
-0.0605227780497863271
-0.033764021737134213
-0.0846249092141220238
-0.0728087025522794196
-0.0504704159255596266
-0.0708002911146004832
-0.0274718408915888626
-0.0455899597633612902
-0.0376527767629228419
-0.053138685513848552
-0.0427747028545232624
-0.0636924868714922737
-0.0323619054741117046
-0.0377482081106960896
-0.0327420869143773968
-0.0279461556337916028
-0.0543176918107129425
-0.0374690913942871476
-0.0514118172986324853
-0.0830949921785346657
-0.0596510776925947075
-0.051307864186330869
-0.0600079961469208029
-0.0187931560294694912
-0.0674154808912548198
-0.0526850019351650656
-0.0373358278705092014
0.00921703494854978628
-0.0229901766570142913
-0.0658171955502489109
-0.0600062245899575866
-0.0547684161882003306
-0.0457053378145539715
-0.0516749503755750822
-0.0496009378766423814
-0.0254125458390567147
-0.0762649266345360455
-0.0611817706222704816
-0.0222170994106699882
-0.07143202132421618
-0.0398406567422955882
-0.0709345390329796099
-0.0240065291326158788
-0.0446583488255683711
-0.0319170460247619192
-0.0263601948814605608
-0.0302597959759404803
-0.0430493043555581767
-0.0366504369851999301
-0.0130731693864053547
0.00714944138433599302
-0.0456663337940746636
-0.0367327240179794803
-0.0614387460667365631
-0.0324349350680798038
-0.0337328273425766059
-0.0436598853307380991
0.0195931215578789564
-0.0386342203886657909
-0.0555748462665448528
-0.0512673251120086201
-0.0658521974807814159
-0.0126003713773700857
-0.100363077240699386
-0.0659585694981653925
-0.056091265280468601
-0.0308308869940989994
-0.0395709471318303543
-0.063651282321491004
-0.0598422123536490325
-0.0143067999463402408
-0.00453849406578484688
-0.024702477427932714
-0.0611852801149069536
-0.00375249976310964434
-0.0333485659673469631
-0.0228296897228284987
-0.0721846128784150026
-0.0409715961277209786
-0.0706513818031586915
-0.04073463084571953
-0.0417337386518577477
-0.0158079213666862985
-0.0322119941772496809
-0.00528750903341144995
-0.00357695927887383136
-0.0344857407189679555
-0.00921690537762834966
-0.0521199343432722853
-0.0291122532174936145
-0.0471849679839037306
-0.0743081509735680212
-0.0526676233634190277
-0.0670005790170587201
-0.041559180985712818
-0.062612774415093192
-0.0504169908465964267
-0.0652947872968000775
-0.0387684823287457597
-0.0225275868283585784
-0.057023193051403756
-0.0659034455289448651
-0.060763826047698713
-0.0353343689735533054
-0.0289608458647364272
-0.0467689544357003661
-0.0490211955384103407
-0.0152005944883361471
-0.0476694120868280669
-0.0284172216711297658
-0.0113457901606232384
-0.0784973112311749543
-0.0601637450454394554
-0.0463603154056807243
-0.0612576449478501595
-0.0382674339587479526
-0.0724885565996081505
-0.0322654599076268589
-0.0482731780795888771
-0.00901375318329330349
-0.0507397608070256079
-0.0377763188086187585
-0.0476684881861644261
-0.0471038673870599403
-0.0717358688791369797
-0.0433789320355051772
-0.02510167662428444
-0.0645337282748615348
-0.082214477851006898
-0.040864370795767456
-0.0589787835374607772
-0.043261123298730636
-0.0493006241311950144
-0.0486279699007490657
-0.0473671483934052159
-0.050352787106780178
-0.0430906946552292031
-0.0482939530475972947
-0.0476538936653107259
0.00477934783442946626
-0.0647587488309584181
-0.0394742680200351748
-0.0432025103437009006
-0.0433421824587851764
-0.0522009666300371419
-0.0387245730961193121
-0.0569436892340685619
-0.0483891255379566773
-0.0634029249494449942
-0.0177038226558457676
-0.0259384453177083224
-0.0484407928822445516
-0.0671992888634419944
-0.0575653374656327071
-0.0716911462080988271
-0.0546295685458816974
-0.0398696599368748086
-0.031307458852902946
-0.0481878048834360612
-0.0303788434514681814
-0.0395904730443282366
-0.0233086786041834561
-0.0666851817980447931
-0.0427136115084460338
-0.0357542516749345812
-0.0532662438644228575
-0.0830461491900494064
-0.052728749478333635
-0.0413891409009014624
-0.0651560982158581187
-0.0786498938636358835
-0.0463892065493695799
-0.0231880508582959395
-0.0270815451569599262
-0.0452881936070683791
-0.0734706385359953501
-0.0588048896084670467
-0.035964452064683336
-0.0815612199034687901
-0.00234818529799794146
-0.0148811854094814122
-0.0398205950534506123
-0.0349269120044386899
-0.0467332050616982575
-0.0475459119883237247
-0.0799044603061499492
-0.0650799197268798757
-0.0672256086812221959
-0.0578950289613105185
-0.0313566551449245903
-0.0313239714157527299
-0.0380215230700626031
-0.049065348241741899
-0.0722372581910030592
-0.0668475713461747362
-0.0444907648298740813
-0.0547090508636146333
-0.0294230972056492603
-0.0533120681165578786
-0.0511622000061639909
-0.0555833701173552158
-0.0753443216914240488
-0.0615155708045616451
-0.0364491766813635487
-0.0791500149144388071
-0.0575782891379318096
-0.0649781406991090382
-0.100654101531681833
-0.0428125138887135576
-0.0923893325561267187
-0.0435229069119273948
-0.0256776001924828128
-0.101593783512343772
-0.0471270857119558406
-0.0495673532085793705
-0.0392267090951885083
-0.0480064553733708724
-0.0333401044800953755
-0.0401999433756990363
-0.0287977062501519228
-0.0608411988705691992
-0.0697195277946043857
-0.0547319926895430339
-0.0408897126974375469
-0.035609938465081252
-0.0675088291145922725
-0.0784935535792041783
-0.0464203750164416187
-0.0674262669986366997
-0.0687595837917474167
-0.0434328628728524249
-0.0390130691596686993
-0.0626626620138311663
-0.0600597503195373708
-0.052845382712281716
-0.0434962326257783902
-0.078028123748249717
-0.06067736420593553
-0.0439245463577463344
-0.0626736621599782578
-0.0695409142430661875
-0.0282263351383464992
-0.0822848248501446278
-0.0362052058786875436
-0.0761177148727565644
-0.0480257844240409154
-0.0300340392081410064
-0.100837193479507967
-0.0990715122313923779
-0.0329996443367952114
-0.035626355034797802
-0.107641052803970086
-0.0532049218052723233
-0.0156948453416102043
-0.0869282142458389501
-0.094736806209958585
-0.0270767053098722732
-0.10224586698538618
-0.0681141375088114287
-0.0598615895630579403
-0.0592814238180926559
-0.0354779092032396076
-0.0501601593203329366
-0.0485320719849098442
-0.0080142414774233145
-0.0682769023267830594
-0.0582598971605785415
-0.0429043253996198304
-0.0894427079382550116
-0.0981251176856933194
-0.0807970616246866113
-0.0364870560338677458
-0.0816256683405489486
-0.0458421164964446723
-0.0596874587500358031
-0.0481490449502226803
-0.0505941478397549799
-0.0587705380535362004
-0.0908889611383602303
-0.0747159630048179202
-0.0754723409372881071
-0.0551513264242787724
-0.0426151954323798973
-0.0447301384322879303
-0.0301175852078482513
-0.0337397860266112626
-0.0798843057311145466
-0.0425016635731992401
-0.0322971484712132398
-0.0583592026156304969
-0.0398248793505050422
-0.0531385414813875245
-0.0148008750439176801
-0.0270148111647296636
-0.0684907572951677923
-0.0619414841502954061
-0.0253671046463743444
-0.077538115462637669
-0.0653653099220034284
-0.0590740056753086967
-0.0142739909013622907
-0.0570616153440857213
-0.0586083231824795423
-0.0808678461226610829
-0.0329779002984984804
-0.0345784691611756498
-0.0694027403704988721
-0.0999553406853206927
-0.0418066175251476935
-0.0821273795656826677
-0.0541887968424329611
-0.0466093156365270309
-0.0622313909308975372
-0.0549932468539834213
-0.0808095810815611104
-0.0605653634332183194
-0.0482396148074593634
-0.100795443274691907
-0.041752264476320522
-0.025765883957744741
-0.0819904991266603711
-0.0637885330586854399
-0.0677367053579912004
-0.0596901172819112869
-0.0404967570357020051
-0.0335389765050334021
-0.0732776562696131895
-0.0797174615512848683
-0.0408790634823693183
-0.048263381194469164
-0.0651960407829455663
-0.0221147395529171717
-0.0365229480719615196
-0.0520905983607412443
-0.0751651146593621255
-0.0796069625558352423
-0.110543992741487934
-0.0193842489812573876
-0.0416012490284590752
-0.0669104849307287503
-0.0773552344310799167
-0.0486884015843602677
-0.0513377164025568891
-0.0402897359592473692
-0.0523967614274159083
-0.0468262585846435514
-0.0617667531161125716
-0.0460216365792208149
-0.0652506124819708516
-0.0808801446877236291
-0.0365511935241394637
-0.0962683043434170715
-0.0646671848380637598
-0.0782429498512786925
-0.0421418711239798169
-0.0658423301225252861
-0.0678890666639111739
-0.0731506661877965036
-0.0756629801724173212
-0.0436008495334299709
-0.0976183870227035344
-0.0458505381962822506
-0.0698951283344867169
-0.0508457064615742485
-0.034681361626111358
-0.078180193506798612
-0.0730298499196747469
-0.0509330338499216634
-0.0691465981153786408
-0.0701597018871484568
-0.0625029869608280247
-0.076913588665738955
-0.0437369786887463266
-0.030851466930740843
-0.0498007017680811293
-0.028491131229191842
-0.059370858896229714
-0.0811937694442838587
-0.068732813128708492
-0.0574558312829469148
-0.0677368735524691429
-0.0987273597539902042
-0.0783795070422026452
-0.0951003462951157535
-0.107981650270008278
-0.0860275876752022439
-0.0784104482092285726
-0.00535365163470973016
-0.062415665080195179
-0.0338284753869439181
-0.0619282179347326808
-0.0638317053241718446
-0.0576962483737283802
-0.0790174530232336803
-0.0773616727377853391
-0.0491214785194891285
-0.0676842756005244517
-0.0354723186648281813
-0.0555920541624720099
-0.0646958357731359651
-0.0619671664648973677
-0.0914751187662816295
-0.0963382019026784442
-0.0432285476963510246
-0.0612941240686857083
-0.0114249461923854878
-0.0671426698480930423
-0.0479509391623656536
-0.0740856073629840295
-0.0674136360115791533
-0.0728517736469471988
-0.082073900570214936
-0.0520323427058139096
-0.0581884533754827363
-0.0673864866660274647
-0.0629670113226399875
-0.0746494269602070992
-0.0877090026941145101
-0.0609853968020735923
-0.0995103313810606627
-0.0872362891624769848
-0.0900218051243771578
-0.0397671341345388202
-0.0488369167653782202
-0.0573463327230376158
-0.0554519434350294743
-0.0634907286917214958
-0.0710926057477255513
-0.0747102210696231062
-0.0686581974673780987
-0.0555493388987081116
-0.0510448801059229518
-0.0542472973980130113
-0.0280319339186686223
-0.0552924396373772609
-0.0353556288858873635
-0.0432076044280914617
-0.055692740408586669
-0.0572694163719520005
-0.0734566887815797931
-0.095429175225065957
-0.0368003099799609351
-0.0441760859778969478
-0.0641868394054450619
-0.0636237554296597008
-0.113499921536315357
-0.0914483106396387913
-0.0673096828485992144
-0.0792556262466280331
-0.0617650993712613797
-0.0484229044266237668
-0.103938522362391053
-0.0313579489317808713
-0.0682841802777787305
-0.070214608167900025
-0.0929586492507975815
-0.0805341833107016958
-0.077818176444860318
-0.071330174848104097
-0.102904073297782644
-0.0772318405304303068
-0.0788761334037431372
-0.099201024813411115
-0.0852449597298274159
-0.107087424075427318
-0.0518545775928083014
-0.0994954408384539635
-0.0404506180831674181
-0.0543825078030147208
-0.0878450241204330462
-0.0473463139126044652
-0.107488032462651179
-0.0775504489062784352
-0.0653429400113789971
-0.0887874180203850893
-0.0807735709648182559
-0.046278210531405746
-0.0701099929243365477
-0.0817025333117537417
-0.0486547398115854401
-0.0776171834118465909
-0.0530380732349722411
-0.0734365327417932229
-0.0906363768202048115
-0.12554301578427865
-0.0600426813718338212
-0.0608941616779349743
-0.0637644158880595474
-0.0636154762836864118
-0.0723079489571040873
-0.072231700338245608
-0.026997106696673101
-0.0733154678086193889
-0.0852962746231283597
-0.0754447869078486433
-0.0481422672151981396
-0.0677524123183650268
-0.0569864347562562476
-0.0502392574849201759
-0.0933364067805780434
-0.0600009924457669055
-0.0569194465826508983
-0.0722958085338168965
-0.0745502176505605518
-0.0855816951075841492
-0.0874862872559321325
-0.0505596944078307992
-0.0384625654958381247
-0.109001716603562601
-0.0659661123837783636
-0.0460783192673596131
-0.0834131231783431099
-0.115373305672594073
-0.0773252149482545198
-0.0731282585191140727
-0.0817628388012253404
-0.0405746203244875051
-0.0750317795930311032
-0.0870900685950370956
-0.0282674987091014324
-0.0549495518285809184
-0.105724159559904649
-0.0465933967827991402
-0.076232466467943294
-0.0674099570513405216
-0.0898837794253476152
-0.0997187874547016545
-0.0923327803945437064
-0.054614403339039469
-0.0739625579439194547
-0.0678757788571115461
-0.0495389550099151338
-0.0676961996316000486
-0.086129513494913823
-0.0711008442162152504
-0.0990659644429796038
-0.0816647118866555277
-0.0631385644992915607
-0.0744605506603543826
-0.0582257782341905755
-0.0724771903718279403
-0.0756150490301693429
-0.07253175763830437
-0.050445002224592396
-0.052944802179686605
-0.0636838410905744834
-0.0994543580284764084
-0.0545167245353583435
-0.101292172019934928
-0.0644508422003768899
-0.0798669103118895274
-0.100434648388627423
-0.0821988496566997129
-0.0923559275537017832
-0.0664697034298215028
-0.0769112402679134888
-0.0681105629437094851
-0.055361711241155652
-0.0682018949060179541
-0.0710712844556921769
-0.0784461047884844331
-0.0695052371036677108
-0.0751092076497152789
-0.0939982411530677769
-0.0569215174557278353
-0.0684221464917041389
-0.0845952016378398591
-0.101569736780016531
-0.0627591742661117447
-0.0728883414787799694
-0.0704725532964385476
-0.0784899243698497229
-0.114203427825026571
-0.054905280823387588
-0.0803539738713422297
-0.0599947901477416792
-0.0534001965651770688
-0.111800869708694378
-0.112385309289986551
-0.0535839560833113043
-0.0440816457209397966
-0.0903198506758734199
-0.109426799778550438
-0.0834387357058747892
-0.0856818246903662539
-0.0662337500275996249
-0.0765470453794506595
-0.0903613838000666691
-0.0705784771342189421
-0.073009681602896101
-0.0554764778623432417
-0.0848407869422556915
-0.088731905076064474
-0.0813098127686982808
-0.0740991910885217958
-0.0812710413566245238
-0.063289381319084681
-0.0563994083014561776
-0.051775451866010104
-0.0584173812760076863
-0.057539455552664702
-0.0346530919165030163
-0.0608831163456554775
-0.0859524112488238706
-0.0569854157141456361
-0.101538584542928065
-0.0595341394355919859
-0.0995048316730151733
-0.0741712874435973696
-0.0247380176037556715
-0.0561563056611979958
-0.0855678586779170663
-0.0946701037144323659
-0.0669868024627541525
-0.0634213859855992518
-0.0964662104742487342
-0.0620052553092993453
-0.0831796925426996625
-0.0592549100556693312
-0.0577659213875674829
-0.0903448302911385726
-0.0914974840804049783
-0.0912246052924926554
-0.0820760804343650396
-0.0706706262868683904
-0.0743225036288076707
-0.0985732559315177226
-0.0235050417112414728
-0.0489427460094912087
-0.0525779446158303188
-0.0900734930804011485
-0.0830077664989868069
-0.084070101927346999
-0.0812228775857950919
-0.0824581563699862824
-0.065463888476679874
-0.0614840755089765267
-0.0375771637636723721
-0.0725336414333755675
-0.0829103841130580388
-0.0746500012541336383
-0.0951491531544746416
-0.0641267853243760455
-0.0622995294903936903
-0.101556735001314749
-0.0713494426040405388
-0.056649241641371556
-0.060058255057826998
-0.0733415570487662011
-0.0579134580947234384
-0.0901512448625785001
-0.0840152381409205451
-0.0659220736417504283
-0.0584707616531405378
-0.0852298239449102157
-0.0785859135438668061
-0.0417976629402626448
-0.0745289830240179335
-0.0688406405386605691
-0.0969729802524744444
-0.0871373983621614584
-0.0594883184149249469
-0.096903269551044724
-0.0952407172621243803
-0.107026900451772849
-0.0916910931384901373
-0.0522838018499608218
-0.100085767156209038
-0.0440744068601607308
-0.029442010089558171
-0.0435464099272346097
-0.0393000983471420012
-0.084199631450722151
-0.0647303445984293846
-0.088281154491415853
-0.0577073626301425197
-0.10807600244394959
-0.0873067408446189241
-0.0745060661476607961
-0.0785753215815473971
-0.0762835040137107845
-0.0738043643618500472
-0.103065912692119108
-0.113512764207015227
-0.0875308442036697582
-0.0291804461339307958
-0.0940899517107593869
-0.105273066156195971
-0.0687954319456087621
-0.0707662493037650026
-0.0657895767359852335
-0.0520598469736987535
-0.063686383924344378
-0.0656026003748983871
-0.0752660645327814792
-0.105558011644431529
-0.0584203249938713143
-0.0483297256271278536
-0.110346935504401125
-0.109359978369098415
-0.0740500041758614252
-0.0701657466316009254
-0.0592302846814448808
-0.0476127621883176283
-0.0765681712518670593
-0.109828968618761402
-0.0718912774719226155
-0.104855333838574608
-0.0566734031097277102
-0.0968722912897788668
-0.0852210429496959437
-0.0880584433648107789
-0.0848392623500609649
-0.0646223561397020613
-0.0818685618497426576
-0.0919994429211135611
-0.0872690490765273691
-0.0525949697989229886
-0.0721418719893428817
-0.086988140710835854
-0.0784627656769970039
-0.0766532063853195833
-0.0964722559411110014
-0.0658695460952341688
-0.0512881843760192441
-0.0901215085769097451
-0.0644441880734841349
-0.108809464725499544
-0.102094892175394553
-0.0756553157416220839
-0.0759505453063987063
-0.0696214985409722986
-0.0945348135307375187
-0.0555289850316115566
-0.0754085167504813109
-0.106909339245123691
-0.0814064840222479824
-0.0409943879656354607
-0.0906088583601344505
-0.0687783854782327425
-0.0847962027975362048
-0.0697732022911986965
-0.078282388755396462
-0.0820081792720327579
-0.0592039860543141713
-0.0599269587991229091
-0.062147956246951519
-0.060416399534766782
-0.0522351549412568075
-0.0772632771848871802
-0.0579580431486630965
-0.0626477403738114613
-0.112413514058000097
-0.0935088193586143812
-0.064927805339936584
-0.0978643303657093372
-0.0826894312275771037
-0.048678323984604574
-0.0556842608332449585
-0.0751582051420474767
-0.0818175594586985772
-0.0817100960829574285
-0.0575126470135006451
-0.0896165079215880261
-0.0652170113499447451
-0.0667196899714346536
-0.0908389268177046405
-0.125062125013104791
-0.0427221679525691261
-0.0909525784517151159
-0.0699501147184994482
-0.0509744982001412369
-0.0584059901577617252
-0.0320948038092099541
-0.0533454387956033144
-0.0739718796742654117
-0.105993985336681945
-0.0921005024834639641
-0.0872583707315576357
-0.0961313971072795537
-0.107677726872803969
-0.0895590743990908045
-0.0621116392399492859
-0.0970737807570775102
-0.0887915780275478073
-0.0902995296711063961
-0.0559047449470327085
-0.0738229178223511473
-0.0859154456398415201
-0.0686629129060289528
-0.0581864141995745709
-0.0863573422234296395
-0.0643460874207573974
-0.068622873725769834
-0.0684392146451854172
-0.0778784423215918425
-0.0638275121253319977
-0.0678713579180496851
-0.0865009985870654613
-0.0763786657272148561
-0.0707721638662578006
-0.0826984541196048722
-0.0514315965895593558
-0.0590170212161887503
-0.0692694463684338096
-0.0930874196033868173
-0.0792581320543371132
-0.0737738448961419852
-0.0875779564007676398
-0.0538651329126498685
-0.0632402907879067999
-0.0686485926135506214
-0.0891174011725173326
-0.0841620576471860116
-0.0838403717916689911
-0.0388361609117224074
-0.0549960517089767426
-0.0450103358232177564
-0.086100406786808345
-0.0942370169779273292
-0.11271511216838094
-0.0736416665269255116
-0.0925165067923421763
-0.043872714424252765
-0.0770130198178171493
-0.052624971101387967
-0.102406967246880809
-0.063500643641270102
-0.0772048980236301891
-0.0747491691952040654
-0.101695909556913003
-0.0382935697274859876
-0.0441351193266395353
-0.085018401716204034
-0.0662177898292594519
-0.103765209333719188
-0.0729168180442350961
-0.0874527045523471741
-0.0555227821636328084
-0.106444397924201087
-0.104182694147328447
-0.0830413971073168528
-0.0765284855838196387
-0.0650361664142220103
-0.0935748041569225836
-0.0876832540824154794
-0.0846068045717986439
-0.0804718098053268244
-0.120730555065892628
-0.0741646112595713697
-0.101722683079423309
-0.0730999392439947576
-0.0722548391044675609
-0.0847678472878614919
-0.0724211626170776362
-0.0482752259505969672
-0.0859490489994910317
-0.0975947190705582918
-0.085542242100993926
-0.0467013490924370264
-0.0867214228540924004
-0.098269185283546362
-0.0883108011021019323
-0.0638078513104769207
-0.100521796650824349
-0.101332400686380664
-0.083510520991345441
-0.0690752773728461195
-0.076106151369799882
-0.0794912730284898644
-0.10214815059329542
-0.0670728328423165765
-0.0774852675138647529
-0.123022046008401026
-0.0697421299446841364
-0.0845282344011733383
-0.131334643619522379
-0.106190940392873898
-0.0748372035734969354
-0.0919624596040648223
-0.0861051748767385078
-0.066302366576039079
-0.0848130353726969932
-0.0927797478140965637
-0.0829430168193801554
-0.0500580422231618402
-0.068120437886547619
-0.0770560445648287851
-0.0799854799832125513
-0.0982789022807529361
-0.0926452921456544093
-0.121375958132455053
-0.0858696562095373067
-0.0790231126783091514
-0.0889027927677181473
-0.12277981825141035
-0.0855196461518706319
-0.0545832026714210689
-0.0864127373175319902
-0.0916466570129443464
-0.0631198272421373274
-0.0709213017307740029
-0.0870681403158918565
-0.071690661004041048
-0.0851569481000654799
-0.060363895124663669
-0.0917435569772895865
-0.100790917769272986
-0.107827980123999079
-0.0738222394989986597
-0.111732516784561642
-0.108686877819401909
-0.0729696799214943903
-0.0884709404698089813
-0.114895674142769633
-0.0879381729141386348
-0.10197904980080609
-0.0757206685848326594
-0.0715856536438216062
-0.109336783768660697
-0.103473345212368451
-0.0745051751231533277
-0.0732141586833782582
-0.0845596801887939231
-0.106059745714065304
-0.10422312310317132
-0.0676289310855259784
-0.0645397215936476948
-0.0894285432069526209
-0.0979114275981837201
-0.0692492046284047119
-0.0703568146396922889
-0.0776294903663858477
-0.074384663958857053
-0.105892914833754501
-0.117303306716632777
-0.0502362382382428724
-0.0766005949936897079
-0.114708686755232742
-0.0631593488309873941
-0.0746337829198635838
-0.0895019197362919711
-0.0962459412530213554
-0.100934724749842386
-0.0401419077153395976
-0.1021357821039834
-0.0783469654550630057
-0.049587949952719694
-0.0704562283995290445
-0.0816957469544344478
-0.0764053008920807519
-0.101099256245917979
-0.0954980876234469006
-0.0723615534974170888
-0.0805214070213818162
-0.0923319594151926354
-0.0900388224028492445
-0.0813330749165035172
-0.10235056459444794
-0.0966838491454145577
-0.114654088146030272
-0.0645791277508479533
-0.0694812554502576424
-0.0503610403274672297
-0.0953333579244776408
-0.0655985198774160505
-0.109008895071922254
-0.0732493304372933973
-0.0900524871211657585
-0.0546895146912058372
-0.0897033929072706404
-0.123624695895595382
-0.0869562949098322407
-0.0702356064206544062
-0.091633388030570917
-0.0783764295183762699
-0.0789305609737343816
-0.0942610624584791224
-0.0547835008042634047
-0.098368728164618377
-0.0688159753154216902
-0.0630148154916233688
-0.0680209865965057392
-0.0993622678953246241
-0.101188743748099635
-0.121598140543034861
-0.110087369953043912
-0.101480802526818181
-0.103082759909945781
-0.0898939892525925793
-0.0561318864468239864
-0.0919370427993248668
-0.0290488052346604061
-0.0814060106911553283
-0.0792046229691159981
-0.0429078268961272657
-0.0950557743278218487
-0.0606662594625089757
-0.0857588224622540113
-0.11967980700255762
-0.0535559835617561986
-0.0840196369797512749
-0.0917354783090226777
-0.045093185749614767
-0.0783184869559446079
-0.0743748342228379156
-0.103189767622736392
-0.0799871615209852976
-0.127270085726086168
-0.0422916604787893016
-0.0945007187598475573
-0.0726318759446542977
-0.0804053264012815488
-0.0961489686282500228
-0.0284936178130361095
-0.0277689653292419528
-0.0811045258773216288
-0.109718141764931928
-0.0780018906651904348
-0.0971358538604005645
-0.0603176522953205313
-0.0566675637237852164
-0.0753079443469582555
-0.0923977527414713146
-0.0834360933794025678
-0.0832536468064566382
-0.0897831819943511744
-0.0747723321473674207
-0.0911999986215054625
-0.0622067443999805292
-0.102804419330500815
-0.0563320216956015307
-0.0509089564824807411
-0.103020485451819327
-0.0474532807806238716
-0.0413881019905268377
-0.106305860625049056
-0.0575371998912270199
-0.0816687648108971181
-0.0969379767868762537
-0.0517543585550519908
-0.0851192925948313639
-0.112350463667860778
-0.100584664131982776
-0.0876992237861469737
-0.07272125446000402
-0.074720321763257519
-0.062260930887591201
-0.0773282029076349936
-0.0903152414292061195
-0.0728050757781620456
-0.0603261228653920387
-0.114912315316658742
-0.0446228972262960738
-0.059098208846816519
-0.0813334725630581457
-0.0757241919359586541
-0.105561353877529449
-0.073274904551867151
-0.0853199399948825626
-0.0620739277703194758
-0.0866325555171545553
-0.0962333953394504948
-0.0643239725945868035
-0.129965867456085599
-0.0503267871849542997
-0.0786686709793832789
-0.132320812453904896
-0.0913559583840766049
-0.105043377974227248
-0.10282282731946224
-0.0975908151217562553
-0.0548201081679316887
-0.065200374007356024
-0.0710258403671989724
-0.0563795970146284131
-0.0710434264449878172
-0.114004536352633024
-0.0921106044386137829
-0.0836365197469751964
-0.0779084372924082058
-0.121284208745101263
-0.0856447254528229507
-0.0487941259714467154
-0.0861826081030171026
-0.0436930181879875632
-0.0824484662426051423
-0.0745658735624504659
-0.094295114000711458
-0.0900426401653988684
-0.0919533105011515056
-0.0722763649397303448
-0.0768198258186779531
-0.0996950358031312017
-0.0982758202703845757
-0.080302243649234703
-0.112518977969766537
-0.11483251815938221
-0.0966502108438160173
-0.0747185319462436159
-0.0591722929126691777
-0.0809922392867131746
-0.102332159364697986
-0.0674028571684545524
-0.0735514338606711587
-0.0743574652517362544
-0.0803078006536510625
-0.0352067942697205719
-0.077787815388770859
-0.0425343502825425782
-0.09444263799157529
-0.0763222532659337954
-0.0559848251213926895
-0.0944824370157497651
-0.0686878096463610921
-0.0720154182324571068
-0.103794186057499196
-0.114950656614269314
-0.0921927117450636741
-0.0983823272444941943
-0.0621955627164489447
-0.0700864920520719997
-0.0799493246905475657
-0.0491913648528492786
-0.0691869497953941093
-0.0429101860907338262
-0.0939036227337493451
-0.0529870689070019024
-0.0604837268170768938
-0.105285108641703817
-0.0671555402024210935
-0.100651049352316738
-0.0701417474638969529
-0.0950940551248157795
-0.0750834370694764275
-0.0509031101969931038
-0.11831668974902626
-0.105459494772513693
-0.0586845101943242325
-0.069757246314105209
-0.0597171162773272451
-0.101308259576424031
-0.117716010924919956
-0.099619347824543597
-0.112353435634088422
-0.0614480303443531439
-0.0553139755465640523
-0.0909764584464396314
-0.111171049649628165
-0.0849293735973191827
-0.0507941851721261176
-0.0938151111501397267
-0.0171553481658363177
-0.0967076128380805894
-0.100299967009109703
-0.0968390020593427464
-0.0884129678176995559
-0.0993588144522129374
-0.0718679955827367378
-0.0762204001980984897
-0.0782046977373039992
-0.103697117114615503
-0.0942499871486874585
-0.0619516095170547232
-0.0914863068724726392
-0.155872660606062252
-0.0764365017994092788
-0.096724833907541885
-0.0591210317257147427
-0.0861643786934164768
-0.0998413844168196535
-0.0764531948581075038
-0.0936304310214424867
-0.0875294798606962715
-0.0675245274986332605
-0.0339609755719246578
-0.0591523742483452269
-0.0971491662963739483
-0.0866439437585427158
-0.0569427827929361724
-0.121582145886029364
-0.0566007411483648304
-0.0905206617000403613
-0.104141834183156881
-0.056923460337042181
-0.124854324586107901
-0.0756024599830927013
-0.0834835155530588291
-0.108855318012844454
-0.0742983028660436085
-0.144475602180142965
-0.0758033682730038655
-0.106496105581620384
-0.066415450299732573
-0.0751010058424800148
-0.0438259090893368328
-0.107047681729038516
-0.0892913353270610305
-0.102003890357634214
-0.113490505134797776
-0.103813327188265553
-0.0915076349599327904
-0.0609814405716391575
-0.0944390381682294333
-0.0997569826675931137
-0.0816628802626930272
-0.0907842655546680366
-0.0558611787229124981
-0.0481579989837497349
-0.0921865033714026894
-0.0748389672036616077
-0.0652528885685093318
-0.0810010655497395288
-0.100493808397586204
-0.0538872056963613164
-0.0841708970372037624
-0.0859217412090175631
-0.0591272459076344556
-0.0803832994563864894
-0.0632191056230331505
-0.11122268958430713
-0.107256384933017423
-0.0808235826573409782
-0.0800918014128819272
-0.0848937131825644731
-0.0775739543576606516
-0.104153505514697931
-0.0677186711518572848
-0.0763815533614762704
-0.0874373520818590849
-0.0896987130645251624
-0.0553570917459329376
-0.126981427026447879
-0.0685355577556504419
-0.0943813181685818348
-0.0602233297823854402
-0.0534916047339506623
-0.0747549885964943761
-0.077141563627866519
-0.0844546138727615275
-0.0965741313510612431
-0.0949947907406485936
-0.0885772351957212767
-0.071219277571424211
-0.0672202173488993804
-0.0717242950976089977
-0.0725561878522708315
-0.0717679841441164201
-0.0742520709875447021
-0.0967973222958331547
-0.0682438699172108754
-0.107432778450088848
-0.0979820487215154329
-0.0887160749880379074
-0.0719694836604417437
-0.0317612968633285697
-0.0645616907977566296
-0.0783199625867860572
-0.082531973717382287
-0.0926989113250633878
-0.0666178224982754558
-0.0898761783327948344
-0.111501993234563321
-0.0822054998133393694
-0.110964570697635878
-0.0865543516702437371
-0.105403263848423245
-0.0799564809166580931
-0.0541489410729024123
-0.0957019710955706315
-0.0785379909432981499
-0.0823598954020596796
-0.0839652993854895502
-0.094333879098363993
-0.101394232787667626
-0.0712814638624493235
-0.0585474150879440602
-0.0715260878412696255
-0.0577379554935070899
-0.0762088080724328265
-0.0642783832640202724
-0.0745459771996514614
-0.0687580389665734815
-0.0558460420807710689
-0.0993247180165302279
-0.0594186423775720576
-0.121195160789907386
-0.0748769946033259193
-0.0711295163515377749
-0.0697666248730258037
-0.116668620624021974
-0.116248921424388973
-0.0887005686343678712
-0.056232848355115099
-0.0829541774060839343
-0.0849310921754476283
-0.101423961715495642
-0.102169561065226705
-0.0599715134757376617
-0.0552206656197632983
-0.0909947467726677783
-0.0755095867845917146
-0.0829233562019670578
-0.102698684457486561
-0.080804775216012148
-0.0854546311716387896
-0.0767020493403056114
-0.0844035141222723023
-0.128966993204925773
-0.0981377399295543518
-0.0902282449876203319
-0.0946283954974952574
-0.0883225747583505777
-0.0507715867528008638
-0.0865250633117926049
-0.0816857257662264025
-0.0972259667649466863
-0.0593476148684955324
-0.0634428722537825063
-0.13480352675983337
-0.0779817207154154951
-0.072922542276134511
-0.100505363592234595
-0.0935355467784159955
-0.0866951529768464901
-0.0762725151280422148
-0.0810982889463549433
-0.0936855787433203135
-0.0633498615281310601
-0.0884964323226059557
-0.0876313616141197183
-0.0666474535977771565
-0.0523355265732749764
-0.0692616913011704499
-0.0637620772526900914
-0.0468834099105688504
-0.0745132611583200904
-0.104692462672801745
-0.0892374383673320282
-0.0783671002874103406
-0.0573834940861278481
-0.0939559559698754099
-0.105180851076408344
-0.0408419057207064021
-0.101703278074789502
-0.0936994066496757705
-0.0968728329248219333
-0.0977079111560965885
-0.0567533630079674473
-0.0320129813101823688
-0.0950282288107305445
-0.0690348735789385881
-0.0854137406558167084
-0.094563069690153892
-0.0927530103255174709
-0.111095821464680694
-0.0757140478175291481
-0.0581090458670759646
-0.0706145184899583667
-0.089400703392045755
-0.0743379209126485141
-0.0933103617161076399
-0.0736245976496063964
-0.044604850149540777
-0.0812316328769760732
-0.0732388098209361404
-0.11826485734772868
-0.0560661094721922812
-0.0656701617595304293
-0.0685428180383978597
-0.0652574938121456005
-0.0717539181311916824
-0.0944816001898637348
-0.0798043140470938717
-0.0847912412699692031
-0.0741757668110931412
-0.0987353810932951881
-0.10916977828370758
-0.109741646301452583
-0.0672503301975380802
-0.0674754443350622929
-0.100704002204315995
-0.1081852354145693
-0.114642478645844037
-0.0403565206497248433
-0.0687222107007440797
-0.0727547309638962997
-0.0862774718550828323
-0.0698535243696673247
-0.103161658930461447
-0.0430618748235588183
-0.105885630536608946
-0.0726463629008130829
-0.0731880994872195212
-0.055180473137964467
-0.0746243545044985995
-0.0408680214025737287
-0.0715896835060826492
-0.101496169294880437
-0.0994488019759378616
-0.097770498603413275
-0.0702661956265112353
-0.0783401055002010405
-0.0867835321871522902
-0.0570567313900087539
-0.0636184058303370659
-0.0473111618316958138
-0.0482203041633129728
-0.087380442507495687
-0.0674106838067582703
-0.0882908839861592243
-0.098539695485224621
-0.0953396963238732909
-0.073976949666005376
-0.0637973981302828452
-0.097824707742811573
-0.107305481524565649
-0.0823693198707119573
-0.0789417403941337498
-0.100036038434976784
-0.068763892644291405
-0.0697514768743309754
-0.111975122422142997
-0.0865548964903022355
-0.112023810735769253
-0.0737860593098248752
-0.0633592649340202763
-0.115792312134356867
-0.0854019266949739425
-0.0623638714050418902
-0.0509308140746012328
-0.0603303054724357718
-0.08683852225221729
-0.0473828727702630889
-0.0749504747768520718
-0.0808249952109007935
-0.0864783773301984887
-0.0775941712145532259
-0.0709487721739124194
-0.078196620689829785
-0.0841633564454113969
-0.0781747898799568519
-0.0979150984062571589
-0.0791424345925493822
-0.0948775705796419816
-0.112678540031279195
-0.0588428187800919822
-0.0794151184085511441
-0.0901326773037711693
-0.0843325004654746219
-0.0774413269889781125
-0.0748983130840514683
-0.0478181068358167136
-0.0965232021126206513
-0.0783471565454942065
-0.0627433429732172365
-0.0768821893360116526
-0.0773131485094686738
-0.0813078475341353774
-0.0756849337187248949
-0.0725510504829518094
-0.0724140119094774382
-0.0667698989701115964
-0.0928718743086098808
-0.0928712472923805821
-0.0859220105185150712
-0.10202811180491915
-0.0701676489615997434
-0.0934426213638732961
-0.0585428814143607937
-0.0670796738197528136
-0.0442952296825269154
-0.0936722660015573555
-0.0828553060335649322
-0.0836116608401237804
-0.0975837434477649229
-0.125974574646745108
-0.107215391467259502
-0.0909036064473612015
-0.0634452368367778713
-0.0879872577940096212
-0.037852624929018551
-0.051280397440412441
-0.0821792898711176112
-0.0779183865533639719
-0.0877930252526172572
-0.0497834460728719883
-0.115641116164998864
-0.0665574734094154796
-0.0730538991945642591
-0.0708784517833097039
-0.0550516471476260455
-0.115156822447981214
-0.0568298241368753176
-0.0788587317664301013
-0.121545293842536706
-0.0748492881866324455
-0.0683242154011695912
-0.0845441345788950777
-0.0961199879109966154
-0.08168189357391345
-0.0700174625757999658
-0.112965374390431375
-0.0779645953818295517
-0.0715100250124985487
-0.0899726448037914822
-0.0668512820605580704
-0.0845116810388568812
-0.0925664158201550541
-0.0745252439504540815
-0.052015281520107981
-0.0749329404443276753
-0.125430651076845201
-0.0647206920040039185
-0.0999215733289811475
-0.071412415207116331
-0.0753615455255007144
-0.0973100651061303279
-0.089489445460576772
-0.108755995150116497
-0.0891261001205988362
-0.0983617959552781501
-0.0900303503509831404
-0.0481645327167593562
-0.0383448737543439777
-0.0589159889115086211
-0.0647721120249339088
-0.10848208545510131
-0.0992647508850680871
-0.0621888752785867555
-0.0815937262659112705
-0.058178623335670622
-0.100935108232303256
-0.102818709725430418
-0.0725837934904309534
-0.105841326383968953
-0.0994127126168283526
-0.079306379039983374
-0.0921892064442806497
-0.0550395794731281876
-0.0543306648690650151
-0.0914886427677164132
-0.0727578996807590889
-0.0475305098223535033
-0.0777018049749080147
-0.0632484100986200615
-0.0969438301383097611
-0.0971570874725414813
-0.0945985136666398357
-0.0879838653090902756
-0.0655611556491868253
-0.068881482953671247
-0.0525793990930462293
-0.0735236831637100796
-0.106107221651106393
-0.0946015133259789365
-0.0794594862758956078
-0.0400864372134740327
-0.0826378631296449534
-0.0463193776800343848
-0.094668128267459753
-0.0684572548555236193
-0.0723471065865941565
-0.0879675791681354541
-0.0996195295096721778
-0.0772708597804886432
-0.0638774930197751611
-0.0974595663981695504
-0.0591097175697376589
-0.0523019320723792508
-0.099174140746115802
-0.0868927140285903066
-0.0968768981990499878
-0.0541928458238243316
-0.081135966984667629
-0.080772173708905104
-0.0880481739623330539
-0.0794761171480890816
-0.0968508158598985758
-0.0817022542688419506
-0.0866329878547001803
-0.0591238770730406066
-0.094410304556559646
-0.0917605936047203863
-0.0695280138837044148
-0.109734254572233111
-0.0879140674947792022
-0.0343817502960422211
-0.096239238809985625
-0.0718518762571047076
-0.0747640788292262409
-0.0561347464085796902
-0.0983011498494014285
-0.05272987751398861
-0.0635520006770776136
-0.0776226605981239492
-0.0700767423075904644
-0.0678648142904186985
-0.0762843981958300776
-0.062100555359782289
-0.0687885014427408598
-0.100901328312761621
-0.0784162627348848201
-0.114136292132054035
-0.0728874635040283742
-0.0761553400891042537
-0.0760689615849609174
-0.0679914711848925435
-0.0935663844677865758
-0.121443106068078593
-0.0816190367776614273
-0.0941360782452823619
-0.0565181678778299001
-0.107382941085120448
-0.0811228360959151129
-0.0880849491108201127
-0.068284932078291713
-0.0808316282914626205
-0.0609565813798713801
-0.0859922748734510689
-0.0993155920477181986
-0.067893474868626999
-0.0731411841607656904
-0.0887724796790382437
-0.0699416090828593046
-0.100495791869564657
-0.0768367480581021028
-0.074983601189102092
-0.0760268507950272177
-0.0749011763289822857
-0.0656119694505016282
-0.085281232538141738
-0.082269513383791168
-0.12280100524120241
-0.0825177012846780161
-0.0808312487020789727
-0.0602752518352697719
-0.0845595981694981513
-0.0868736333899648577
-0.0762291252972473327
-0.0850982442409574241
-0.0834522040083485461
-0.0619633897986799353
-0.0343610506233147095
-0.0934470611551112829
-0.0903822327612816556
-0.0810683216850833777
-0.0922197906546359802
-0.0388528842003198968
-0.0738762994129606998
-0.100265792289031916
-0.0619582835404309112
-0.0669529785198951927
-0.0243136905821062996
-0.0318188497839837006
-0.069414535929927787
-0.0963870719036835216
-0.0630689745005492408
-0.108601641712313582
-0.0857115691297303806
-0.08422344979131971
-0.0472067543232007197
-0.0778412142959581804
-0.0341597617988405669
-0.093700553026175179
-0.0637542260668033101
-0.0976188125140260432
-0.0571675439163437105
-0.0837832584077955189
-0.0677218312299589509
-0.0545154602932014301
-0.0947801865369376773
-0.067877458508508029
-0.0599982604208482706
-0.0674155186715232335
-0.0831234475292999125
-0.058812626366605239
-0.090765099296614915
-0.0635771106972242289
-0.0809203348350277518
-0.0687821873499448039
-0.0413844947784569039
-0.0816491453906589421
-0.105176985578802895
-0.10733917446875213
-0.0969563800800747055
-0.0973521177496434048
-0.0525430554317230028
-0.0916274038734800761
-0.0494237193717038462
-0.082207474886520665
-0.0689710171043979026
-0.0471666217312486785
-0.102286343842651742
-0.0843415743946695912
-0.0824781598576000974
-0.0957206103806709785
-0.080477575187783465
-0.0632165954634792554
-0.0989420017655251172
-0.0547345170178710066
-0.0387689717625743294
-0.068070762511852137
-0.0791590724433333393
-0.0590555102101765622
-0.0539174130823377867
-0.0746360875820814562
-0.077772300206247133
-0.0616594047938452822
-0.0871162245736945146
-0.080452200784089628
-0.0735585085217952683
-0.0435052457347112481
-0.0700042632850312041
-0.0996607902564040776
-0.0740469177311311733
-0.0833868278840255994
-0.0795914562684648941
-0.0664307422732135361
-0.095418834935988045
-0.079688485613018778
-0.0727008562861563429
-0.0676981505832809638
-0.0608959463294901221
-0.0579261062646556496
-0.0878906485203227172
-0.118418286689539465
-0.0647818930842015139
-0.0767757389084941511
-0.0914706584661791888
-0.0899156596506495709
-0.0850748997011346458
-0.0582337938384075229
-0.0723848600998286129
-0.0762702447737369504
-0.0918564853433800066
-0.0885565325050623048
-0.10289702541390798
-0.0981588038300289789
-0.0594055583033260698
-0.087274693061083583
-0.105902916754460258
-0.0880678302305918648
-0.0474716884119187055
-0.075256673179753833
-0.0867181726570458999
-0.07958755426692804
-0.0936061462744976203
-0.0586482479033559739
-0.0662822572073235583
-0.0625753531640765304
-0.0654407809886916325
-0.0589040264262589708
-0.101999289475018295
-0.0595739452870604203
-0.0351821985862905973
-0.100195643344700283
-0.0944979898411231617
-0.0397685549831568314
-0.0472605126196330994
-0.0781832221163527435
-0.0977056566601468696
-0.0838816022502113928
-0.0666196499529182473
-0.0755569311433608448
-0.0319111703624283954
-0.076378668729985319
-0.0744840970921661766
-0.077109273674369927
-0.0545499899009009581
-0.0536286000501460386
-0.0510859976040918817
-0.0864454201087143936
-0.0864244925720308588
-0.0914401193001861262
-0.0571521054787239025
-0.0608754395546956054
-0.0944567095646314248
-0.0694879558493464861
-0.00863523049952961974
-0.096894050962532452
-0.102795471758030763
-0.0764174155272480254
-0.0774473337028914605
-0.0696097407766524123
-0.0602185466773443867
-0.107465806887446447
-0.0633416229300847178
-0.0828215099428172563
-0.0649528952336663745
-0.0409829146074382339
-0.0616011489894818104
-0.0419042046547300762
-0.0693653299609863772
-0.057038104869187381
-0.0322282324301922316
-0.113306125356887305
-0.0893352195482850914
-0.07567667445164801
-0.0528737871320912878
-0.0469209756816753171
-0.0791708540905744634
-0.0787873795770474977
-0.0569768048828772702
-0.057706582772583212
-0.030989901355111836
-0.051879656890268154
-0.0521299447650875741
-0.0804609646135792667
-0.0797538744375422687
-0.0760871777987526393
-0.0541029742488330911
-0.0806038023509489665
-0.0662409519324790308
-0.0830677697410120708
-0.071343012759272878
-0.0701435013902795002
-0.042122919281847325
-0.0404428987205863177
-0.0765370894868612345
-0.0595394259953305055
-0.0818479123215736931
-0.0480059739252884643
-0.0845149631345007007
-0.0733069078596265272
-0.0368651677569460795
-0.0939546145611241112
-0.0827939285366697808
-0.0561667736561907577
-0.0838359054941123089
-0.0886546439618031146
-0.0773151788844556737
-0.0674993853190363063
-0.0488781342083751819
-0.0597660990873123549
-0.0392274401718144608
-0.0752985846245384921
-0.0606033152637580341
-0.0761993014580637507
-0.0859145253209263188
-0.0268663788079024704
-0.0725733739355738927
-0.0993129120478527666
-0.100958486400845981
-0.0401776637991261357
-0.0690721871809048815
-0.0663307951925772021
-0.0972316964047621329
-0.0705607535318721196
-0.0742344258426239773
-0.0569635992582511602
-0.0722262834353830235
-0.0813675107644429851
-0.0400888128382888981
-0.0724264183850474169
-0.0750358257847106858
-0.0857905388089507115
-0.0429857838929662284
-0.0639960275611136109
-0.0660848306617959208
-0.0966293824468478779
-0.107574366710223343
-0.121172954662702836
-0.0695729185672704503
-0.0716875315655130935
-0.0847028905720466491
-0.0482064680520697467
-0.0498424373458245112
-0.060591282089913226
-0.104066833737132491
-0.0499676907419858915
-0.0493909193425565024
-0.111822472650946941
-0.0823816833309170965
-0.0564323651871362006
-0.0621954079374917382
-0.103245736450614189
-0.0801080567896326756
-0.0710469929839227937
-0.0415130457682142684
-0.0422770817476627869
-0.0910939837665313001
-0.0653839299123505635
-0.102957495149536726
-0.061727820807660122
-0.0889951119672460211
-0.0644936188383222614
-0.0778942879473228933
-0.0994133131815254922
-0.0753790092111545906
-0.0762884879241204211
-0.0742671023101938027
-0.0482070302758677571
-0.0440623869663939113
-0.0855845995232614454
-0.0588979768585470367
-0.0911191660154381522
-0.116578430878817363
-0.0719160181541759619
-0.0793656532776557816
-0.045390798156597606
-0.112991099796024369
-0.0820767535086718431
-0.0951323732969565211
-0.0864762984826607239
-0.0473843574799401868
-0.0547984500040770567
-0.0774973282112407375
-0.0652412304395488113
-0.0673097452020939291
-0.0563421836469303744
-0.0739624071343989303
-0.0975732685920342735
-0.0386320524647814634
-0.0838660351117829495
-0.0538277418732622664
-0.0964462692104565006
-0.0876465575781011225
-0.0425176244466405479
-0.0755711760010911449
-0.098191222067563505
-0.0559375984766916634
-0.0690977699125231992
-0.082205524297136609
-0.0652822457438983622
-0.0837402211635778077
-0.0708799313495766803
-0.0912904951053519487
-0.0682802759267950865
-0.0950716998231886656
-0.058283052933220024
-0.0601584477838953274
-0.042329960879024138
-0.0744699658615365079
-0.0654671152800568451
-0.0775144011306197062
-0.115986288560620876
-0.0757470109826614973
-0.0778776390084087167
-0.0845662328543133612
-0.0823407921006121257
-0.0557095852041562534
-0.0669015471514920329
-0.0744716687979174591
-0.0536306160358789308
-0.0951418724766546625
-0.10148207024005472
-0.0586488486250742319
-0.0534881821635393023
-0.0845895629132911719
-0.0691667828316767375
-0.0624498876941123812
-0.055136309784902672
-0.0803511048566861452
-0.0958516866223557557
-0.101505129580368975
-0.0621097650401204529
-0.0614326706425156049
-0.0583221344833593225
-0.0741858977797359154
-0.104864506421346482
-0.0544386996653766497
-0.0722469630619617109
-0.053283625181757277
-0.0665655632297448147
-0.0694090178464880081
-0.04984540580990518
-0.0638308157326110126
-0.0473363016504537437
-0.0659161665129061602
-0.0836434790271242679
-0.0453120794506977481
-0.0905547935641333734
-0.080996808586358493
-0.0788436616489362752
-0.0472581398716631282
-0.0820612388441833152
-0.0272392442564101181
-0.06814375762508873
-0.0952012183902275766
-0.0564323481239328781
-0.0576512547169262951
-0.0506848605678242164
-0.0735100611197365139
-0.0577041614371735789
-0.0601009242206297506
-0.0557478525921761697
-0.0778974518269158894
-0.0983738951493534353
-0.0658986380693127177
-0.100395781332257239
-0.0759272373907129844
-0.0560915649001595892
-0.0864413342021398551
-0.039539751211093814
-0.0518727281462172327
-0.0563751515131917652
-0.06291926445548017
-0.0504090721688269169
-0.0704582672196000792
-0.076114309135175931
-0.0887000740531615484
-0.0694830555745697548
-0.0681330305420194821
-0.0904262790065710059
-0.0276063412232292818
-0.0780875400257046298
-0.0651132460428819615
-0.0365389450846050345
-0.0500903653177646735
-0.0175933327391537761
-0.064531355238548041
-0.0184914532691339353
-0.0714332894274097574
-0.0658492834553790346
-0.0442778884913142129
-0.0305050842089584842
-0.067258571679158996
-0.0656392891481723945
-0.0826126324634704201
-0.120063319588746914
-0.0680209269963188562
-0.0762618683994634033
-0.0729057786429976873
-0.0552348037641515743
-0.0650387804220400878
-0.065693950165582965
-0.0612022434763669215
-0.0485982630465041504
-0.0793715375725256161
-0.0838512031212501063
-0.0800122096051752024
-0.0961381695204693576
-0.0766547021358811587
-0.0825301334188332791
-0.0392838120710328059
-0.0685939667802551445
-0.0722734090295418796
-0.0658727481929974462
-0.0538388339107604835
-0.0922821198483837202
-0.0702766611408544295
-0.0545765552199469275
-0.0392070326151499685
-0.026522464356570144
-0.0582351192638821541
-0.0392873452713581595
-0.0781298968540698052
-0.0672238643965823168
-0.0316365530318113153
-0.0401394926418080639
-0.0663953104655289478
-0.0382684178219307655
-0.0593976853590109238
-0.0657826554591253859
-0.0231048001715152829
-0.0688391212637182587
-0.0598528754835157481
-0.113051641051037488
-0.106410423907270957
-0.0405215312335618291
-0.0631714442236777085
-0.0731042189212462445
-0.0680873854475570056
-0.0853323237042335203
-0.0594698889063117186
-0.0595495403216356467
-0.0728929801832537555
-0.0692274780087020203
-0.026805433225583819
-0.0778105365418920308
-0.0671097968364776504
-0.0447121173310916289
-0.0524859613864367275
-0.0706435583383867582
-0.0601173726169659736
-0.080468082018975623
-0.0587653011461425623
-0.0831133457105094758
-0.0777415109297577289
-0.0285605444447607978
-0.0699576183465605017
-0.0730868607579557572
-0.0812754205481977243
-0.0444749041419365207
-0.0949082886546046001
-0.0508501487339648173
-0.0676218042096014132
-0.0654493211390288349
-0.0519269338462026928
-0.0504744421600124421
-0.0271775805168873244
-0.0522136262715151844
-0.0277073562560568656
-0.0263194235194001355
-0.0536474004964420104
-0.0521622689533606243
-0.0563382240052384478
-0.0833446023293655247
-0.0792864056527542715
-0.0655545454095474295
-0.0708027602400161243
-0.0467946366533809749
-0.0891291385908857953
-0.0548263080210370859
-0.0391455192535054217
-0.0614866123644889767
-0.0715007572792087237
-0.0165235860555227945
-0.0597810463429235134
-0.0638456218293484284
-0.0702852293830650982
-0.0495909817565948347
-0.0198576366779209673
-0.0412805651243125793
-0.0563970688984711463
-0.0772658045859405257
-0.100680851192806176
-0.0994565338263287968
-0.0706263046838920272
-0.0816156262770863367
-0.0464020092000018911
-0.0787849115424782975
-0.038367299661760404
-0.0769129754824499912
-0.034700039248314149
-0.0783451584231031894
-0.0848134482026729475
-0.0896745456008469222
-0.0695177796898832634
-0.0776171829702126947
-0.0630644236615701542
-0.0550181516153304961
-0.0892055105602270332
-0.086508202908671103
-0.0320129765387711235
-0.0626587461381582361
-0.0627126459724508117
-0.0958098685585666021
-0.0636714030265078113
-0.0525344961216652126
-0.0618497699000407838
-0.0574736989771012854
-0.0859572503995213316
-0.0553180651406736598
-0.0291543340706508919
-0.063945054423641165
-0.0630242399073870502
-0.0686664104550781113
-0.050424924778217424
-0.0390953240811243025
-0.0496767042430030017
-0.0615903360231262881
-0.0427524976027823522
-0.0503304485409059865
-0.00605987050835869734
-0.0856025397037745994
-0.0594709491680483343
-0.0652221310103640317
-0.0538190444997463033
-0.0677528036553964319
-0.0635854682428151907
-0.0619592475552692631
-0.0362481241775043581
-0.0544986941246550019
-0.0727604487771592034
-0.0587637737321596298
-0.0394020594149486758
-0.0446689552096576209
-0.0660981150742988022
-0.0587389699388458225
-0.0274746897414007638
-0.0506906856264474556
-0.054318145390636334
-0.0267158028265993969
-0.0749855170359863127
-0.0671156468544133883
-0.0695698606070879189
-0.0678560747799472203
-0.0382982172507362051
-0.059653670413407231
-0.0554289334272260251
-0.033928865228301755
-0.0531789427587825644
-0.0865383034488849123
-0.0701561641473424091
-0.0437919787554127415
-0.0313086541002294688
-0.0455309547853422134
-0.0683644615701252262
-0.0650159007132350003
-0.0721612932371678006
-0.0600489018272988076
-0.0615417603555958315
-0.0682070097401386438
-0.0627247994108897783
-0.035032241698362096
-0.0956428659085336169
-0.0917931701518565901
-0.0634760475279928932
-0.0593586559955397997
-0.0569444847831396123
-0.0692824819440770456
-0.0532023318835526116
-0.0656486577650443048
-0.111106943146238632
-0.0558828421231887459
-0.0498013364244710086
-0.0790702994039157447
-0.0637081395358307934
-0.0853886984711502289
-0.0801738632725481903
-0.0611023512595787049
-0.064529097857725301
-0.0899311774724486784
-0.047222528289455723
-0.0484065399622898504
-0.0612040374367383844
-0.028826314547687068
-0.087850676966075944
-0.0207170496469463797
-0.069812026723126766
-0.0694062708304353099
-0.0374993900028949556
-0.0340222643086556462
-0.0748796221158823244
-0.0537057572522741875
-0.0725521033745619437
-0.0680333721569951755
-0.0565749571540492754
-0.0671658267981221496
-0.0584358468909644685
-0.0727626056575392532
-0.012051398298132468
-0.0498651746535507812
-0.0599268189672662668
-0.0584082928065136897
-0.0813490883340204501
-0.0843680726647067641
-0.0560985422448729912
-0.0664577355374642159
-0.0252983645147464159
-0.0289364781084521377
-0.0898281031317877121
-0.0473290147119152099
-0.0453254805790236359
-0.0597411446208036337
-0.0192610330631271184
-0.0611167966674852695
-0.036602691122142747
-0.0481848257091985754
-0.055894469843326508
-0.0331925903933271149
-0.0695035496757563237
-0.0484238367733998698
-0.0472590385409852667
-0.0295959102068708256
-0.056577330607150568
-0.0680827354887261066
-0.0533475680347230974
-0.0593557335487485127
-0.065373669560825895
-0.0172163952855188263
-0.0250277116746859679
-0.0478895766590135483
-0.0542242313669150169
-0.0506579074723260969
-0.0571315859735182022
-0.0541980670968620348
-0.0569177888679353663
-0.0390493459075672775
-0.0398611168452675316
-0.0963181097570501299
-0.0437536776020015367
-0.0376381227911919969
-0.0598870486407370797
-0.0836218624091459445
-0.0691722412286395194
-0.0348480458754334768
-0.0808066024369814007
-0.0517887371922788678
-0.0580178399337193396
-0.0553705202023092521
-0.0325564435453844503
-0.065555822451487708
-0.0799283418878883878
-0.0620364120508259606
-0.0995548970984353326
-0.0394613463168117379
-0.0367846498525827709
-0.0368017250164937512
-0.0529436746677876546
-0.0588591770403775125
-0.0576166443173013118
-0.0626957344321117105
-0.0571782731134471631
-0.0566010834469327234
-0.0530076172720181718
-0.0451941542411734704
-0.0781083216901611727
-0.0509074776366812559
-0.0455447740785279442
-0.0779620896110637673
-0.0792261397574606369
-0.0577153900915635606
-0.0575834330531428823
-0.0515740522506652685
-0.0938227977583112049
-0.0167506270424283774
-0.0729609661616756056
-0.0680989017407479663
-0.0534919181280725659
-0.046550661303559962
-0.0627195291520537268
-0.0378059400687986921
-0.0525235936385776772
-0.0573963560390049893
-0.0523511646658320132
-0.0484426286388071961
-0.0399025303713428023
-0.066987662186174024
-0.0711259881982370112
-0.0453064501201673117
-0.0541617340934387528
-0.0646178683868731257
-0.0742665317891549603
-0.0839096882491622564
-0.071698666391822749
-0.0820796431458325482
-0.0553187364520289424
-0.0386841939116722155
-0.0533722963859307453
-0.0418231532698966277
-0.0602897578455856356
-0.0551492972016136493
-0.0539390969935869963
-0.0223044434404666807
-0.0488582732409080026
-0.0319244513410900863
-0.0600881669409380342
-0.0462763835402484752
0.0128464931659248993
-0.0296034049969715746
-0.058064198919741683
-0.0948507944161087468
-0.0108919538443680436
-0.0292983468708386784
-0.0294243368515375858
-0.0666570794892910462
-0.0737203893474644156
-0.0336551721501419793
-0.0459040271396739599
-0.0244037768803154059
-0.0996230625021344018
-0.0392495151208608201
-0.0702558872774489002
-0.0609086028880339858
-0.0618268766055858829
-0.045646186146523951
-0.0586218196099887248
-0.0329485373605689219
-0.0466707592583825992
-0.0502143869654107858
-0.0210159527611913748
-0.0376631499943738957
-0.0541357641528299113
-0.0716862301752755893
-0.0514363569399576767
-0.0326324864649078228
-0.04540194243160868
-0.0573764190011047115
-0.0799939630424759823
-0.0629091657950921895
-0.0495622169349923813
-0.0342295737817732079
-0.0455685428111162541
-0.0592729687895708762
-0.0298277677666369152
-0.0223569901014547857
-0.0515692733161826691
-0.0259814238035814653
-0.0615604853920284079
-0.0696769591261143101
-0.0509560435016969335
-0.0370971936765236987
-0.0420259017480126215
-0.0602453105779200693
-0.0490379926241659159
-0.0336756924483420511
-0.0636199048311327925
-0.118846172471729766
-0.0632419808779989406
-0.035169648549653626
-0.0335263523657311283
-0.0511901978414406184
-0.0544847452350132044
-0.0537898883883203907
-0.0760249712578499326
-0.0290262674090461248
-0.0239258261509190731
-0.0320120209728469093
-0.0601189098124092214
-0.0538867123975898948
-0.0447058736250977307
-0.0383050947427337959
-0.0666212578940842126
-0.0320564120301724542
-0.069283507233015823
-0.061105610978412675
-0.0300538199516466632
-0.0435586266284582607
-0.0673608837510551034
-0.0261664475147035218
-0.0347414539278056156
-0.0511173058299610045
-0.0318858628999875299
-0.0644784234598503869
-0.024524847292528372
-0.0457231413061421968
-0.0404648111581900893
-0.0356526628589203115
-0.0174196975856692089
-0.0535910134889801548
-0.0588219708320592144
-0.0636890033669064576
-0.00412299866196256387
-0.0343687508158728797
-0.0568049618101194101
-0.0521345167068243132
-0.0443883244409082611
-0.0714696865487823157
-0.0230760968884756654
-0.0668762703140467901
-0.0647223191746731097
-0.0609065944771511603
-0.0481813113446433877
-0.00670713097177017686
-0.0946356829500205332
-0.0464428779202936959
-0.0796172826231304337
-0.103899895986985596
-0.0505191650177955615
-0.0727213849315974242
-0.0496087870623930227
-0.039075965941292222
-0.0508202690525987807
-0.0380922333898752047
-0.0758776969651198674
-0.0203113804433490731
-0.0483689393511687396
-0.0639039260915024304
-0.041407958305676347
-0.0486564947090496192
-0.0371139406264280047
-0.0422017133405359554
-0.0662036527681972853
-0.0522386403798729276
-0.037374616399105505
-0.0395383090847018434
-0.0718311194670541581
-0.0396710191903079379
-0.0475835683005394472
-0.0597879389834685554
-0.0492697777184622418
-0.0172922183484227818
-0.0348514961966101613
-0.0311905768663431893
-0.0628173909778147327
-0.0518569479000343808
-0.0449557566295952157
-0.0366037789630342045
-0.0457961902029591639
-0.0460465432240422523
-0.028980890921383673
-0.04190633316875296
-0.0379313223541464378
-0.0576815184744353254
-0.0846958307553329209
-0.0187099890451837662
-0.0241122848257648049
-0.0573264837282852976
-0.0702679303891829282
-0.0113648941070509588
-0.0380981483987536812
-0.0602976439644213186
-0.0580634490694782249
-0.0773195780962119827
-0.0513089008596406548
-0.0667284670333830043
-0.0604393856662918116
-0.0332112846601830408
-0.0692881281755924755
-0.0350185984169651549
-0.038944223589428853
-0.0569710858051280244
-0.0249481565033381793
-0.0450988690218400504
-0.0636179867117734887
-0.0422558370012868292
-0.0171263368533149871
-0.064050506152171241
-0.0722298723633326839
-0.0430581955944240868
-0.0426118034734509349
-0.0346216052832266641
-0.0253296414638976425
-0.0730898128081423071
-0.0503222977593944937
-0.0271907070705558959
-0.0449714932781598298
-0.0500937881138602964
-0.019725209824163082
-0.0594299148501647861
-0.0595184268628920071
-0.0560475579124898454
-0.0525759689803256408
0.00380871609589302634
-0.0425776965797527857
-0.0507352121305141707
-0.0597096077960821078
-0.047214738512571415
-0.0738808148153840549
-0.0606383523466001162
-0.0654126482440746393
-0.0268449758803143562
-0.0335279764142058234
-0.0213108358190838565
-0.0631094232680615708
-0.0349078110084990942
-0.032603202783590704
-0.0447484461863252095
-0.0482374056910728141
-0.0484089600425987934
-0.029514148960072293
-0.0435392338078611635
-0.0642583787063667616
-0.0351690431745765586
-0.0342287187458248099
-0.0250826091245884772
0.00692298869850588305
-0.046936480450139588
-0.0733066460811366283
-0.0151931768199291481
-0.0456471863267035247
-0.0381059147473479451
-0.0499630934026194934
-0.0591147882616277348
-0.0249887291549026683
-0.030639888959779385
-0.020254005933626508
-0.00499532763713769062
-0.0477016790777511843
-0.0327325656048692432
-0.0529156583352747567
0.0108345583233432352
-0.0082832814970293725
-0.0441680612846604148
-0.0191937474486434632
-0.0689692698957337091
-0.0396584229434577482
-0.0230479548808285271
-0.0610505523768429398
-0.061206810606456323
-0.0151692062707256582
-0.032406261068282427
-0.0664323398671849419
-0.00600576006347149083
-0.093922886360834984
-0.0392766170230587214
-0.0244597866966315206
-0.0283094482722751686
-0.0719093680965610382
-0.0302567238906547194
-0.0542253974294619884
-0.0463673380627772982
-0.0638481821211388384
-0.0464433945519614755
-0.0457273854245351455
-0.036344718015778002
-0.0401410644005550585
-0.0128935953596142801
-0.0150335344246938889
-0.0358183598732414316
-0.031497365878677866
-0.0488705538798301364
-0.0585252349194621685
-0.0221054580992752353
-0.0372756804939731526
-0.0808027985906048657
-0.0158362084776459099
-0.0629576692823562156
-0.0306570439089623621
-0.0485584976381791475
-0.0128412788149319702
-0.031867511459013495
-0.0285005581367841279
-0.0300236384132550466
-0.0507327607781095508
-0.017714175643010116
-0.0346204588506150088
-0.0409404380404302867
-0.0448185767747085323
-0.0831190493818699527
-0.059892222293031816
-0.0202050364958637173
-0.0440351860849956672
-0.0135384605717315497
-0.0579014603279384282
-0.0389200488075118894
-0.0473842755512531785
-0.0339549303753500994
-0.04613373627610734
-0.0392200739562666087
-0.0378928738509583876
-0.0369547428271172207
-0.0353991987144484863
-0.0341926535590556246
-0.0262781879408097788
-0.0340207310712468958
-0.0526384708545577923
-0.0780604711108451171
-0.00540121308591022531
-0.0297776702664922927
-0.045158616008131619
-0.0204587053085567433
-0.0147267581222970921
-0.0546549757194171731
-0.0452782864167400392
-0.0240251533241859078
-0.0142393922148944044
-0.0475043653838727459
-0.0335653820656110352
-0.041569530661595501
-0.0600219965275313044
-0.038907105117075548
-0.0270585507672462151
-0.0488742121042919711
-0.044729934034043399
-0.0158523116876576955
-0.0207778263362932564
-0.0468353696113699702
-0.0673244921417562869
-0.028956387190230963
-0.0336560804395489507
-0.0521747930426708362
-0.0102945384775499117
-0.0327095277744427759
0.000288857752300197834
-0.0107600378495784181
-0.0438016819747466257
-0.00857660039705321689
-0.0435392558593727108
-0.0277907632927412336
-0.0319585332822329635
-0.0211246583418769479
-0.0312534394297579385
-0.0284796158173902768
-0.00105624112058345238
-0.06453988908684688
-0.0256865965185876545
-0.0165418300956896545
-0.0312187363502047441
-0.0497159043841689519
-0.00553481316893470604
-0.00843325470774879821
-0.0244925277562946311
-0.0398817429371469412
-0.0389293530611036845
-0.0466057397751034677
-0.0266496351554156158
-0.0108133664352619945
-0.0448234568977673997
-0.0211350245789708041
-0.0581664500224412379
-0.0259806337494653053
-0.0393116712059593393
-0.0162058827033539146
-0.0525952342360310049
-0.0525502799221541986
0.00167423118275032701
-0.0122134121600603017
-0.0344086008330250909
-0.002198141946060609
-0.0523815983188752124
-0.0296323104023707706
-0.00739210709569007238
-0.00885489835016103899
-0.0246453110161390238
-0.0349631657440113985
-0.0333285791490959132
-0.0241097309566531484
-0.0429268579492883759
0.00162645423717912296
-0.0297224381613873864
-0.0317678621180729967
0.00459755265208824926
-0.0335577091097226665
-0.0665218630741627459
-0.0421368030601302138
-0.0453778655780720172
-0.0531657945729960835
-0.0260319218741620409
-0.0493533410130224254
-0.0250870157016864527
-0.0140881487222642571
-0.0290026820308345104
-0.0518915279872276258
-0.0549482521077096636
-0.0554474470765451144
-0.031079797497042979
-0.0114419242736687431
-0.0478616363209065226
-0.0417463388506822478
-0.0285579021190921836
-0.0373448507587158668
0.0203536383095269009
-0.00659805744228062277
-0.0556080188194279304
0.000882379173545552037
-0.00271308053537310662
-0.0339775325181431165
-0.0675621663607353651
-0.0313722108580776968
-0.0264894213066580002
-0.00107329667102320711
-0.041885211324626942
-0.0394605397286849971
-0.0388708911394087253
-0.0345293524088441869
-0.0331153491409608217
-0.00449511000918879564
-0.0387683725244485425
-0.0311230105543259111
-0.0175509451591314841
-0.034303308927486259
0.000759156700164381748
-0.0680320883861963155
-0.0240867045323934839
-0.0280237296127500042
0.0100762619319167621
-0.0111016874156536181
-0.0257971831119402917
-0.0198910735645904981
-0.019622602304647567
-0.0201595828915930517
-0.00713119597782580286
-0.0477695128361411356
-0.0467392645288604303
-0.0229856078493426499
0.0147639579088580941
-0.0328559347917912331
-0.0188535944185867395
-0.0381862716129967653
-0.078967806480402622
-0.0477517710500503512
-0.00451417467146838364
-0.0526232781303314495
-0.0461904812038695517
-0.0206646998857972532
-0.00981995749155469347
0.00129088968247124264
-0.0216096569601385638
-0.0395643779159446582
-0.0213167655810487799
-0.0251139508182027169
-0.0219531682791330937
-0.0387017908175260744
-0.00522108573211212471
-0.0586033234721108146
-0.0402754008415321524
-0.0263773879846490207
-0.00704567810899789024
-0.0237931177214549365
-0.027629471663077769
-0.0126729627721336342
-0.0347395952747901887
0.000188413427373475273
-0.0287543745931173808
-0.0418122919802965815
-0.0653239723347275592
-0.0233552948125844012
-0.0190902177186662511
-0.0335385813314088704
-0.0296011313354786823
-0.0261044894819714782
-0.0247445417046359278
-0.0586637721517066224
-0.00781593384592996904
-0.0155867416199566393
0.0173404970773893934
-0.036588064869427242
-0.0248333151672916891
-0.00464269219774554251
-0.0261287955687306735
-0.0374826043685992094
-0.00921115188519322503
-0.0378313562096046427
-0.0470935759147901589
-0.0276895483709117089
-0.019139859964043042
-0.0109823796177058505
-0.0124811916015581271
-0.0363769592033736516
-0.0409199188502653993
-0.0204010379933656852
0.00832838164954246771
-0.0146414775420486264
-0.041006182641954575
-0.00488677797121545021
-0.0525675353939686063
-0.0406618967490725153
-0.025851892408667379
-0.0223481149734789039
-0.013669476480082661
-0.0254748987833932662
-0.011659556551262459
-0.0565529350370098244
-0.0227457141104830916
-0.0628404050356531074
-0.0576069249691558288
-0.0290358778120771294
5.57043134029495957e-05
-0.0482362241488585725
-0.0214129173107754887
-0.00287000272797437866
-0.0145829053162334094
-0.0111770376791234353
-0.00399869774944823508
-0.0188415989822558472
-0.044849533654547788
-0.018802996007720528
0.00152504153159501929
0.00712928127650879623
-0.0175692245085045315
-0.0417377191420619797
-0.0195838276009574035
-0.0299613821409262515
-0.0363927910160657675
-0.0295823999840923099
-0.0668901544187416597
-0.032821098364527429
-0.0135885093555549018
-0.00234959310285216133
-0.0404203526328420146
-0.00280439795144783385
-0.0417020840257149999
-0.014785630637438112
-0.00175268575645746646
-0.0402790433782794152
-0.05051924671832346
-0.0479854771542951516
-0.0255774642280585524
-0.0229999224201671189
0.000128561278958685271
-0.00313499298572576801
-0.000795198036406288139
-0.00805165828901951118
-0.00760283203563153452
-0.0179782693737348467
-0.027823881820738354
-0.00347418105770684951
-0.0268232991184486451
0.0215491403201965581
0.0186568694446854269
-0.000984951078549876208
-0.00888252429782696029
-0.0300757284853423804
-0.00463702228562017787
-0.00648255731198679741
-0.0166314108952322626
-0.032193302643694327
-0.0448290435328354692
0.0324968240991002771
-0.00165386640301113871
-0.0174459120575772147
-0.0193014867473846607
-0.0343641238946949534
-0.00525058076156199351
-0.0410532916117242255
-0.0443363313610452975
-0.0087554680490173533
-0.00801454723149050592
-0.0078095503966942488
-0.0250793234995331377
0.0153676487982949174
-0.0422852002669237975
-0.0233505054442552477
-0.00504282398366218132
-0.0200427360703938663
-0.0478492257244639285
-0.0392308977709240336
0.0117311538520659918
-0.00951301093817239277
0.00174538892287259134
-0.0373273287717718893
-0.0287749730882843474
-0.0408261386813759813
-0.0618998935527139832
-0.018296601956432474
-0.0493243590844679447
-0.0265170498600627302
-0.0217512185341841927
0.000372934942440665551
-0.0168686350151976486
0.011329962296462711
-0.00972161448549856318
-0.0232118126363705796
0.00720723766547210626
-0.0404415777304533985
-0.0578321749827115511
-0.0252723600447568725
-0.00280957080139373691
0.00579162584469483654
-0.0130811310174083935
0.00666077961080208114
-0.0156656839706372161
-0.0309272499952807436
-0.0217312063535406476
-0.0109184327337048075
-0.0403131165918898665
0.00555824612116910186
-0.00751246653301911906
-0.0311580550564237307
-0.030535309698154274
-0.0295197994616700765
-0.0213194076544993109
-0.0229127192338627779
0.0125943734967804144
-0.0282907861608202582
-0.0270270104841891269
-0.0199375471437587687
-0.0496704696711704891
-0.0366892593452149418
0.0100766218448124084
-0.0265387350395740289
-0.0294468255094747083
-0.00181132215705171948
-0.0327729810922604767
-0.0261931024883773969
-0.0193900671379994352
-0.0136259741368925952
0.00172659702269816612
-0.00181457207368694237
-0.0146047986313432212
-0.0361591946296368622
-0.0343666370684111919
0.0129023843096916242
0.0135317725572484254
-0.0286450361613222737
0.00890071847132763681
-0.0575444854760143523
0.0136431529377096187
0.0219311927237669756
-0.0167560657805726002
-0.00397592590886918472
-0.0422100536523242059
0.000371647858437594569
-0.00907366277040433898
0.0291088053478772632
-0.0333045209131328235
-0.0205583390838426291
-0.0288317494649509634
-0.0277770836997793605
-0.0304520578734604024
-0.00673622730354664877
-0.0175053702269881463
-0.0270222431356111834
-0.00633930962388403515
-0.00357032366995368305
0.00023820357179784972
-0.041332840354989353
-0.00156743068784856096
-0.036214889940796649
-0.0306520929258375929
-0.0090419899553285648
-0.0182059876554232121
-0.0411030211559777967
0.039367586537535082
0.0330963603102069903
-0.00221740015524137316
0.0180081196883577418
-0.00462036877200495272
-0.0236503202565353787
-0.03739446916875655
-0.0279772523017351483
-0.00452165206547926191
-0.0151836356300553456
-0.00829556830124503902
-0.0391007679617002904
0.0228051557481738949
-0.00976697438691044584
-0.00397046172849663086
-0.0209487022018593136
0.0021646760146028423
-0.0264494464270945279
-0.0138374909153259514
-0.0271468971920778707
0.00873277273629899722
0.00393127909353690845
0.00151992986020400844
-0.0191824552921869736
-0.0477553285065236352
-0.0384144385033717839
0.00781263859117533287
-0.0119449266860756909
-0.0122196558764983681
-0.00109801015284958538
0.0262105908968325724
0.00869695006969051915
-0.0210817305548796699
-0.0394098581350900631
0.0319576307885814093
0.00742783248761227574
-0.0199485331111110276
-0.0308621917164543687
-0.000392440800040539869
-0.0298591014178431827
-0.0227296104960135747
0.0018760758353913165
-0.00244294213151469933
0.0146867550199451385
0.00209625281797383434
-0.0406387492651624771
-0.0353472170655078841
0.00306078244476012951
-0.024339591768107377
-0.038261497153869943
-0.0262789708362683519
-0.0101225137184764464
-0.0127228490764168221
-0.026375976358440717
0.000569559719915669477
-0.0313036292297591001
-0.00461724303499195556
-0.0266929510726489211
0.0155422848649197816
-0.004344773201982342
-0.0175833128237922257
-0.0377246310766727461
0.0147906595422922105
-0.00062795100857933675
0.0050016726674275893
0.0229606516596028501
-0.0277480904892428507
-0.00828352132991317693
-0.0337903065418769105
-0.00370010223642743604
-0.064898795626012501
-0.0279199421126443241
0.0176913053257011163
0.0109527030024367342
-0.000256593169781717603
-0.0320808896396085202
0.0217944595930692972
-0.0115474213803314352
-0.0252800275874628874
-0.0188405546715631478
-0.0205716635079050934
-0.00154496517137963675
-0.0306089394314598348
-0.00793019551672414537
-0.00662512427803577976
-0.0189834642023877301
-0.0158912087295777944
-0.0266817052395186063
0.0230388653231408322
-0.0228334148881237584
0.0241735294138243871
-0.0372607695234525374
-0.0123876823104419713
0.0244074597180938893
-0.027373760630131496
0.00295539475755653754
-0.0441549991508706358
-0.0044020634598920718
0.00809652838699476476
0.0300358760958244278
-0.00826243773918744831
-0.0136571662574178406
-0.0276974450275124309
0.00671385734271973296
-0.00310847232604306205
-0.012491337915356452
0.0246088244473601434
0.028694140300838257
-0.0358695737491154243
-0.00327658877635751342
-0.00725012290680878899
-0.0161127831192197715
-0.0240795072989151808
-0.0334096834265495413
-0.0247390588510328358
-0.00500822853238350879
-0.0144590011335196493
0.00977920604783498806
0.0108631848594710617
-0.000836521512594736848
0.000652313158053969937
-0.0322902848424512917
0.0233401668061335062
-0.00367969782862776406
0.00187204165258303065
0.00627776129215726428
-0.0245497716818486693
0.0166147550323686166
0.0138571757684126315
-0.00376699285983926688
-0.0169854603369770998
0.0155425321478243408
0.0211666132629643212
-0.03279003020352457
-0.0121726212189928549
-0.012118891224666974
-0.00940254691997406168
0.0207442301949135738
-0.0446024599975646877
0.0447572860865369793
-0.0451158460685346513
0.0155286275271624957
-0.0141525439617271754
-0.0303891418276719776
-0.00993422177091570283
-0.0242960706988671372
-0.037250383275244249
0.0533152057651012923
-0.0337538050813085341
-0.000236115513193798938
0.0108177292052214769
0.0345675437039198105
-0.0155077830217467631
-0.00264251737414066944
0.0236559612574396005
-0.00885194825425094853
0.00401118109943595074
-0.00411417448586684584
0.00585241942391880651
-0.0106053730265904707
-0.0102116289106513741
-0.00668429661285354498
-0.0247584683092066243
-0.0109454200390711517
0.0203390333614044544
-0.0266876471122273404
0.00952726803161837478
-0.0479657898690593054
-0.0375207184605589744
0.00335799876000571814
0.00762699939230731573
-0.00901552825585767194
-0.0276588593901683118
-0.0160917413588206985
-0.0119567620105239907
0.0120521641973940913
0.0106428132027803352
0.0129257181114840365
-0.0287256613442849681
-0.0535971172366887516
0.0103773320378782417
-0.0274650314437518209
0.00208550108810010709
-0.00720614627744316835
0.030435367127760158
-0.0380255392756588054
0.0120944813011689863
0.0118147064959592592
-0.0117864913102431728
0.0124896949267982154
-0.00275220921960981323
0.0102098331313943934
0.0161183812080264478
-0.00531762378716834055
0.0182185608182052414
-0.0336843414211128178
0.00261370243882019185
-0.0423006660124259637
-0.0175067779720877101
0.004107374459734775
0.014642195473055326
0.0216115405021473292
0.000754104662081102198
0.0355808982340670779
-0.027494822056653611
0.0408200280951978786
0.00325648263129865506
0.00723414627104242841
0.0397195222362091566
0.0122374345017901929
-0.0118600736718499338
-0.0011665640998489101
-0.0135054638792860369
-0.00810911949979532115
-0.000522287923146651321
0.0121382961971132786
0.00854086305218455452
0.0100045041353088362
-0.0177807679879380433
0.0266065562841147213
-0.0126195983697078764
0.0111276949652669328
-0.0224430314455773897
-0.0221176315178195221
0.0279836389179053957
0.0103622980942616391
0.0346832281414160976
-0.0101515043134658943
0.0124898211929953019
0.0718658044532844292
0.00934650969987887471
-0.0205652603915955565
0.0082373075959913649
-0.0169535562472774015
0.0449779875769019746
-0.0185119243965720624
0.0300909944615365826
0.0276065693573181864
0.0325788103160550221
0.0229974258296861099
0.0436741070687652333
0.00630251310235424751
-0.021060917805819146
0.0168977336059062191
-0.00697234909384648969
-0.00535757685725371611
-0.0340325231856734647
0.0333244656059252381
0.00801523603159847928
-0.0250858761402040914
-0.00828016145931557111
-0.0123505748757497848
0.0374962676108082926
-0.00386923854435178727
0.0105969540465234227
0.0143071524128708036
0.0325166838558741955
0.00243770537201499528
-0.011590381037905953
-0.0160363096482650271
0.00821549466130799995
-0.00555670863505923658
-0.00783112716911341968
0.00660821962666983866
-0.0023793638361629928
0.00809797188342565796
0.0154374146891949685
-0.00817134692390826187
0.0260664311012658717
0.0114493830454027723
-0.00347527500144730918
0.0453220238879220444
0.00166736766734002818
-0.00356712830733343141
0.00105488404056073692
0.0151451723984864055
-0.0234842963762617561
0.0491101602163058273
0.00777704481759257642
0.00665074948022102708
0.0198027212679663667
-0.0214872757537579173
-0.0166981082419933521
0.0182743124387698859
0.0179697224717782905
-0.00769544347202152923
-0.00613722303404149513
-0.0363411416521757652
0.0317352279113710944
0.00454194933343274581
0.0214078609991404656
0.0187646370242719775
0.000904039864769078973
0.038860133358370158
0.0131534358755308559
-0.00145317915257880091
0.0361022852959160465
-0.00613278701713573966
0.0155447120138265636
-0.00936912718463165511
0.00968163815428839912
0.00666607928817662503
-0.0199014486996940583
0.0314775784392379576
0.00866755313745150302
0.0144772695521441196
0.00644220685615185147
-0.0146752922260857538
0.00164810166689431398
0.00855116780616091594
-0.0134706540172509909
0.0066025492167272621
0.00717289998682735935
-0.00801875991840741119
0.0224165341709874344
0.00139084983935141779
0.0412395073199592344
0.00854404088958668484
0.0127019322867789886
-0.00382423376457785742
-0.0158366435253181718
0.00706652752662834983
0.0241330389538559065
0.0203196980119920365
0.0221888893761059344
-0.00874939469606514537
0.0133266691466351513
0.0121518029082099202
0.0127903756018709364
0.0176397577861414981
0.0340970938835264553
-0.0201599675234550163
0.0127048009864302383
0.0124349117059959647
0.0429961893402148326
0.026156710050910071
0.0408913467622761401
0.0408487358504932563
0.0357996310847626051
0.0456024516959154247
0.0560598289257895621
0.0171356414080514746
0.018021056782576917
-0.0151873224214475432
0.0132588132968724428
0.0417719293712177087
-0.00140838966453600035
0.0210922542426223159
0.000171783360699446011
0.0230048035018310566
-0.0321356810518045599
0.0280055873656429727
-0.0120568678749837285
0.028509495500715909
0.00570186889693053821
-0.0164753965694630009
0.0247315457849902054
0.0207294149023169311
0.0159387871202837823
0.0221743678035732986
0.0231643402259365076
0.00836333722576919694
-0.00620032329272656585
0.00139038754222985637
0.0517212904815901667
-0.032284438619605782
0.00308188394091460198
0.0145415140081836328
0.0303033941391471981
-0.0292929417959770233
0.0358034886445434131
0.0260202423158523988
0.00268420534084747552
0.0298762047236181237
0.0219229954090748094
0.0171618432418997914
0.029941845019461049
0.0484127025071679346
0.0124338119320861543
0.00896578146926131983
0.0344237304377824627
0.0154146821619654747
-0.00711017686088574394
0.0262123903689130966
-0.00798262285522398363
0.00490173343736906818
0.0229976787867155058
-0.020100492577732422
0.000263731364358747722
-0.0191962532758007641
0.00315952068845383634
0.0108072593640896192
-0.010271116123430039
0.0113075198153678846
-0.01597381615755376
0.0398220450155565842
-0.0151470797419054858
0.0132097755605722761
0.0437811631512747476
0.020892605436232406
0.0342979716971510279
0.00654667108900233198
0.0446133874421920928
0.0211511138526674601
0.0240376290587340224
0.0180758890828065996
0.00421327541734117621
0.0174023923974476434
0.0323899403975422828
0.0373210498733790585
-0.0107185125528716264
0.0211275677491420399
0.0190956320059849881
0.018708094917610326
-0.0437371183224897278
-0.0325657985809051226
0.00361354315691577756
0.00823234961349258304
0.0144298833145930852
0.0487185156847534107
0.0085719924361747496
0.0122596162936700649
0.0244670334891104874
0.0049152274625132563
0.0309556672482778142
0.0451035344024032919
0.0238939996264665097
0.0139455836005712621
0.0516714892420645291
0.0471877805452794799
0.0376224295203375081
0.0286030920800969396
-0.000656987806402775654
0.0209122377779646859
-0.00452079921814147259
0.032147310516822486
0.0414237881767754446
0.013017162823361763
0.0344862241473394698
0.00949471451553259189
0.0286559069259742887
-0.0207260767789021298
0.029377730479742202
-0.000937270398041936681
0.0311556439416082187
0.0425136005268361775
0.022844567161097229
0.0308740578735311778
0.0347230851960672326
0.0417271474139670195
0.017017350978874194
0.00962422146393008757
0.0221809918857416438
0.0262848191378692031
0.0562366946932875839
-0.0260080871938596428
0.0341076951524942884
0.0242566511689965153
0.0298093542170763323
0.0397607538525316315
0.0216629296097359189
0.050390422817788362
0.0242116618990664244
-0.0109168302139392229
0.0223342827612542684
0.0188133882157576413
0.0299714970247867765
0.0199451943293330984
0.00903702398254026436
0.00620584226778477833
0.016271507738814469
0.0204184341258576672
0.0699526999451509368
0.00926011072367843857
0.00741181600666961614
-0.00528495261998403881
0.0261347033893382617
0.0266841792928942459
0.0164487897771309587
0.0219511074410357367
0.0129649671791630394
0.0254253392248651178
0.051000795946590835
0.00787119851502733441
0.019039369342109206
0.0215676735569510537
-0.00925514244957555826
0.0379603451944346693
0.0443260800637976654
0.00944976663874497712
0.0386790298926648068
0.0206414190454239227
-0.0141423156201812422
0.0179178446840142398
0.0218475698320709025
0.00853538198027160508
0.0185856080478780696
0.000422500322354264074
0.0334462643632597867
0.0126431901931673557
-0.00907797376866194272
0.0315115138527949368
-0.00706772451004858762
0.0322007977991991615
0.0366432762580529703
-0.00978009288675127375
0.0780990564169969648
0.0146443234516003603
0.0375173192636890918
0.017410157766204002
0.021139007280253138
0.0224291670127056107
-0.00670091383352087663
0.0276647597943910847
-0.000317848350752731462
0.0218418121522016562
-0.00419145352387069112
0.0680608553489411849
0.0167580880278382707
0.0474974353515178471
-0.00422371878880189663
0.0430090953513122959
0.0575485010757398885
0.0357962683105228358
0.00806363275716788161
0.0040097856371193695
-0.00521869094420484431
0.0189516020675966901
0.0433417287706004961
-0.00940347637373427012
0.0403657820479051827
0.0418967186221895146
0.0156442712300596011
0.0482858250288649982
0.0256953128618328842
0.0160057723932201107
-0.000139229294010057014
0.0119622172570097683
0.0368804081258286842
0.0105645940615808395
0.0246946957078485775
0.0356971749522018295
0.0321656414849024463
0.0250323300576899971
-0.015375402141850833
0.00515036761720704533
0.0317007671327459717
0.0295672705628164598
0.0466569496419815544
0.0349954447295378612
0.0486661097230921547
0.0288658659978892722
0.0100643633010447653
0.0439806494885937732
0.00659345866633350222
0.0225013500850282482
0.0268347702373957393
0.00674275545178448094
0.00152770445066403512
0.0259796847253654893
0.0132721414728080942
0.036590183727664663
0.0431181973377520594
0.0306940664140718453
0.0513718329404356661
0.0171301311351282834
-0.0108566476243402085
0.0530642742759524846
0.0253462757318750967
0.0297324894764813587
0.00591498504089962851
0.0279128317663963968
-0.00433929210111181143
0.0612354064735166903
0.0529019151276504812
0.0368280459980168673
0.0491086502791396179
0.0313598847330949365
0.036301713519014997
0.0324439176997376386
0.0802611648535435374
0.0402186267714221141
0.035305768204332795
0.0562338837624013696
0.010120771310913261
0.0249362326724000688
-0.00305268318806111924
0.0607675121456872983
0.00462705610194609138
0.0300768228981001043
0.0154451565062611873
0.0506077024736120845
0.0374461715566125203
0.0237860573052253027
0.0177313734614342328
0.0290053489696459055
0.0396434099965868592
0.0213802980070829617
0.0438927418212115075
0.0241372716218026633
0.00848612993597801235
0.0137424829336803868
0.0397929871987233591
0.00579417664793195272
0.0172231215325260555
0.0427639406393489699
0.0452152519912450077
0.0368952945604071741
0.0522671951606368604
0.0345593984395135348
0.0139131576804944167
0.00474570025212802532
0.0393000498170633719
0.0621128216003447586
0.0170172486967024895
0.0433889287711256358
-0.0081499972452900582
0.059979210688797302
0.00357533387407739725
0.00870133853368688925
0.0393522059824144219
0.0315388619409934443
0.0460342796509709551
0.0396268013400849703
0.0615617477060482476
0.0407606790637805791
0.0445325195555353118
0.0320861077678718659
0.0243896366458737981
0.0466921905066800189
0.0229265299732236832
-0.014518291180099667
0.0396733801514043277
0.0327523296167840997
0.0434684112931145589
0.0378514020476376223
0.0262644939193337548
0.00609892079339722712
0.0183451245357693152
0.0217160464166178055
0.0192101059352516867
0.034422481001431679
0.0435874694135236426
0.0611533076967302469
0.0483674529834379127
0.0265592552123562337
0.0492410515608693242
0.0681789276835760016
0.0366623650881056293
0.0234901754597676427
0.0432401335925927388
0.011805808731445773
0.0227231186672746735
0.0525380861362508278
0.0478568021454220463
0.0174937361491690931
0.0578635377935766554
0.0421272334177445335
0.0339756252837416159
0.0291657637108578768
0.00319834442652566775
0.00520948619475004177
0.0347724354575974434
0.0551309084524590487
0.013850539402617424
0.0579625895702960067
0.012861540864242807
0.0609888645829591014
0.00479846097710069641
0.0158693146533995556
0.0274938253404154662
0.0190816712593699228
0.0336266814724551499
0.0215268223931688735
0.0316233126195036088
0.0111715762266523175
0.0629552740754798362
0.03804262502077186
0.0407786757890383211
0.0508406978139010826
0.0494711936552119161
-0.00161572272889937141
0.0534430351380310933
0.0201131383605610906
0.0360868421797543026
0.0240687642616649634
0.0139430502390932541
0.0112188995253344748
0.0270664569102867375
0.0166379373360601955
0.0492989623671533095
0.0293876747757259582
-0.00953784011097354167
0.0483102456870916908
0.0148032010557453443
0.0222910335869621473
0.0394865007461252457
0.0409417744028332253
0.0258061954092599979
0.0254216221357122796
0.0423531397228886775
0.0617816175246351101
0.0180637375396698711
0.0859991387200772228
0.042366696567503366
0.0378116486250789988
0.0372908992799455413
0.01258557686401909
0.0361421545419797832
0.0702912303110505288
0.0330465259288961477
0.0717793940995644086
0.0199546040857798111
0.0141357115735038473
0.0521058854488973822
0.0535602025925211514
0.0480974661987392041
0.0519023096477828072
0.0206065242037332605
0.00876792614460524672
0.0248798784339971171
0.000401013302708669306
0.0507111574603008181
0.0506054756930170435
0.0312032543419021244
0.032784454349938652
0.00836125537965231105
0.0211196994503397746
0.0431563204097016734
0.0234123322889492266
0.0445027686579782186
0.0204889678066333576
0.0440159586527818086
0.0232243666111663569
0.0485632186040709166
0.0228556632524580736
0.0664201967394660586
0.0328579128190080033
0.014738174238473966
0.0222969829581201075
0.0324733566140940344
0.0333471265101174877
0.0653818691132936336
0.0902947012800586757
0.0342790373644644361
0.0316901300299309366
0.00738108829897012042
0.0590647699222278527
0.0295293811353650806
0.0662285510232063918
0.0498437486373866923
0.0187180501452286902
0.0366033247739890599
0.0434014370967823956
0.0206265183134421819
0.0266198516738765205
0.0471745524175119571
0.0428753506095315498
0.0395751762714990352
-0.00101479245498958121
0.0434545040125332432
0.0471262099394871362
0.0514157922817461491
0.0506974473084382399
0.0611773928627097827
0.0383834208721985717
0.0401741867266397767
0.0284950135591958559
0.0140589073686126845
0.0212890155177269426
0.0655340483696512377
0.0385128519242909501
0.0592549980517257449
0.041779051618263105
0.0319355700240217324
0.0514227426326541309
0.0501060735587433859
0.0335317863407008088
0.0601211255798264621
0.0597008283735147999
0.0461788594905962191
0.0521405578757227622
0.0126861144631937942
0.0781889896600088397
0.0249192198465030476
0.0626776758070037715
0.00259336814831769708
0.0560320573605393515
0.0635015360307568527
0.0224085976015834486
0.0387070282326732393
0.0517794995096954036
0.0114092804881944787
0.0460207595108528753
0.0225117990363277037
0.0578527944008806264
0.0356934167110938561
0.0324696199488714241
0.0631876700906108951
0.0376637701697648125
-0.0104584603850514865
0.0110923933311844608
0.0640188841803095154
0.067893237310051896
0.0563027046789756763
0.0413165146455026291
0.0431805401395578201
0.0549902323459966341
0.0443499172958828486
0.0343650531216526042
0.0224519588390834045
0.0172727239515552272
0.0354159765675248553
0.063796068482783741
0.0267288396486744656
0.055373612334881063
0.0426464593648294144
0.0370337088131729997
0.0391366183715049915
0.064764695876605341
0.0561706218229161697
0.0496508115471201161
0.0782295706654827783
0.0403476597709302928
0.0481149017944143553
0.0540540853553442974
0.0631211734936538982
0.0401936604962671029
0.0601835715318654596
0.037026296441824591
0.0800307736808708037
0.0432436484916742039
0.0238231907936748248
0.0420775443779106764
0.0614307244926801804
0.0562274679087492457
0.0413868516301869327
0.056266636557605984
0.0293298504275635759
0.0479864678984515819
0.0417190401786903461
0.0699233548962989448
0.060645513107216116
0.0393588941170580769
0.0441759673005611975
0.0504324939943226122
0.0487534307952336154
0.0590517913754015356
0.0399148335786165612
0.0219851741063768688
0.0330667657539968282
0.056791426965622456
0.058174568214326608
0.0409780584334760306
0.0650019909791814954
0.0564759515898739517
0.0466417924172281423
0.0506032905521712206
0.0452026088666683118
0.0439682857003670588
0.0614556490699393054
0.0181363472748209791
0.0680523090031677491
0.077852823256405565
0.0411118434043026004
0.0639411719225407987
0.0963681671409958862
0.0403799151857430969
0.0327499542121465967
0.05462452584107437
0.0564541848618332759
0.0483719313025766928
0.0277044227402085431
0.0604552874254538283
0.0355164144099582857
0.020157731289679251
0.0671149680831020778
0.0331615219303849421
0.0571507030848204117
0.0257094634191062307
0.0330772557910561232
0.0492465224311034039
0.0549297492304662849
0.0347987830192818121
0.0718055909930186559
0.04273324599128734
0.0346317647805624712
0.0555867838907010553
0.0546316091813785765
0.0269645298687988706
0.0432967479850011119
0.0594804224796660896
0.047819997346973897
0.0579187621142987497
0.0683475269327442903
0.0276493005825325759
0.0709720490230269507
0.0805766265712836716
0.0743654809385211335
0.0303215076032528723
0.057866457603553717
0.0648037940752183711
0.019807005729130394
0.0457137090008373909
0.0272414710342847761
0.0453533984680971475
0.0611478115013906337
0.0625222375984196971
0.0334106071520070963
0.0484957378448115511
0.0770423165539718124
0.0847730116231281555
0.0692256662269498113
0.0485889463314495423
0.0494138403350350419
0.0465742261547093458
0.0662509674856786163
0.0762883136216011559
0.0240321246421831523
0.0682570784780534151
0.034303729724529608
0.0368799162705465769
0.0490474950505407209
0.0774938963563141514
0.0347121379163640026
0.0678928121361362241
0.0532142446747514361
0.0405973360951426832
0.0815600596689822072
0.054741580202399602
0.0513540574547299983
0.0574048141304463536
0.0459769968979285293
0.0264570196843814699
0.0213923638605846601
0.026887852474511257
0.0708315864716933113
0.0221023811948205771
0.0387769286550694037
0.0674556548333465067
0.049936897603142856
0.0695073457197458999
0.0740903762464891064
0.0248193620403696705
0.0398747104146371101
0.0367710865298625927
0.0818954543240637961
0.069743096926713849
0.0476328722409686683
0.0560707557530713829
0.0494893375837869992
0.014307045739959362
0.0539252671202886044
0.00118845628483386923
0.0428431045594580701
0.0228248123779594171
0.0402327751738083966
0.0844397451822186396
0.055024832503261692
0.0659191976148620074
0.0414732817273483906
0.0828473130489078002
0.105978604827043826
0.051839454451961621
0.041556527230210534
0.0694986687732964403
0.0814075142548503494
0.0625966879636450924
0.0682473736495426836
0.0265190995631258419
0.0248039213726942501
0.0527659032694892186
0.046479670867107796
0.0163183000958027555
0.0490981995995615483
0.0463777600327838768
0.0685532216042358117
0.0224357485349528582
0.0416786687796576599
0.0512163424195341138
0.0478173657763989179
0.0558340493382513126
0.0651816422981924132
0.053693041366481474
0.0673061622891725636
0.0518075069255962972
0.0713509337507372693
0.109703244788891902
0.0610181891253436942
0.0988727840596777541
0.101574092045241454
0.0749625913474243205
0.0539954968936973145
0.0736308907658973777
0.0390529480831553547
0.0566234726969470914
0.0580544428862338271
0.0520021600205699888
0.0712837668318608147
0.0820255008347527681
0.036036307411380579
0.0648252349408136863
0.0671039741993882805
0.0302234594353199444
0.0591773198555255522
0.0547297912670760417
0.121334948001444121
0.0679505329717626783
0.0372980641491746576
0.0654153144812559956
0.0344340041474353806
0.0122963078943869111
0.0299577853353027168
0.0483592149405275562
0.015545145721870067
0.0357125169068343434
0.0514100335819015625
0.0605054820950190822
0.0569221401953129771
0.085312055109451515
0.0748519040913459832
0.0594255216615588722
0.077781741610218752
0.0937092469389597393
0.0805491896443527172
0.0725247790815481547
0.0590752439058473341
0.0343095938693689373
0.062421249366773103
0.0850110222508084906
0.0440145032198515779
0.0437112034945754749
0.0636736891368459013
0.0340244031578214451
0.0535118961867561138
0.0200656006220175723
0.0885689892485265889
0.0797435717600715605
0.0583019327500299209
0.059931709982223684
0.0524773178581703081
0.0831264495381330015
0.0467869440693360131
0.0659202407119789113
0.0420045773374597003
0.0781005489143152265
0.0413728547005051892
0.0614758338240175353
0.0615475551338783775
0.0906647756377241543
0.0424907448720059019
0.0683448051535620882
0.0533177828348478863
0.0526091257036454055
0.0747039069427922198
0.0381003640762727011
0.0698421720962277698
0.0552836291232482666
0.0624557699980799463
0.0935682742313881377
0.119823638324541792
0.06398184053424677
0.0374698013193037055
0.0466209143492809092
0.0616998123410061258
0.0503290850894260108
0.0530593388369405769
0.0837522721747152865
0.0275587336948109538
0.0323285825178140779
0.0725280794932922496
0.0554490681557624557
0.0464234976970897689
0.0625358180430333338
0.0591008943515049373
0.0479346352420231825
0.0480319537162633772
0.0565030218643481352
0.0605677325227035393
0.0391620033446789945
0.042657008466689017
0.094687266686448876
0.0521805490780390263
0.0479732250212929756
0.07998070996074709
0.0777300372586535032
0.102986880926991098
0.0534317679464829526
0.110003490448544655
0.0483561905557332791
0.0683284641484427219
0.0561056242900131244
0.0433593052613052143
0.103396603874266163
0.0698213010433191283
0.0611221254419116733
0.0770588928046174182
0.0343070703914236941
0.0746374244928773856
0.0896819404279318166
0.0574167311670708141
-0.00468876280819417735
0.0664783140360067637
0.0777497974683830084
0.0820479282525677228
0.0638189451171621985
0.0530800964132596906
0.0672081045489798107
0.0626830742560229581
0.0859522799907778551
0.0609511186564586985
0.0186446706097154469
0.0717145299180660667
0.123460266129064231
0.0379916459662587858
0.0826290403220028974
0.052128133101278222
0.0731846117108074096
0.0570045558670769364
0.0688041404301165116
0.099693355829227448
0.0512645434828065683
0.0813692322626762554
0.071530305909477232
0.0258571892754980923
0.0533156690179819315
0.079958433665093212
0.0876412374359079593
0.0837141723545603289
0.0980210565376690851
0.0723823890821315985
0.0570350298086794924
0.0709553666095377733
0.0751113817442066456
0.0501404421796714239
0.076828017400507001
0.0899540010999318879
0.0774009294476200455
0.0846092444799974863
0.0780963127945029784
0.0618266967017657987
0.0657707398590876846
0.0488765879935286265
0.0506234507775416287
0.0622008612582433951
0.0618521276599629036
0.0621043955712320406
0.0568717273895785885
0.0945967014802539113
0.0612329134610406708
0.0403223535115908721
0.0683132266465725224
0.107923002479067665
0.107379090639610708
0.0769251343073579508
0.0957484349945508934
0.0800301356404749531
0.0488650449266349735
0.0751388394528263309
0.0407509340748927681
0.039127736223491881
0.0575241549007955155
0.0326830963217435086
0.0446128581988799386
0.0589958211606742139
0.059863581225803264
0.0699025698723979155
0.0527433199075272446
0.0587736677732458648
0.0746369895679560025
0.101841972567810898
0.0710673490429512972
0.0773945092003423263
0.0524360072252915005
0.0610411956834923733
0.0524983421132686964
0.0783109883918050309
0.12045894557278336
0.0704547664925478934
0.111666944951837779
0.0654796201089562907
0.0962028080074900094
0.0764068218354660295
0.0408203801518901704
0.0665583234475953522
0.0909424662059472727
0.0432087748746449313
0.0651634723084093398
0.0468497804251247485
0.0791691090957918758
0.041807790070702136
0.085221574295090835
0.0522657587340990895
0.0529001141978539258
0.0797101053685144029
0.069035787904669646
0.0682385670506055336
0.0757061987899200345
0.0845197633264700293
0.0885782104983790508
0.0600943063247642295
0.0714935929237401485
0.046100768853560764
0.0533959218078111364
0.0915401290838269016
0.0733537847420271394
0.0429184313039797788
0.076808672000667183
0.0639553511008295883
0.0775173721905745711
0.0634983720883034175
0.0648605878407102349
0.0765021416835538759
0.0406206614007880509
0.125294056811029647
0.0498212052943318717
0.0775946777199501558
0.103318886241579852
0.0927432714152264803
0.0567765616655686797
0.0826113178726982089
0.038315960440134765
0.094751749929760834
0.0826919066500504119
0.0542100544161510517
0.08755430683016871
0.0619162715245472756
0.101060648333679309
0.0560379858468674982
0.0673824165481487214
0.0802914375287737125
0.0622831051212505218
0.0732198894124570371
0.0943287178766994971
0.093216681760297182
0.0812508676558209575
0.100800571224442942
0.0698837218608035077
0.0470111637034229396
0.0244011104409254317
0.0470264886283303513
0.0449663847942560549
0.101088226950113796
0.0447499477682443136
0.0415629922977096555
0.0891562476795822595
0.0658659832717517074
0.105024977289794569
0.0614209983315962063
0.0598962369821518792
0.0662327924837373405
0.05954550809265554
0.0583223339173922981
0.0774775786215752549
0.108977880835014418
0.0614397747495129959
0.0626545120698077385
0.0679663526486921354
0.0570246747090777314
0.0865736045843958357
0.104359948818065124
0.0322729156508135898
0.0575831719876937903
0.0524492254704276017
0.0334742611520277775
0.0778068279971163707
0.0848536819491074734
0.0834002607309921179
0.0409447202731159712
0.0906186558347569365
0.0711841614273401868
0.0732131142905774746
0.0743815425616486392
0.0921972308912619026
0.0597009655324976934
0.0609060771278439328
0.0681728107947439654
0.0646152301486988268
0.102046690073825663
0.0661507724598652674
0.06486758868469647
0.0706164549470634784
0.0783788210258331702
0.0696731342759032007
0.0559076805033971863
0.0548807367440655863
0.0890673144012256446
0.0623735719977343075
0.0756212408864502805
0.0857443119838554868
0.0638600875057854234
0.0631288793760127614
0.0669330246052338845
0.0842964144676277838
0.103935666551050021
0.0476321408952622843
0.0764369403474195463
0.0883478909135334833
0.0551882005036968548
0.0982779647442602045
0.0942631132460781396
0.112049490287423059
0.0931199565440095772
0.067165342370915565
0.0667610909349898862
0.0622143673003566905
0.0712446548273694968
0.0822710150798580675
0.107546317769980693
0.0686628016074039282
0.0417198970953851986
0.0664949011142851182
0.0535472033693654773
0.0779862409154384179
0.0729233681147390123
0.0875069082271442977
0.0933707049593953675
0.0332762516434769798
0.0807309818473920526
0.0941889232016346889
0.0617038145305919966
0.0795582992937544364
0.0998272815983366063
0.0624939559925577759
0.102760798326526653
0.0689806381144263264
0.116114233699075489
0.0849110968151624013
0.0710363054680616113
0.099333959555815865
0.0625259640671586847
0.0820302183158005543
0.0947612969099055485
0.0345569295062319454
0.088143439165787249
0.0817882461618250761
0.0907637348335752631
0.0916139554206618495
0.0545612421374774628
0.0458929253499038015
0.0969886712338455664
0.115421381902505282
0.0588676691260889146
0.0766186792966685459
0.0710828422053890047
0.0798651546717665389
0.0577527846985770865
0.087304734697683864
0.0642004745544043492
0.053334739363907431
0.0943158536933256797
0.0801188093268406371
0.0844674052866196262
0.0835576986802269439
0.0250431391042168841
0.0503776609392640878
0.048644804983384346
0.0536190785534547965
0.0995630168012383576
0.0708583114712288686
0.066844096383085444
0.0485697636406364902
0.0759044440531240205
0.0541996100671437858
0.0803030833225500396
0.0611774565325103881
0.0943494140981394613
0.0715978407534373085
0.0672023130345645453
0.0988892432597930499
0.0586853803001077812
0.091215622093924309
0.0986361808643684973
0.0840351113420406137
0.0701361390483062619
0.0831372752691986044
0.0749983491307416733
0.0396535033418269692
0.108717991956909135
0.0915731111095103439
0.0346872746151305617
0.0789433598219509147
0.0561164221088525372
0.140015011661771133
0.0828303123688323151
0.101514894256314117
0.0705841096816565983
0.0763404996906767858
0.101349053709851963
0.0796310898271810896
0.092181520537091402
0.093588785829206933
0.0752677455265702011
0.0861691349259613715
0.0574632166781776504
0.0583222201397357726
0.0855685744430297046
0.0754694591751041005
0.0788748904833070225
0.0825431250213939094
0.094207435878954332
0.113603731526715546
0.0920111437169480462
0.0856960973408885662
0.101147198671051847
0.0782460745151076498
0.050731280613440094
0.0745708667112940926
0.0561052997028442108
0.0697523720538190256
0.0822924375247444662
0.0812963994779711124
0.0787934811771743432
0.0983172670504069146
0.111731541580593924
0.112159874400296095
0.0734179930783307594
0.0413863163480863092
0.0867539863284120805
0.063682315333845288
0.0483686300256775184
0.0725142803058721336
0.11968072899102572
0.0875194533765966676
0.113063452757301383
0.0739937011265691807
0.0404544846123361945
0.12614829844254305
0.0836356853903498509
0.0886643554058268307
0.11860928507720564
0.0931595325807869773
0.0696634014912271837
0.103214246267700829
0.0798969869833660168
0.0814310267424845913
0.0781943822124119975
0.090150537660036667
0.122649438995081336
0.132853477389319741
0.0426701220189014407
0.0689050105905537752
0.0735625968597882762
0.0691665640104988932
0.0818272446464302083
0.0932390634327199264
0.109198469324671019
0.0612827544784491987
0.0305814871862551199
0.0934742712222268735
0.0904118118231431595
0.0878739394735629092
0.0944052324662132264
0.0682456484271735664
0.0757742231534463406
0.106232548049016801
0.0836596078801067067
0.0585191476774122865
0.12899381543138716
0.0805866435479445781
0.0486685846938830075
0.0609293598686957705
0.0820482918925680565
0.0929308052760296904
0.102104353243227447
0.0889407465465569536
0.037245789626346594
0.0727197624246241209
0.115441914158623898
0.0903221203758948349
0.0894711707458294564
0.0498731661239010249
0.0554022287011714937
0.116334481970826797
0.0932884417336456856
0.109367837593023015
0.0932385238137028172
0.105946388867387095
0.0653746743325817614
0.0532281708853727456
0.0870113501142050078
0.0936564140774145959
0.110856304502697567
0.0731916763332020742
0.106415750430452274
0.0888958295339479787
0.0611007724502578634
0.0748500125900151414
0.0848721697342765258
0.0558591520741613112
0.0859356141503018756
0.0774673137150735519
0.0777352880131726293
0.0839471112154539095
0.100579175102944882
0.0659985062283069412
0.0691790279058931007
0.0848686766391522907
0.0935310028685475969
0.0967595632701815922
0.112503446217185166
0.0958958359354211837
0.0666240224515972784
0.100623795325775284
0.10362099430067491
0.127891563238753309
0.0858236274864626059
0.0917347232868421236
0.118030961656772029
0.0569049784835142236
0.0721959209217733489
0.109631535213748521
0.103648402875339829
0.0848728725786946914
0.0838826925539730012
0.0726463190560415334
0.107662784566937147
0.0869674590331518116
0.0968108280679217947
0.055355303025701609
0.083252124501957292
0.125394123978710165
0.0972575414291475954
0.091353375180974361
0.100942274785056657
0.125349115803540689
0.0754519583775321856
0.0744967690924038112
0.0823324387414303416
0.102244177724241339
0.0861892386546821571
0.0724949395150527864
0.103459927928664805
0.0801388878203692367
0.0324294204692052029
0.0717003463574943378
0.0888473485375282923
0.123872754371618293
0.0740675674373788284
0.0646298651187535989
0.0972292298238152247
0.106851062182240913
0.0822106491521553129
0.131023463414031649
0.106638791382581866
0.139681465516419023
0.0812743088755907284
0.0735452896015046792
0.075674236783784779
0.0882268199445910006
0.113466163178303742
0.104385765785135073
0.0960675075773217702
0.0986753190663112734
0.091600539676881032
0.124525698521299161
0.0838134002487873897
0.0819574748129182212
0.101662055279430813
0.110562015998409605
0.127614620361898135
0.107259155735628733
0.0722829855682493305
0.0726474438170689185
0.0701422904635433525
0.0899903235089256903
0.129494958474813959
0.0972479931160100397
0.0984829943406113767
0.0407261144124851926
0.0964714088782812895
0.0942068189740610656
0.114059735822263114
0.104784325606289211
0.0790933181554843712
0.0821022422569469973
0.0393900104127404491
0.0802737769392361522
0.0942049525909848251
0.0772325223749135426
0.105834733580674939
0.1227455365595925
0.0898027544140194978
0.0964768371120095364
0.108896849935916681
0.0909056574597714995
0.120646271057230955
0.070928364539962957
0.0802733174277855954
0.0965774467801498032
0.0770615652979902699
0.0852815209688074921
0.0951443340115019215
0.0770300263585468881
0.0947995719600430581
0.0652070052526483035
0.0919766883398093898
0.111368062408403273
0.106005849149850895
0.125151442347228692
0.103738174083436607
0.0699240806515584457
0.0709616977872688237
0.110629535600237611
0.0802301299241925531
0.105432968250789044
0.0968287353945982976
0.0751170710614779136
0.0780841523082491662
0.124538802505209989
0.088400896616339944
0.0692080807291189648
0.0994446257726205179
0.0838501158742085417
0.111586914318398595
0.128296123930968203
0.0940868053397279358
0.119709559737590926
0.0913812465919241756
0.0770732983712080488
0.0935457055686737815
0.0906002091709394719
0.0999225821843038875
0.0949709178120768105
0.076430598119805529
0.147567632625599077
0.0940388320247975834
0.0713665434622203221
0.0706313935308800489
0.106798256443201428
0.0712470455492506677
0.0885191854115142118
0.0557115527750850284
0.0962555769859711335
0.0886187583336091322
0.112416399011134899
0.0962778153928651181
0.0914964537399142602
0.0892223310458681446
0.119318789832856001
0.0814323626477505141
0.0814739294998031022
0.0851942154116660383
0.0817178639849938937
0.06908832584953295
0.11887723857879548
0.102455185727460277
0.0577960558361025056
0.101180618622931151
0.111819681136370322
0.0959038114374782674
0.0881571530648059404
0.0997136046062978842
0.0861271287181072931
0.101615018605375626
0.0890425880999820701
0.0788189285798108485
0.108176372432426046
0.0666147897200895511
0.111816975200045104
0.0840112882829026492
0.115921258366058211
0.100587586403030893
0.0450891415702999593
0.12655525247546548
0.138603928220206174
0.105449646863607097
0.0789361182834078801
0.0725911401237593207
0.103590413853055036
0.086784873575824456
0.0843765179182913994
0.0816584460359907893
0.111272542472713593
0.0808238451671493552
0.0853359477919152093
0.0440150047789861151
0.0975924030613217613
0.127016155747388337
0.106669192393351181
0.101789714382334875
0.0793012118518790499
0.106061864136318879
0.128779463956617157
0.104580621761265008
0.0834983753443954979
0.0690928971075791265
0.0920834675557696269
0.127197734009930674
0.0991372491297082548
0.0947572734707441827
0.0933215007469693075
0.0634695764199048051
0.0702560318142213258
0.073945329045189509
0.122047355619472248
0.105199376844349601
0.112117168991190175
0.0703070595091203343
0.137305322189859746
0.110848172996754146
0.0596000786936580623
0.0981650617623674726
0.107672984960348717
0.0644969570817297555
0.0871629316688859179
0.115853239708377048
0.11891736591459455
0.118239913475406244
0.091798239555022601
0.140894264155830368
0.102031773630999759
0.0683204999855073769
0.0932946983660061652
0.0981546547171752021
0.0735343645353819519
0.138740942438602549
0.099036614822060734
0.071814056560586717
0.0780027172037340566
0.117435633855415361
0.113844448520792882
0.0472488340566903017
0.110056435272962327
0.0939981863968265274
0.101793750267643715
0.111672991236887703
0.13033130497642384
0.0684003567213123803
0.0997300523474786704
0.0867132055583620387
0.111731491223379165
0.0983947410086644658
0.0973005538935016595
0.12211497998212846
0.0897280680009106268
0.0898564589064443364
0.0963998964780670015
0.100898774257995261
0.119446810255015495
0.089420460021422149
0.107107566866797677
0.116304674385700677
0.105509046537845541
0.0843582754677279223
0.136834172934060916
0.12270947206631215
0.0824459271363879309
0.0801021663415737994
0.107949687132147795
0.0983814072032746373
0.0976857018769098084
0.100650182842174779
0.121280584421106508
0.0933153270420843395
0.103523435204743108
0.0893724510299372249
0.105552007918685159
0.0938326894955780338
0.113258184918299504
0.101249263075761486
0.0993002147443398514
0.112380034350443983
0.0974200748663612559
0.0931139203012065347
0.0857362871690809103
0.0845909245788776659
0.100078809214545456
0.110497849652420307
0.0973806561968429268
0.0750936496274459547
0.0906822266288083156
0.103664920964851123
0.120909654218446447
0.119147762257091644
0.124427064578691932
0.122935490741785169
0.105480059262763409
0.0960867975235820543
0.103262348764373776
0.105921834082495642
0.0799954066767248062
0.103908737690571726
0.0946668606090704523
0.0945862610668457282
0.10259401973015915
0.12258463475253574
0.0936192908154741266
0.106645394409774052
0.116953193850875797
0.119880071229164137
0.10851519933348161
0.116023744703623782
0.097386493745993799
0.137997313340616934
0.134475223613617495
0.019767161403322242
0.087780518707915825
0.106171138241251073
0.140291599636003655
0.126466216790910552
0.140940689891124959
0.104087255081679833
0.0962992468682961622
0.0683169558610885047
0.129379379125760946
0.109830681814582137
0.072653970934501988
0.0887840473807506442
0.0910304284708900735
0.0947774210031866599
0.104569857657888246
0.0761315292621859152
0.110764312189111189
0.0973398566319574332
0.102649568012581099
0.113469598466742552
0.113761039283429982
0.112313264760506737
0.101736449735177134
0.145892487333101978
0.0792649521163924092
0.103771055637205956
0.0901936387644963616
0.112695424229058525
0.0960590646032753875
0.0868452877378993182
0.114358161457104951
0.0888596936533888465
0.143145828835365557
0.115966808127928325
0.0790236376168447774
0.096637263019719255
0.0983286556554460178
0.110728834241139662
0.117312355136027655
0.112741196318939238
0.0811187407225831686
0.123405433430491207
0.104532420374432056
0.12157812997766268
0.0808266563615634009
0.113520212292325423
0.131375662908437857
0.074288529908978454
0.119995569419765649
0.0427823887377585046
0.0914192054450042452
0.103401543461295861
0.130480431072309472
0.111259304338179724
0.0993647317200352376
0.0798713746696560478
0.102637332613680257
0.108422379090207743
0.107954736825414566
0.0773924962944657346
0.106894006675016154
0.103386651502653734
0.0896835232076204913
0.102810469600404547
0.110958366673029982
0.108022542739092564
0.10176802704321837
0.111092716519558196
0.0650690556140587351
0.113159860712093621
0.111640331039084342
0.120640149841233349
0.102507654457107467
0.135141181082513551
0.124876863655287149
0.0814917676326133433
0.110866963455565223
0.113119466916568406
0.100214859110298399
0.0824369045623776497
0.122622715593131801
0.0999354779238390001
0.119569680917844659
0.110467553924131726
0.114077067500481341
0.109665299921154924
0.102999973294493355
0.121509244459030732
0.107109992776256172
0.100791765353197449
0.129896505322566969
0.0967223797351243336
0.123475369009239472
0.130559420418421834
0.130091728761562914
0.0959177552672501876
0.0930674437699934437
0.0856381215422857001
0.131899000967808017
0.121299785883421191
0.0827472573704811226
0.120039948920367234
0.0921986146318116706
0.118721843332796062
0.0855007311127246455
0.163999238186809421
0.118613817971749691
0.072675668780841543
0.112503408002016747
0.125846165482491501
0.0948747496619832126
0.109931356443439543
0.138426059251884892
0.122447181556829501
0.121973166824297846
0.105389251564666941
0.105674067944137043
0.10177758139983141
0.124252688837634628
0.0745403254872616522
0.10550667455869904
0.0873578954216877868
0.0861812303515201994
0.122528004908774038
0.0951755219975542188
0.118936861238212122
0.0868031082786863278
0.0984954860365559043
0.107568342277191767
0.0814414601513441805
0.0818461282994936978
0.102093273177447125
0.096603631873933643
0.119431674073833149
0.109877334683605832
0.10174617416682416
0.124999645768719803
0.113118788901396122
0.0939931696743092071
0.0984415701754757511
0.100870749295173381
0.12871286348128505
0.116161196891293908
0.109351172806179717
0.0937303493432428136
0.0740372397770124729
0.0725052687391319617
0.0728648017942944981
0.113760827637620132
0.0969055534423497872
0.098917861515941008
0.106270772981960346
0.122994969981895769
0.0964393024974800062
0.102439261732501993
0.0943340821654348044
0.106593556266771805
0.114350834303001039
0.0848532733152515123
0.1180677529613441
0.0942902549698894782
0.108120735419211231
0.0924375853589285007
0.109219670526975385
0.130718807254977032
0.0929665046858380861
0.113672753563619638
0.119641129131912508
0.12473056782621611
0.0913782056067418136
0.100090437808279045
0.0947802103710223276
0.077959005762893524
0.103255632209138526
0.0999468877999051819
0.102953258400842421
0.130347652849819112
0.0660406789986799359
0.113254077153110505
0.141615426388441462
0.140954365645913571
0.109308353820464027
0.104938647101187305
0.100523060821781418
0.083814668454043062
0.132098919557384398
0.0939828437114569731
0.119259215793267009
0.111961459192091953
0.139867726339493487
0.10911384762515125
0.123185901763243497
0.115388221239291114
0.103023651176237727
0.131472648024857391
0.0899909615974948118
0.0921617984594232387
0.110682838492311544
0.0876918667076072855
0.106222112501294902
0.132733670997065151
0.110610902776691458
0.128374653559450269
0.13920430983205806
0.0916131240522344847
0.0902729870086333153
0.117961462195647016
0.0984372222794386159
0.100791666698416549
0.107575598857730381
0.0869370923861029626
0.119778250190452726
0.134872692581883835
0.105805672902024014
0.107838776762112745
0.0998303028385048863
0.119475321471696483
0.109401614318102955
0.120950238542572697
0.126356113804693915
0.121593228744153653
0.123328949194225837
0.108868646599505028
0.114055682753714055
0.0741590906859443261
0.091545456025327529
0.128567302555559204
0.0850413685989160339
0.0974696809308029516
0.101426124657010786
0.110803109911180295
0.167805371953476612
0.11433276692913999
0.0797547894932408574
0.0724769052669328728
0.0824753118239334865
0.129338782096335342
0.108146283163020815
0.137511345471304225
0.109554621363899929
0.12561629772546315
0.11451080694214591
0.0917500680886583625
0.141444522921412214
0.11185315610640989
0.117694284718337344
0.133283139348169433
0.110818449978706435
0.136027164965835778
0.145084705548676529
0.0856253323814626932
0.106989849924094257
0.126975100431379995
0.105763561308843554
0.0937729840327710118
0.140403565877929459
0.118068904217637688
0.08923592356730492
0.126372919260516053
0.150265128418390681
0.126265193967990325
0.112930145802007859
0.102596341924445209
0.133743964533072107
0.100385355168293541
0.112861366980313099
0.106870518636942968
0.0870236758446323033
0.108581067348039031
0.10705143095416926
0.154366050645249719
0.104721898534329866
0.0679585323354766901
0.111337928779449036
0.122627141218607585
0.0903856744357283831
0.103819622423191607
0.102557928902680395
0.130911035306611051
0.122293216379606856
0.0881086795289025282
0.0991834103467172379
0.0864197923222267822
0.131312933465705606
0.126391123005895362
0.116654038062994
0.113459438344571659
0.106967601720081379
0.0878471649790023984
0.0652199857032639274
0.148205280183678539
0.0860345908068238796
0.134071998228775524
0.116029752705471403
0.0982298636654204971
0.100889238053137653
0.122533382447997968
0.103422112779999548
0.0913816804552847611
0.0779618076648524866
0.121928668269349796
0.128536636687044625
0.0912406771494110036
0.113056385528343281
0.136134757390884764
0.11101107730345669
0.113319713983293907
0.0901439746635336048
0.0997594946668154958
0.134851439118868877
0.101101372975434547
0.13544130684844552
0.13316174668882183
0.116436026123498057
0.136102563926907366
0.110240391555721948
0.0948234806101381361
0.132621161193508336
0.0989616894260225144
0.0888398467708220174
0.116283941614206118
0.100413694146849752
0.123486885090795376
0.0996350662200857773
0.128636831337394508
0.0959700535607055927
0.126131927777251851
0.136036195074583866
0.0954730484474152624
0.135934128659282477
0.107017618034526002
0.115032312448316798
0.100044123189325443
0.107314579542612906
0.122557534507787294
0.108635701952102787
0.0983870752121927677
0.1038042094020422
0.109396337335257068
0.105085450194836477
0.0822722528240255879
0.0833473370886940734
0.0988768262423120742
0.0837826878073367476
0.127323641638347251
0.105346053743712142
0.126880972680834536
0.102673855227288419
0.105119330436457881
0.100892547835004731
0.0872432179353878068
0.125959044998726316
0.0906706126046883387
0.101134502915195018
0.110807254712052425
0.0638644613200797517
0.112308666987345832
0.106720339420908861
0.0820279870137728684
0.102178812299711874
0.127890516827783851
0.105799867268293421
0.116311783725972631
0.135063301188211637
0.117143788596131448
0.101727841216989176
0.111312979697013703
0.101536134225574434
0.122902127189190982
0.0939871366471387304
0.1359904563264695
0.135461386622498375
0.102134322868233166
0.130926674343023713
0.13012357201176325
0.127959429667004243
0.125351564300348634
0.080277197023563257
0.0955964563797771366
0.112646507474398958
0.110791852228717264
0.101107943926562152
0.109212152304902471
0.111023725752999264
0.0758404640218670184
0.141546741900860834
0.101190582846673774
0.11678628191539861
0.103109517565530245
0.103650153859227406
0.0989178693700120959
0.0939879286592815444
0.117281496065475707
0.129072263811728927
0.115409142674175527
0.105624081050969057
0.121176941383224129
0.134189912162309771
0.123023549922586545
0.082377618222148119
0.139066671841152817
0.144382512902513971
0.126039197729784669
0.147156908783435708
0.1050325824957999
0.113447667556279164
0.130324767714638301
0.0967501350548545386
0.115379062541200894
0.102411908415701261
0.114344805140050784
0.123220890033304206
0.149179698050248083
0.093266064884577532
0.117252883372070932
0.150425661799687027
0.129241563257883357
0.100109909201689301
0.0977563061769010921
0.126241278243648114
0.124095122761296459
0.125522821408392105
0.141957455700336244
0.0941134662038740355
0.100913533974465328
0.147065636434268093
0.100312526883631625
0.118220287857216527
0.0852028877918503819
0.0991958553029337053
0.120272520121107826
0.0767840349085438245
0.063947663674161645
0.102207124545520084
0.126993410386372102
0.117031904551921209
0.116756800628387544
0.073065681936718252
0.0955774602151258368
0.132380362794572132
0.129151738716109798
0.117002004008711358
0.103049846682659124
0.126734134173955182
0.089094733544202262
0.156830942592080885
0.131694309899296119
0.140160857317427862
0.0864925144306580296
0.0835569091151636967
0.120943901012034699
0.118076650130527108
0.114253788217568569
0.139361170261731643
0.118665225594173931
0.106555174589773968
0.11162808361776845
0.109317231616757771
0.148775552578996467
0.128861460358709629
0.105787385688179109
0.128573207378819721
0.112434968278870617
0.099853091067809277
0.116925436786689985
0.0923396156240935545
0.0970326306618642942
0.136391042372687843
0.116630233432186814
0.127495083367931056
0.133177079374429963
0.113346949230472546
0.114839294288055921
0.128057401491611628
0.127525378726065092
0.10853183415571499
0.09553843988053351
0.0822629483452455151
0.0865132824877245521
0.132013285171186878
0.127486312266781449
0.109815874931174742
0.115021195807054319
0.114153812037985442
0.104081906890806666
0.103045080691196472
0.0992020000051853507
0.132947031065979937
0.114562294395951572
0.0870781830006506635
0.132287572892870797
0.127373089271961532
0.131519673548957605
0.130933988873092211
0.145804178810139573
0.118115932382802075
0.0965477249580232871
0.117809039962377321
0.150837834637065682
0.121088843002238045
0.118461232214270545
0.148649862072664812
0.129234988179850518
0.154613273283554009
0.126625430068940725
0.142774150214716372
0.129317402200598147
0.118800299842677676
0.121215919646899872
0.116641054975196515
0.0930595839365233185
0.111859864280841381
0.116226135593345381
0.126415262341245282
0.124542712515625154
0.114918675057434846
0.109820924953174401
0.0905246341068653981
0.115093399517439465
0.113167126512688287
0.0943166493943471268
0.11576527896706959
0.152602325907910646
0.115126976345594753
0.137971764919048279
0.132408589148225619
0.107644727244301505
0.127189870674315614
0.0864181044168377821
0.0947517777004590195
0.108620320975552923
0.13156832003135388
0.0961523133124078666
0.11268870946165635
0.113814414400140854
0.117124884003215426
0.130685285726834216
0.103460919643027685
0.134164241436633858
0.0811299823524967434
0.129559965371397523
0.143934027106889267
0.134923556022510271
0.109237566521102655
0.0847144961843516731
0.0753881874527677076
0.102677670566389254
0.103963212965819091
0.108979388777562428
0.0803128903330670163
0.0952503632851744719
0.119215628053336728
0.120619294945117195
0.131216846583273705
0.118582999099648964
0.153347631441856064
0.116892261751835855
0.0833290352297401254
0.136199227899458181
0.116541482088124523
0.130367913247128098
0.099910143628091308
0.12436286374234358
0.0999583632631952795
0.0986221542415030572
0.104706639240295371
0.138464897542895871
0.101424410749119356
0.129905520905857802
0.103699889386615757
0.120959553060519323
0.125208371808683716
0.136298986279759421
0.135429731148192678
0.0872531847044407394
0.108912754315746832
0.110105891500671169
0.109296430520770316
0.141786071727518809
0.136091109739286592
0.0966237754370074808
0.149511888047569014
0.109889329702171162
0.103399659445246025
0.11579955500734064
0.124464213260520221
0.133937461407037967
0.152540738564274525
0.107462302536949522
0.1137112681349913
0.107681636946340531
0.120741307102769618
0.140931051230508447
0.120095455208638166
0.11817672286972683
0.120429925103605312
0.110345876783067204
0.134185774684321579
0.114215073849783244
0.102913815634738393
0.110244948281156635
0.144937606666854513
0.0878328092853745412
0.110529481419521763
0.171060314766544819
0.0926422550133544909
0.11900103832352836
0.150167840233725841
0.0918880677023711234
0.0971443042488276121
0.127949103188450569
0.123192621412733405
0.108944333483797451
0.131280479064622535
0.0908078735479259935
0.112953118129291222
0.153664017809944847
0.125782310746067966
0.105862352405437316
0.166193305353768278
0.121650501048241128
0.152493339297616992
0.115528617068739403
0.163293683606255402
0.151363180940542796
0.108576848284861346
0.119855742807901136
0.0993837703476029288
0.0924113172162121382
0.0821273068120324801
0.111513429418810178
0.127673498845863709
0.114124812530364467
0.0987217492585186485
0.111988294574106945
0.109750016836637251
0.105228343265217447
0.121523315790106542
0.118030827524231469
0.12250934046124258
0.142068965407181641
0.123628190227287479
0.111612759410035844
0.135676028495950701
0.147254993926043576
0.103459860980959842
0.130684568764844244
0.112613613103656668
0.112257422711064994
0.0824286044849752708
0.118177058499012957
0.114076639668707888
0.117806750620023118
0.100487838903914106
0.103983338494037791
0.126445738103108718
0.146752809188485933
0.158565517264403599
0.0990807235298828692
0.130439567872914663
0.157795875193306456
0.159898900506367958
0.152858934881475228
0.108678761996409398
0.100798066705043862
0.096590670806735196
0.12571311962453971
0.147135550617761984
0.134820552049958325
0.110317603430458822
0.109510188614478449
0.0868001797714392509
0.138892107293720979
0.128875735970477495
0.12853850313376633
0.133325889936362213
0.122584042290739603
0.170711641688076649
0.122668243258257578
0.150629018264629627
0.126455316969152132
0.129649243027326555
0.117722721280050624
0.107964209491377014
0.098121864498918604
0.1033911302013788
0.073067209977650413
0.139043908476180228
0.117807752986697573
0.141106396332880218
0.114894671324960645
0.0996112223800856011
0.150301257125819432
0.134943849204597455
0.108514985405210679
0.122812277504484868
0.116218687125435191
0.108239839525351433
0.0787452215424029323
0.100265319256051394
0.0994506168802744006
0.112069289764942612
0.144161022495003621
0.13619778140243069
0.102344894873583045
0.133600460790724657
0.107690082513730287
0.100129558402355295
0.142719912354946077
0.140225423947118288
0.103216951373187996
0.0982438911799608794
0.0755880058906982233
0.0974676691111471122
0.111113658755720102
0.152428364596527671
0.104983963788453566
0.132994226032310731
0.111326447379875446
0.148257403545302924
0.123299191150727322
0.110542273750196721
0.133026148515655973
0.137282465109938051
0.149511556164353965
0.110262704599487421
0.144636782169070749
0.129138392356127674
0.10325678984718166
0.0996063137808027299
0.126785407177866932
0.104947080062581938
0.124246190578533047
0.126229015244359311
0.138128923066978188
0.116539775831114856
0.149284183281761018
0.144770646707030354
0.0833759674276154661
0.136068847487188976
0.109489148334185146
0.134066642404449599
0.152860794249755211
0.120125308297095681
0.112995470229323269
0.0886344906710359037
0.126725302917390092
0.141079557483086621
0.115373702663258401
0.12203475767762817
0.138183319458541704
0.147670775553516098
0.0806223710638924174
0.0950905871705794159
0.108665790560846465
0.118827979817776028
0.148007899024669265
0.126282318860146292
0.185548790938634245
0.126481443960900053
0.125080076652008404
0.149621789851620279
0.111184169003911856
0.136466534979731657
0.136875581912994981
0.161786543855101383
0.129151155299138343
0.115135948261986296
0.114952150783073859
0.137946405166761737
0.0887863052804832992
0.160818544614045322
0.133839906706575834
0.129129627557345722
0.11410179575725754
0.12509209813360711
0.125516593393251691
0.13999879097908699
0.121462876217653656
0.129429909299764223
0.13948764041174494
0.155082252501488854
0.114946359195537653
0.134591751029285889
0.146937070656539132
0.10974866533521864
0.144371305634955233
0.124694247924164017
0.0962404574125146905
0.114196070529824473
0.128469495822795654
0.103567172150163131
0.15399458582456596
0.153363451800524325
0.123344262278491199
0.104223812253019951
0.170914121954074932
0.133762440319526915
0.122868609454272221
0.123104922874421929
0.137875586143215073
0.152142496604545402
0.165198390587710381
0.132243431017257579
0.145118653780504175
0.114211095235157267
0.125713968632133022
0.112900610401750701
0.127225189415755585
0.110437923810835392
0.134447744410668313
0.155565876123698377
0.113807465795790375
0.116125651659734361
0.13535259575504513
0.127720739758486412
0.111231266797004236
0.131359273964249179
0.0919531547628615886
0.148813788431262362
0.111771303764864327
0.123019826838429658
0.100450752065451093
0.123201352504798051
0.136757214568564212
0.132256945851473989
0.135222539564642419
0.138570971151955047
0.124493153575847254
0.13060042850602599
0.115635395941212887
0.0989203797194734558
0.0925468024738440309
0.145301847525086208
0.128087084345274715
0.113801728534178206
0.100157989200712408
0.147804978406773813
0.11467076113824072
0.126456066732585831
0.117947306546072245
0.100918183950233858
0.157535581826094839
0.106401839872628426
0.107986975717512909
0.121701052625765735
0.11529848568167364
0.102472587762528239
0.128744899039154731
0.148703812670213542
0.109005489382173096
0.132626395603475972
0.0832838575679970966
0.0929636129304765024
0.129449558911674506
0.120459663887359042
0.107815274237572145
0.122161085999880362
0.104800310623286277
0.158050574462886367
0.148528790793635679
0.132143323467384277
0.100170042106866877
0.132526775886954523
0.10655004456068265
0.114888728004460511
0.158418271887491247
0.116092140922847559
0.13478206977386939
0.113361903972862998
0.122621187845920437
0.154327794755756809
0.0881589134069151181
0.105928499333945256
0.125817696016628622
0.142011950483696553
0.103906936304877878
0.109589975383714747
0.114362493180136374
0.0986405697665479753
0.0869879452672784742
0.117536361201722866
0.168412850513489032
0.0842784237240455647
0.117760374991766975
0.150749517554932794
0.157664755337235507
0.128276254792149796
0.103883070782371523
0.118812893753279566
0.131826619505366394
0.115062388132448831
0.139445590439626316
0.10534907117609156
0.117726281191803395
0.123138506377389587
0.147989324786144988
0.1636117128555786
0.154743733837135022
0.111503586643573654
0.173282914653337561
0.142968310850494496
0.134395756248708087
0.10756485022208287
0.125342286614633674
0.116735427170201828
0.121976798331482797
0.111041566296345512
0.147047718750910494
0.11442666450339832
0.139075431552998979
0.124595657816512037
0.102811517113540349
0.14842462217646335
0.138687765209464658
0.137548101007037793
0.147787566201416115
0.128332979904769329
0.150280082510078933
0.148838006982690479
0.115490407567940601
0.116895667765122641
0.134419265707756003
0.131641405567045455
0.12421948902017127
0.100446832657593577
0.129320156293420585
0.104540396429921537
0.109389844330007202
0.141102557853692023
0.101159174190155909
0.111856686852846984
0.127315906040425642
0.136151697835328406
0.141140990094462876
0.178707561922760549
0.110602972217881845
0.110543813483800879
0.109079098274949465
0.116358455933404881
0.132862783217101432
0.18810834706765367
0.102799244651283553
0.147815010305045264
0.14396494770410817
0.113923392280208313
0.119697109523797016
0.0994405519012607347
0.141358359555782714
0.117267786922568659
0.125491348830145927
0.143726849628201564
0.10371045211162995
0.14711619916633939
0.118100659698578442
0.122093798532436515
0.106854875877015698
0.109273217500273079
0.137088671374649418
0.140339797886619544
0.121891812770951943
0.12321373028151382
0.126750079674457783
0.12950915800183263
0.167511458052859524
0.167415228214335687
0.14304879815947058
0.144389994949863293
0.124119212551810451
0.135997057011853439
0.144677343720755802
0.128878638874169948
0.105046979917893621
0.129581561515893368
0.103899263651159673
0.115455340114459862
0.0967617233473499067
0.128904390059717128
0.121057698780390244
0.109554598747864856
0.152240000844302725
0.115493377022814966
0.140920549653042154
0.126998237858715668
0.11837720618408723
0.139426909793064602
0.127139072387811108
0.107367010468792601
0.161917965684522519
0.126449600983977894
0.122669271634206822
0.0985611426344071562
0.116635961084897211
0.106252879276610812
0.0783811818400208804
0.118353611747200688
0.141406448384574279
0.129671658877858226
0.0972750239422977558
0.0986786164882301614
0.139665570149225815
0.117445817886876233
0.118251938761065212
0.0677023845238988453
0.146333065153009367
0.0998194995761868403
0.153486504154306536
0.14749766861066213
0.132475803141593934
0.117280319792562732
0.0941539730174649064
0.10550382356640095
0.126480080930713445
0.135527397102165548
0.0988451698615882557
0.137378997006321613
0.120674243249232122
0.112865117562046757
0.0903631284309895921
0.121152770222905284
0.149636432565308952
0.0927283536562373001
0.119820620231188918
0.11583487087845068
0.128685346899728409
0.112174388311265805
0.106404601492013778
0.13550839558485267
0.134748378026817744
0.0989216205220433686
0.114318468344966673
0.13097168151574326
0.101046808807695121
0.146020894764466502
0.109805430066739415
0.14735545874794409
0.14636134554983779
0.133336786029521759
0.126657381425491572
0.101140937246829543
0.116972236755267925
0.154896605753726074
0.106415115723627357
0.124555276875631601
0.136832619211537082
0.0996764112907316951
0.143384194624633421
0.100183444334389027
0.150792581330408987
0.0924725756604828503
0.142641018588045121
0.130001537650021537
0.124957348952494676
0.117398526641129528
0.111262151547171562
0.101697159647832436
0.147132240153875937
0.121845280828231581
0.0935748902902006074
0.125949413328416665
0.105786830904130533
0.147376962601996342
0.119894042725430791
0.124225140117651386
0.11812469118510939
0.113558680927372202
0.107544090484452959
0.142984850559377458
0.130424129487085094
0.166411700599620099
0.106750297498829777
0.120384503737707926
0.117120526981772236
0.0878302511857731727
0.155761975554191412
0.150294126269377742
0.134532692514748503
0.130766199276224099
0.123597971270352214
0.141317383370280519
0.159560794476554996
0.11868182129904839
0.0998661027045408822
0.118853092858529116
0.101748559064324631
0.118731094533206197
0.14775405167436928
0.137392813222437599
0.110612567400680428
0.138531081616264706
0.133676166679840058
0.0965726363416223865
0.130704494527451254
0.158661997243120467
0.152237179982350423
0.13496756961316847
0.101929814813273137
0.149697825381459954
0.166359433036241788
0.117455792805341783
0.129521922581573024
0.122999580476915379
0.101026830425278519
0.110101539332525353
0.127379664075450039
0.144492527279323379
0.127339210943836184
0.149428734801666907
0.131881146881032335
0.112068002622519453
0.168813258699278768
0.113070643905438181
0.149420179136151299
0.133237933161491462
0.117548875211414605
0.15028185362721036
0.118720069478729914
0.108311106649065458
0.122677885502744194
0.15805871878132996
0.123575710215479889
0.15633933409694456
0.134003607863779572
0.137525295827770094
0.113189083963920953
0.119381647381395173
0.124966430164729414
0.0970640505608973414
0.132135145650709163
0.134813045216488736
0.142885271227946781
0.109507554869451851
0.135210055067210427
0.0979330661853817369
0.10443683248528661
0.150574558910999134
0.147388245369753812
0.0914396863760723322
0.117157239332896942
0.131032053297042428
0.11330727078373079
0.130476155053571075
0.120275770723692166
0.119912811838980546
0.123260430460320036
0.111632937997936832
0.100943523354887807
0.117550858289277832
0.124993843401341898
0.0952229524937336647
0.112343718825778024
0.165500174745047302
0.129202784860894787
0.101873258694623825
0.124711615355146244
0.0930419802823451991
0.163674551576277888
0.124355679412394504
0.114109438977211639
0.108256510764684691
0.156529881809327198
0.094175743646760679
0.185185774922147273
0.0975103104430501688
0.114417919427773226
0.121977056295921885
0.159371744605594334
0.10714536923282944
0.1294131255908339
0.116691493763789775
0.145776557672728874
0.122863073988288135
0.130604878756067161
0.123625560359812176
0.125856893784516755
0.108129123644565797
0.0875555117812909511
0.127966391204655472
0.129745302959892589
0.140460184791175946
0.129455189987789404
0.131593654111954006
0.119165358575262725
0.119540640378662757
0.15310570858859085
0.122741409023545148
0.125107554905995871
0.111415650549690923
0.126369254938143938
0.133574171108572948
0.115734486254275265
0.118259977280783413
0.135476119460640587
0.103362740132721467
0.0973892814093708648
0.124808864437192593
0.138791002735057623
0.088792535476209189
0.150656318717999366
0.163227898652352987
0.0937895959030940196
0.0837375818021374174
0.142640953529228121
0.11067685865505171
0.105336804388721811
0.127773902032812692
0.0983913069812512447
0.127683161353000535
0.123660402891144966
0.115424970644138827
0.0957991897804803538
0.108857033449275969
0.123278012822253952
0.125167280911166134
0.127792872548316033
0.125091368121562019
0.111044686219462257
0.134315402038637455
0.14329351193416226
0.073024390877655998
0.142943174071844092
0.110771658155430344
0.149419490830860396
0.143584088340896449
0.144390947549659143
0.141208993474605832
0.123531286382594849
0.142832716437006485
0.138213464938648029
0.104542895706976641
0.0852431960995645999
0.13522448555553826
0.09403471284849102
0.1091357269795903
0.137826927524007103
0.115921442286908136
0.0931297208984104147
0.130223394567929973
0.140669910686735317
0.138694640106940992
0.135015610993881097
0.11625093319585407
0.112509154159646227
0.16021764036502445
0.134733195772015285
0.125330998245702763
0.112992356690295614
0.105737138140409775
0.152246632418414435
0.129237834609362084
0.152817427642382875
0.130479817663331443
0.129519594738314148
0.130701727581523208
0.113826566512459565
0.10681166537681494
0.0878653485063658757
0.121881658250980074
0.140145882559079116
0.143968713102043955
0.11248435599996448
0.118046060723211513
0.150325220488152056
0.121329970150712826
0.150420581743088672
0.13104221155914067
0.104113893072673186
0.133548546597674733
0.106000215991014668
0.10401521318002499
0.114233080639380646
0.153044038630631929
0.079059554989237002
0.0862675769375509105
0.135781536635226519
0.111685357320483708
0.144156632546301483
0.105202484965474116
0.12519910459236519
0.0995087420367956332
0.12212157578816972
0.101047758561561757
0.156590836706491043
0.136357797803223324
0.121857696386765121
0.129842345717386065
0.139683891362574558
0.127554500386105635
0.103088088365147226
0.136219897841852539
0.106012927661818912
0.131589751394154492
0.132488934292407518
0.122712819767202344
0.131166883562035735
0.125800304620584474
0.127295606111146431
0.0995124567880635857
0.139472961097327181
0.112830144710958757
0.130526493393477661
0.136329430603743945
0.116523870208946417
0.126894602511380017
0.0890261233957737042
0.104584024346886392
0.123109892733455198
0.123064592106754245
0.109222108485977548
0.103873456928158373
0.139706056445816851
0.098173910494639971
0.144380119384983935
0.146053347389541455
0.111856549044730746
0.105034394016791516
0.106926447509914382
0.100995368160162108
0.135777758666753012
0.0950770328254846031
0.0729438523210110962
0.116713790630204817
0.116299566805357801
0.114174894485200698
0.10930808100382218
0.110964624108499235
0.114854090049969965
0.117754334941307118
0.114745340965030751
0.0963064060643531727
0.141169800094534281
0.138928248554079675
0.166350841706065594
0.108882425513489714
0.103892942776946079
0.111761425296383873
0.153516906687492904
0.131027832400874816
0.148983303128347483
0.108747102720820776
0.140252922931048296
0.119337824825423613
0.115308403223165892
0.144085815206869111
0.133483971472406315
0.0985785577743029662
0.133509707087371671
0.127444298129855776
0.171182143560122291
0.125511681456403484
0.123947999369123568
0.114028229185620569
0.122894960102373177
0.151484795537885852
0.0948545354550645176
0.132419492031555674
0.113154894195189176
0.120320124278443907
0.0972336362843624069
0.140111940665892137
0.139760222861713412
0.119592094015665992
0.114187202567169618
0.145655773010587158
0.106211356520204483
0.107919702700682518
0.122809886146911476
0.144973340987891997
0.0983047795627313981
0.130368353757882943
0.136585610664481494
0.122898867043466337
0.069226779707307104
0.126864454073188776
0.102070371039394675
0.141405374955843155
0.0795696480110932858
0.1112958700835186
0.104322630118822535
0.12767316952554536
0.13296455240631877
0.142381861282380368
0.160865490240768627
0.115081885569609368
0.127693869149181655
0.139728381089034542
0.122912299926648275
0.145405348796165929
0.14628958925247959
0.0721922443956771187
0.132867688290356833
0.152367821036393791
0.0837816851948667007
0.146991764320918872
0.102186413327530728
0.113865065931402887
0.0828523863308650022
0.124461935845743263
0.115045131561736416
0.11315943360273123
0.107143430840020759
0.142834586018219578
0.109470403378275544
0.113410468727491026
0.130988526075803635
0.110247863079745614
0.115316443211043812
0.0978244449763648605
0.12953516726109543
0.0895581149751438488
0.113331544018413916
0.115172556451152999
0.115613474467096883
0.128261283081307575
0.142422705892879475
0.127331785496356625
0.0841896777762570908
0.132593393326071007
0.137138800931481702
0.149734195156440403
0.119797597968262962
0.119384561433532849
0.097088266952596064
0.153552213417278038
0.0973975798177351137
0.119358586988339566
0.104821383364898102
0.0914732209720888062
0.090262741063354468
0.135686250001377712
0.128623186181633431
0.127768339554929694
0.14445817772837255
0.159289646160814535
0.115726512473322121
0.152667988326440629
0.150296990156589955
0.124953303632149154
0.124413960787319783
0.14219912245337879
0.125762897988865641
0.116655499396547041
0.141360473570572021
0.13597303966914806
0.085101640103794382
0.13189513381537768
0.103248720820403928
0.108113307566789871
0.15387980227078335
0.103755529578907768
0.136867678823769268
0.142673269433821026
0.122721204504294829
0.174043354029118913
0.132106390827602227
0.135987635841791354
0.150147884449784857
0.105102447916130659
0.112619455395518792
0.118563331094441657
0.125984907633697213
0.0990464361013420891
0.100070268195429413
0.104539686952228136
0.123377268325513947
0.0918700855932888943
0.131186309384307614
0.128044646036110987
0.118730752918835142
0.101168086026169279
0.147765111264882648
0.13519935186352311
0.101776332205941344
0.105384370009087208
0.138154724711994442
0.140232937493670773
0.13161416357280134
0.0945114512432407156
0.101834140387987188
0.107542333174015278
0.0992439261627613145
0.122189757959900835
0.101042804997256028
0.10716904830470475
0.109566274274641121
0.126096453343274101
0.112910629301773827
0.0881894121996053826
0.0964544598843818518
0.118956079987293406
0.105857484718633182
0.116509046018540979
0.125817224333423044
0.113003846162849822
0.127051436909363935
0.144476532300071209
0.0995728518706081311
0.126372506167383047
0.0969056962773982011
0.120380679329424783
0.124743700115295633
0.126969058474513036
0.150232737623825385
0.153350102695529733
0.132160163789864699
0.139805551769293879
0.0871966207523117709
0.122283409167510002
0.0916684440190382865
0.110611023334108591
0.103193338021433087
0.0806250869960095928
0.0965010316273293839
0.161619095609362828
0.13421691116421372
0.146059889286497713
0.122433910855454409
0.106832349530023851
0.107080905661309095
0.127291049920943755
0.119111112414424861
0.0869717648215647121
0.134591399170461395
0.125558058372897879
0.166966351921129991
0.149914164520758258
0.138166973281912048
0.131046802058562367
0.158517011506692784
0.100657864760354682
0.141406867333973757
0.130820676271647951
0.115040097738470362
0.133717324783257763
0.100955020937322018
0.155884341927402775
0.115516781374605693
0.141060938217747317
0.0725725282532126703
0.145054174288903104
0.115684696912410581
0.140516398689510769
0.123966718313409996
0.0949871335891634833
0.176717902323570653
0.109398304870099716
0.125476087349780413
0.101733729936314174
0.119927422542164208
0.140044411642832184
0.140185589981765529
0.101968092266364885
0.102243678295205975
0.0898713403894022128
0.0611620045514326416
0.0949076191692950627
0.12939339763739327
0.132985915192635945
0.12979081057672015
0.15108378333572739
0.0886921114422145468
0.117330840207491197
0.121311480608721212
0.10829276628344843
0.137437586182427074
0.143798628974486226
0.145749162043185776
0.121934308815942541
0.11009700409411996
0.142271679238205578
0.14417408947856819
0.113855061034988894
0.120939317704143054
0.111699020447145317
0.133697928591539117
0.129033508061387497
0.0988885850240753678
0.125467091969908545
0.107369147578098095
0.125849227989403567
0.094559804564854244
0.120746551648758374
0.102109386337119593
0.116917417984182634
0.133081354463316287
0.108018068657426441
0.102831236746693047
0.133025834019995154
0.108686754627598234
0.0941532350437447596
0.137132295098694929
0.130251340117285647
0.123797046679270592
0.107748955741908486
0.113455458718719288
0.0975881006215989361
0.121184041746762006
0.125739187108342032
0.104417721870327274
0.129823609093321274
0.127974277814827203
0.146820875873736545
0.12875703471797309
0.135074281739201024
0.0860655112571124536
0.111689514853857419
0.105300839042802075
0.0979483208412270934
0.09155719843637182
0.091645023631574507
0.129124682967634741
0.138850038408874887
0.0848944438590440303
0.109454785397074164
0.104899774701969803
0.108673138730614946
0.119386898993143448
0.102359107519534448
0.125766323390492374
0.0995031744174341704
0.102511641211736892
0.124640544215277427
0.101873822410277606
0.107878973859471289
0.0920218504343030402
0.116833298888878043
0.130191744205082116
0.10099110925545976
0.146562887697259558
0.0938040995937305944
0.163271742091030458
0.0936044202992663554
0.120362899893908165
0.124207329659358517
0.142478233200908855
0.146510268616574041
0.0742120248538490623
0.0855314078698606595
0.0722520567883352671
0.112716747006321866
0.107966138196693789
0.118859551169982952
0.133222529706426451
0.0894045402221509411
0.163498038221989828
0.114624419087186222
0.102167675699216684
0.0911337149934699359
0.130947786721946458
0.131789918394890571
0.113530260873071415
0.103729089711244449
0.144907068490212232
0.133345750190013324
0.116896374218421473
0.112824838634505029
0.113330878051568926
0.113837469101512934
0.0863729329803174517
0.106879511889512835
0.133789421761468685
0.124157367041587252
0.158399698078202228
0.143226881155286645
0.123718577422827269
0.0978133325041391638
0.128236129973270274
0.140380017613254859
0.122149709386742661
0.123963279284848016
0.108382234769419494
0.111027198171353772
0.122493106091783155
0.136054952054531386
0.162118915568964017
0.112781705629478188
0.165335500985167333
0.104206568083654874
0.12704589808919281
0.0964150120432216012
0.15215096467775896
0.123972146089347424
0.104774134061264526
0.109336508977377095
0.108564629219179587
0.134319939067405775
0.11124894291326963
0.131058969034690692
0.121170373112317917
0.135628997476604063
0.106920320767379048
0.119301465139886251
0.100070587412336418
0.150769453455088076
0.125003164696307623
0.115073585271055476
0.0992771346122825749
0.127848644040489651
0.111794883246765259
0.133473274043180462
0.137892836125603574
0.103927831743679769
0.0872835480243627643
0.0962297121062922756
0.136620442243157253
0.125962450989034663
0.11367990113721245
0.122914309871816688
0.112846659346454062
0.0997423397090317354
0.0971443206743997922
0.138742964334856639
0.0759646182130069292
0.114513972096999622
0.118376770960235328
0.12258231275930663
0.121485583314546827
0.111824315819316941
0.118777265869060969
0.107621197267013607
0.152527648237181318
0.100294038107468078
0.118183298769053868
0.149710458388220974
0.127411583927459438
0.140024465812762788
0.112169408587339717
0.123752168110940461
0.104648116444718733
0.0988259790990260734
0.0976707957072864841
0.13833540424056065
0.117632671378226139
0.0904089532901394127
0.0961007446382067532
0.110455958165709536
0.116083483197522194
0.160613694297846277
0.107953827992465334
0.120491524562341315
0.152253746751278979
0.132194772847809172
0.107043767257055222
0.102174676502682166
0.159826604349026818
0.0900454127615756689
0.147033906534032616
0.134376048520195912
0.136642474175446144
0.143872344589116019
0.134288088029443781
0.114283024306834111
0.144966863708107518
0.0984804284787543505
0.111514594074748521
0.114658363833070487
0.110154490314997106
0.104140783574512633
0.111536702263052831
0.135103556590574075
0.0971881075465977629
0.111303165638120025
0.124317180887129314
0.108068207773309249
0.075337043821508104
0.088124393318351063
0.101361880684380373
0.111493042127439337
0.111848033538708577
0.137391883356219768
0.0982564646250559531
0.144488211075919804
0.11233280546312184
0.100751725988933963
0.0963773460531236054
0.0980057916469977558
0.124343495753531305
0.0903057488260012864
0.110755041406135901
0.0977314835107219726
0.0644059329172695788
0.114928082201453882
0.125117173144534605
0.11577533333588759
0.126944620037627576
0.130498787525551552
0.148811237056576645
0.104718275040864811
0.112148249409782019
0.0843316414358894761
0.100272407010694328
0.08200571960216263
0.126506226632791152
0.120700218611302715
0.0930211207608163254
0.095615995596406711
0.107408468695661188
0.114968710340809813
0.0872091029998836725
0.11270740903570782
0.0861290498739051558
0.12768106028734541
0.130821313406734002
0.095853246220407029
0.125705301621862109
0.141644806354234987
0.141294515151076633
0.125793369083146117
0.101543046548725854
0.111928936918737967
0.129437653136470182
0.0755715934723870941
0.155033649748109681
0.148080357842605342
0.10464685378253652
0.119578044390568017
0.0925486055926730972
0.104495148290362536
0.090140571912181694
0.113939113190619029
0.122574267652854479
0.0920130177629552709
0.0990189203099917925
0.121915183071891156
0.0860191945630051913
0.133759612552304619
0.132649087540348876
0.0911999104733902943
0.0984121111755943967
0.0928713511575779693
0.112627503438900906
0.101604899306497853
0.0956837685674209321
0.0718182111778901122
0.150940584651462317
0.0623411015861584719
0.112705506834970409
0.111716779742713199
0.136764228718383118
0.152948757103766542
0.0979322014926196915
0.127118028437980646
0.155147476830742925
0.158469368656506154
0.116739804464776956
0.0940219850095796311
0.128171214962255559
0.132290167315091245
0.139380835301715689
0.125055422658389842
0.0954629467650376096
0.146796402622706657
0.0835906697182783875
0.120211864510964259
0.104837929820132583
0.10800276955859868
0.105049218883013634
0.115680022095179955
0.149013761489960039
0.0803613073865980104
0.132994235113673254
0.100176841391783733
0.125663849083229806
0.0960537816342130063
0.115819237958633206
0.123077593411787964
0.12762867222418417
0.0862641391982263278
0.108354074328140829
0.122772837437894522
0.129758637287812589
0.0921615169975552873
0.0926363232378565049
0.127773844614523568
0.131868090702597918
0.128365652784025341
0.128186481617651699
0.0769377926844833498
0.139777198987509066
0.126485231192936948
0.137909221662569415
0.10590499948211711
0.13970722063900351
0.116220877326050714
0.129792137458350831
0.109462418660450339
0.0984390734529971417
0.116318059810927549
0.089293740858446824
0.0965837738314851701
0.123679333637363789
0.106676452166153901
0.0889735993427331617
0.138040986619942352
0.0809682768822413135
0.0699530130058462069
0.12036439144493534
0.101768868335613494
0.112087211193006145
0.117897171454306199
0.104219864579308708
0.116469411593484326
0.151276523175580269
0.100950836938994121
0.091629254954544978
0.120295979780448814
0.11731550168179751
0.113378189562581846
0.134626058345642535
0.090498745526721977
0.121215412174815046
0.113948492808865806
0.126891121112327865
0.120976297983402689
0.116739905064525584
0.107924829141931161
0.116075683282768419
0.118778246098112036
0.138772307985543075
0.0968605004751582482
0.118159498677504263
0.0787210946577280024
0.115290309694496426
0.117572833666719875
0.0919305459078047227
0.102187107356985121
0.114206998838748908
0.104539593505485598
0.116456434539235765
0.140435733636631005
0.0987192441277827404
0.117749571071518025
0.119147717558290178
0.147806005515365352
0.0939556218099448642
0.139026281404399377
0.0998535098206351779
0.0956906385161636897
0.133066025902510515
0.0955788913480658531
0.115129025608972646
0.103927900565549736
0.0784411081716944181
0.121798744877938431
0.114333211025382742
0.147030421739231948
0.0854973457704504142
0.117001717718162965
0.0865159206523780783
0.0978491147890610535
0.129012255953443428
0.110879672302459903
0.113275243951804508
0.120384178086440571
0.109571774146619699
0.063726996670533706
0.106893001707895452
0.125404590186321829
0.0785103570625806657
0.128731746385388951
0.132876624549719435
0.131612222372635812
0.0771715501326507153
0.099642993368639507
0.123288056830482287
0.105629974253266867
0.0762635688274529155
0.08303657822758434
0.133870985684456545
0.107439896938048937
0.106514086202744676
0.0925692643150761024
0.126894371779626813
0.135105801632231987
0.0956297201805452746
0.108100012263510362
0.0853904944207891925
0.0863282483361566405
0.121870956213783826
0.108677417769816126
0.0869968925458069198
0.108309270832091825
0.0967474311583523955
0.118220191995412574
0.122338917528978547
0.127906065298696914
0.120006066155746147
0.0980909802064550695
0.120668444580185288
0.142115609507707685
0.110400096221600588
0.12728398768081764
0.11496153612666006
0.134305738802791896
0.13352798897232987
0.100999136985489693
0.120804129003712374
0.127144587652442326
0.123835005227724254
0.0790868086338107346
0.134978496439298629
0.124488226720067624
0.0971607633015452027
0.139397335434113229
0.0671077641087257371
0.110365019342007639
0.126955826558269286
0.129751491844726063
0.108359196665249152
0.117408052915060679
0.105897633138899522
0.117488708317669527
0.124890772279468265
0.105695560657341037
0.0817595594235381168
0.128091316970602859
0.131488822692896051
0.115045524622704648
0.12437583586166101
0.136996070108378998
0.100313925901609702
0.113958071475643186
0.117139394934689861
0.156252180084173076
0.10183432245102178
0.161835221581747485
0.061249966610202794
0.119597357660782042
0.104394441252926712
0.11703337656843768
0.0751930386684939722
0.0970835657007884933
0.110125486455272203
0.0896102083624617518
0.0797717236990014289
0.123734696124677274
0.0849433404269715198
0.0996661238627325474
0.128480389015549035
0.115703604811139768
0.0868484563876837923
0.116184038728565864
0.0747310481867630161
0.0830054323673322103
0.10676317488829544
0.10134595036450722
0.156654632621177542
0.127760157789455625
0.0938210359072176037
0.115134462685807445
0.149419090280766748
0.0727249962404425965
0.0950420911697168747
0.109827460318966716
0.0881411583274491761
0.0740777543020105372
0.112195836959478878
0.0707862945694229251
0.115943688032826009
0.126091343217111296
0.0913112078345192091
0.0904796385963370642
0.13676752965120495
0.102762207125933064
0.119636995149446271
0.114263177592808504
0.134526380782103744
0.122726831784205931
0.0918424194920627185
0.100102895803377084
0.0970948554387104645
0.130486534414814254
0.102234124974683607
0.145755739264654738
0.126961906247869571
0.0847202746261122019
0.135820573203092432
0.0818699057100455985
0.115119098491027361
0.0925309051003865846
0.126699579713567101
0.106072800193463379
0.0893908852451883451
0.0992867022104517716
0.0911957710087918094
0.0973294759197661508
0.10135366379433991
0.0866133582601684993
0.134078316157695138
0.0788663488454657696
0.108868058000397755
0.110262234526255387
0.109991400189415389
0.120080992187134
0.0890722173413530799
0.103073726710554286
0.136245981926026744
0.0634168902405063406
0.107421822685925303
0.0916420477485118817
0.114795577317671441
0.12489959217932918
0.102777792005600055
0.106128897510073456
0.132611623404620238
0.0706820620594373894
0.102717906270361731
0.0977361956590233893
0.0549995677438946881
0.130008971183093958
0.137791619443774244
0.147809823678466845
0.082237991193205337
0.109029297841622366
0.108679062778236551
0.0905429620018467773
0.116469459087680111
0.100834645216174551
0.10341609545151631
0.122188330300038839
0.129441985746900495
0.11907185504056271
0.0557160533553578211
0.120030160324930663
0.142824041389018885
0.129076651845471846
0.0832463673542548216
0.109385307696476475
0.0974495298586139369
0.103957883038312077
0.0915377890270506478
0.101650961013805038
0.137743095720854608
0.165817220432613904
0.094399104966038247
0.112940176729708713
0.117298592315599068
0.0724592548126566233
0.120535042740020595
0.105685577777716089
0.0977209516109557447
0.101261775727941442
0.101299954546449578
0.12192574351754476
0.100593361545247117
0.0859602926520131594
0.117347941158176136
0.114149150756016518
0.0968785866940821
0.101856293685962176
0.110813909173755651
0.110891271270554662
0.0963895646647042054
0.0702028412121185608
0.0950393435505254153
0.123265281592708942
0.125023370928061484
0.110100087418011791
0.0892439649702782556
0.120603709907641174
0.0901791261301755631
0.11195019904108279
0.110997860958717498
0.104039159517329602
0.0958948193196160342
0.101295374095402582
0.127786148989406628
0.111948510602835449
0.129847435910352138
0.122248707650388214
0.092670621430275768
0.102976040836067054
0.0825360890716306528
0.126060437683795767
0.109043586140305238
0.0752495600998850378
0.0898339177045120313
0.114535211643330248
0.148057071154890224
0.116374151925384223
0.117961266762612427
0.0930162160704792879
0.123939036721416498
0.083176925083214337
0.117729502217148174
0.111967116791483884
0.0525394916120793323
0.132837697282402661
0.146492117494977231
0.12643498764424127
0.091588737785656224
0.120889825628250097
0.137803660654210014
0.0691458011405741424
0.0941683679932607126
0.0912020344268309469
0.141552191753823664
0.119690828887731582
0.0793677652611402829
0.0911715239724955745
0.108637972768223581
0.106728641253231657
0.0934982563784905463
0.108759871206320816
0.134981336035698257
0.0927456531901458686
0.105804763898898979
0.103618882998705975
0.0862154739280601157
0.079013021981686804
0.134008342476150788
0.107492745000406828
0.0961392730898357056
0.120797766871999918
0.14337085330433591
0.0968269464481048697
0.0939177193941041488
0.135012266927768104
0.0947006193468151736
0.129772451500544228
0.0856682197896206366
0.117314544447488844
0.104010215087081401
0.0838422393214656447
0.0922176602411601681
0.126599115761834941
0.122963538006859802
0.103615383198334937
0.103608682401120547
0.129486302830813471
0.118120833417843088
0.115297174366267519
0.0643637116917218782
0.070167082404840736
0.105623402428260016
0.093315708660033525
0.0880778002418919348
0.0896746423574967255
0.127603253295785202
0.0822654524979373747
0.0944817830321533075
0.119942359972289705
0.111378221078469675
0.0946938570803785712
0.066830444478429063
0.139342734473754087
0.12128671287001129
0.0913898859135532787
0.061403224623604348
0.117126021222864793
0.134855519052443806
0.0890836205414311522
0.103361539579536546
0.106112926953455547
0.106603478193745119
0.0800007508791798633
0.0814023047188727894
0.0662911847819531719
0.0847023320934553736
0.103012000794286351
0.11717444940418259
0.0927689314113462893
0.116817194081865361
0.0981225230674646343
0.162733787769044291
0.104866352085087849
0.0867207284686534879
0.089376361948963215
0.0911519949256720252
0.079722705163403948
0.126314603594354979
0.125310742319235779
0.0720592327589060361
0.12959788494223301
0.110514306362614431
0.119574664934536209
0.0838960259611624126
0.0909282694472562797
0.0932640381764429788
0.112771089128103394
0.115605800159939209
0.108275441286268592
0.0792715030297551915
0.0999841309186142863
0.097227393044219193
0.122593849198178492
0.0896112894942058674
0.0912257204176139119
0.12912719159784497
0.133790870389652511
0.109497624735542934
0.13613246126060688
0.104627976238292869
0.0614326904370008295
0.0902520117105275604
0.0919531020082341721
0.0982516709900427831
0.0889820739639709118
0.118923270577828338
0.110859695446157633
0.102726386732142141
0.112896945306837096
0.105553717163014482
0.0862223081689811044
0.115954439969876116
0.111447583247594878
0.0919018084848314543
0.116083320791476
0.0821290924703265285
0.0992731445930448292
0.114500288474134376
0.0525157218293284891
0.0821413195456408562
0.0966705961107314909
0.106222981771666183
0.112322786493085955
0.116338537751226198
0.101888236566376536
0.112891236741593542
0.128204401469812879
0.0943064192864052769
0.125637477265864522
0.076794539926883662
0.104930689830126406
0.127813198561094049
0.10169484665486396
0.0879001268719117462
0.116582650974324312
0.0768290743414611482
0.126587682025920883
0.110787738383856388
0.0627004267579042845
0.108241301692439215
0.0905786244666759582
0.0957082984608581683
0.121902087195626466
0.118037615315756378
0.0805650629254565098
0.0949024055072599376
0.0480821073548109712
0.0823280165374754291
0.0931379853641242372
0.111397778841510336
0.119999201635458561
0.0956768225171749642
0.126169041695937734
0.132641371878511716
0.0996866703309051416
0.0882947551119503266
0.11336620653072163
0.115541547458081623
0.0598707830181061662
0.0915162253116406088
0.116598307843684329
0.0747978334657339178
0.115166535287404698
0.113328528979706675
0.0690885026634381061
0.0770925375288482595
0.0936235427639035833
0.0987667753225055511
0.0684690430338437961
0.0775369067298141285
0.0781779424654938382
0.0912453661337949418
0.0705104302071167532
0.0848586476850288762
0.103548042334127011
0.117246967241051644
0.118556748092484412
0.0792626152944227169
0.0897563042805993028
0.0537843428076790128
0.136162790765081948
0.10811656690538618
0.126148232838553975
0.0504442840305235549
0.104772406237316665
0.1165818044664826
0.114999569166271187
0.143085199678265884
0.124665787173438319
0.0963609329393775443
0.0970808699481071902
0.128334169344276744
0.13342672062641886
0.0945966108460694899
0.0803445571119579677
0.0647245244820033316
0.0994317156936808666
0.0983307584404446711
0.0997998025729068261
0.0701254763540768156
0.0807870189562639729
0.0991388420567964473
0.0950572089435773315
0.0757655909423181756
0.0658195808241393426
0.0794185839726809645
0.105604322147758264
0.0774986804399384055
0.100914719300317965
0.0865991966749604519
0.0917228468312994982
0.0673559293315659502
0.111779569771732756
0.0929865049128407173
0.075389506346424745
0.124405847331373623
0.0985396870020759236
0.101451171824539027
0.0829194114107202479
0.0903310982899273723
0.0650412997605634979
0.117322177619346588
0.0968979406178465674
0.0982664498531685277
0.111421921463268583
0.125226360283529986
0.0865991283109733279
0.0962889971851475096
0.0901285174488625496
0.0978585821627928898
0.11634704610808054
0.109378870841672152
0.165011149444188293
0.118891463253727792
0.117843925274715822
0.0785342686955495667
0.149114128068118051
0.100920150667811334
0.110287082055440799
0.135597413706100234
0.10553571258094567
0.0870137198406289308
0.105718270358182181
0.144947356372431613
0.0482112855300810064
0.0855097294325498775
0.0551495040574400894
0.108093528125696683
0.0567779840507376884
0.100556612272921286
0.0858368438155636126
0.122716603648438977
0.0812130539738226548
0.095543036661925082
0.127630258560149118
0.0675587333689910974
0.117142513440237253
0.0937924109698640429
0.0902576491937847475
0.110552127437363132
0.10570146228922303
0.0793361193310296031
0.123221626301660309
0.144088979485296226
0.111047390900026161
0.0714849313763642191
0.116814255928012131
0.0654580243654084848
0.103365094078400249
0.118663865644830793
0.0760509373099207547
0.0973816036798749451
0.0973537237742078954
0.114960574632149953
0.122050357188700179
0.113896615655851685
0.103413575959966988
0.0930166541096057037
0.105800569597208724
0.106482282360556693
0.111105227663141737
0.0584812777374645529
0.096408441479998358
0.0931614340752919545
0.0832470419136211032
0.0929880247307103142
0.0678788649169422692
0.0662556818646666545
0.0957405926537248514
0.0895158642465287285
0.0866951346325512545
0.0808796643312958419
0.0946189180333577018
0.106891095882922477
0.122054928176722199
0.0958929865905921303
0.0836904723602443223
0.0735331573064388344
0.0976576710122890601
0.103845095266003787
0.0409243928796335366
0.0978021564383481645
0.0973405630954385231
0.100494141766361775
0.111235877779425368
0.10050432878053131
0.10890791544398884
0.0867681365910111385
0.072460029876242768
0.0753975443510209176
0.104612078842030262
0.112957263879814543
0.0906816556726862677
0.0837220301528131539
0.110831720407540496
0.0856936734446815257
0.0819845162058188137
0.0806500030716817973
0.0822829281653609801
0.0711627365180188959
0.104405855357767252
0.109248866504214823
0.0669364163084165409
0.129669476557160435
0.0991803770518321914
0.0865593167526554075
0.0760725271447874329
0.0686479503347840608
0.0797611675281140325
0.0941171367722399566
0.0862630916211701154
0.128836713214489529
0.0610195269722278999
0.0625056427965497985
0.0912470525361917667
0.079630319348759207
0.0761023241333069755
0.0694889301240203816
0.0788592146901528207
0.107952790040668142
0.124827711124020024
0.0529964999151173177
0.0911770532859621508
0.0596902340121698294
0.0816911427156238046
0.0861885238492594852
0.0713584189013142522
0.0310586579747094693
0.0881241835591568962
0.094211091026080121
0.126135745355902884
0.0950788562176072827
0.116946053351454471
0.0782164166948608741
0.0746397145063322914
0.0932714519021817789
0.0816685383189467845
0.0946469366736145956
0.0619660630625469555
0.0767223646595764225
0.072728429251697993
0.100154478536689046
0.0774306145653127498
0.0857997128841674062
0.115230422436960411
0.0439210942655361772
0.069718528332303506
0.10623595102843629
0.0833635184813828756
0.0925996813679273584
0.107458362550582706
0.109914106045477911
0.101534740411287572
0.052367826183382378
0.116622409409993216
0.0848329092963661519
0.0991992685945923824
0.0774593804759575594
0.0825079732110921005
0.0950889888629568303
0.108109914028479651
0.0774931041351647615
0.114888150376831269
0.110079889616259585
0.10401662405282415
0.0784521065019169045
0.0952053140177826079
0.110863533269907624
0.0785381067698956298
0.0771227893819439597
0.0902732353901475326
0.0820530022265416187
0.1062337028737739
0.0899494764649017009
0.112806868578280137
0.0952120318366831003
0.0879507016736414127
0.050221300337480089
0.0833378167688874349
0.0731307856453396743
0.102515850548045712
0.0778791342407146592
0.0978407960894406847
0.0970114842492271617
0.109792909941164252
0.103065838476864555
0.0895865714844155531
0.0990943872043222457
0.0628167765846461279
0.0947014279579364293
0.0853376983944148931
0.054898809602471059
0.0771714489104893819
0.0727345442226623451
0.0940730361891589234
0.0635530001507386005
0.0809746128057548115
0.101968258084509406
0.115159924638557842
0.074740512274290849
0.0852195230314677227
0.0667785552522230652
0.113856891523724149
0.097104329571669229
0.0810101563854750267
0.0879717010605249039
0.0817898894431220158
0.075620028453487656
0.07420114016066022
0.122746109962319883
0.102277278521734002
0.108290623904173697
0.0671863790061324323
0.0803980284645041537
0.102368490336672224
0.0597504602737280732
0.109235390990254588
0.0763275688431976351
0.0971052877974626361
0.0584951838520502282
0.0548491236137448948
0.0686343002115781253
0.0738995108657451993
0.079885472943263619
0.0994074394166239717
0.0695886551162888667
0.110774757049079145
0.0511574460158116251
0.0556996541232456857
0.0899527464742493205
0.0773082629710718089
0.107719296059508224
0.107147330549000275
0.080318536494867393
0.0735218912623166049
0.092480394473721042
0.0976131254903864626
0.108716556410565254
0.127736240392699679
0.0980381848230928721
0.0736149820197108395
0.0850984429829064887
0.0997329814476280718
0.0643416555242505017
0.101082552972945314
0.134474531813130294
0.082639910024569399
0.0914692164986797424
0.0960229210353934076
0.0689088768793803541
0.0801472055547881729
0.079190327623324841
0.0676518378520636898
0.0884219481586066003
0.0735216260883776312
0.0571062937904639606
0.139231428310859828
0.0938919481500705144
0.106717329707025826
0.109677327975885072
0.0882413598336872912
0.124684727226366102
0.101152702181106002
0.0965245719146260728
0.064331188165113018
0.0751042704444243314
0.0769192139718273965
0.0599138299068486743
0.0679429047375086081
0.0966405291590830273
0.106413268126243216
0.0709366478654781946
0.119514232242212956
0.100417138622691415
0.0663697404296829663
0.0845057488954919084
0.0903120742120843423
0.0858793600782375294
0.0835292373774886437
0.0729371621466014114
0.0876348263323209892
0.0893764962242606237
0.0834709812164470266
0.0472900984099896074
0.0615027956048532984
0.0835902541823291129
0.0652964237855128971
0.108369682155122576
0.0677414795457613461
0.0892974005721130226
0.0971065166291928267
0.0791106739009801441
0.0920274806928541717
0.0898991166921707524
0.0856659222362074618
0.0580167552473536824
0.110169054325539806
0.0838944362383361036
0.0685860254484207399
0.0803280499943148096
0.0682212885700659438
0.103157126701866553
0.115802646268906462
0.0569264970494242559
0.0577290348632623768
0.0755769821058849961
0.0773952111033551354
0.0879081547561029186
0.0540107202754814275
0.111079694508467386
0.137209064770388578
0.108356183643818091
0.11219600003601525
0.0927274417007977192
0.0836746377871318558
0.0818834969686377812
0.110089852026104537
0.0668558654496251431
0.07551112999785696
0.131451376029895206
0.0473983043711726781
0.0937115477887898729
0.0753242302387953921
0.0587209284010688295
0.0534265718985556387
0.0397041295182955292
0.0898576836442257221
0.0680246966185993202
0.0659182618033484491
0.11058927348782685
0.0946706820601225657
0.0736296045284924594
0.0828116361427393005
0.0858493120596514753
0.0992363714879261199
0.0949910940359541267
0.089113962516556719
0.123727194084532116
0.0792863016950527827
0.0883691594728887447
0.0633193220448222266
0.09213138931768311
0.0920229064678509817
0.0578377938394937022
0.0899948202557961374
0.0803057168171204816
0.0954904201093965121
0.0629814871841331003
0.0966479052708824199
0.0761819513850386931
0.0511766811056648951
0.0823097453536684037
0.0872436742504106161
0.106880330192749548
0.0465399485118725975
0.0637997165162748625
0.082221263399911676
0.10063637772283017
0.074135487895334834
0.0937196351230251412
0.111116028190844429
0.0932802386601821604
0.1014493306648558
0.102376846872738805
0.0592915695626223607
0.0886267545242245824
0.0826534301679485717
0.0741589457660549317
0.0948015029172665641
0.084185945267379117
0.101531498201895234
0.133034356260130521
0.057310100071834888
0.0935664293616835785
0.0722573946981366899
0.0900871356071796803
0.0849189109505825851
0.0792826713780255543
0.0446807918990149086
0.0813697201783885604
0.0699556012359782292
0.0815828230339098459
0.095729427867632666
0.0999892522006167184
0.0800172900938992543
0.114541427041048402
0.0895703689045979218
0.107659913779807909
0.071010241752790984
0.0956815082706686942
0.0590884024110810285
0.050088761501556868
0.0786067451394249217
0.0842045690458793072
0.106108780541887812
0.0778117576137966477
0.0588379871748556521
0.0983743800429395382
0.0919437704760020236
0.0785980201934145806
0.0724548386039480241
0.0553371542891814699
0.0975593415028922911
0.0540851368583300934
0.0765343935579000378
0.0915177451645122486
0.0872516405697586622
0.0998024088387107905
0.098851373040054008
0.0794421146568670272
0.0670458452154567841
0.0913552560846176698
0.101233904918849926
0.0539794064553404396
0.117087059201303814
0.103034232018866467
0.0463290182717404006
0.0897861271080025586
0.0872472683917860231
0.0506494063648745343
0.0995944514263755881
0.113432938151002055
0.0835555119218232556
0.0626584488288404046
0.0929112952411531856
0.065575688601136134
0.0840148649307749518
0.0654997705046075351
0.0598019481678439963
0.0675280219100335838
0.0924057713838604688
0.0986195438659641654
0.0765006782106421312
0.0858515368937771833
0.0827899739926611644
0.0998539631295842778
0.085904172747951868
0.0718795000500721537
0.0816177214010266883
0.0894438663933240508
0.0791676620680672183
0.0636738396927502281
0.092019647873941679
0.0927864525495300518
0.0643216856377808732
0.0630630510757020923
0.0653552489791160568
0.0680672332727223633
0.0735242257498325696
0.0750112556872170044
0.0999149174441555377
0.0938919663935789683
0.040869112125627341
0.0651551824703876514
0.0676024572011699187
0.079224112634314503
0.0724400327240699443
0.0550385028315142286
0.063245825953890944
0.0618532017103247123
0.0585829351683879729
0.0688262499552141777
0.0981417210387134503
0.0599826625709348332
0.0948103085207170349
0.0429729777685732631
0.0728147789904729226
0.101179634244878774
0.0793687029519623555
0.0599929589320241513
0.0633362802218425947
0.0887014322500233598
0.0832226707992952258
0.122173867400762415
0.0670328078657002474
0.0664525116148340506
0.117960895557088524
0.0885293208261619113
0.0855677459624542419
0.0794979194292026042
0.0403002837472326639
0.0537639806629324687
0.0839118149156201365
0.0564568815676458335
0.0858633538333859192
0.0613960543372154902
0.065676600436790758
0.088428501886127317
0.0543135993320999558
0.0643439538606670192
0.0934436990008458007
0.0549606437683996252
0.0891624451543583108
0.0967745777373785893
0.0745507399795083681
0.060079629123979246
0.0803198007215052828
0.0873673525853509297
0.0718171156570064917
0.158835207419540075
0.0902691480937954788
0.115808429189192097
0.113583185426600147
0.0716183185389156207
0.0525366297366493401
0.0681253766795494181
0.0793475483154384709
0.0660240670713375388
0.0953804442432056865
0.0741560839579676473
0.0775175184960994884
0.100668367319955349
0.101840273754224109
0.109048989738979085
0.0393548437946307852
0.0364858453191081109
0.0718360018010322926
0.085470338378151392
0.0751858045331480623
0.129013763171763746
0.059576279503096144
0.0389279792054018497
0.0725752982696183657
0.100679420654757892
0.0964870761676431127
0.0481739991083683997
0.0863007309971504932
0.112764886257208735
0.0808893623804917
0.0721834061482464762
0.0708729948743742622
0.0705549462047506959
0.0798572431505777808
0.0926320405656974322
0.0957112367256428981
0.0971835596206329227
0.0645629674514487106
0.0879468475062396976
0.0660345963381177015
0.0839451603328933288
0.1249800148203732
0.120861644318862899
0.0684730681248958695
0.0825640501758925643
0.0799036023236840143
0.0657506964726705806
0.0318138015268728883
0.0889465070535446767
0.0508346657407194522
0.0749626411214796978
0.0463510675274686618
0.0768829487161878239
0.0724624796265634363
0.0707454354867460555
0.0939606779304189427
0.0524051211417696783
0.0474836892180522177
0.0891142447455997022
0.0629715968691288985
0.0486093837781438748
0.0915496117320583475
0.0638092743254907585
0.0867579384252452901
0.0807811162107659048
0.0774259362600027146
0.085928294833909763
0.097778666097882716
0.0514504005994941699
0.077622764657544141
0.0364835265523909477
0.0543341215373521064
0.0596494993738550389
0.105103294565864244
0.0782460945249184719
0.0830047622636237159
0.0659954684237399336
0.0967519407073896553
0.0795563068065160417
0.0825428702192981256
0.0828056309909569466
0.0621005255724441929
0.0862456217506301775
0.0338529581315031788
0.0788287735399620104
0.0694772568389865341
0.0757162663341194447
0.063752600680772778
0.0951450211354699649
0.0389048816212183846
0.0654063867207219374
0.0772675839382907376
0.0852501518578102635
0.0823171453424809407
0.0680240634266658373
0.0711414964983017317
0.0858318284751806854
0.0786997333847368752
0.0693114026293905061
0.0648429984791357716
0.112216203824230698
0.0754361226459105694
0.112022365463532794
0.0909607325971345665
0.0704494625238934608
0.0924496488432127173
0.0747840651022544795
0.060331925050701278
0.0942775414776468312
0.0574834702018861138
0.0958745166702774376
0.0903964695702541565
0.073763378569483104
0.0647901062400703387
0.111012865244814518
0.0340649270826762635
0.110585240156448467
0.0547623718101789975
0.0696735104130850463
0.107131758579432038
0.103030845432375506
0.0508028146113040646
0.0823858824300403719
0.049344426540567185
0.0850740280252872405
0.0992826703029373037
0.0854290764818884107
0.106622420576907545
0.0299230980195907409
0.0607219234674226949
0.106334196256177599
0.085881999232720968
0.0699590681293500022
0.0797010219012032201
0.0895082852291364667
0.0980427444301312373
0.066699433162905275
0.0635686719971974568
0.0944647053862344155
0.0843225177905064655
0.0883231058868992891
0.0622804742839314779
0.0675913692438875752
0.0757958679823613063
0.0946488787052089386
0.0608060868952149391
0.0876799888863442067
0.0925691786884453444
0.0653011192091691589
0.0568558068877928063
0.0679998323216686462
0.0569424467870822196
0.0414026529765639736
0.0710644054960685861
0.0544953027153202152
0.0349024163501630083
0.136245783642285789
0.0749832232357123124
0.0797824756758438308
0.0779652249685020421
0.0817261510020789728
0.0847021035504507691
0.0650603656338847036
0.0946234700170383164
0.0907974533186116373
0.0884341219565160375
0.0600394483589100358
0.112619663060017083
0.10158263115134912
0.0630777130799665825
0.0802598151757181882
0.0773509558721779955
0.114089535841137193
0.0573991497256027272
0.101630267422102488
0.0743995520794951543
0.105063643059986306
0.0904609933552630585
0.0604304358449426135
0.0973398539682305969
0.0754594771266789421
0.0649469874607977588
0.0951025020357462447
0.0854972897422870137
0.0979297678671310068
0.113020876882680477
0.0710758816697337203
0.0476544667617274792
0.0355830561614282337
0.0541403062563714232
0.0553135342395448815
0.0892817959068955697
0.0446144630595182584
0.0687154722036208004
0.0678111484235865564
0.0523856854381959808
0.0755851471670282993
0.093765567445919254
0.0966815179761816162
0.0655951098368270646
0.0789923659887269286
0.0446879565943800322
0.0586497334277811186
0.0783142310158103372
0.0549878834899240609
0.0744092986977321763
0.0785506152543869463
0.0855075994220941132
0.062850319395312812
0.0861571581670285969
0.0802081011307809177
0.0830628621021953228
0.0469585377713341023
0.0540832487659329772
0.0706222307723976955
0.101423782037312102
0.0957552284924620967
0.0598360022353856477
0.0766373081588274246
0.0582099253373860731
0.0544253099821019257
0.0693672925238468102
0.0995397446640337025
0.0692326919789359868
0.112616417867644786
0.0372588089453321156
0.0615142287887933334
0.0752170228536936936
0.0663024542016397017
0.0777200538026125015
0.0845710754824149369
0.0869370657154154014
0.103429079406263461
0.0710225221375256899
0.0456739210437530699
0.0543738416464967372
0.0861732399188955833
0.0674723430143347458
0.0351404845856674378
0.0468011186118204026
0.0580315777309130393
0.0639437043772336511
0.100792784321345225
0.0799410808487973218
0.0706554165246469357
0.0609475821904793477
0.0651397023239194128
0.0583313499304725716
0.0594181231205090227
0.0793872213175983166
0.0845914795467509334
0.110590336130292163
0.0932404252780767717
0.0905569943408649769
0.0679489799230276331
0.0790565870150362338
0.0614165670681524195
0.0831107273661846474
0.0771973527240773644
0.0760737833666867702
0.0719191435631434256
0.0618821594507167547
0.0775299258228299287
0.0760678240282923052
0.0789139080101258356
0.0521225056302898546
0.0802451037986299243
0.0580312878589880621
0.0704142781199242063
0.0852088750048567573
0.0624371701886669642
0.0849105841672743028
0.0578865711161986526
0.0957830250031772301
0.0895096445728227053
0.063538851789970402
0.0595148431690214197
0.0551132933558062948
0.072436776508682979
0.0810262483968616221
0.070175596709949481
0.0646463876661889231
0.0513321657973875856
0.0616382351817380617
0.0564986696041485867
0.0866122670215611623
0.084242479099383219
0.0753722389725758474
0.0779423453128341159
0.10762769574308266
0.0592574632546653268
0.0606595414712678693
0.0471442106101316594
0.0656344809526522854
0.0506589228817007908
0.0494211841256645273
0.0229989398870855816
0.0812062829779916229
0.0906842569522945119
0.072518737906783648
0.0626219798623506851
0.0580127777622122948
0.081393275030610307
0.0346128063099678945
0.0727120308449184793
0.0380180900092709148
0.0799093578148547118
0.0627425249603447283
0.0676895689109668769
0.101658700372025318
0.0727293172773087887
0.0644360718448860476
0.0781899210036975378
0.0849960748280440548
0.0696055130790881604
0.0821934948817835687
0.0286596946686097087
0.0922761449706115261
0.0951246930782939232
0.0966831284223305804
0.0377461750404820134
0.0430467766790030154
0.0576566356446783779
0.0541783569490147526
0.0584748769587911804
0.0424264081217121947
0.0580592445482213462
0.0627143672951483433
0.0612265219787017784
0.0640793072083126747
0.0696726002340537498
0.0778545981598978559
0.0854199141895004566
0.057991872747908485
0.0600826512697524295
0.0698461335336803407
0.0768877546326022093
0.0736162488231387607
0.0426367024967109487
0.0788740762008186547
0.0546446190334012941
0.0359042573846893656
0.114359737525222077
0.0625540820026859595
0.0719363502449987119
0.0575246348196051874
0.0663981679730175911
0.079760939058388089
0.073498874280968296
0.051596710596170707
0.0781234608690944549
0.0914506569538084124
0.0614336358665628635
0.0266949322192467434
0.0572107295115457243
0.0562518094964253798
0.0652085665415289284
0.06985163970471156
0.0821310621097924576
0.0853571424708666482
0.0908199299118951503
0.0626635484008877808
0.0666215112994671538
0.0743427412183014918
0.0743829558654280076
0.0515687825947765827
0.0912305099634240224
0.0515654693473561743
0.0339566914817896262
0.0649663233372982374
0.015159455331549096
0.0472913896881858309
0.0640274685260906751
0.0507918223673153868
0.0810781609317608454
0.0600646436875666573
0.0522214794004867977
0.0742865323414665935
0.045452073680153901
0.0526406638646500849
0.0864551783574857291
0.095021547006277865
0.0834193435895182883
0.09206406465144365
0.0565784679688978928
0.0507214022874557594
0.0481357808093129669
0.0725507109324183136
0.0784644345001550975
0.0577082010579214946
0.0303003076778030345
0.041593117517257118
0.0680321085422815608
0.0534790839937986304
0.0739079432838909006
0.034599669716606947
0.0710215801936940061
0.035333237953855165
0.0548336776356745242
0.0783464410098067554
0.0444871804047388825
0.0656365604806138786
0.0762905173800390024
0.0179895714986406524
0.0651730603504914047
0.114408738156590001
0.0515353508492785647
0.0419370349048162963
0.0692229153459670149
0.0722555839845425707
0.104724838470988096
0.0444073076641398612
0.0598975486142177202
0.0706595736343172132
0.0546663404640894621
0.0779177125216246463
0.0928106222289634269
0.062392347268995535
0.074072110573742786
0.0530991283869687164
0.0609397800330258588
0.0772907589798680211
0.0982644060895460081
0.0759618619247351134
0.0855839348709741543
0.0860927832594158143
0.0845488069362817091
0.0717213601442514559
0.02930518045516535
0.0474414642478215021
0.0883772051962559702
0.0473982546134021077
0.0751137907093497176
0.0834907468391795221
0.060707968941294127
0.0672502471896292697
0.0730775136159991789
0.0370186926408987427
0.0688108168721184577
0.0779118446663718545
0.0851930725168930647
0.0616366324330324886
0.0764929569789658814
0.07361543909273284
0.0881920663908015295
0.0919493862312144861
0.070989329419933217
0.0530442027227474577
0.0628363980012587864
0.0736322030794658994
0.0569505891650414625
0.050427420420270673
0.0534736982040188227
0.0618493782490116412
0.118381739976464367
0.0599083734986062058
0.0521157087370330008
0.0341019489990802976
0.0251161280472268142
0.0629833183102669891
0.0640861746172479568
0.0976190878159222536
0.05385568984170757
0.0739963359375993418
0.0621890910064940988
0.0721756936161020435
0.102486335864426181
0.0451944702845368668
0.0230424257013902845
0.0282816682163837055
0.0797476117520866112
0.060941640910165587
0.0656408067879149931
0.0620608472531874455
0.0825686526799878084
0.0380009221238845341
0.0545615583542680138
0.0849851396865115571
0.0932173130418746387
0.0698345221965905316
0.0410598724296789841
0.0458500442692823112
0.0480018430866850088
0.0134543433962565767
0.0696140866557257987
0.0320817699192289946
0.0411269933366338047
0.0931885369271955311
0.0284332107228167028
0.0836504157994698294
0.0408397776096160459
0.120144043509516019
0.0579271607613744549
0.0823380353977832408
0.0365937716540985503
0.0666871983659698547
0.0773290192842680107
0.0712661650431956478
0.0702387050812383062
0.0515183916115822885
0.0597427409444699076
0.101319677841563593
0.0906790119060724292
0.0822396331793468494
0.0555281578759910591
0.0406786246746165189
0.0510132366471643117
0.0660528007673991252
0.0710284661440841736
0.113240630283863802
0.0554959715928655672
0.0517019985098967072
0.0769425236442355387
0.0547148652196333546
0.114503646451378838
0.0744566411355784274
0.101169270922777388
0.0636252894414737202
0.0927534628287171869
0.0441934208014888447
0.0570556202056764147
0.057385494703864115
0.0483968582724780411
0.0848644095960844891
0.046470796143982189
0.0857527137116136928
0.0736651976514711149
0.0814057981676916259
0.0583838865949925512
0.0334147943221950877
0.0363086390277889692
0.00622877523004381622
0.0772602360601852695
0.100623660516640706
0.0615562898376071088
0.0923503597445276408
0.0628120939148853197
0.0444672610351894981
0.0687083194069278147
0.0816332046446290038
0.0530123125738331605
0.0313071928783406339
0.065193187519592688
0.0217652349423105088
0.0582618214411114027
0.0342566295735680648
0.0913534799432782763
0.0834918098020029087
0.077587619155529336
0.0312414838388745397
0.094242340569143157
0.0581821937543614345
0.0509220449100955957
0.0617826725084676398
0.0772778585972736382
0.127189239611356308
0.0621375663714106366
0.0724664918556874316
0.0544466388752518626
0.0672750942405941493
0.0651175979517868431
0.0329402073006770657
0.0666231525172415601
0.0560749518632804866
0.0653696733541062475
0.051617264663646821
0.060228846757164195
0.107780184846466093
0.0610355534904135147
0.119436602754965218
0.0180059695195449107
0.0899224970411403174
0.0869992123143120549
0.0801935205744293
0.0930001286456511311
0.0592793787865093375
0.0793488235042977275
0.0244430736655611644
0.0777636175492481818
0.0837660669854118634
0.0748781914109008379
0.0924004411827128447
0.0893014772718914163
0.0695717848716488618
0.0522805198868403972
0.0571253685740293962
0.0730068766379732975
0.0609540212866627046
0.0403292793589428711
0.076471395529095168
0.0387289511461925973
0.0840907801471394434
0.0787510107893012457
0.0683820406140504544
0.0715664827884318344
0.0717660677146255699
0.0413769594262390072
0.0826350716234147964
0.0401697506400785498
0.071085282109691339
0.0633403547517822352
0.0790979252920060716
0.0377633163942468625
0.0638615895908040548
0.0524046381648685042
0.0693084926644383509
0.0415952337024304286
0.0553371562924110313
0.0888580751162514615
0.0472830146811987762
0.0549743344803480111
0.0417838231714800501
0.104089542179699096
0.0662370850465230504
0.0414949073280895392
0.0708615970946135654
0.0780941939426576942
0.0621867901817110408
0.0450836009427381945
0.104363442530353318
0.0611318528951673504
0.0771231976478668896
0.04443602304430877
0.0584692018071476388
0.0451027431474432666
0.0730869480241273517
0.0818260661174771142
0.0807620446244130263
0.0351979741881055658
0.0699207610501455107
0.0802737008301061539
0.0513357639967780069
0.0847127748810029418
0.0446473805544168878
0.0882817509414406815
0.0549637047484968083
0.0543566824087524034
0.0629287078672696315
0.0653897541860402609
0.0831483952119063813
0.0763167939979712828
0.0412877874740523038
0.0794645495939232116
0.0705645958573597187
0.0307590609222227751
0.0585035481114093842
0.053263527144453697
0.0704209368691612742
0.0503073028276589812
0.0532847330456419771
0.0629315849318567572
0.0523541404538667154
0.0835478298385490398
0.0784717593640026079
0.0435241205463783726
0.0746508427857552614
0.0632400620116231188
0.0258812288586204031
0.0392170347456669427
0.0452647475931310037
0.0778516017346886774
0.0188362093169546566
0.0844983843373092181
0.0761094396141900609
0.0450963220161003792
0.0365152751691342065
0.0185609546468862296
0.0663014052102124107
0.0895757403094981919
0.0347658330052807857
0.0433039533042689634
0.0422070887036540832
0.0409921066066284562
0.0515983048945978726
0.0759436311532653424
0.0716187081677613913
0.0750087100530969497
0.087450818969019628
0.099855953344540449
0.0604831798864910175
0.0379811098397893482
0.0577333875573447231
0.0522197856553990383
0.0365144482575326113
0.0222769504374673785
0.11144028959224847
0.0355190607140297571
0.0742110435781329902
0.0527306053764274515
0.0659148944959057903
0.0716302234144619993
0.0563533433527725267
0.0794324807263280808
0.0601666148734352271
0.0467766936985690024
0.0995247717034415946
0.0614669612288507375
0.0703243085873969803
0.0416709176754414129
0.0459857901450748327
0.0688249913799700991
0.0666143666433542114
0.069318071593392136
0.0761084961540530736
0.040344031048168652
0.0614640286245935405
0.0685227653719682334
0.0646953704312804856
0.0676627906906410864
0.0501398107062486359
0.0617305031845674854
0.0519771891358879815
0.0627881026987218566
0.057795606973914733
0.0637560891363620208
0.0679972682434826503
0.084646525612215362
0.0633304942274138666
0.0510994090348464991
0.0863034132049247116
0.0635509677796192302
0.0810686449041975454
0.0753354449106158897
0.029812286829316758
0.0836684332961442762
0.0586122619240634288
0.0382985057975286786
0.0902894989890710153
0.0990058407182237282
0.0734440225624062998
0.0640470704521260287
0.0901326160720839764
0.0714878617065894256
0.0603558311190399571
0.0511650168767657579
0.0574813650068979332
0.0548349099787398889
0.0211472600297322871
0.0551638207164782818
0.0898763574827396994
0.0721150433427632798
0.0514422427457621526
0.0529447521905603291
0.0574331204216395191
0.0172075970073717263
0.0662745965849641239
0.0345438023053376564
0.0558426825424850962
0.0345743554866329572
0.093085876141087126
0.0577397002395514322
0.0794504408761200487
0.0545688220430269461
0.0614793997406434464
0.0669647972413412312
0.0290986845825155528
0.0283739538081969681
0.0528209441609430036
0.0656627963011212762
0.0294482692314891083
0.0596416110649299544
0.0410771870618328594
0.0549323413896528126
0.115381343699160255
0.0556339213587763309
0.0780324941552537482
0.0782092045236517652
0.111836257854733168
0.0555076392052465881
0.0568610831208768361
0.098467007609968793
0.0385436641005826724
0.0910196081227259146
0.0532747643206018737
0.0460111295341605747
0.0421497307529898266
0.0562031276773805044
0.0839573678706790894
0.0771480125292198227
0.0636765297601771807
0.0630469166942933534
0.0504137577071465948
0.0294251379380592523
0.092288373156926895
0.0610931672095281833
0.0361702136466077045
0.0719728318927032734
0.0672433043431791694
0.0272597404594146046
0.0757498096241386726
0.0292091295525431331
0.0865338968292611865
0.0468383405036954248
0.0494544334357757964
0.041926539974935978
0.104650702267692172
0.0444701878819661334
0.0898332705317897717
0.0398081171079083945
0.0497538785395868349
0.0496229262399553867
0.049605232245862968
0.0558731617668710434
0.069317293053209883
0.0552342678202374093
0.0270272307782920482
0.0262875087123772902
0.0653739332496438563
0.0625823132028013734
0.0540419737836967048
0.0487118538012522723
0.041148768448918932
0.0719975662523196919
0.0894969654518039115
0.0444131837813692837
0.0440865069711503937
0.0432348151819866022
0.0524842396861968652
0.068810168567210922
0.069942063286968198
0.112790367142862807
0.0758558886257780646
0.0749572849204875047
0.0909370569577694909
0.0591778734876675025
0.0508185644017896954
0.0743654741441636957
0.0432562450526804421
0.0441137461476074633
0.0915583172693319319
0.0545403788755328758
0.0195246516626912253
0.0725572133515609702
0.0862339620453165395
0.0355071991427125533
0.077915409312554057
0.0510254380784282285
0.0395147853256525503
0.0733969945032266063
0.070589816890961235
0.0491608832143262189
0.0796848062475918884
0.0764945421027743155
0.0437243148275454491
0.0506919933381353022
0.0630612829682224846
0.0386652715426533816
0.0479970576669544527
0.100432693841147141
0.0719633002732945615
0.0855542797974340463
0.0517977036215684986
0.0794023382604994443
0.0718622934017970616
0.0454476347103756964
0.0647445089627010778
0.0863071960794299098
0.0610091867066584054
0.0718792432153861072
0.0677850374914348297
0.055944952872090746
0.0464321142457352135
0.047442954318369715
0.0729894307175721901
0.019307602415067647
0.0843652364552647804
0.0603634891945056956
0.0607221580170342126
0.0525469668625171485
0.014886966755481984
0.0605278685175101999
0.0411732072714383751
0.0634615898406602624
0.061204757184806495
0.061143494531121563
0.0730188016243864674
0.0318062523092987465
0.077038629265502534
0.0430513564340898047
0.0367687918148520559
0.0653563688781779173
0.0583602674110776029
0.0314088126546631097
0.074816252043869616
0.0719372151237785834
0.0747262070961687286
0.0703126489898368567
0.084061974251241442
0.0586279611980750626
0.0483622574253850385
0.0812152728328977558
0.0567000826367448571
0.0623279388452522634
0.0686289239550877533
0.0627031885208701734
0.0557066159595479421
0.0337718533740386309
0.0729114702542068699
0.0270625025187332773
0.0548584926920897276
0.0296343883924194557
0.052274399722457468
0.0565418818492599284
0.0472629137763408771
0.0964605578859231427
0.0465909161368077418
0.0572815335965438446
0.0354688128161369937
0.122791803938715749
0.0691595834715271751
0.0572764320165013233
0.0656106169632639097
0.0489671238054926738
0.0861035538571255643
0.0874851699853250592
0.0531189927009657822
0.0497388483620985269
0.0502513838502864282
0.0619888123929207835
0.0364924922077702468
0.062967645315384263
0.055954167139750946
0.00546694154875042304
0.0195716927326159695
0.042056817853818429
0.0540537570512259619
0.0568685051515276929
0.0686186195842894697
0.0404468978139313901
0.0375273143566653006
0.063940407585790407
0.0835050882576069825
0.0509195805783630023
0.0870016323726314766
0.0513138981496707725
0.0509274271149116053
0.0510511915177058392
0.0728725491155391147
0.0341385303674762164
0.06462367243384598
0.0808780944889332248
0.109320322283605609
0.0588760228248947429
0.0529313421184339841
0.0274766410742307114
0.0100001180696788344
0.0506250804476061078
0.0734532655482725977
0.0484345322789408658
0.0509181931989051012
0.0326901461428052847
0.0582941755211665788
0.0675644441550360131
0.0494487523280494612
0.0698718259047568513
0.0336383999242800408
0.0674574935808802539
0.028575751800085477
0.0831102423199924917
0.0333060389305955135
0.0432664457697225086
0.0406807625398279277
0.0534100786813849066
0.0418190416975375914
0.0549256510890282074
0.0460125200268637902
0.0143348386175598391
0.0956012724733223129
0.0697473290281013236
0.0603236956999555832
0.0741307673569837344
0.0561549519797211183
0.0539967991715156748
0.0415440298723985385
0.0442376886360272975
0.0692071083761712502
0.0553081806675392029
0.070819364050897754
0.0448715728591294466
0.0411270459572231906
0.0630770567051279624
0.0630761317543477029
0.0267493558325915988
0.0657002223775384198
0.0397757820625069397
0.0294266141677600249
0.0531068979810942129
0.0399070290065343114
0.0484189289496384928
0.0561214765067666252
0.10264070351605066
0.0472997768134131649
0.0422022540537147148
0.0435872608115895552
0.067481851478576993
0.0435536040055672993
0.0526839496209348529
0.0439396578431676954
0.0106150730635715465
0.057150474327207719
0.0794803784422648402
0.0366002537366697037
0.0827774320839435446
0.0522931828879714816
0.0316393221181750645
0.0493105456158982047
0.0552536873198970491
0.0705157939653161814
0.0407419379797337791
0.0193784407806414094
0.0515621750408924925
0.055970178045530769
0.0496242513282323106
0.0498092169981984717
0.0252129339793184214
0.0784806680948726687
0.0475800533622316238
0.0658928330506461796
0.0792431591207557323
0.0365839695938930676
0.0292517730807750689
0.0687530210839265993
0.0710540353853284096
0.0618962831934557894
0.0168307046080661341
0.0708831325286475439
0.0651963778813907102
0.045862515629708743
0.0626452537387877234
0.0592318325544076429
0.0752333654245045946
0.0531850799350150477
0.0895984680345971868
0.0519535488270914114
0.0799813670912624536
0.0810566846951603498
0.0797750239830190555
0.0584701557948655859
0.0886300828235140892
0.0481969708731735322
0.0346797839603239233
0.0526206163890013331
0.0458508820766047806
0.0626896262753102868
0.069154463780479028
0.0467130683771914412
0.0623023927891082144
0.0157962361086737418
0.06583241677766552
0.0499493260703790312
0.0574731599317608519
0.0556460278187508317
0.0141444084446443463
0.0394831641431845903
0.032248344030110912
0.0751645328932205453
0.104017264285480304
0.0879301352966292554
0.0455808046058238103
0.020377033326041967
0.003952347891392545
0.0853960836442059223
0.0509801606492121945
0.104009829768153719
0.0388194221477485557
0.0663700873958844029
0.0612567061006642696
0.0544117606631645753
0.0422946228025152943
0.0755906162228423273
0.0403021759556095871
0.0713467369330588463
0.0647458633792353522
0.0914458221262471199
0.0693339207705234162
0.0658947158594535426
0.074280155649449342
0.0115807634440889054
0.0682880438557856156
0.0637399568368066105
0.0569047777703617641
0.126204465083095296
0.0542328408202462503
0.0393891806820623816
0.0318753775911994816
0.0363851236145986273
0.0363747449292330313
0.0546630799405796383
0.0333512907740857734
0.0777505273348953752
0.0736111359749360844
0.0578858108635237761
0.0678076953145190231
0.0612016296735463025
0.0103389178260946263
0.0434449107419667413
0.0547355353918486248
0.0323902017867839578
0.0284277048225017696
0.0279841822279513382
0.0739991517940389726
0.0781768455290591524
0.0360730561073285202
0.0231282951194658748
0.0855423818007476633
0.022002333182741543
0.0239784105650478682
0.068192473666864678
0.0266935840587898404
0.0425595963928661059
0.0222745266734566544
0.0600065018773266803
0.0656680127557177223
0.0672978656467331793
0.0532463883554461156
0.0683095633371719746
0.0346246972024694816
0.0509475303910408503
0.0691431541328479116
0.0731619559232484784
0.0503239701688081298
0.057273640202177567
0.0565620709248263812
0.0689371343558541211
0.0251301176951663277
0.0506674461004889137
0.0507333593683000905
0.0708076565577706318
0.0116917399494718202
0.0627242377567570342
0.0313237595191421386
0.0482399201686392332
0.0160834033746976024
0.0277666360273599554
0.0415688197113413052
0.0586959779386445057
0.0513144597426323582
0.0768660347886526985
0.0523637345623222325
0.041162834285056786
0.0574679857331509975
0.056057595312517805
0.0532279778178372034
0.0666352623748698025
0.010161384791133897
0.0516574405909659001
0.088614328615841842
0.0866592243692125008
0.0807639460393211883
0.0878616547024697603
0.0684081827987737812
0.0434895196986162247
0.071310874272506708
0.0574429553079611466
0.0395892149173201549
0.0561146969190314399
0.0462915864860743848
0.00143621154772001491
0.0361636412035843818
0.0360482368625215377
0.0745254515394007111
0.0558465543726951175
0.0364825193437154638
0.0713297078139672747
0.0711637095155073646
0.0734692794900470292
0.0549730907713188652
0.0208818547435907914
0.0306174071305843239
0.0583052436429580268
0.0834361388225951794
0.0557518220411150414
0.0581196299618971859
0.0838419306507676571
0.0699037403188831064
0.0785022650434280267
0.0837088027357593967
0.0981935240350567951
0.0921548596885477245
0.0720380677295124477
0.00694107813171891685
0.0754734513504255883
0.0277818603822647808
0.00600703372289193571
0.0564280956446590459
0.0748499949318842672
0.0700318183212516876
0.0645827899544159367
0.0680260417746790524
0.0642564194624741652
0.0496756458208983259
0.0378503469237249784
0.0157159914424930547
0.032435290438933187
0.0317838869329049589
0.0383749714376623308
0.050951578786296442
0.0861247373880726919
0.0538609091960877417
0.107827097794301358
0.0633490011254307372
0.0630940642545384234
0.0530686440508301716
0.0569567955007328208
0.0383209969548032187
0.0976573987744359384
0.0419193232373167232
0.0504042450113599064
0.0437745194830961859
0.0216427021809494774
0.0322791773391022732
0.0532555588912994385
0.088084680142800173
0.0556281363070465773
0.066859934848424174
0.0688679616035543229
0.0564486910152422888
0.067899221573304594
0.0496694530337063178
0.0212173338374139278
0.0568289175050733647
0.0737028726450339872
0.0608838773745776357
0.0561831013362619827
0.0320138356859034634
0.0643730514241109691
0.0257958975315618899
0.0720801162954272101
0.0654685507458068749
0.0222274127923011156
0.0223284719049270663
0.0612994457901193321
0.0599446607103176488
0.054078131934590698
0.0651456791327250095
0.0476741314761469775
0.0711566349602460735
0.0406035140335853639
0.0690721981089631037
0.0569586503976533334
0.0625025463726214536
0.0557262977440709517
0.0426146688921755362
0.0522771636585745783
0.0698490023786047937
0.0483715906901060616
0.0521490941422422596
0.0824247038499432982
0.0367321356145624278
0.0496560186783004953
0.0548672486082150482
0.0561441212803733131
0.0396871903736483941
0.0789576330514766139
0.0731229856265627337
0.057274143696026604
0.0457174825073312294
0.0643513867086790842
0.0498494861956646773
0.0553883395320888886
0.0820909906797803735
0.0908616187153515609
0.0289245505174446499
0.089571418466757563
0.0449073127316972631
0.10234118698080702
0.0405637481540746525
0.0863423739453298977
0.0960950226569966537
0.0625979722212450379
0.0567798999820903136
0.0241812574099258756
0.0762962545984067902
0.0777571325531147967
0.0440355772634033471
0.0988879809724552417
0.0805055582300907568
0.0719503781128849329
0.0602801449826987426
0.0315706287963068433
0.0318315975234597093
0.0267338094160187237
0.0549120615488914859
0.0478421185418120148
0.0920585245612554337
0.0475851696797602725
0.0465471843806840244
0.102662951448504292
0.0352738861283847932
0.032244754660378086
0.100751127436338142
0.0934909644318180633
0.0669529727970391564
0.0283450201723663628
0.0515387777943676836
-0.00478815653315686068
0.0626702073013853111
0.085045278890345119
0.0666924536317907157
0.0914392378449624399
0.0749153086661171891
0.0541983755334096914
0.0533768339880353465
0.0502644932433962341
0.0746418987812339924
0.0500293983994280281
0.0455076220777070953
0.0381055907245617387
0.0590512432723203987
0.0505811882976295243
0.0693024898775536635
0.0286206894023970648
0.0564292944055819479
0.0493583564933106622
0.0319489047103703738
0.0688225073882298144
0.0503954712651988671
0.0649914602886845771
0.0170813996173124136
0.0464615510842278298
0.05697142448459553
0.0153279090793106906
0.0666882285445127149
0.098512312581835515
0.0651880762696145089
0.0649032298299012239
0.0637539409334906271
0.0308941847851733065
0.0697251366638799996
0.0517071292838857804
0.0600041026614422518
0.039440008885609612
0.0633138928917727078
0.0616584876195586454
0.0393432430981743991
0.0153187521029099702
0.0226726010372453254
0.0645673190664472346
0.0356028705362470416
0.0364891965632578655
0.0622546335364850822
0.0576002703719222867
0.052968410479348832
0.0478946627036963835
0.0261353827985286412
0.0658029158529619962
0.0470580568573916586
0.0457276067331348485
0.0743817325617878305
0.101208477451339374
0.0741826758734693281
0.073743621974021234
0.0226378407202782808
0.0885687369849460504
0.030705460918521929
0.0264726066059649198
0.0508310261242627126
0.0626819340829387478
0.0635855791280783428
0.0455259131650179866
0.0792642359811815134
0.0636593782511914175
0.0725538246678451293
0.0537528517659347019
0.0487768248566313317
0.0460427416731200023
0.0693267591554722618
0.059268576211241597
0.0660737463828409838
0.0542626527312011428
0.0949128854223490748
0.047965261226380014
0.0278840967843221287
0.050566062467680549
0.0439889207637757795
0.0804570013702406439
0.0558772547611062625
0.0923793325770724261
0.0684604395835620022
0.0521919115541622583
0.0876449043764646885
0.0396047610922680288
0.0666107639028454268
0.0635372322339469858
0.0514129867358378498
0.0463095135104747563
0.0709229281275749884
0.0403385541494819949
0.0846259538515537063
0.04123860459516758
0.0407653621602903082
0.0722642344405850512
0.102754656340225597
0.0537590139228506583
0.0517670520292629888
0.0730102208830453181
0.0493952763785455093
0.0439682938033038873
0.0469049650857019038
0.0568197318195497458
0.0422120272797169988
0.0451936213146763785
0.0397922939337804066
0.0465101188153408673
0.0701906325154665611
0.0443933730774660196
0.0424356945602656702
0.0364214864796991583
0.0600028419209458555
0.0627455480655523118
0.0731561841522833933
0.0477420739541508099
0.0469138301564096874
0.0671545754228781017
0.0822282527882484127
0.0644106045438823105
0.0408715878869859162
0.0577938705808592953
0.0488343967925815164
0.0767025062274124397
0.0416736881965694
0.093042803923171255
0.0336494353652003614
0.0554041294448896215
0.0280259045769076162
0.047835618321777823
0.0185659537137789279
0.0451564008037907486
0.0298079066919988214
0.0416883209150940154
0.0657344734553647614
0.0792793097756853971
0.0525539100910580245
0.0492963781100743334
0.0247510653114101295
0.0305262268681175258
0.01499231668583801
0.0416591055373118496
0.0728803762776396302
0.0825405509110577196
0.0235276304617051749
0.0295793057474645488
0.061400401400439078
0.0686721068410902497
0.0772048271703002775
0.0473454164332958866
0.0689840462593376141
0.0632696356443916003
0.0485549806471200079
0.0320774286892708885
0.0552218433196848615
0.0560439462814395703
0.0502948943588429134
0.0676396288600882717
0.0505745932302039056
0.107764029931445821
0.0380497044796210548
0.0467642009824785695
0.0177218745421120275
0.0654695745501426979
0.0711268243363106512
0.0636005095151066374
0.0668876561510926698
0.0809705397930663429
0.0556457605324040608
0.0586038182003504743
0.0407084198669789427
0.0208798743005636847
0.102396567453842596
0.0483747211128501275
0.0603093006085243452
0.0532648730518094707
0.0730387214149994246
0.0518121144541440481
0.0715526035440111619
0.0411959203124820511
0.0850707453156281379
0.0499341846725821006
0.0312853833317713464
0.0583550643361687299
0.0556944494009123381
0.0509601343866764311
0.038440966667773073
0.0470839220029900807
0.0837378455605657518
0.0309527102582536386
0.0851637328848178915
0.0819633925182730871
0.0435484906455208681
0.038012698674913227
0.0687367158607461587
0.0574857555398204795
0.0803575710223523726
0.0636397243740037116
0.0600707699611706808
0.0238067309404675007
0.0193583620467557768
0.0443886974420884886
0.0863664865994475117
0.035824650128579591
0.0509806015762483342
0.0210013691643099396
0.0354545133719319366
0.0894545484927954798
0.0452382954556975608
0.056530105527061128
0.0555646002268503775
0.0577341760502520715
0.0354844971456440561
0.0362321951738932627
0.0567652277168485195
0.0443220327502738265
0.0285432736619458151
0.0560876841844012083
0.0754293540449437472
0.0752195756186066627
0.0789125728131904458
0.056654059146919046
0.0609193870908773041
0.0419347834111447326
0.0214938107092616099
0.0409809798577129361
0.0495910313475928788
0.075793272778727952
0.0516424079796664257
0.0384860911916525134
0.0741687706534662899
0.0957273912028021867
0.0465917597253987306
0.0967192008093780697
0.0691740154449329986
0.0778213337121964749
0.0658700181742834651
0.0507836916061874116
0.0426018044850240696
0.0358493270598648356
0.111109908726741702
0.0556018932702110197
0.0445895793193777645
0.00944777011523778576
0.0488349517398256466
0.0618577158539886166
0.0740698838048724773
0.0428952297305570177
0.0943294288749669113
0.0733345327424186344
0.0398987562912008972
0.069588764398618233
0.0693692088145220487
0.0489439350691160818
0.0736677083005525535
0.094674855046821077
0.0767895415004960918
0.0746299447723318132
0.0938020424781390583
0.0681618696002412316
0.105013683527159007
0.0794495352381853759
0.0816633497198235303
0.0547538514191820633
0.0912564239158770996
0.0377082409634703353
0.0546471878338223721
0.0449333253073242039
0.0521060443110063984
0.0826848723533489122
0.0852678694739396753
0.024463684670751093
0.0670612265572532451
0.0841100543071933854
0.0596592655737477606
0.0343243958912541475
0.0582126640242461163
0.0624801312444090567
0.0229552219984525685
0.0617155722005259533
0.0845623466951960084
0.0546927988484667629
0.0553128501869640937
0.0359290571966895955
0.05650254058839764
0.0357638286106335967
0.0508501464549717744
0.0461733065766380887
0.0527650371061045495
0.0704121734198633886
0.0336851462637520055
0.0849972558423669755
0.0562399586387180711
0.0708957975149439729
0.0134352709503936657
0.0610901642899999708
0.0515612085448048027
0.0341741046399828552
0.0648117836528534774
0.036928907889957896
0.0908662955715883736
0.0773336100138752036
0.0691549743201154976
0.0777504054589939764
0.0859410204419099044
0.0688730213743247027
0.0737017366168032928
0.0715681013760959273
0.0629527285421967314
0.0592664501677684294
0.0702721567906928746
0.0538759888426009192
0.0689833673648226203
0.059416150216091243
0.0637310882915860105
0.0751316654093187875
0.052397218898868364
0.0907951678525639322
0.0680663034047240545
0.0590374291642165594
0.078206146889267969
0.0433818520075355679
0.063119155741398883
0.0777474576116379962
0.0538972647425010679
0.0181135100675893779
0.060067149194725146
0.0679075247757492395
0.0265826812144574695
0.0443089935884357078
0.0707761638755646516
0.0992980009277446007
0.064271959294703071
0.0580665279997833461
0.0524155696106888627
0.0371082052811673585
0.0660749408297627572
0.0823122368921785641
0.065636322048546053
0.0507632770094988001
0.0698470165914763658
0.0493261996015489715
0.0936601574098434309
0.045766040892490277
0.0865600400674456233
0.0781012622703188136
0.104659543268640132
0.0604644006606083889
0.0365604694165057031
0.0357198820239935655
0.0334470276030281177
0.096082872426531768
0.0621094931668719069
0.058242796051882241
0.0713679399994992525
0.0677595885570763806
0.0302984695267766377
0.0970870554919533724
0.0684478450504652364
0.0171310368920486109
0.0550700063686350438
0.0691165271672899012
0.0802863615941487863
0.0688539316536565665
0.0377010014886024966
0.0555278936809122728
0.0764671825359660301
0.0871303329305340019
0.0791142494415242592
0.0381192480838409356
0.0491351984314713636
0.0609503253378351276
0.0654359542578571013
-0.0217261354361388548
0.052477212048808286
0.0285639336096456045
0.0408108685765285889
0.0455885955217897182
0.0631634635341866563
0.041801673104755542
0.0841566851770054608
0.0733926453108953714
0.0650566173500435191
0.0568420278452301322
0.0558955714224622716
0.0446034914675427496
0.0614951428311217782
0.0582721395358704042
0.100849662229714476
0.0746780973867886694
0.055608603727079986
0.0713051175421593464
0.0701058551366680466
0.0521310116579763241
0.0648167942960157645
0.0783559906858610905
0.0788543615570519718
0.0533727903826619263
0.0895530429484836105
0.0364258246132964092
0.0506946596629723051
0.0863025304703998741
0.0697160048257672582
0.0730023479221916238
0.0761444428954810848
0.0933231219361823905
0.0708800404959455677
0.0640781886461251338
0.0528367988070595901
0.0726408997538465218
0.0731497999389328912
0.0544715297559323075
0.0484047925444625049
0.0346447628395534363
0.0740367715773854324
0.0875041236418988289
0.0309810069657897938
0.0564490430621126041
0.0853213701240572719
0.108471873737898239
0.0612000447048364968
0.0620862966477243733
0.0517324562471221105
0.0416011693532896756
0.0322864388356682019
0.0594623355786860347
0.0417478377538547177
0.0615890682616716187
0.0795304209995373462
0.0938663793598007584
0.0875344702977749051
0.0833441160821804528
0.0257188669203750331
0.0727653132276476211
0.0562641171112136379
0.0893720956573334502
0.0813244448404127351
0.0784684958717891956
0.0553314286543491324
0.0733773242258484309
0.0531079282548762507
0.0808657055076274778
0.0916304200261491286
0.0347932047729422114
0.0720114500599342289
0.0569604818652301864
0.0672021831942636039
0.0632001040246337187
0.066790630956231431
0.0762774333215531924
0.0671432510606348593
0.0573167118226214148
0.0624969363107362938
0.0406525091209279515
0.0883506581763666421
0.0352891724857356953
0.0814179183088253045
0.0261861398673513199
0.0720454499701931456
0.0196101671525240467
0.0943497245201592588
0.0729346602527101984
0.0652136784916345219
0.0899543489655502404
0.0750869297615520126
0.0579090982723045947
0.0420081850757865749
0.0848776519959792558
0.00833554502401719077
0.0860148389669620206
0.055922474635189269
0.0471811626198327047
0.0856261813816897172
0.0786970473221070832
0.0830590183582662206
0.0613643369207136982
0.0739757833510838042
0.0469082736821125751
0.0888187495438643865
0.0758537862455579276
0.0727280773222059307
0.0605075648515775444
0.0468513270690963449
0.0359418455839368989
0.0747398493409121845
0.0449794445029803591
0.0858865080116332502
0.0635875648594839971
0.0544208419834632667
0.0771593633412905461
0.0445858376779215901
0.0753292103526702478
0.0556355285928460605
0.04394146031244546
0.0616292815447202214
0.0471976656609197215
0.0400284179196224443
0.0837259477453669715
0.0929821499910575
0.0636327419249119314
0.0716147309781404451
0.0692492012640834043
0.0556908909994856677
0.0504944622105922419
0.0553745913097816872
0.0709564441636065524
0.0461739383828986688
0.0521718225922037787
0.04158524305165269
0.0652567162122718175
0.0355333798826554387
0.0557151734464151338
0.0464868618796385816
0.0781703461946753053
0.0496651158872809667
0.0572411743084561483
0.0929458303816217274
0.0735497338763806546
0.0663920770978621011
0.0694035663070546871
0.0588795047518563264
0.0913715828449623568
0.0480491974120553569
0.0678300298093330867
0.0997768255419118621
0.098775299626202212
0.0827509925118811718
0.0158790835511975273
0.0475120133941682801
0.0405076772677927174
0.0539903795531193678
0.0881149343308794269
0.0723286107585840721
0.0600641185865533889
0.0858419487870402814
0.0663135476898411291
0.0686298257381681015
0.0665470228178329098
0.0693844163228585359
0.040592685435063447
0.0653230911776361556
0.0411869172967006814
0.0337841245362058423
0.0582196803473653823
0.0956020230710395019
0.0570027356007633129
0.0899439803146772909
0.042838593551987672
0.111211298093725444
0.0156866038875531147
0.0709636169583766768
0.0744664264160780492
0.0433744031322834747
0.0386163846229078261
0.0697003186623797455
0.0847163152711709472
0.0784724239065869023
0.0835296558033431502
0.0855614414205888851
0.0681949441257384131
0.0435754435716310534
0.0540905300889478607
0.0941220800106288003
0.054568859165461614
0.0454621274382936633
0.0608927068709764763
0.0779694056881183317
0.0403879975432042612
0.0543872459692108443
0.108759068443393975
0.0388029923487193049
0.0959043674830635517
0.0366215155089868946
0.0804496766280725084
0.0443390584878255167
0.108075963755379728
0.0651062503579582785
0.101992850919890077
0.0709838844678837566
0.119608452166625162
0.0600467924579023773
0.0323890048315023868
0.0672510808646515218
0.0602329080622410751
0.065983250821676484
0.0749015199660232611
0.081424241119113408
0.0815220193885254629
0.0669978982056431971
0.0584760478031934317
0.057436210933671128
0.0689113853170409962
0.0339230984534390836
0.0826977751922130799
0.0748693877533252033
0.0463949629389456553
0.0408135380128811093
0.0612490209578823649
0.0784166681451742981
0.0649737809171767738
0.0601192073243754857
0.0757570633132910037
0.101474377000302943
0.0771603238291571625
0.0682766907105248344
0.0773967800943093642
0.0335148325352615448
0.0740241422454945425
0.0880898192652517231
0.0859794193770566234
0.0706934132089861167
0.0815999181973666166
0.0616066779709068327
0.0826554766031071253
0.0553207057892629583
0.0581464729151121296
0.0696659365359375699
0.0617614824720846972
0.0786741837083819034
0.0381173227048819119
0.0977438153607355503
0.0641948295650054679
0.0808884721466082007
0.0526892338982501152
0.0827631667259570714
0.0692187982759335241
0.109654218928595268
0.0605616716556148654
0.0735766572618939962
0.0661549150675453668
0.0781710352765408456
0.0600632029366055045
0.0738773710680760975
0.0477730388296340874
0.0830320180714631123
0.0339300133524594802
0.0806183083884996626
0.0483891367124308011
0.0514349384821048555
0.0724464872666273213
0.0785676734152197104
0.107542209895174268
0.0525125765083596582
0.0571678009796492137
0.0324905507694225257
0.0434205339682631197
0.0487190247730358017
0.084834393312788331
0.0820967794574041371
0.105357283835539439
0.0732575287970941014
0.0692684965718102924
0.0503120395144752569
0.0518994230487188624
0.107411103725108759
0.0655708853027415911
0.103166333058610879
0.0516201176635821893
0.044735146939431078
0.0803385029932019157
0.037071071922611408
0.0582737228993404702
0.0583559234168949531
0.0713349714790363076
0.085115826594809027
0.068709088893662229
0.038564987723404151
0.0750195250197757124
0.0730952623787320122
0.0808838936218626986
0.0707245351572624581
0.0833975277958075439
0.102044617539772203
0.0637765794603851188
0.0679110296838581762
0.0703373123462580213
0.0538901436127452171
0.0656042490270723755
0.0708898861368541244
0.0369133700476632701
0.0907534064815907204
0.0517381225736788103
0.0378890107681254182
0.0806401162810516242
0.0435315058710132874
0.0928164123756626269
0.0918391203680959112
0.067471781060771327
0.034664805962366714
0.0705158370756904518
0.0661885733677983756
0.097755021721375443
0.0815593270431225481
0.0606935908626876908
0.108142369439973351
0.0487342582635534871
0.0412179272370567923
0.0884111693978392177
0.0675290461566956934
0.105241050246283135
0.0784836424617245398
0.0875724904352057354
0.0531371933845325439
0.0779235205784485213
0.0585531152058578475
0.0806119423181098221
0.100728449282425539
0.078221368380119935
0.0545556152315371454
0.0907340056595258987
0.0489862959801368805
0.056996915570864802
0.0565099670657680728
0.0845059303738479456
0.0722843566299890411
0.0515084650091028745
0.0817006470510225208
0.122507807853660305
0.0548059793103537057
0.103596237228996857
0.0797133544471912842
0.0622529639336713014
0.105851675627650577
0.0556665747533044222
0.0284581839643808301
0.101698863869540537
0.0469870179133129867
0.0620119248946896032
0.0894393577543198814
0.0742450091622348235
0.0805955150439918028
0.0890298612319555399
0.0907309999130907208
0.0461572486685647224
0.0661140200105062303
0.055237768587080488
0.055081963866288039
0.0970412117983157352
0.0644404208456758193
0.0543049182117942009
0.056058750001038174
0.0742485290708898016
0.0905219903432274847
0.107424473711894786
0.0636486794541186035
0.0519210199994791233
0.0868786324109879354
0.0686133171219295152
0.0897095676710179674
0.0631061307260152721
0.0567948545682853689
0.0751887292886395803
0.0928988999640110863
0.0598338640290165466
0.0827391095855193881
0.0980217111123507234
0.0331002796808913397
0.0865447617970102751
0.0949783326203965106
0.085252025472591475
0.10444529000807791
0.0566194127389792051
0.0758668641288507001
0.109823860445061844
0.0839964080516995559
0.0522673555092635217
0.0318902974096751043
0.0401404229320762099
0.0909395973491953225
0.0683695631833866196
0.090349083341974723
0.0403787536661742857
0.0837141505630316363
0.096757545293421135
0.069458927550812441
0.0560430830077609035
0.0474847977956471407
0.104241294450017646
0.0844131309227224846
0.047374669660351712
0.0585661221520925451
0.0852716714935862485
0.0683152375126432759
0.0686322328917517432
0.109594126888798937
0.0731132508323348862
0.0536479953889675426
0.0611763125876969571
0.0360776550299083815
0.0648959596114268844
0.107805959484798819
0.112940497491552966
0.080569948663513552
0.0535509799036276296
0.0949598220496723766
0.0728430031294238223
0.0795671200235888998
0.0697526016791493453
0.103890064261639881
0.111648082902201656
0.0411393475745754286
0.0747584243958536315
0.036772679751923186
0.101970454609931885
0.0419551411910390332
0.103241507717988637
0.0780573744052073526
0.0889249311481445648
0.075839522766748213
0.13183604055186196
0.0724951978576586359
0.10016220607521964
0.0995726322352524507
0.102224293400064975
0.0842082197915874631
0.0849801166926187901
0.0957656638978172242
0.0668146062331903823
0.0593633517495799623
0.0766907122600044011
0.073719415273222913
0.0161629911092597695
0.131183636951947291
0.0502255159466392376
0.0787640885577065575
0.0803824661735291351
0.101257513509030575
0.0715983215826633407
0.0937127523560209036
0.0686031224993856326
0.0369526906263309973
0.0594079391279809382
0.0904755230716135367
0.0343021583861947837
0.0742168101763182875
0.0875790872830208289
0.0731525012513285222
0.0673751903750704206
0.0842211088206006597
0.085783571740627021
0.0958208154017738678
0.0785076325786764895
0.0694706774934998328
0.117046339217803816
0.10097263386076942
0.0948908451195676905
0.0555791150203930953
0.078928323007582013
0.101321729760403961
0.079599157175149704
0.0793233775787170747
0.0878944425685730113
0.0807635173234451387
0.110267211759117439
0.0540150835107915533
0.0782420561025193445
0.110195008142188883
0.0927536195922475937
0.0670216413261520844
0.0647830996301978351
0.115086183194516675
0.0583956869418705143
0.0855839408879342234
0.100888658461828346
0.0860199652863475883
0.07773636456510713
0.0610126775279251216
0.0743501873494543802
0.0595190580478904274
0.104992423061344917
0.0756185890627127377
0.0652710544586198316
0.0715489057289812047
0.0706745692572006562
0.0906449741777760332
0.0843029894937471769
0.0945736359526722359
0.11177646121803303
0.0716457950010305766
0.0917417414505585921
0.0609567723027931024
0.0865486463270793843
0.111519606140075306
0.0722642587441508777
0.0619551993091796496
0.100987734388027606
0.101085478421819766
0.0892141848140610011
0.132691072962852125
0.0885213337475264372
0.062225621431795719
0.0958859142338777393
0.0731079223302303766
0.0584372146969087125
0.0717300021802197985
0.0701589747940130487
0.107862816377410325
0.103354114232011129
0.0558794530542523551
0.117174619361141277
0.0632014333796912797
0.0944798705245387671
0.103316287266291801
0.10360588922324751
0.073909713092901369
0.0797131048599883235
0.0906426710250504836
0.0914769598846056908
0.121210325426110779
0.0600400013218101991
0.0563763746868574112
0.0895990067629426623
0.0686444882643962723
0.0869048470399359507
0.10970099112394488
0.10578242379737568
0.0757061085137767098
0.062036263718061091
0.0813250510445535646
0.0551966576547778254
0.116118831448675769
0.103896120086824612
0.0720958777451254224
0.0802129905494249063
0.104295437627265647
0.0850779887518831185
0.0249936070627563775
0.113909402422044434
0.0596798057703552404
0.079453667323780619
0.0702482684789597356
0.0825615453321641851
0.0824015209113059949
0.0872225825488635031
0.0847711362487275771
0.114461305516862497
0.0464016243514085158
0.0901588895802970386
0.0568683884552461244
0.0855010048537759304
0.0603307558636281133
0.0747157962744294107
0.0508065169812978445
0.112461819585307876
0.0924059111516310067
0.0657153165298537401
0.0745043903734312618
0.0907974198067016403
0.0959518590608472582
0.093431346141393784
0.0735539901628247672
0.0932082618869799484
0.12003677074790467
0.0251870317941975605
0.0981977940082198464
0.102119882389120842
0.0523416943088578918
0.0789311895395819196
0.0697697940953790896
0.0939802242700385343
0.102141662112983381
0.0783321336384776995
0.117557776330209862
0.0819553572417274362
0.0968069448474622729
0.0959266910129427802
0.103824759024771479
0.0936190189343727025
0.0961980736048979462
0.0834628994120533985
0.0596879202908153425
0.0738689015891079021
0.127492991155011975
0.0879665742573541715
0.0871348414568919316
0.0469652942145887611
0.0943093209843070962
0.0628509970696195519
0.0602751874534464896
0.0904941373149915212
0.079010922255659935
0.105140316599232106
0.112926528375405344
0.139768475856959062
0.0797057604944390319
0.11503768315837215
0.0826592845189363518
0.105484641820553185
0.113475972402839312
0.0852470586227769694
0.0859282551740184891
0.10810157133810544
0.0558190714770700272
0.0633680896875514349
0.0779353219617973936
0.0701682958887702574
0.0861359824055530077
0.102447635238535256
0.0889901088878511382
0.100588141180005433
0.0594427603922913494
0.0662503756198101201
0.0860348323733831355
0.0982830856198250308
0.093220460671210606
0.0811470064287728998
0.0825738502924482087
0.0817021109486633784
0.10388472463444226
0.0867112185632709226
0.0760576103780225693
0.084463988181983099
0.0625388249172703081
0.0873861960889309591
0.0761183079521158268
0.0680839771006956085
0.107836471422484148
0.0755591813147272195
0.0857874761420812371
0.0884207382348738274
0.110872861344185766
0.040511176289992637
0.0879976112595256682
0.0799774228302620183
0.121062249274127912
0.0976284577376843321
0.0965353617172094031
0.103526548136094396
0.0746151757435128266
0.0815080729794998293
0.101062379001894312
0.10670199742376639
0.121723334366925173
0.0946157339240941836
0.087356990943414925
0.114769828589150996
0.099719863799533015
0.0667096463981501769
0.100675008534985955
0.107532257927246369
0.0854734621137841349
0.0511198017918469971
0.0808170884938861495
0.113250730536561539
0.0777073355040178299
0.0928712090974816995
0.0979258266429281904
0.0818727254688401407
0.08973341340675689
0.093648636373144481
0.124014940523771211
0.11279995613173012
0.087887564594231346
0.0614886444191211079
0.0732607784130030332
0.106570404231286636
0.0726440920645492205
0.0888342082169376185
0.0898237457966747921
0.0976739887614773705
0.113266046512315852
0.0782373342683565509
0.0911146133853730084
0.0547248454450174407
0.0613250731826055773
0.102876214181844283
0.0582976876080015388
0.0786133687975841267
0.106663371538703158
0.121156221361054722
0.0556011425579611279
0.0592389254439344842
0.111853623357146686
0.0854958337381099276
0.0798206585101896016
0.0464334760415864162
0.0699334438115338936
0.0618154500149057234
0.0977975573437391693
0.0929573288454172281
0.1071386260290349
0.0851900250661395964
0.0836918636110914882
0.0935220880219549411
0.102629215451656958
0.093033289737977462
0.095174703782716169
0.0860077631638281465
0.0702209411373408005
0.0634974408390915623
0.0874989324825814901
0.0554534840137451759
0.0835729273356688729
0.103585856088935432
0.106813438400755051
0.11134798922029307
0.0727273667588396455
0.048924399043636109
0.109695816302827917
0.106623102468336214
0.0685903860013701017
0.125800754359981837
0.126367240694473804
0.107216721228334838
0.106205271540883522
0.095012378147753318
0.0760620047389089504
0.0885266247822453223
0.0915230008647806847
0.0907107026626580715
0.116484564239496283
0.109451035729797655
0.0949093833203805554
0.0789925611975818426
0.094975414781511891
0.0644040381678927937
0.0918426013053833951
0.0866589372696981303
0.09957513429555305
0.0621424692992255182
0.0883550314113902002
0.083483562501346989
0.0910988465457088503
0.118260118739419995
0.0943698768062602167
0.098693648898760894
0.124339371736759158
0.102501786649643212
0.0927309366398494095
0.109298413111135417
0.0894958203253678197
0.109180463041859993
0.076968026978567014
0.0603304303538116302
0.0754426876125869894
0.131384884129483043
0.0991211070358161001
0.11820943030286496
0.102203287478357566
0.0950540394714625564
0.10147454937162638
0.097094178784805335
0.0711401586849294831
0.0833133683864081126
0.0712558172536603696
0.0611440031607100101
0.0662803618636297887
0.108608457477381945
0.119567354280133056
0.120384574702041211
0.0955811070111908245
0.105005911495965873
0.0756726078423337473
0.128555384512109516
0.0992606229768177306
0.079081089205802757
0.127029816536155721
0.0952798506584731364
0.0502338739210375154
0.0982354157765114727
0.0650715152180574019
0.0951674365655368337
0.134613928687182971
0.141461671352942603
0.100191529821033715
0.0935711715129086824
0.124371474698324949
0.114677410354598885
0.0963392385628562276
0.0996949703352771333
0.103521914509533658
0.0899451621065468498
0.0916780667131622817
0.100997090242972598
0.0911009499210284901
0.0890706045479676828
0.0868576767757514995
0.0592372160883558457
0.0870209959520463344
0.0951111092641753753
0.0741576571100015236
0.112178500645594856
0.101816945199986408
0.125698616797334822
0.0671148378963491998
0.0811710246686682957
0.0690690358499988499
0.142378902458173917
0.124856840586114792
0.131034887032903502
0.105298158609921241
0.125667373333646804
0.108666171642330361
0.0623682609279603214
0.103629430304500947
0.0914027451698999488
0.114086366154094856
0.0550680893517087877
0.0981957413941493551
0.136223727849204612
0.0720192189190799054
0.0946349584801040866
0.0740390197745126738
0.100284778536626193
0.11213075636705816
0.128435645802546378
0.115820652611380262
0.133573215627165703
0.100304466024775177
0.112243681020055483
0.0918009731619977842
0.130085036023613043
0.0893131988988062619
0.0817121553855800903
0.102626947040358338
0.120003398028662445
0.107698625471642676
0.109126270228186814
0.0673855368364381369
0.104434235850414669
0.0930280617892516176
0.1075691788821658
0.0867661019222732699
0.0821497247418363358
0.104064365077253002
0.123112542866160773
0.100078002812030387
0.110740430273112742
0.0716211660891463014
0.0597164856323623358
0.0904214410765766113
0.0546264412278564607
0.121653774428271466
0.0833744037427985585
0.0688994222921706923
0.085701378418902241
0.143530795971342218
0.0816216445900742604
0.104386424417132403
0.1086619302770509
0.124413697907460971
0.0666218413930537295
0.0701311829881587356
0.0963027188966693037
0.0736282989907742075
0.119032179526963489
0.0877440884756361811
0.125019276297526072
0.0982082425200622722
0.099692558221432595
0.119832647067614706
0.11402340043452705
0.10373275905549971
0.120122841067301048
0.0814600786729240411
0.138347693277708933
0.12541464963670701
0.117960618457572303
0.152870403413087441
0.0953060533709468027
0.119406711662268961
0.126831501365900295
0.12669906527646535
0.107289628252402264
0.0782987357147464647
0.112748076761519225
0.0829557150458351544
0.0898035005072280734
0.112473500289539813
0.139012910566757519
0.104905538874855458
0.0724480031599000485
0.0952715117611056123
0.103470169913608273
0.094630408554962242
0.0901891365848637716
0.0988276322384473022
0.0902529596265072426
0.102795280738295663
0.113723649382273112
0.0912065839424556213
0.0870096572025471637
0.115272751195068593
0.128118754170296945
0.0977229971780333578
0.0930700645971584417
0.0966708511739132192
0.0806205479701865152
0.111337947047882177
0.0986787234431743543
0.100982665595831356
0.130101399610658919
0.090697971506267891
0.144751510974239606
0.0863512625094206288
0.0769014624830129251
0.110232224553404312
0.103881854955175809
0.141016633291543875
0.0918447105418339627
0.0959059865389194632
0.103099376661570333
0.119082611494587112
0.0903224683043447329
0.0856562193409789036
0.118791356497011877
0.111927021718917233
0.11452659103434476
0.0867197280139602594
0.10668705674050849
0.0826062751791067085
0.0850875505298642892
0.0660593837929572547
0.144579497844802701
0.121665418573945139
0.114767301803222976
0.0921471812270623636
0.142789936054209976
0.102590830893718232
0.127768324927670707
0.114963443955530764
0.0758660987766739958
0.129835930526377208
0.150228214280258898
0.104041987605584169
0.116256555844750947
0.0609393581902951259
0.0942187995702953862
0.117563925057260585
0.092000760060442166
0.12941136623239724
0.0972158891605036796
0.12743763606405667
0.110560402177989001
0.121480561602013773
0.117825984529057959
0.0995318798997438248
0.147637110965701424
0.121213575378050692
0.0968498624193072921
0.125028790538536605
0.111679442370913345
0.113367458882390817
0.113519460725995475
0.0957343864821105228
0.124350086014665462
0.12760357613616613
0.104014310130921259
0.114893544609103615
0.0611766823110574121
0.141605080639658903
0.123311592521761812
0.121188076388553639
0.128865337112000683
0.132953145296623859
0.123240761466946916
0.0818019516338396868
0.102783153507168795
0.125531448789939798
0.144238547295221786
0.120450323519605246
0.149440613080058848
0.126662493039821578
0.0977937573451715114
0.134709951002409151
0.139024287707977395
0.140124909428618105
0.125587704916640758
0.104999874685689581
0.0940379832412099881
0.13113837567166145
0.0835188473514250074
0.0792839047264745633
0.114005130196864465
0.155165871459532256
0.104438006155034513
0.0819093348249166631
0.0757790688131202012
0.108932863986308096
0.0908491755237643417
0.0833500524935174431
0.0936365534397356342
0.0831526412767171208
0.116883983424488441
0.111503710282678345
0.0647539978104502423
0.123116646191145443
0.102574658201412372
0.116646735034217852
0.0892033180090932853
0.155671018318971066
0.117362767595195441
0.134702033474818628
0.0784706464650444385
0.101413045205879085
0.0897089988817542372
0.113055067320222677
0.11011216130876221
0.135718862396056489
0.10421113527795485
0.119364107721554757
0.145349108027692575
0.131951259935928433
0.130668973380196951
0.139848360710965791
0.153985509246602703
0.13343949406253125
0.10454684368565513
0.143632526901870533
0.0842213266810136058
0.137574939010206565
0.0833612872993803738
0.0856023230902067805
0.138803772300363754
0.0963545690185853843
0.119452334069294452
0.0931586041155561956
0.0853857517486795725
0.0988385268204040601
0.104681683957928942
0.0853613670585137985
0.134135126028715912
0.137197327113492362
0.0971977399789155372
0.114828365592663184
0.0682202722854956811
0.134262468510276539
0.106709741727829904
0.0951124609199654053
0.0855846153488444422
0.138309163705368859
0.151434661103035106
0.124285285782646471
0.131357081589862618
0.111676112080258377
0.0957578339323728323
0.118247153644318065
0.123041527630437381
0.161107838642058049
0.126451292934989884
0.121604958487062792
0.119753321514072752
0.175370376186682775
0.0984239070216722522
0.136356467044525559
0.121394616525225013
0.125925921674613583
0.0870255443012758478
0.103344481863557824
0.152476638470544129
0.0753140606447296745
0.125984022890573755
0.146466566330247683
0.0978932196101920116
0.139454085834755354
0.149411519368992329
0.0840971628482019146
0.108880065435073212
0.107297280480696006
0.104254907298911459
0.12689931452274672
0.137465661703593062
0.143496555136314319
0.128648890185705495
0.129642424363752451
0.119301277741504771
0.126085108704801413
0.0853811395687733149
0.111792342607378942
0.135736478722448012
0.0934410314729566677
0.107475747306295583
0.160105524077360672
0.10212529696221935
0.117060407359084309
0.152016581120728855
0.125051126001162888
0.131064691567249453
0.0762034587827906673
0.114758237776302369
0.137518145965377647
0.102501099702255155
0.126250834953521074
0.17446583597736301
0.1151054464953154
0.120955924459381553
0.12954111826602896
0.0806662178150603232
0.104477499557359355
0.138079408611853693
0.111363885369775123
0.140122757150678762
0.152047505513485698
0.151573019320832475
0.126184391632399695
0.124083548313006928
0.134165382686749518
0.142683238635174015
0.141042596242638402
0.119943342024008637
0.131165632321828901
0.127951701031918746
0.119584837031771654
0.114585585600144313
0.127335668583913403
0.157711073237065458
0.0895073194201860683
0.117567228801440507
0.121549444056167313
0.16603174020331149
0.109703061910866068
0.119875786019100525
0.12326046952457774
0.109638073547892567
0.138367822496245907
0.123426373175141144
0.092489580179262218
0.104227998936491137
0.116441745244388245
0.125242909235544819
0.106206446834789039
0.141800978371643738
0.110961840551686036
0.134623759603595655
0.122119242190660712
0.129515970755279874
0.11598243630272452
0.0787584733775755497
0.166007652159590097
0.136248548535273406
0.120583511854520195
0.128057079524872192
0.115214778026393336
0.0873151243241940406
0.132981173645371459
0.125959838504901278
0.114971068707690055
0.119006452418689332
0.150031826862024598
0.0748527152783116101
0.153323195812971907
0.151748424509504071
0.156725985977974935
0.119558339555505419
0.0883733446712916537
0.131320297059860647
0.147858098573286439
0.113926061999457581
0.149428096122803777
0.0995109181988609731
0.132419451012644102
0.131733505257237704
0.133485599376691744
0.0964496706007512694
0.125469638424715452
0.104810109635334686
0.112684138366557149
0.123460864009834498
0.107104476110903041
0.14184942244155932
0.137910259773764754
0.12458406130593988
0.118823035459867388
0.167620504624675343
0.132430541571365301
0.0930335391836488446
0.122745439527537525
0.125118090040164193
0.131219571538474078
0.11508938890442888
0.147433274844772921
0.117000688828601138
0.149997666780395278
0.162043139136338082
0.125694617516215135
0.135034247176401029
0.163843617404473646
0.150794279825976041
0.104103756604425335
0.159262423674379733
0.130686169906569699
0.112455655898776846
0.112264783635000365
0.118458534989950168
0.114937569007833584
0.122909508579620894
0.148941643071725416
0.142753379582243517
0.133314364306496902
0.146424008011502516
0.117733916986480974
0.125530808629982921
0.122209176433471706
0.115535933400822272
0.107619399636784865
0.090152508875019563
0.133593038898289912
0.12168747087288824
0.110597946850486906
0.126641848235565152
0.0902064813564779633
0.129072664636941919
0.118378122188493501
0.145618240233220564
0.17449749036182996
0.14535838806275872
0.131593987700926118
0.0920615189311192739
0.103414663437563864
0.10509637925811742
0.175265810675804962
0.101779104328242803
0.148880904232854938
0.138537612005333766
0.11535139249941892
0.144224816499529229
0.115068417466277995
0.115734090322057684
0.16101928885919492
0.1313185560483425
0.158591271886805302
0.126818544409109779
0.170259755632863552
0.137063794571269604
0.13184088598015023
0.133723923606110684
0.137429383914005415
0.119557279361820451
0.172292888608119116
0.145095008360985933
0.0915519737461760741
0.145635241115363495
0.138869232780609003
0.0969075905461844744
0.171176046282437461
0.125065440344811402
0.12179093085027716
0.159068048171168402
0.13907871064726271
0.113094588795569523
0.105471947035959329
0.140606395537274165
0.134619594116323904
0.122052151574337603
0.105331089090138233
0.132687561137467047
0.116031140767479266
0.12461459081557541
0.15610688802035716
0.167312363154509508
0.115731693543855346
0.13142551152213558
0.138850681429447037
0.137266848393597207
0.175512823199661577
0.0949700953134170051
0.152143878103525698
0.140083440007150339
0.131846736091026789
0.141232150737675533
0.138807896095768657
0.136477659645206778
0.171180492125330819
0.148430341110295488
0.139463387449695692
0.15280006797329862
0.115006906439555412
0.126329039990877606
0.137147397631620149
0.187316372721208269
0.119414431097070145
0.164553207344577818
0.177010331345655497
0.126804607751039994
0.122506937156453818
0.120673945356541135
0.151990576696468371
0.155373781366085012
0.12066519511475951
0.173767156816912405
0.142078158613418493
0.16980672937077082
0.113909740367372947
0.131927432254266674
0.137366188604597872
0.146962186522533927
0.141265144990717795
0.138872066354228413
0.126095654007110786
0.136537768522700442
0.137060321745285846
0.132811918989836381
0.134597086284176687
0.168171378408083189
0.147116677783907329
0.127750275193325546
0.144965508526327946
0.131928089503788148
0.145024437566754205
0.16108194425297348
0.154250668061025359
0.140208756908333898
0.139197290942121771
0.146687674334825907
0.145274308708723238
0.16039908680167056
0.132472816351685257
0.145352470540529854
0.145390970341908121
0.119835855094749283
0.130597184119411236
0.166820843166903737
0.161152308037066816
0.153056687123815482
0.146504080294284744
0.11459864946830825
0.137402615398280192
0.126495774695414426
0.115401026913640709
0.153728182738010283
0.13967437220780074
0.140928408657989085
0.142074547522550776
0.141343260864545378
0.17565645473320729
0.106025481346208039
0.127515154304697426
0.151692735618077584
0.138820667594876768
0.172176462195033908
0.149244766553475405
0.151844600634601673
0.13870316571808311
0.145032144836659271
0.126857964025951037
0.179422335401763139
0.155020124052956065
0.169059272395943483
0.128991777472340419
0.131348339161570515
0.151532538346664497
0.166785743812348286
0.111653924260557202
0.163746918400212882
0.188491425705141824
0.156518572745569573
0.151269336536620003
0.174113330712467707
0.145966303430975775
0.155417236144389237
0.156407661082220428
0.140400638973844305
0.137370778234661262
0.153739321310591398
0.14769148492571646
0.128932442972251093
0.151370552969442906
0.134565410206088532
0.183418521971461135
0.171040285610464637
0.160229689473362802
0.165536309115801139
0.148377448202739542
0.106398929403357073
0.155455640289679176
0.149361771168715435
0.13605020635245893
0.139137354191274154
0.136311186125013778
0.151057356783985131
0.124811084096029062
0.144075606269525897
0.143848228876433393
0.170130529008601594
0.133345880431247649
0.146151217254361754
0.132094922968768652
0.157921880204622361
0.123533310481519776
0.171410308627621077
0.17028422371561272
0.167007413231061108
0.129193351154194003
0.143233465153797479
0.145772727767388394
0.132963489279077168
0.125753616432267151
0.162488510908114531
0.127665429784774603
0.145354806488430022
0.162321161952164589
0.161128967566747106
0.189411476803970358
0.151407574198121758
0.134576924983245139
0.164558101387606182
0.126998392703775165
0.136233489932510443
0.161464194799125216
0.135420845851604466
0.11961569044836573
0.105096317197167347
0.155276398418896067
0.156919651608021016
0.179487451084196781
0.16038945179772704
0.142190660664753388
0.146547541732037406
0.156745428437619294
0.135022489527108852
0.162107696741751017
0.182413682035345859
0.171036328943522331
0.168753502346113832
0.132983699659710797
0.156179521558292955
0.144486377356180723
0.152810952966583175
0.17779604412321165
0.141924471509855654
0.136018866182078729
0.138745748096346599
0.198434216662738389
0.158492714160890502
0.163928275929186462
0.157044697822876528
0.151868927977954704
0.140244109137451778
0.157387071854247412
0.153291157232626735
0.18851807791259656
0.147115063740347884
0.169802254421875104
0.149357771657827015
0.183121545075280695
0.184874359923125453
0.128098980337984919
0.149823195738267162
0.177131073599425204
0.156914388499277885
0.136969612472640417
0.173331462181813334
0.15055634148911079
0.1632068421694364
0.141961256021775367
0.146746217892659264
0.164123938373118589
0.133613299973920435
0.151056816300305929
0.156547018546456695
0.164141742177749211
0.166304071782733764
0.118259467874700236
0.166143505134052127
0.161970907381007279
0.18452122542532437
0.145509365206153429
0.194816098021746931
0.154980581238577469
0.14748677402818558
0.188041330752414249
0.14107162184933697
0.118614866411800357
0.143906519335747329
0.165554320052270526
0.165482483197833347
0.153204964902648677
0.146751694863959115
0.1711108749779926
0.192557042015341018
0.117144848379677174
0.145100013190636756
0.149192058944456807
0.160783533342294949
0.141095546050752085
0.120763841123610577
0.195464517305461966
0.135989673885437201
0.151295554269986032
0.181163540457157796
0.157725316321298326
0.17054207458307033
0.162302406548142625
0.159380313518365041
0.176615102854859568
0.143559473944182336
0.137850135886749464
0.144242278378927918
0.160348473346218046
0.152460397655222402
0.129838227061903344
0.171086137097578611
0.184177055309502596
0.184454193352854234
0.197986166550569609
0.164647748318611731
0.200445109125657356
0.155370655573593641
0.138161732979108914
0.14158956393023675
0.18321468421500256
0.156204365009965068
0.161115079661508065
0.140920469104172941
0.169056410241048893
0.141277852599329512
0.156116496541881505
0.156685543355036316
0.149334081244982764
0.166833237576590437
0.194210592363902479
0.175610969703868663
0.203178736949778393
0.165066642572605088
0.173470269837558755
0.147894105690202671
0.132448157759139484
0.152216275648616922
0.178097218734661583
0.165278310643815401
0.167831838227539692
0.143283944674545
0.165517904634728041
0.138285639741179051
0.137974981687904896
0.21900070767413618
0.189022971552858798
0.126083012557717117
0.163230184202384526
0.165455312442312152
0.156338433371951135
0.185568072842023785
0.158779156679148242
0.147361689538212659
0.189048951967689755
0.150336655292938132
0.133229059320875975
0.150061144380741085
0.195963688296771271
0.1683734974019509
0.174753966251315368
0.17913982173124135
0.200928431007173752
0.166225342125009806
0.182524031324984487
0.156539657916328678
0.204921745319304321
0.159909482621449495
0.174405884547446544
0.134397798121694806
0.152820975069217796
0.222877157642227763
0.166748822254195628
0.128420517634552006
0.161127627477036822
0.166048849390818432
0.132887490768172661
0.166061561971074356
0.194105060930265472
0.129060373365326941
0.203815374740421884
0.178284776268920697
0.155916718142897009
0.194709662432931113
0.189630990454417336
0.135150022968952621
0.141497853945939334
0.134344111988738024
0.177308497477942612
0.199715306937079118
0.185493410036533218
0.152375566566520459
0.164978620260530034
0.164582892305732087
0.190727772133855888
0.166459257438947739
0.167686491258883991
0.169354329440376095
0.144615388087430963
0.129687533948648598
0.15337813620035462
0.163390816689515883
0.159405165323823483
0.171392785546829324
0.146459663706072662
0.202541179155213552
0.177430653429273139
0.153345899025747356
0.187380470161337631
0.191770322858108688
0.184181172153720429
0.161510504890801015
0.193336771428239851
0.169838370560135454
0.172266176182177461
0.15518630011535442
0.192195367320375038
0.175434494866511886
0.187577227048437073
0.162765587644756515
0.166987655800213491
0.170773639280851569
0.135915936561248563
0.1323181363472761
0.179380046140520166
0.174598188560657758
0.169034207324479713
0.155843349859927066
0.178218239346032842
0.16589204309836808
0.174500996290149424
0.15102658341182143
0.176244526714801286
0.182225881826492353
0.187062044272625849
0.222253544270338471
0.159618295981183239
0.174752914793004865
0.196591497449084801
0.172457006503100807
0.163825167241990199
0.179587653906217642
0.167282198764867607
0.181524536940167125
0.16504807188632209
0.180831543064535805
0.190952113697607395
0.182947749667139975
0.194537758578954945
0.177229548561618655
0.155242485961031601
0.172979361958298106
0.162297499802417783
0.168620988885996637
0.179029437550321802
0.126665547671122453
0.155865976562166247
0.158867331038068105
0.166570286429538028
0.182836760840954266
0.187059689035929455
0.154391287537709754
0.1790629996413097
0.175820634497678679
0.171565242436224452
0.173125472352897186
0.169550511876062071
0.195561256257042043
0.145042567983043991
0.171852521561472682
0.206826500122583495
0.156425413287245019
0.172833959454664426
0.146979220623919937
0.140428029602628984
0.167597970265239038
0.182928545932233261
0.210105146330422848
0.167198868788899613
0.201838677518220183
0.183409208891348041
0.169621995297176281
0.191767314606520328
0.200947174213309432
0.177788523633642559
0.196625531529080189
0.18145503971547769
0.18124642336474231
0.20473430957062716
0.172548208098875694
0.168433686216713813
0.16671863145923238
0.193944557943836027
0.186191905090133086
0.214933403901206632
0.193781462710435115
0.177545850846967473
0.168678156130422613
0.218297305652066564
0.181577059415629211
0.187342610974600976
0.17264547658438642
0.177351096517486789
0.169408982821899312
0.181082499450904572
0.202861333968524848
0.201684862569321277
0.15206604969407389
0.163033030618555369
0.194130115888871524
0.192272987328484024
0.185602799683564357
0.12430044734717613
0.187390293155999199
0.181558431977921653
0.206608014452825367
0.169632159437600044
0.191439794817614639
0.182818841608721555
0.17142006898710721
0.173365358262761393
0.219305097000796367
0.176009275116107172
0.17922293644464915
0.20407479463185052
0.211414385837316948
0.215356826830415349
0.208870611019468411
0.14835449038222473
0.197642533959600436
0.20967487508352281
0.220171641500415793
0.188106929283257562
0.145009651867177958
0.175087035402013785
0.193868016843740276
0.18246923137338697
0.146353768352679936
0.20059968120707114
0.214598989533792028
0.188814530942799597
0.178526175914327651
0.183225443123213455
0.179527584328873446
0.169852228542503592
0.177937625022388607
0.188389574334777182
0.191232902844863384
0.210808225592625659
0.196812659372662513
0.217356212764318935
0.183032296205172529
0.159004392255145094
0.185322721880848362
0.211377956725869093
0.219508849237292497
0.210261706290609557
0.167815305986772245
0.184913409537284079
0.184642306183541799
0.175337954278245806
0.199863516344948228
0.150849897167452007
0.18126916642892435
0.19934544484838615
0.258907360108646734
0.165529572426607874
0.184475966979374489
0.152201129573649147
0.179703363728053289
0.177225829778814958
0.214474202171130834
0.202361148097023935
0.158771249208981308
0.178492021511742538
0.185061697985003493
0.191769049870117753
0.230048322699405089
0.169518832187154633
0.197971385051904175
0.201720484199516881
0.198432269009853696
0.198233539392206254
0.176670100807191338
0.223053819868266334
0.184508524017099496
0.231730033483388498
0.185064992055024885
0.21222160189052483
0.195470332274189584
0.214891400002769267
0.189674629998274946
0.186360996639371806
0.195040902299297575
0.183949483467913927
0.21098054605585001
0.2245400050875343
0.195995343907028829
0.195043363446177731
0.202402783687131355
0.165250615045251875
0.196622067862162825
0.189368961738012515
0.197879176275635338
0.187140297084528839
0.197816426995658462
0.204469250680418047
0.208999701946977534
0.193447017727598619
0.186365634449481926
0.195406560061945567
0.215987041187079482
0.180978645832868518
0.209760670557339685
0.180351569399097855
0.212509026895961156
0.216883557774120911
0.187316934629464554
0.18749212061887735
0.229623719754626504
0.225623182445752107
0.22250254750280693
0.221669251973504705
0.193500237081182414
0.217566177145576162
0.212832975889361092
0.178387954973908747
0.199969625154255953
0.178045937449630959
0.182353788847908815
0.212805435454657299
0.200101131117450565
0.204940063731326866
0.207831474831556479
0.178835509212378979
0.247435528111177194
0.196568104613194211
0.175392436537892105
0.216537829046081709
0.178108388483400965
0.192173895146778656
0.216107451223779501
0.194099329222999661
0.208548636930650649
0.206273987866922193
0.177337509100202795
0.187274534874329518
0.187722681760982807
0.144335103058378322
0.204065845566853754
0.206295359176869614
0.169261096048766962
0.210151497271571258
0.230888361788426033
0.185239000424758521
0.190042157731681954
0.213596682546236122
0.197146211751315026
0.203605032339328917
0.192712235514084701
0.1894335684878172
0.210762257083161986
0.199519114139238146
0.172456634743092585
0.17608549659909592
0.230750257387367069
0.206077382630485667
0.229491297126590638
0.1862910685327126
0.199297237619437045
0.1889181149566595
0.191031283354513859
0.212507088105902409
0.198582761571053173
0.211898488339504781
0.208711973798633682
0.162498657932612284
0.21987472023530491
0.196086540411013838
0.212472630355166281
0.210841936991692069
0.214702413210158122
0.225783575334199293
0.195760623540960105
0.209037615668672266
0.166618099143934328
0.217644633840198942
0.196822317863366764
0.205809052495382921
0.222672758920316544
0.192612401353772805
0.181769686090977184
0.232456051018418902
0.246874521288071247
0.190097616282821236
0.181716988100169424
0.198340113514812427
0.187792564394222511
0.213312477341930068
0.169175357664637538
0.186969178005398945
0.16154919174840765
0.195871666871902411
0.228345807037207971
0.196875135125056749
0.192632376992452753
0.167833860766725435
0.215714675914283421
0.21924490862646534
0.214163118472481179
0.244480655745388964
0.180608137089024928
0.190623952846632388
0.19991813464240446
0.225615102309776494
0.210141518464704802
0.198994019393024635
0.213775643839575785
0.220985098958461829
0.188420839696557568
0.195233278650028652
0.183659615958860434
0.204649826392110157
0.18524881029147966
0.184817960799406295
0.227847793241896274
0.182302535908392183
0.21433391150495601
0.15928163362145531
0.172949354370231595
0.229788655536111053
0.213366286414970463
0.194556406716699021
0.24725298680963656
0.208340286357201088
0.178400580790411517
0.187545639712801526
0.191691029977942767
0.234195313722826703
0.216015452530494229
0.234165453235251592
0.23114337204015345
0.232555632437753901
0.200693763591341556
0.200847289860483197
0.217682895693859485
0.222987094571003935
0.18979599811188963
0.231251886004587959
0.174594509245784235
0.228677315389725355
0.195055937056175299
0.207848915640678006
0.20928937057294561
0.226032274661593952
0.196320341270900672
0.210075287816576778
0.16726908551338851
0.209377831556199878
0.214448649880424363
0.194376195768589471
0.214365255532671745
0.188849232642051695
0.229790443755306217
0.207216545800580632
0.217135065122797871
0.181464737626574057
0.214167302548384175
0.196497760031742158
0.235525167918469225
0.2164690878608308
0.224701640235999756
0.16910850348001058
0.231406540410506428
0.23104807038652922
0.233600945501884122
0.271102024743193726
0.239026566640093474
0.179682919000269531
0.180346788934349855
0.2334031833201064
0.220842965867192847
0.20721866068538386
0.203620944425600386
0.215252146231281527
0.196357616128271129
0.234029385882919605
0.189504239266669039
0.189225832914542147
0.201478985259113064
0.22453123227120067
0.226166491968951444
0.23700937772711983
0.226597937073662298
0.21462704636553856
0.23511230509465883
0.231534585465869247
0.191327340313461436
0.221424887667901971
0.266378871478272994
0.253393177965287986
0.205746365777758705
0.170678942252016824
0.239676075792920051
0.18934635246416559
0.187672473584560212
0.190761686101396016
0.230851769765909709
0.234834011737730497
0.24181607257478871
0.249306187601927742
0.213849552157106299
0.230045172137937293
0.229402165772898375
0.190807250223747699
0.229428197049320326
0.21482520458135837
0.221277571446778787
0.200526625768076644
0.233609129953717298
0.170484741058423706
0.217837947081335886
0.194107468762324209
0.197752785294178335
0.202245864699842265
0.238117224113832598
0.268652514665882802
0.216502246581468216
0.203511485282476506
0.204446609406944979
0.225467568770402554
0.214478142953208745
0.243444360827184375
0.226101472732583658
0.222421824996670792
0.238686017920648114
0.211221472876918809
0.226720353921139178
0.190766803096791282
0.235655021779954871
0.231023947539242464
0.208428677377035743
0.248466647715944317
0.25426086191675179
0.20038521245082927
0.210299828181752108
0.224915407701466397
0.238874281625701429
0.227065820077685582
0.234201744016387214
0.249327249545700735
0.234485283980591125
0.252218509584488437
0.21848672416041981
0.228324800590582189
0.253683131344819679
0.244265160099753242
0.220022875779191218
0.205618930627742141
0.254243988316480429
0.257236007080769213
0.222759464925901068
0.243279283316782391
0.250081246707052007
0.245752519116114815
0.233232891287434296
0.218151719342652817
0.227346515182578063
0.250919924602468147
0.240833718230757998
0.19818248638195271
0.262013026388870474
0.234644118900076359
0.232997640747367507
0.195509280953008791
0.227836221208509659
0.238872817405592713
0.22679199805461886
0.21958269788478213
0.235079777071455415
0.228919332286302679
0.247845460211437163
0.251156049250007452
0.171791957193065725
0.242258561039472853
0.218894530495402084
0.205334166343341729
0.212968354501408219
0.23481109119364868
0.225326996023944848
0.249752145029981137
0.204891981578918719
0.243103216214840906
0.269943378000767675
0.197730788335539254
0.240621070182363145
0.202123630573843777
0.247808212232006247
0.222284207661565619
0.248384817030455646
0.184103705082645341
0.201192580003618615
0.211211333261770468
0.259346423348822963
0.239650141910129622
0.206070691282808832
0.251798334875264207
0.204367594598690638
0.213065820744603285
0.238778988399939746
0.193302858912039743
0.208319609938747125
0.235694203631723109
0.238195186821429261
0.211132958436226065
0.236284602841970309
0.264432085746753864
0.202687958424078385
0.231421463590256338
0.249418659763963824
0.209862193922444124
0.23502046060723214
0.251332129604550703
0.208309660889980791
0.189827056239706193
0.234600469906261072
0.221332189400143958
0.227465188065684637
0.23039564066408863
0.21931389565007875
0.220727882857653823
0.225079290173978736
0.248893661745181516
0.260184974726341278
0.222185843063443939
0.25290215859531695
0.252186036020511484
0.24073667917365793
0.21901707752534047
0.216522888340824671
0.258420332177361822
0.22744560423552565
0.229129501758546794
0.226610295863199002
0.249134991748412304
0.222461589359168627
0.222207529251940511
0.255129886672586681
0.272134756270664413
0.227765827825658407
0.257566128969240415
0.249434644774712944
0.221372482299775658
0.22622231449280733
0.263832172027359146
0.227485366705272141
0.275585437463280791
0.236830857648488408
0.249831182679560615
0.273002860816938198
0.229286843703989024
0.24289249962832965
0.239409833943843048
0.232393364895374543
0.260428818180990396
0.260839819136970907
0.235180689278728594
0.189514806528293889
0.242829919725395166
0.241969168174023253
0.216117589620281603
0.249082167188037162
0.266702408111144817
0.214001024370625625
0.229283833527285319
0.259045507280126486
0.209218046869785318
0.256233092920338079
0.224966274503491104
0.269680430863109832
0.239362663615653837
0.213345916472555491
0.239292338037004032
0.245136202572367262
0.248662640636747284
0.214438205075384525
0.280387009742894877
0.244977490603086989
0.266761591611606397
0.240711514056817122
0.240374513558019559
0.237362910596826959
0.220070571578626417
0.230144160804611975
0.207667913004841748
0.250402152272708067
0.209593701415609568
0.269959198265979472
0.242546819500799704
0.254330362741655658
0.272103168385236793
0.262520086188457569
0.217691885821279574
0.222496764657121121
0.274194650303092036
0.255023218717887634
0.252503823704325947
0.269920947926864996
0.257078204833381396
0.212848386601889622
0.221349443507976612
0.263983572958032875
0.270992196009442798
0.243269669943777578
0.23549441844585059
0.257612065426508996
0.264862397987037368
0.253664805706630136
0.274388387972341163
0.240493204455665105
0.248124285293934405
0.199691388813866666
0.214250787650045516
0.242724152699090062
0.24422715087680455
0.277044739003709239
0.238077977995112156
0.270344343797395525
0.220922394311681758
0.247417475519430441
0.269258474018543525
0.233136479200323959
0.262170525746737659
0.240124813046404179
0.2684155134349549
0.25786185102531467
0.267450618005876994
0.223732166557183781
0.224478625369438772
0.225856889853477738
0.215841101875028724
0.249043693546454087
0.263242092225601076
0.268432043834157863
0.27271523001385839
0.212782732970206528
0.254005544485609691
0.250478582100887803
0.287745001411108203
0.262918256734261557
0.227364518048877473
0.243886255819234343
0.22433240710115393
0.235476291574520991
0.247827887189202567
0.256741230302385659
0.231168270238827717
0.203376655176415011
0.217319274416983815
0.286161121121191686
0.265163534009487778
0.238130891295196684
0.244517073036549543
0.248089711904006083
0.242470645036760246
0.255958572497005876
0.238783842961923787
0.243691179732003577
0.261426928155661709
0.215682579632077154
0.265448269160195705
0.244022427158668509
0.231271990957229279
0.248617899891548033
0.262747168918926632
0.280816790098381286
0.272427476171084537
0.233478717021801035
0.258961257044248327
0.255254059762301977
0.243896302240579232
0.25218359870090068
0.248631514055327546
0.255955218309391441
0.248818946801509178
0.248883105780500935
0.205583600801465316
0.27052138632909245
0.271835764281361913
0.255353569584578888
0.272641862603933194
0.254341463695516912
0.252319191487205552
0.262535444837663334
0.238474551182079025
0.279174985559448474
0.257683895850085221
0.27076502556304971
0.233273960085458476
0.220547575932511675
0.259106615231034898
0.235614640417689508
0.264737090724606716
0.23995780694126978
0.237471703862361438
0.263592531762138482
0.244269159836623673
0.286727270591096262
0.253928780241796659
0.238407905283105542
0.232965967055655532
0.287915287568143496
0.244931283354802964
0.263260849789736184
0.242825877890832986
0.22935549990132606
0.269128209359818682
0.274333222184408976
0.268060516843230401
0.275190902451941832
0.251987070235083377
0.256529113542958265
0.277198252685232516
0.271650226856650356
0.277724124085631685
0.28048366202645364
0.242618950261424521
0.226068429508932189
0.233746835176904255
0.248326559844265632
0.271407748077731603
0.306175365996539495
0.280408504601557196
0.282056379394017342
0.257701267563544223
0.253105829155383488
0.247583523463781957
0.246498400262892686
0.228953399854057105
0.267537672566957152
0.247117739470206016
0.259394168837180417
0.251420261369243836
0.280567059070840508
0.259636217375989076
0.257719370824562366
0.300679319004868106
0.27213160577028378
0.234594702577659603
0.261999214293271387
0.267177256043095279
0.226582568913784199
0.283050644588830946
0.258239159800758733
0.253808361854865716
0.278621618682493688
0.270555984037251118
0.282877585402503406
0.251103464573579016
0.254021268003980172
0.283750625531763334
0.256581792008083953
0.274487608161826657
0.299922585060253766
0.249370671716006576
0.242021170608888003
0.256883033431137664
0.238755182367070107
0.303605674839410256
0.233141428212932877
0.282139211632396303
0.279021691998419918
0.240025218087803582
0.247171163704183877
0.257110035575346174
0.284152173194173407
0.264793164017652516
0.284733010351955251
0.242205986886737612
0.264620146125338129
0.300032751156031563
0.243903081250069209
0.271489127473632352
0.277132216737347004
0.282371429865100942
0.253029622956377209
0.289983686370188065
0.248737927295140493
0.268685332325144244
0.271715230877787484
0.279901873008004398
0.263294002146511774
0.245332946414946268
0.248746585433311296
0.303353655975724057
0.242698636265337914
0.274232912483865388
0.270197845408110149
0.256379805831105256
0.257429587110322933
0.256453353703817832
0.260302194730153091
0.265442935601432506
0.299731679349392821
0.250675293643381314
0.305379333042312295
0.280282602821257776
0.288570287279480975
0.243970952113331696
0.261776261540717203
0.269822706840849913
0.302144657488661594
0.295100982238404641
0.280194292581042836
0.2525002021104224
0.253601995401964264
0.303352801967335217
0.269928708909233928
0.275613534765059232
0.246509708895544244
0.262826824836319695
0.311741059276633203
0.258459925896046216
0.280299684747765232
0.301039422665334067
0.315353515685725672
0.25967549720852301
0.25072822107459336
0.2966649410314941
0.260691523977767514
0.285731476052366595
0.204829025793501485
0.281054545346260565
0.263345671863909669
0.306579684913870998
0.284645030386756259
0.260842493314625057
0.280840974140232569
0.266944132041113336
0.28862809952308971
0.289201086571502897
0.287376772417693271
0.275091510420854723
0.306834236797957238
0.267605873444516362
0.24077991933053644
0.238588323636535787
0.257223505839688782
0.299966326936836336
0.282378532998051823
0.287148459167569925
0.29682173593647565
0.253409206130994991
0.276667550248519134
0.31604118607456122
0.254961539147902372
0.214967703082030143
0.289292013431070194
0.33995898942073155
0.256575425441839033
0.272334969627718804
0.280356105498599018
0.276009751240871348
0.289406604728236871
0.284234375647112791
0.277123515006786669
0.295691882383784022
0.252216284684000924
0.293614301931195143
0.286547348798225021
0.264258186720217614
0.261900113132638945
0.275478448487633032
0.283388112759975663
0.294325378010721173
0.276784329962846298
0.292642899680786273
0.234971932370367453
0.296510531438787805
0.284676590039070532
0.231408770201038838
0.267794508070209214
0.312699676880531963
0.332630496369738626
0.265406500468148177
0.278340504008170897
0.295921991352088132
0.251982601121490513
0.286792389574992757
0.26387983132659143
0.309589500528137995
0.309168189223850864
0.270230662383163955
0.293243658452481626
0.287395684463303991
0.274379512787324309
0.260633663694278317
0.274273060848199857
0.278462083446145037
0.262776087218066556
0.273048159059775364
0.286269852641338363
0.271129921015801134
0.235678949704921675
0.294347750927266172
0.304658531797610987
0.315629559594608367
0.307592092187946309
0.283492224056352604
0.284798932797787674
0.307039442215119474
0.277413008582275133
0.295458785431500615
0.289613052403456916
0.305026908022485943
0.274456759470420419
0.299138614505698286
0.270390517819795895
0.319908704154802215
0.281060644883436739
0.30749860622493097
0.284060042423854575
0.286473740408979827
0.231817230774996746
0.309161419613153521
0.304865190530158592
0.3098319286591803
0.274184220340089435
0.288542168429050616
0.285664408546039028
0.276824012131210162
0.307011345398555457
0.282526708379268743
0.273389810334546179
0.268247256833729686
0.3103205195548559
0.284516008236594398
0.308214486401685472
0.314938531898733109
0.313867768967688643
0.287602304509866347
0.286802886837022153
0.275860000244919523
0.292905338026571482
0.270051021102274968
0.290446829450573596
0.313178003921207149
0.318313321671336746
0.286417468979574874
0.282091474678097753
0.265438621477296244
0.300132584989956597
0.298743309112101119
0.257165250391218625
0.279366793728337448
0.293639685423985886
0.314015397090908088
0.28805069176138004
0.255283653707800762
0.284309029542649139
0.317791388680253029
0.273945018279327046
0.307843675288979712
0.271921204184931431
0.279600298152267279
0.274408025004155842
0.305544089369139515
0.280343589179908315
0.326894943144750094
0.28311659215981072
0.280675481165795049
0.303347045110343438
0.319039284378377863
0.321572774044026066
0.266747189815199404
0.309303623017915474
0.312189018256118833
0.277688896294548015
0.278011153095156949
0.302884460972360103
0.295641495629799911
0.26119958941519078
0.298783492330283729
0.279406507345535515
0.298385733254665553
0.314872030118852952
0.28745974388844181
0.330417108867648801
0.307499537427330549
0.270240461842115698
0.269930298106670186
0.316103468550722411
0.347197093286392977
0.272469886927523941
0.295299505388467554
0.321505554891006184
0.280294364126988993
0.275148736024257101
0.290207202257555641
0.302720443847762977
0.283095416183996362
0.282217017016880345
0.284299213306307141
0.271317577008913013
0.27865246944467098
0.28679358452804754
0.286567408776761678
0.302006279477694928
0.294644541641897295
0.299775958420953947
0.303497216881425891
0.310846300579016965
0.300511475065620093
0.29890029195566642
0.265071765523237635
0.321867957101601487
0.327644785053597898
0.290331258960195404
0.307907929145008752
0.280841037612514888
0.291354878604684009
0.330685026334258059
0.306240418600635278
0.299980780580813899
0.340781657956667261
0.304707968257092732
0.319939726185311191
0.350534861116624519
0.296811024012349656
0.289396368725020448
0.321381081142603164
0.280816721936871516
0.313688455758958928
0.266849158164102152
0.33370690747214371
0.306089535216307718
0.290853965185959573
0.317716802569607437
0.268144960306847313
0.289890768718200298
0.311164078520220155
0.304472923957651853
0.306266417571636862
0.326795999223860767
0.319357010777653716
0.280281187700059164
0.332002006723074061
0.339233682296873729
0.319924197164277557
0.292995796099179584
0.299903487892285492
0.310765497160066462
0.300063344746150318
0.340029477604347485
0.310512204156669469
0.33184009470624104
0.28374514184466576
0.304747361250389481
0.303851637717581169
0.343699469484414155
0.291911557100890062
0.317060970001342979
0.316626192548849494
0.355899893390653477
0.309834441131563054
0.328444819411745303
0.314524980291824519
0.309392683143784986
0.307254820594985656
0.319189348460894307
0.315057285946487964
0.328900332184019928
0.29937561087550324
0.292570060779426155
0.318338891401003854
0.290588026942100175
0.32685772861926804
0.309894835099032095
0.308086446895298571
0.357175510616734582
0.330040105480660095
0.313696768507179535
0.297256375904470904
0.294807573761920405
0.31312467085865725
0.324420168809186227
0.323858191354141511
0.307056102189519564
0.342512618500012245
0.306467984971912022
0.27777842355127369
0.341121900190565541
0.274142613693509118
0.311683066824749111
0.327016055608947753
0.323000063888776612
0.293507112932548664
0.302310904227399646
0.300301815978918973
0.287040449705410317
0.345213390306164603
0.275772644205508954
0.326430533986990346
0.312420780856250691
0.328575382471797572
0.288804462976590015
0.330049342354728659
0.304714031990665102
0.300562361647300214
0.330748884367114804
0.31698926778889347
0.321210111971046208
0.289533643202383451
0.289806936622085731
0.281049454269448884
0.295822337956963166
0.307733200685181618
0.327664153186498164
0.301038370709303782
0.288277106753664691
0.318449349662402514
0.327682016678197019
0.304928485912832115
0.325182008182739846
0.321490014005063385
0.319033334573628591
0.303536717805783784
0.313790951697642317
0.286473527459109811
0.325636593133733887
0.303965093091843053
0.312083802193914961
0.302450890274263196
0.312917057218194739
0.306494363042356222
0.31191194708353559
0.313584354126224707
0.290842233855564847
0.276345737609640207
0.315394462749938154
0.322402496624268287
0.322649268882282514
0.306545618564282973
0.327443556799646707
0.302611416688543244
0.302228833803112829
0.313003021149709293
0.297295364324903444
0.320591204764500703
0.299713448816570249
0.298540437024187255
0.311064841380706225
0.327805431242805367
0.329697027217433658
0.327278889526569416
0.321901397276302403
0.353741916655999911
0.308251097510839178
0.328716419083126599
0.311144481627086245
0.308025458109738859
0.340898810760073889
0.301603962328134412
0.307389774058657528
0.284356499678624031
0.314749275227595993
0.334765058165003571
0.327103717953091677
0.323984923831690308
0.311841748768516669
0.336471287584295675
0.349361552720617974
0.292810485057065251
0.333971329284306395
0.338826464074910516
0.333755649941536225
0.280353094834265792
0.312477101411488045
0.319188491410797748
0.308874068805727708
0.326662888913388127
0.274138734735171863
0.32472264955990976
0.32777286119359611
0.344058445185737027
0.337092364436481606
0.312953324396411769
0.322573301874055418
0.306784619026011618
0.309557509932734842
0.356350548787494226
0.325662693910250267
0.318114598299807594
0.326764258126095442
0.323410817076229207
0.338861562095323698
0.27424299005253655
0.308376996268699799
0.334161641716382463
0.325314522364723913
0.301553987661194234
0.309557602187207404
0.303191217327080265
0.359758874626967706
0.312625388653237857
0.298582851232325086
0.306142470350952989
0.323429283736118733
0.329242672473474052
0.340578340030262328
0.356660400542181899
0.297160067968868402
0.32193116484044243
0.306148433759113381
0.317786460349965716
0.351300840499948031
0.365370890686618877
0.307016135863903306
0.317736985373075931
0.350613026400763916
0.316982868203560308
0.317587045533139212
0.322702053204538708
0.357681613405865573
0.327664386350510262
0.33430713292855363
0.343872162956074423
0.336987127164466993
0.307662937651998647
0.321432795405106886
0.296333638253635456
0.344423056207031064
0.309809261605258957
0.342640371990319548
0.341227521939520384
0.337498531426856319
0.323550167213692452
0.335971574108355209
0.333894050082482408
0.329384631228978042
0.298896303031370936
0.355758989640379941
0.330491603833180714
0.338543602869492366
0.322406814070795078
0.348446599877327901
0.331056855585010967
0.324871971744758792
0.355026613926981316
0.318128538289058627
0.343163569389181522
0.32689057798257326
0.325857511729190918
0.325286212021302701
0.353119975620844129
0.331360047681197478
0.365736471696380128
0.336061867798851999
0.325652390653306867
0.348701907241476761
0.304472352225443443
0.35600097848815504
0.329220590766854171
0.333403880287568288
0.328055192024836295
0.32817627630879953
0.323397835392010169
0.319940611176501022
0.326638521014639194
0.362434656287077328
0.342327062171592256
0.331243883498813729
0.33408791254009379
0.357001411006023062
0.309103094516415489
0.367992871044202197
0.325242003427114457
0.318839638324516339
0.332714435966303401
0.346087470505310912
0.315555332000471145
0.313548070042558247
0.338999846490526946
0.352464773838115975
0.329452139089168983
0.33151551008530572
0.327230748942762717
0.350651361976044518
0.300515813740734994
0.305353700444377429
0.349967483167776205
0.355659898199319424
0.342797550390257
0.359648751613258044
0.338380480380147619
0.342176801765572858
0.345617778500069972
0.334366695252696577
0.317650820507161147
0.342928227066862767
0.332589144378838797
0.33237696085896401
0.322232995081553064
0.331726522630759968
0.355973125358459541
0.356530053788959966
0.345502333693471941
0.31812543987046632
0.357597960395754366
0.328105885548644838
0.342347218137688314
0.341371909250195782
0.345575440580945137
0.330809831135668642
0.391047874665332529
0.312465090100201848
0.361197885590237411
0.321413813221484268
0.350234634978967563
0.319370949523406777
0.360951886139249112
0.341339094869748616
0.343236790621658794
0.343859839323364558
0.28565255889133162
0.34182762117014226
0.346197121280014231
0.384433624157355602
0.395402412209968523
0.354737046724154459
0.330462174566222067
0.379908173613424993
0.330804317994942365
0.345421751464760396
0.352357620731474863
0.316048156797832769
0.374085192182402659
0.342232970462758579
0.331084827192956843
0.329388141751402297
0.366345758202651584
0.350537720575515244
0.312630386159986062
0.353574599752208618
0.3484633503846154
0.360460797359384244
0.347094857682551494
0.40469003643607715
0.351916347358638526
0.377063609923906806
0.348854669590512811
0.370293502208993819
0.338205635637940982
0.340421803298743053
0.328757569079350553
0.376815840843393424
0.385829391369756414
0.31999994279060745
0.370845237789014515
0.356357783993858146
0.371931117810527068
0.341390395731833385
0.374836111060863397
0.352471726251719908
0.342264172059914329
0.356065769856564185
0.364451589959823796
0.366945659732067997
0.33267875134410213
0.326713242740071796
0.361090428796433438
0.326944635727145827
0.370221086472782179
0.35930658048127756
0.310929828193312219
0.377640034497456201
0.355263298654779458
0.350435676627436854
0.324554468444257005
0.346712143552484753
0.338947448599727308
0.362589897142766127
0.339506494087621791
0.381934698871440437
0.315116385934594956
0.362412054190871524
0.328630619741599572
0.340434070404639522
0.377326349721915699
0.349546386775458628
0.394772778532654689
0.373405228340426498
0.339753155300089982
0.336276639104866271
0.373711279892693871
0.367720100153814899
0.346232052372899002
0.383088850087007993
0.358223346902295237
0.379789668759273169
0.387815594691876542
0.319191771359248422
0.379028588276144274
0.359958616175152013
0.357649865505806963
0.377995982719139256
0.370481900555109989
0.346400683541007282
0.33789219497878431
0.379014564481357064
0.339326300789256186
0.343931554407448548
0.365460664204527219
0.33810820274486536
0.342537011875922892
0.361403729386633121
0.360766032691127836
0.352678982520849171
0.390258570301791452
0.359120917312614418
0.336071031484688643
0.366144172132992274
0.356026910133337038
0.362478712971658457
0.367686086744327012
0.381423491832398709
0.365650303360863738
0.341508618230011662
0.374018564632073336
0.372150477262214008
0.353163631791987453
0.364002499974953986
0.329947925000841746
0.35124118870121579
0.375854859461959678
0.366758995125962217
0.33520987690350651
0.34690881449931843
0.392302765340124149
0.339234109028981934
0.361297372464947031
0.362433198733442374
0.33939751846519739
0.367264143906456342
0.369418823067994673
0.366088996955710122
0.38113623635637861
0.352299653872006346
0.37113846895566549
0.368898570300785766
0.382849053759247049
0.397482498613493718
0.355646512730447173
0.369305022039316533
0.382737955942816788
0.342882967049866538
0.36082614540488972
0.359901127860506875
0.332084657713965559
0.364602346423256174
0.368612393142926376
0.354667139590070124
0.345922292609464443
0.33832602333504197
0.367680459275801008
0.344964188328898858
0.356084512348027182
0.389166664187917344
0.352306688560154346
0.358443625266132493
0.389869480515856015
0.364080050789420517
0.393886305042169316
0.371000554458930931
0.363822201294866421
0.365662669820537245
0.349552335021305005
0.386844633212171662
0.369713190871195363
0.369499462361715825
0.359972578981199276
0.376687865926717658
0.391779022532125265
0.385962109909427142
0.357447204377076277
0.337282434020837574
0.358132132090422051
0.371323796641595871
0.304937307898764942
0.357110941483590183
0.391467312333051931
0.378701249940459228
0.373910578158032858
0.364585704162237678
0.379555465134796377
0.378484889915532252
0.354681793501318565
0.389712990022202665
0.359644579882260507
0.378429641149078011
0.340119233715318769
0.351607302265730337
0.381028481113958595
0.362430502193935855
0.377394077028600672
0.336368919136613986
0.355363475099496895
0.372072271146195233
0.405761079446344375
0.381485052535174118
0.38130580155659205
0.357549623663899585
0.354136133346379001
0.345481773356076161
0.351238765949318854
0.324327576717515165
0.390235941945611786
0.355754804798546154
0.362234682953416987
0.35069637370356177
0.368647232330705343
0.396944915141054344
0.348960660412471035
0.377274770196082188
0.417304243392598306
0.384072168736970587
0.364680936489668095
0.363519847053033973
0.39548621071470641
0.372401990045577169
0.378584919874651538
0.352685665763705525
0.348073593609880827
0.373938622159162126
0.421198852933968027
0.405985796373441454
0.381178869508111751
0.356994750722387788
0.40881332466957776
0.413214810441080493
0.338758397237319708
0.398663323435486994
0.37253140024284237
0.374908452443715179
0.368445377413898212
0.362330016596837778
0.359337453571573096
0.395934738293564903
0.372490136842984709
0.349921299325516633
0.405599462553725032
0.340205979446835949
0.378817440327777089
0.379273946356200375
0.373563465945264295
0.369525032369170114
0.346275659930299573
0.391530245090422224
0.394216870517620555
0.368140143059896785
0.38244033348070533
0.395540876004728814
0.362052228576375201
0.344707052642870215
0.405487446898314896
0.359815589157486682
0.373492755473214644
0.336653111602101596
0.409509482665832092
0.417867846403942644
0.364744038320798603
0.378748294836218524
0.383109600948215057
0.383170670107603029
0.412161628470797958
0.406232234782214097
0.367954286616212989
0.39430625200336783
0.367922647122775615
0.370636116270762317
0.353878161652189105
0.340076906103751075
0.355189284070796807
0.389231258456062379
0.406287265766995975
0.373723616907158163
0.354145986524737777
0.370096295145240506
0.367590442510291604
0.409257616208982877
0.391321759007548786
0.41334250097306624
0.363349837819344657
0.422020707074308443
0.396912051890160156
0.363494279995867475
0.33431876327847182
0.379177879473866664
0.368016397823436481
0.3805932449088269
0.344144772036803492
0.381564974567107695
0.36841468948606354
0.373804249396186672
0.36630668517880749
0.374082627497619002
0.384626423964101405
0.375753535644162029
0.401402043156266986
0.411049967341065803
0.37514874831934536
0.392832566011993567
0.398431914910616025
0.370947368568041835
0.440980796298337419
0.395819960022757655
0.387105359690700201
0.363203880238248789
0.400888517336150996
0.333095385197918314
0.373183955743264739
0.359803454897228259
0.378374678949811083
0.390814411611742629
0.386895866158873114
0.40025149598576526
0.35969007058996183
0.376538745962869847
0.385166825414783975
0.36112436159619743
0.360945624399975018
0.394106680801187881
0.382324783054290018
0.379787953798357336
0.353890776859568879
0.35202389590984412
0.369651655829632941
0.373181413424204023
0.405072990246178932
0.371282674974704463
0.395419262944832761
0.36846965789792363
0.385344936969675034
0.35912847916919588
0.396150632108070444
0.400773071275421444
0.416554574087623364
0.396477883652639251
0.391255450581719733
0.404434681186438549
0.394439571606249761
0.394024278785458371
0.332034779670872304
0.387163973826676833
0.382142080839034781
0.379870109918927112
0.409943345392465075
0.38706485972795035
0.373860833155869987
0.366223890317109335
0.392975731325056754
0.435710168924143104
0.425100808072612357
0.389803422511827202
0.443232507571379775
0.371992282732981849
0.395259674482608792
0.380825688214647129
0.371844304939171921
0.411700876378837677
0.386913769953940612
0.39420466503047874
0.373511039102846498
0.358105332773803187
0.376216803355177987
0.375377315655697319
0.375841521762014019
0.415126112682053405
0.393762678219852835
0.393304150439224398
0.395869031194759746
0.359792332769711287
0.413274256798810247
0.370329420426367073
0.410655992861041985
0.401358775348560126
0.400569430637000734
0.37947231478610155
0.408370844045087
0.424514851253690595
0.38383107328627647
0.410650703871728862
0.415014599969970144
0.406783441441091465
0.401459847236595335
0.4146207004725187
0.402997899497458789
0.429824078829876
0.386816951612271698
0.42929322650962537
0.41609624188115818
0.386505128410641996
0.366347420562812998
0.385528024291547589
0.418025326787431761
0.419645896563809573
0.40184854221757943
0.386492950930358625
0.397256138784497892
0.397925851108816897
0.426739699597280586
0.405478710588145386
0.388879699724230476
0.414195701975629105
0.391752879431143453
0.392484193369788736
0.370884292363330759
0.37912432485662384
0.368904593543453341
0.39307907681830212
0.412404380985292196
0.39400165245333052
0.386966304770743674
0.37466091314554939
0.404575757314860229
0.395300671123061331
0.408784341485981251
0.394485762362149661
0.400606486466724032
0.396695996891092084
0.405068917338721857
0.432345104011968906
0.407329668415596313
0.350180174885515394
0.400440166949044885
0.425768476727224343
0.449945573591082448
0.39423963188991229
0.409617298577839517
0.409312523988095867
0.371319718894907891
0.423281225483944479
0.408267876147430819
0.404259654254469636
0.407041797094500613
0.421412177295928558
0.389021838641811002
0.426069526296493084
0.412164301949375922
0.383427834240969378
0.394171628532116181
0.372119551219916411
0.407089788878851055
0.401865773739189747
0.399490620313369682
0.435650772630579552
0.404593682769815055
0.409711351525673118
0.392928622328851174
0.433893906244928351
0.415190877832514904
0.387974403088420794
0.411191260237796785
0.392659917157990757
0.413255727705638454
0.426504195646454309
0.406315099537317925
0.400462505215998077
0.427208479460479684
0.421432880174435032
0.370842034701099166
0.422133891759707558
0.448069476730772354
0.367361874765074203
0.391946357547124646
0.40754719039327536
0.379822539205333654
0.392713260226237815
0.390186114146123864
0.384564459404207026
0.388682431605902157
0.409057540202411862
0.400555937511619331
0.412730515063625847
0.443774374125313065
0.395746031646700747
0.431394410464390143
0.358371107415572765
0.400194407555432785
0.394503440728255939
0.434291351555954497
0.430600406361035248
0.395161426353127287
0.395133384950219213
0.386037370660948176
0.397095044208766401
0.411888638039391186
0.404994918875390575
0.385744770581822549
0.435096833347288325
0.416773083442442072
0.417011920623186982
0.372325711188104813
0.423049869407881862
0.38819249752222651
0.404615740410832425
0.391328051326010562
0.430986381209884251
0.394556840865985081
0.4346801828640382
0.411159978602451681
0.430793628574620835
0.405542922415918494
0.435003561278786643
0.410367840734424449
0.406025398840056562
0.422126985216963901
0.416821533280384737
0.405332650726687393
0.395451722779357639
0.420610139202272026
0.436613537569445653
0.412458228721738762
0.399110801273852789
0.395049239350507952
0.417700285584029052
0.384988116320607199
0.414040398639763219
0.426493402877963224
0.418218657371872249
0.444223486511340693
0.407214125908246294
0.416311497673589215
0.451869482354069429
0.41867944618600178
0.390570848787623492
0.440077510243589931
0.407553133737403539
0.397303596828622541
0.380320695142546739
0.461433393112610835
0.39777772391911459
0.440748017963823957
0.412838508994056441
0.416964236227348739
0.40805910770673165
0.395175589663566751
0.421087150694260004
0.379793207075374784
0.399758213060214529
0.436415763755491626
0.420401824606001506
0.423803977327986636
0.399563415126549415
0.427548618327270369
0.389469535499877173
0.440196743373036103
0.422572988345736145
0.4202628715431726
0.415564405884025989
0.410312807119603162
0.413507460084884981
0.394419233643783673
0.38978175562778361
0.455373334387701056
0.409236117068592364
0.399593166391873256
0.403273091739801859
0.406467209978478461
0.433008473780562175
0.411741096175172183
0.405225993291745357
0.417173531275173259
0.421205181208485935
0.449933470027082894
0.421598468849517849
0.406828752312462183
0.412725953831326153
0.418453348098755951
0.437160883830461977
0.422208900861865355
0.434445525108760278
0.408559406636978428
0.384962708105126283
0.476967086203118951
0.448356025099647948
0.447268561574535928
0.433704709733148341
0.435319140396597581
0.454606492384395378
0.434319658195317204
0.438955091096077887
0.439796266040831274
0.420581533697130028
0.440765400855439748
0.42304089967668812
0.434184684170668078
0.448365718649054223
0.412050902478183101
0.42486034256684474
0.43611628797184393
0.40742298159126028
0.445566569243238786
0.449207633575244458
0.428692769362548132
0.432023823597646517
0.437087468120286204
0.418069706685972098
0.428070336827696352
0.441616690755539554
0.41716387086235196
0.406887323550729818
0.446005872199327746
0.454199405005895229
0.422189031694136574
0.424613253342548624
0.417611244265391979
0.419902127125577895
0.416349377124021258
0.461010065733484242
0.435231201788477851
0.394151871779572838
0.431548397931334371
0.459922617520019783
0.421966222995219076
0.462375601902342281
0.408366842308408862
0.420735253066022219
0.4106108065421602
0.421837742018534356
0.436541658188011772
0.431720207106801923
0.45085756468864574
0.446116789948143633
0.454290826587711416
0.436795516575229303
0.425016215349825921
0.406016154744588076
0.41757426808092224
0.458011877113477739
0.429155416216350616
0.459738104281356696
0.420385061789621706
0.420855386166680945
0.421724164608535679
0.463344106856952598
0.462757419259006653
0.440226857545523931
0.439131907259062593
0.448726450758802908
0.437980029359531009
0.443316550337352844
0.426962826791645933
0.420729229982913788
0.457302589454703645
0.409087941057364346
0.447580815612627247
0.432034235310132186
0.439038211488554486
0.451969134292927011
0.405159408167996893
0.44093287352634658
0.436951272548055325
0.449730670340717453
0.449322120022507543
0.452321546124114349
0.425552347810528475
0.447959072295318395
0.4303193335993723
0.428879199919878329
0.427751047781156191
0.432353227723879519
0.438369006852691367
0.433678944622027218
0.428295233928613905
0.439993060176654627
0.448269199454537637
0.42392994466982592
0.427252454483657063
0.438503807035986293
0.394203613785898632
0.438955468755814593
0.432832351635145995
0.440006752785412958
0.42769967818494431
0.419860564439243467
0.428890556371089138
0.433275710504981204
0.455953597393431664
0.418052737626550264
0.433466766785377655
0.444578835142397266
0.436656963895762751
0.437779158721983752
0.445361626376475417
0.461160331765065212
0.44103133310331577
0.432533975212638422
0.416022437196889028
0.439979916438396956
0.410410998569472829
0.423698717065708941
0.471116637357152201
0.425633782534921068
0.414927716238853606
0.445066649102106027
0.447304628998036025
0.451701725339894999
0.432622500110654062
0.445249672393098206
0.459814630607780939
0.409997275978998876
0.482100674106784699
0.451338773186998887
0.450584909115095633
0.4139395317015096
0.458930300553121839
0.471581697195479377
0.427005037439826984
0.442280285436543019
0.42999956756694252
0.466378788240584763
0.426249714919153477
0.430019577855845714
0.442856812555279145
0.421434103358754364
0.450439037432502909
0.462533372922235342
0.451936261377720916
0.468735107324931344
0.450561323647908518
0.456395964117163044
0.432818628500000913
0.467554615029483756
0.4383008580638591
0.421414004113210838
0.448786147758998055
0.462277028024458025
0.415410091215822785
0.436567465063004867
0.466543200464543506
0.435423785547637665
0.44083164018423493
0.452192080488777126
0.428413891861201268
0.43550855300864888
0.490467260010283124
0.457237813259339432
0.468062146812190383
0.48637552972732262
0.439393413430606061
0.468495424709520436
0.43649260754144048
0.437500886448546289
0.451449644099171432
0.442402028387963386
0.456392369378250562
0.441796914535491192
0.45545571831363757
0.407855745080113741
0.44900854723658401
0.432783239997876878
0.453619344780144151
0.47306378299481644
0.441483887745597048
0.447605851596553417
0.451142151518935386
0.423222022232372486
0.449346301539922388
0.474107589546792996
0.436570264384081308
0.479266807189713595
0.45107881808709166
0.433941023304457052
0.426848624565645984
0.447856284042702335
0.460566713744590961
0.434988729413763764
0.44600358418279501
0.484527792039983196
0.444459176364471908
0.481599015240895323
0.434627117972910593
0.397993746073062094
0.446933136548500198
0.462348503853743764
0.48382028530148341
0.470206199317952156
0.443747825150172859
0.440759805553188444
0.453717741956756737
0.429366948118578673
0.495331482811481094
0.450985491099203772
0.428560386187608111
0.45234437747627132
0.443234186350335624
0.458326517082418172
0.427009648411331877
0.455726760055518598
0.43531772614958536
0.471140349299156935
0.435569812896415942
0.458003342864895413
0.459052896661617693
0.462841272170423035
0.396711545683359701
0.457298510580317286
0.447582566075833133
0.460064092850588857
0.432860373972157819
0.47047243008245021
0.467975106901380611
0.459962537345872169
0.414055788166481364
0.46198381324024429
0.445386773568197281
0.462823031505284643
0.419522426826786976
0.468634199884214064
0.456567538532246353
0.495537296956020834
0.46498687474801198
0.440084090344377954
0.451931664611885664
0.448607868556878342
0.484578750583042672
0.45878368184065782
0.40867975322180905
0.477415673977159338
0.396240177966187546
0.440993561500723996
0.476482618420325466
0.458366956228572819
0.460277427599337319
0.425874744278365303
0.450128686703432368
0.483937378855218314
0.475679935100280005
0.456459084438340101
0.466510063924881313
0.419700787821877419
0.44082047357206805
0.440754819111270624
0.463956591373420157
0.472813839483065435
0.480142999236172763
0.459098957414174502
0.451505255100967617
0.470324445590565021
0.470749739680084156
0.416218514965027542
0.449255576198791418
0.468467417669483133
0.455824063134733892
0.50411028136864322
0.451863481501836917
0.48132618242816555
0.485104659407765926
0.476116784385444358
0.444662948840368777
0.433149836013942746
0.458728144073515642
0.439397165775980758
0.441203545489177285
0.443310391673439552
0.463115088825736876
0.455745145627579895
0.459646729240566376
0.496880345617760399
0.480420634071273889
0.413155070941168878
0.457156318617087498
0.436950850002995272
0.463835392713930483
0.460371685822032861
0.444758573309241845
0.458451199987131686
0.444663020022435518
0.469320893758866819
0.44170763333443569
0.453797798747140879
0.487764512293891839
0.4580868164959081
0.472339840175006465
0.44169749401058267
0.469625246353687131
0.484843037037776092
0.449608014033952952
0.470001973953607988
0.475012792497685743
0.485555666180301326
0.475185413944008817
0.485841747329487261
0.422107288841806483
0.458176614199266363
0.466140914247815452
0.45231066150729482
0.455403546722344954
0.474749654405329902
0.471863519938183706
0.465484593141440861
