0.420292550447847968
0.420231797196567225
0.420171043945286538
0.420110290694005795
0.420049537442725052
0.419988784191444364
0.419928030940163621
0.419867277688882934
0.419806524437602191
0.419745771186321448
0.419685017935040761
0.419624264683760018
0.419563511432479275
0.419502758181198587
0.419442004929917844
0.419381251678637157
0.419320498427356414
0.419259745176075671
0.419198991924794984
0.419138238673514241
0.419077485422233553
0.41901673217095281
0.418955978919672067
0.41889522566839138
0.418834472417110637
0.418773719165829894
0.418712965914549207
0.418652212663268464
0.418591459411987776
0.418530706160707033
0.41846995290942629
0.418409199658145603
0.41834844640686486
0.418287693155584117
0.41822693990430343
0.418166186653022687
0.418105433401741999
0.418044680150461256
0.417983926899180513
0.417923173647899826
0.417862420396619083
0.41780166714533834
0.417740913894057653
0.41768016064277691
0.417619407391496222
0.417558654140215479
0.417497900888934736
0.417437147637654049
0.417376394386373306
0.417315641135092563
0.417254887883811876
0.417194134632531133
0.417133381381250445
0.417072628129969702
0.41701187487868896
0.416951121627408272
0.416890368376127529
0.416829615124846842
0.416768861873566099
0.416708108622285356
0.416647355371004668
0.416586602119723926
0.416525848868443183
0.416465095617162495
0.416404342365881752
0.416343589114601065
0.416282835863320322
0.416222082612039579
0.416161329360758891
0.416100576109478149
0.416039822858197406
0.415979069606916718
0.415918316355635975
0.415857563104355288
0.415796809853074545
0.415736056601793802
0.415675303350513115
0.415614550099232372
0.415553796847951629
0.415493043596670941
0.415432290345390198
0.415371537094109511
0.415310783842828768
0.415250030591548025
0.415189277340267338
0.415128524088986595
0.415067770837705907
0.415007017586425164
0.414946264335144421
0.414885511083863734
0.414824757832582991
0.414764004581302248
0.414703251330021561
0.414642498078740818
0.41458174482746013
0.414520991576179387
0.414460238324898644
0.414399485073617957
0.414338731822337214
0.414277978571056471
0.414217225319775784
0.414156472068495041
0.414095718817214353
0.41403496556593361
0.413974212314652867
0.41391345906337218
0.413852705812091437
0.413791952560810694
0.413731199309530007
0.413670446058249264
0.413609692806968576
0.413548939555687833
0.41348818630440709
0.413427433053126403
0.41336667980184566
0.413305926550564917
0.41324517329928423
0.413184420048003487
0.413123666796722799
0.413062913545442056
0.413002160294161313
0.412941407042880626
0.412880653791599883
0.412819900540319196
0.412759147289038453
0.41269839403775771
0.412637640786477022
0.412576887535196279
0.412516134283915537
0.412455381032634849
0.412394627781354106
0.412333874530073419
0.412273121278792676
0.412212368027511933
0.412151614776231245
0.412090861524950502
0.41203010827366976
0.411969355022389072
0.411908601771108329
0.411847848519827642
0.411787095268546899
0.411726342017266156
0.411665588765985468
0.411604835514704726
0.411544082263423983
0.411483329012143295
0.411422575760862552
0.411361822509581865
0.411301069258301122
0.411240316007020379
0.411179562755739691
0.411118809504458949
0.411058056253178206
0.410997303001897518
0.410936549750616775
0.410875796499336088
0.410815043248055345
0.410754289996774602
0.410693536745493915
0.410632783494213172
0.410572030242932484
0.410511276991651741
0.410450523740370998
0.410389770489090311
0.410329017237809568
0.410268263986528825
0.410207510735248138
0.410146757483967395
0.410086004232686707
0.410025250981405964
0.409964497730125221
0.409903744478844534
0.409842991227563791
0.409782237976283048
0.409721484725002361
0.409660731473721618
0.40959997822244093
0.409539224971160187
0.409478471719879444
0.409417718468598757
0.409356965217318014
0.409296211966037271
0.409235458714756584
0.409174705463475841
0.409113952212195153
0.40905319896091441
0.408992445709633667
0.40893169245835298
0.408870939207072237
0.408810185955791494
0.408749432704510807
0.408688679453230064
0.408627926201949376
0.408567172950668633
0.40850641969938789
0.408445666448107203
0.40838491319682646
0.408324159945545773
0.40826340669426503
0.408202653442984287
0.408141900191703599
0.408081146940422856
0.408020393689142113
0.407959640437861426
0.407898887186580683
0.407838133935299996
0.407777380684019253
0.40771662743273851
0.407655874181457822
0.407595120930177079
0.407534367678896337
0.407473614427615649
0.407412861176334906
0.407352107925054219
0.407291354673773476
0.407230601422492733
0.407169848171212045
0.407109094919931302
0.40704834166865056
0.406987588417369872
0.406926835166089129
0.406866081914808442
0.406805328663527699
0.406744575412246956
0.406683822160966268
0.406623068909685526
0.406562315658404783
0.406501562407124095
0.406440809155843352
0.406380055904562665
0.406319302653281922
0.406258549402001179
0.406197796150720492
0.406137042899439749
0.406076289648159061
0.406015536396878318
0.405954783145597575
0.405894029894316888
0.405833276643036145
0.405772523391755402
0.405711770140474715
0.405651016889193972
0.405590263637913284
0.405529510386632541
0.405468757135351798
0.405408003884071111
0.405347250632790368
0.405286497381509625
0.405225744130228938
0.405164990878948195
0.405104237627667507
0.405043484376386764
0.404982731125106021
0.404921977873825334
0.404861224622544591
0.404800471371263848
0.404739718119983161
0.404678964868702418
0.40461821161742173
0.404557458366140987
0.404496705114860244
0.404435951863579557
0.404375198612298814
0.404314445361018127
0.404253692109737384
0.404192938858456641
0.404132185607175953
0.40407143235589521
0.404010679104614467
0.40394992585333378
0.403889172602053037
0.40382841935077235
0.403767666099491607
0.403706912848210864
0.403646159596930176
0.403585406345649433
0.40352465309436869
0.403463899843088003
0.40340314659180726
0.403342393340526573
0.40328164008924583
0.403220886837965087
0.403160133586684399
0.403099380335403656
0.403038627084122913
0.402977873832842226
0.402917120581561483
0.402856367330280796
0.402795614079000053
0.40273486082771931
0.402674107576438622
0.402613354325157879
0.402552601073877137
0.402491847822596449
0.402431094571315706
0.402370341320035019
0.402309588068754276
0.402248834817473533
0.402188081566192845
0.402127328314912103
0.402066575063631415
0.402005821812350672
0.401945068561069929
0.401884315309789242
0.401823562058508499
0.401762808807227756
0.401702055555947068
0.401641302304666326
0.401580549053385638
0.401519795802104895
0.401459042550824152
0.401398289299543465
0.401337536048262722
0.401276782796981979
0.401216029545701292
0.401155276294420549
0.401094523043139861
0.401033769791859118
0.400973016540578375
0.400912263289297688
0.400851510038016945
0.400790756786736202
0.400730003535455515
0.400669250284174772
0.400608497032894084
0.400547743781613341
0.400486990530332598
0.400426237279051911
0.400365484027771168
0.400304730776490425
0.400243977525209738
0.400183224273928995
0.400122471022648307
0.400061717771367564
0.400000964520086821
0.399940211268806134
0.399879458017525391
0.399818704766244704
0.399757951514963961
0.399697198263683218
0.39963644501240253
0.399575691761121787
0.399514938509841044
0.399454185258560357
0.399393432007279614
0.399332678755998927
0.399271925504718184
0.399211172253437441
0.399150419002156753
0.39908966575087601
0.399028912499595267
0.39896815924831458
0.398907405997033837
0.39884665274575315
0.398785899494472407
0.398725146243191664
0.398664392991910976
0.398603639740630233
0.39854288648934949
0.398482133238068803
0.39842137998678806
0.398360626735507373
0.39829987348422663
0.398239120232945887
0.398178366981665199
0.398117613730384456
0.398056860479103714
0.397996107227823026
0.397935353976542283
0.397874600725261596
0.397813847473980853
0.39775309422270011
0.397692340971419422
0.397631587720138679
0.397570834468857992
0.397510081217577249
0.397449327966296506
0.397388574715015819
0.397327821463735076
0.397267068212454333
0.397206314961173645
0.397145561709892903
0.397084808458612215
0.397024055207331472
0.396963301956050729
0.396902548704770042
0.396841795453489299
0.396781042202208556
0.396720288950927868
0.396659535699647126
0.396598782448366438
0.396538029197085695
0.396477275945804952
0.396416522694524265
0.396355769443243522
0.396295016191962779
0.396234262940682092
0.396173509689401349
0.396112756438120661
0.396052003186839918
0.395991249935559175
0.395930496684278488
0.395869743432997745
0.395808990181717002
0.395748236930436315
0.395687483679155572
0.395626730427874884
0.395565977176594141
0.395505223925313398
0.395444470674032711
0.395383717422751968
0.395322964171471281
0.395262210920190538
0.395201457668909795
0.395140704417629107
0.395079951166348364
0.395019197915067621
0.394958444663786934
0.394897691412506191
0.394836938161225504
0.394776184909944761
0.394715431658664018
0.39465467840738333
0.394593925156102587
0.394533171904821844
0.394472418653541157
0.394411665402260414
0.394350912150979727
0.394290158899698984
0.394229405648418241
0.394168652397137553
0.39410789914585681
0.394047145894576067
0.39398639264329538
0.393925639392014637
0.39386488614073395
0.393804132889453207
0.393743379638172464
0.393682626386891776
0.393621873135611033
0.39356111988433029
0.393500366633049603
0.39343961338176886
0.393378860130488173
0.39331810687920743
0.393257353627926687
0.393196600376645999
0.393135847125365256
0.393075093874084569
0.393014340622803826
0.392953587371523083
0.392892834120242396
0.392832080868961653
0.39277132761768091
0.392710574366400222
0.392649821115119479
0.392589067863838792
0.392528314612558049
0.392467561361277306
0.392406808109996619
0.392346054858715876
0.392285301607435133
0.392224548356154445
0.392163795104873703
0.392103041853593015
0.392042288602312272
0.391981535351031529
0.391920782099750842
0.391860028848470099
0.391799275597189356
0.391738522345908668
0.391677769094627926
0.391617015843347238
0.391556262592066495
0.391495509340785752
0.391434756089505065
0.391374002838224322
0.391313249586943634
0.391252496335662892
0.391191743084382149
0.391130989833101461
0.391070236581820718
0.391009483330539975
0.390948730079259288
0.390887976827978545
0.390827223576697858
0.390766470325417115
0.390705717074136372
0.390644963822855684
0.390584210571574941
0.390523457320294198
0.390462704069013511
0.390401950817732768
0.390341197566452081
0.390280444315171338
0.390219691063890595
0.390158937812609907
0.390098184561329164
0.390037431310048421
0.389976678058767734
0.389915924807486991
0.389855171556206304
0.389794418304925561
0.389733665053644818
0.38967291180236413
0.389612158551083387
0.389551405299802644
0.389490652048521957
0.389429898797241214
0.389369145545960527
0.389308392294679784
0.389247639043399041
0.389186885792118353
0.38912613254083761
0.389065379289556923
0.38900462603827618
0.388943872786995437
0.38888311953571475
0.388822366284434007
0.388761613033153264
0.388700859781872576
0.388640106530591833
0.388579353279311146
0.388518600028030403
0.38845784677674966
0.388397093525468973
0.38833634027418823
0.388275587022907487
0.388214833771626799
0.388154080520346056
0.388093327269065369
0.388032574017784626
0.387971820766503883
0.387911067515223196
0.387850314263942453
0.38778956101266171
0.387728807761381022
0.387668054510100279
0.387607301258819592
0.387546548007538849
0.387485794756258106
0.387425041504977419
0.387364288253696676
0.387303535002415933
0.387242781751135245
0.387182028499854503
0.387121275248573815
0.387060521997293072
0.386999768746012329
0.386939015494731642
0.386878262243450899
0.386817508992170211
0.386756755740889469
0.386696002489608726
0.386635249238328038
0.386574495987047295
0.386513742735766552
0.386452989484485865
0.386392236233205122
0.386331482981924434
0.386270729730643692
0.386209976479362949
0.386149223228082261
0.386088469976801518
0.386027716725520775
0.385966963474240088
0.385906210222959345
0.385845456971678658
0.385784703720397915
0.385723950469117172
0.385663197217836484
0.385602443966555741
0.385541690715274998
0.385480937463994311
0.385420184212713568
0.385359430961432881
0.385298677710152138
0.385237924458871395
0.385177171207590707
0.385116417956309964
0.385055664705029221
0.384994911453748534
0.384934158202467791
0.384873404951187104
0.384812651699906361
0.384751898448625618
0.38469114519734493
0.384630391946064187
0.3845696386947835
0.384508885443502757
0.384448132192222014
0.384387378940941327
0.384326625689660584
0.384265872438379841
0.384205119187099153
0.38414436593581841
0.384083612684537723
0.38402285943325698
0.383962106181976237
0.38390135293069555
0.383840599679414807
0.383779846428134064
0.383719093176853376
0.383658339925572633
0.383597586674291946
0.383536833423011203
0.38347608017173046
0.383415326920449773
0.38335457366916903
0.383293820417888287
0.383233067166607599
0.383172313915326856
0.383111560664046169
0.383050807412765426
0.382990054161484683
0.382929300910203996
0.382868547658923253
0.38280779440764251
0.382747041156361822
0.38268628790508108
0.382625534653800392
0.382564781402519649
0.382504028151238906
0.382443274899958219
0.382382521648677476
0.382321768397396788
0.382261015146116045
0.382200261894835303
0.382139508643554615
0.382078755392273872
0.382018002140993129
0.381957248889712442
0.381896495638431699
0.381835742387151011
0.381774989135870269
0.381714235884589526
0.381653482633308838
0.381592729382028095
0.381531976130747352
0.381471222879466665
0.381410469628185922
0.381349716376905234
0.381288963125624492
0.381228209874343749
0.381167456623063061
0.381106703371782318
0.381045950120501575
0.380985196869220888
0.380924443617940145
0.380863690366659458
0.380802937115378715
0.380742183864097972
0.380681430612817284
0.380620677361536541
0.380559924110255854
0.380499170858975111
0.380438417607694368
0.380377664356413681
0.380316911105132938
0.380256157853852195
0.380195404602571507
0.380134651351290764
0.380073898100010077
0.380013144848729334
0.379952391597448591
0.379891638346167904
0.379830885094887161
0.379770131843606418
0.37970937859232573
0.379648625341044987
0.3795878720897643
0.379527118838483557
0.379466365587202814
0.379405612335922127
0.379344859084641384
0.379284105833360641
0.379223352582079953
0.37916259933079921
0.379101846079518523
0.37904109282823778
0.378980339576957037
0.37891958632567635
0.378858833074395607
0.378798079823114864
0.378737326571834176
0.378676573320553433
0.378615820069272746
0.378555066817992003
0.37849431356671126
0.378433560315430573
0.37837280706414983
0.378312053812869142
0.378251300561588399
0.378190547310307656
0.378129794059026969
0.378069040807746226
0.378008287556465483
0.377947534305184796
0.377886781053904053
0.377826027802623365
0.377765274551342622
0.37770452130006188
0.377643768048781192
0.377583014797500449
0.377522261546219706
0.377461508294939019
0.377400755043658276
0.377340001792377588
0.377279248541096845
0.377218495289816103
0.377157742038535415
0.377096988787254672
0.377036235535973929
0.376975482284693242
0.376914729033412499
0.376853975782131811
0.376793222530851069
0.376732469279570326
0.376671716028289638
0.376610962777008895
0.376550209525728152
0.376489456274447465
0.376428703023166722
0.376367949771886035
0.376307196520605292
0.376246443269324549
0.376185690018043861
0.376124936766763118
0.376064183515482431
0.376003430264201688
0.375942677012920945
0.375881923761640258
0.375821170510359515
0.375760417259078772
0.375699664007798084
0.375638910756517341
0.375578157505236654
0.375517404253955911
0.375456651002675168
0.375395897751394481
0.375335144500113738
0.375274391248832995
0.375213637997552307
0.375152884746271564
0.375092131494990877
0.375031378243710134
0.374970624992429391
0.374909871741148704
0.374849118489867961
0.374788365238587218
0.37472761198730653
0.374666858736025787
0.3746061054847451
0.374545352233464357
0.374484598982183614
0.374423845730902927
0.374363092479622184
0.374302339228341441
0.374241585977060753
0.37418083272578001
0.374120079474499323
0.37405932622321858
0.373998572971937837
0.37393781972065715
0.373877066469376407
0.373816313218095719
0.373755559966814976
0.373694806715534233
0.373634053464253546
0.373573300212972803
0.37351254696169206
0.373451793710411373
0.37339104045913063
0.373330287207849942
0.373269533956569199
0.373208780705288456
0.373148027454007769
0.373087274202727026
0.373026520951446283
0.372965767700165596
0.372905014448884853
0.372844261197604165
0.372783507946323422
0.37272275469504268
0.372662001443761992
0.372601248192481249
0.372540494941200506
0.372479741689919819
0.372418988438639076
0.372358235187358388
0.372297481936077646
0.372236728684796903
0.372175975433516215
0.372115222182235472
0.372054468930954729
0.371993715679674042
0.371932962428393299
0.371872209177112611
0.371811455925831869
0.371750702674551126
0.371689949423270438
0.371629196171989695
0.371568442920709008
0.371507689669428265
0.371446936418147522
0.371386183166866835
0.371325429915586092
0.371264676664305349
0.371203923413024661
0.371143170161743918
0.371082416910463231
0.371021663659182488
0.370960910407901745
0.370900157156621058
0.370839403905340315
0.370778650654059572
0.370717897402778884
0.370657144151498141
0.370596390900217454
0.370535637648936711
0.370474884397655968
0.370414131146375281
0.370353377895094538
0.370292624643813795
0.370231871392533107
0.370171118141252364
0.370110364889971677
0.370049611638690934
0.369988858387410191
0.369928105136129504
0.369867351884848761
0.369806598633568073
0.36974584538228733
0.369685092131006587
0.3696243388797259
0.369563585628445157
0.369502832377164414
0.369442079125883727
0.369381325874602984
0.369320572623322296
0.369259819372041553
0.36919906612076081
0.369138312869480123
0.36907755961819938
0.369016806366918637
0.36895605311563795
0.368895299864357207
0.368834546613076519
0.368773793361795776
0.368713040110515033
0.368652286859234346
0.368591533607953603
0.36853078035667286
0.368470027105392173
0.36840927385411143
0.368348520602830742
0.368287767351549999
0.368227014100269257
0.368166260848988569
0.368105507597707826
0.368044754346427083
0.367984001095146396
0.367923247843865653
0.367862494592584965
0.367801741341304222
0.36774098809002348
0.367680234838742792
0.367619481587462049
0.367558728336181362
0.367497975084900619
0.367437221833619876
0.367376468582339188
0.367315715331058446
0.367254962079777703
0.367194208828497015
0.367133455577216272
0.367072702325935585
0.367011949074654842
0.366951195823374099
0.366890442572093411
0.366829689320812669
0.366768936069531926
0.366708182818251238
0.366647429566970495
0.366586676315689808
0.366525923064409065
0.366465169813128322
0.366404416561847635
0.366343663310566892
0.366282910059286149
0.366222156808005461
0.366161403556724718
0.366100650305444031
0.366039897054163288
0.365979143802882545
0.365918390551601858
0.365857637300321115
0.365796884049040372
0.365736130797759684
0.365675377546478941
0.365614624295198254
0.365553871043917511
0.365493117792636768
0.365432364541356081
0.365371611290075338
0.36531085803879465
0.365250104787513907
0.365189351536233164
0.365128598284952477
0.365067845033671734
0.365007091782390991
0.364946338531110304
0.364885585279829561
0.364824832028548873
0.36476407877726813
0.364703325525987387
0.3646425722747067
0.364581819023425957
0.364521065772145214
0.364460312520864527
0.364399559269583784
0.364338806018303096
0.364278052767022353
0.36421729951574161
0.364156546264460923
0.36409579301318018
0.364035039761899437
0.36397428651061875
0.363913533259338007
0.363852780008057319
0.363792026756776576
0.363731273505495833
0.363670520254215146
0.363609767002934403
0.36354901375165366
0.363488260500372973
0.36342750724909223
0.363366753997811542
0.363306000746530799
0.363245247495250057
0.363184494243969369
0.363123740992688626
0.363062987741407939
0.363002234490127196
0.362941481238846453
0.362880727987565765
0.362819974736285022
0.36275922148500428
0.362698468233723592
0.362637714982442849
0.362576961731162162
0.362516208479881419
0.362455455228600676
0.362394701977319988
0.362333948726039246
0.362273195474758503
0.362212442223477815
0.362151688972197072
0.362090935720916385
0.362030182469635642
0.361969429218354899
0.361908675967074211
0.361847922715793469
0.361787169464512726
0.361726416213232038
0.361665662961951295
0.361604909710670608
0.361544156459389865
0.361483403208109122
0.361422649956828435
0.361361896705547692
0.361301143454266949
0.361240390202986261
0.361179636951705518
0.361118883700424831
0.361058130449144088
0.360997377197863345
0.360936623946582658
0.360875870695301915
0.360815117444021227
0.360754364192740484
0.360693610941459741
0.360632857690179054
0.360572104438898311
0.360511351187617568
0.360450597936336881
0.360389844685056138
0.36032909143377545
0.360268338182494707
0.360207584931213964
0.360146831679933277
0.360086078428652534
0.360025325177371791
0.359964571926091104
0.359903818674810361
0.359843065423529673
0.35978231217224893
0.359721558920968187
0.3596608056696875
0.359600052418406757
0.359539299167126014
0.359478545915845327
0.359417792664564584
0.359357039413283896
0.359296286162003153
0.35923553291072241
0.359174779659441723
0.35911402640816098
0.359053273156880293
0.35899251990559955
0.358931766654318807
0.358871013403038119
0.358810260151757376
0.358749506900476633
0.358688753649195946
0.358628000397915203
0.358567247146634516
0.358506493895353773
0.35844574064407303
0.358384987392792342
0.358324234141511599
0.358263480890230857
0.358202727638950169
0.358141974387669426
0.358081221136388739
0.358020467885107996
0.357959714633827253
0.357898961382546565
0.357838208131265822
0.35777745487998508
0.357716701628704392
0.357655948377423649
0.357595195126142962
0.357534441874862219
0.357473688623581476
0.357412935372300788
0.357352182121020046
0.357291428869739303
0.357230675618458615
0.357169922367177872
0.357109169115897185
0.357048415864616442
0.356987662613335699
0.356926909362055012
0.356866156110774269
0.356805402859493581
0.356744649608212838
0.356683896356932095
0.356623143105651408
0.356562389854370665
0.356501636603089922
0.356440883351809235
0.356380130100528492
0.356319376849247804
0.356258623597967061
0.356197870346686318
0.356137117095405631
0.356076363844124888
0.356015610592844145
0.355954857341563458
0.355894104090282715
0.355833350839002027
0.355772597587721284
0.355711844336440541
0.355651091085159854
0.355590337833879111
0.355529584582598368
0.355468831331317681
0.355408078080036938
0.35534732482875625
0.355286571577475507
0.355225818326194764
0.355165065074914077
0.355104311823633334
0.355043558572352591
0.354982805321071904
0.354922052069791161
0.354861298818510473
0.35480054556722973
0.354739792315948987
0.3546790390646683
0.354618285813387557
0.35455753256210687
0.354496779310826127
0.354436026059545384
0.354375272808264696
0.354314519556983953
0.35425376630570321
0.354193013054422523
0.35413225980314178
0.354071506551861093
0.35401075330058035
0.353950000049299607
0.353889246798018919
0.353828493546738176
0.353767740295457433
0.353706987044176746
0.353646233792896003
0.353585480541615316
0.353524727290334573
0.35346397403905383
0.353403220787773142
0.353342467536492399
0.353281714285211657
0.353220961033930969
0.353160207782650226
0.353099454531369539
0.353038701280088796
0.352977948028808053
0.352917194777527365
0.352856441526246623
0.35279568827496588
0.352734935023685192
0.352674181772404449
0.352613428521123762
0.352552675269843019
0.352491922018562276
0.352431168767281588
0.352370415516000846
0.352309662264720158
0.352248909013439415
0.352188155762158672
0.352127402510877985
0.352066649259597242
0.352005896008316499
0.351945142757035812
0.351884389505755069
0.351823636254474381
0.351762883003193638
0.351702129751912895
0.351641376500632208
0.351580623249351465
0.351519869998070722
0.351459116746790035
0.351398363495509292
0.351337610244228604
0.351276856992947861
0.351216103741667118
0.351155350490386431
0.351094597239105688
0.351033843987824945
0.350973090736544258
0.350912337485263515
0.350851584233982827
0.350790830982702084
0.350730077731421341
0.350669324480140654
0.350608571228859911
0.350547817977579168
0.350487064726298481
0.350426311475017738
0.35036555822373705
0.350304804972456307
0.350244051721175564
0.350183298469894877
0.350122545218614134
0.350061791967333447
0.350001038716052704
0.349940285464771961
0.349879532213491273
0.34981877896221053
0.349758025710929787
0.3496972724596491
0.349636519208368357
0.34957576595708767
0.349515012705806927
0.349454259454526184
0.349393506203245496
0.349332752951964753
0.34927199970068401
0.349211246449403323
0.34915049319812258
0.349089739946841893
0.34902898669556115
0.348968233444280407
0.348907480192999719
0.348846726941718976
0.348785973690438234
0.348725220439157546
0.348664467187876803
0.348603713936596116
0.348542960685315373
0.34848220743403463
0.348421454182753942
0.348360700931473199
0.348299947680192457
0.348239194428911769
0.348178441177631026
0.348117687926350339
0.348056934675069596
0.347996181423788853
0.347935428172508165
0.347874674921227423
0.347813921669946735
0.347753168418665992
0.347692415167385249
0.347631661916104562
0.347570908664823819
0.347510155413543076
0.347449402162262388
0.347388648910981646
0.347327895659700958
0.347267142408420215
0.347206389157139472
0.347145635905858785
0.347084882654578042
0.347024129403297299
0.346963376152016612
0.346902622900735869
0.346841869649455181
0.346781116398174438
0.346720363146893695
0.346659609895613008
0.346598856644332265
0.346538103393051522
0.346477350141770835
0.346416596890490092
0.346355843639209404
0.346295090387928661
0.346234337136647918
0.346173583885367231
0.346112830634086488
0.346052077382805801
0.345991324131525058
0.345930570880244315
0.345869817628963627
0.345809064377682884
0.345748311126402141
0.345687557875121454
0.345626804623840711
0.345566051372560024
0.345505298121279281
0.345444544869998538
0.34538379161871785
0.345323038367437107
0.345262285116156364
0.345201531864875677
0.345140778613594934
0.345080025362314247
0.345019272111033504
0.344958518859752761
0.344897765608472073
0.34483701235719133
0.344776259105910587
0.3447155058546299
0.344654752603349157
0.34459399935206847
0.344533246100787727
0.344472492849506984
0.344411739598226296
0.344350986346945553
0.34429023309566481
0.344229479844384123
0.34416872659310338
0.344107973341822693
0.34404722009054195
0.343986466839261207
0.343925713587980519
0.343864960336699776
0.343804207085419089
0.343743453834138346
0.343682700582857603
0.343621947331576916
0.343561194080296173
0.34350044082901543
0.343439687577734742
0.343378934326453999
0.343318181075173312
0.343257427823892569
0.343196674572611826
0.343135921321331139
0.343075168070050396
0.343014414818769653
0.342953661567488965
0.342892908316208223
0.342832155064927535
0.342771401813646792
0.342710648562366049
0.342649895311085362
0.342589142059804619
0.342528388808523876
0.342467635557243189
0.342406882305962446
0.342346129054681758
0.342285375803401015
0.342224622552120272
0.342163869300839585
0.342103116049558842
0.342042362798278099
0.341981609546997412
0.341920856295716669
0.341860103044435981
0.341799349793155238
0.341738596541874495
0.341677843290593808
0.341617090039313065
0.341556336788032378
0.341495583536751635
0.341434830285470892
0.341374077034190204
0.341313323782909461
0.341252570531628718
0.341191817280348031
0.341131064029067288
0.341070310777786601
0.341009557526505858
0.340948804275225115
0.340888051023944427
0.340827297772663684
0.340766544521382941
0.340705791270102254
0.340645038018821511
0.340584284767540824
0.340523531516260081
0.340462778264979338
0.34040202501369865
0.340341271762417907
0.340280518511137164
0.340219765259856477
0.340159012008575734
0.340098258757295047
0.340037505506014304
0.339976752254733561
0.339915999003452873
0.33985524575217213
0.339794492500891387
0.3397337392496107
0.339672985998329957
0.33961223274704927
0.339551479495768527
0.339490726244487784
0.339429972993207096
0.339369219741926353
0.339308466490645666
0.339247713239364923
0.33918695998808418
0.339126206736803493
0.33906545348552275
0.339004700234242007
0.338943946982961319
0.338883193731680576
0.338822440480399889
0.338761687229119146
0.338700933977838403
0.338640180726557716
0.338579427475276973
0.33851867422399623
0.338457920972715542
0.3383971677214348
0.338336414470154112
0.338275661218873369
0.338214907967592626
0.338154154716311939
0.338093401465031196
0.338032648213750453
0.337971894962469765
0.337911141711189023
0.337850388459908335
0.337789635208627592
0.337728881957346849
0.337668128706066162
0.337607375454785419
0.337546622203504676
0.337485868952223989
0.337425115700943246
0.337364362449662558
0.337303609198381815
0.337242855947101072
0.337182102695820385
0.337121349444539642
0.337060596193258954
0.336999842941978212
0.336939089690697469
0.336878336439416781
0.336817583188136038
0.336756829936855295
0.336696076685574608
0.336635323434293865
0.336574570183013178
0.336513816931732435
0.336453063680451692
0.336392310429171004
0.336331557177890261
0.336270803926609518
0.336210050675328831
0.336149297424048088
0.336088544172767401
0.336027790921486658
0.335967037670205915
0.335906284418925227
0.335845531167644484
0.335784777916363741
0.335724024665083054
0.335663271413802311
0.335602518162521624
0.335541764911240881
0.335481011659960138
0.33542025840867945
0.335359505157398707
0.33529875190611802
0.335237998654837277
0.335177245403556534
0.335116492152275847
0.335055738900995104
0.334994985649714361
0.334934232398433673
0.33487347914715293
0.334812725895872243
0.3347519726445915
0.334691219393310757
0.33463046614203007
0.334569712890749327
0.334508959639468584
0.334448206388187896
0.334387453136907153
0.334326699885626466
0.334265946634345723
0.33420519338306498
0.334144440131784293
0.33408368688050355
0.334022933629222807
0.333962180377942119
0.333901427126661376
0.333840673875380689
0.333779920624099946
0.333719167372819203
0.333658414121538516
0.333597660870257773
0.33353690761897703
0.333476154367696342
0.3334154011164156
0.333354647865134912
0.333293894613854169
0.333233141362573426
0.333172388111292739
0.333111634860011996
0.333050881608731308
0.332990128357450565
0.332929375106169823
0.332868621854889135
0.332807868603608392
0.332747115352327649
0.332686362101046962
0.332625608849766219
0.332564855598485531
0.332504102347204789
0.332443349095924046
0.332382595844643358
0.332321842593362615
0.332261089342081872
0.332200336090801185
0.332139582839520442
0.332078829588239755
0.332018076336959012
0.331957323085678269
0.331896569834397581
0.331835816583116838
0.331775063331836095
0.331714310080555408
0.331653556829274665
0.331592803577993978
0.331532050326713235
0.331471297075432492
0.331410543824151804
0.331349790572871061
0.331289037321590318
0.331228284070309631
0.331167530819028888
0.331106777567748201
0.331046024316467458
0.330985271065186715
0.330924517813906027
0.330863764562625284
0.330803011311344597
0.330742258060063854
0.330681504808783111
0.330620751557502424
0.330559998306221681
0.330499245054940938
0.33043849180366025
0.330377738552379507
0.33031698530109882
0.330256232049818077
0.330195478798537334
0.330134725547256647
0.330073972295975904
0.330013219044695161
0.329952465793414473
0.32989171254213373
0.329830959290853043
0.3297702060395723
0.329709452788291557
0.32964869953701087
0.329587946285730127
0.329527193034449384
0.329466439783168696
0.329405686531887953
0.329344933280607266
0.329284180029326523
0.32922342677804578
0.329162673526765093
0.32910192027548435
0.329041167024203607
0.328980413772922919
0.328919660521642176
0.328858907270361489
0.328798154019080746
0.328737400767800003
0.328676647516519316
0.328615894265238573
0.328555141013957885
0.328494387762677142
0.3284336345113964
0.328372881260115712
0.328312128008834969
0.328251374757554226
0.328190621506273539
0.328129868254992796
0.328069115003712108
0.328008361752431365
0.327947608501150623
0.327886855249869935
0.327826101998589192
0.327765348747308449
0.327704595496027762
0.327643842244747019
0.327583088993466331
0.327522335742185589
0.327461582490904846
0.327400829239624158
0.327340075988343415
0.327279322737062672
0.327218569485781985
0.327157816234501242
0.327097062983220555
0.327036309731939812
0.326975556480659069
0.326914803229378381
0.326854049978097638
0.326793296726816895
0.326732543475536208
0.326671790224255465
0.326611036972974778
0.326550283721694035
0.326489530470413292
0.326428777219132604
0.326368023967851861
0.326307270716571174
0.326246517465290431
0.326185764214009688
0.326125010962729001
0.326064257711448258
0.326003504460167515
0.325942751208886827
0.325881997957606084
0.325821244706325397
0.325760491455044654
0.325699738203763911
0.325638984952483224
0.325578231701202481
0.325517478449921738
0.32545672519864105
0.325395971947360307
0.32533521869607962
0.325274465444798877
0.325213712193518134
0.325152958942237447
0.325092205690956704
0.325031452439675961
0.324970699188395273
0.32490994593711453
0.324849192685833843
0.3247884394345531
0.324727686183272357
0.32466693293199167
0.324606179680710927
0.324545426429430239
0.324484673178149496
0.324423919926868753
0.324363166675588066
0.324302413424307323
0.32424166017302658
0.324180906921745893
0.32412015367046515
0.324059400419184462
0.323998647167903719
0.323937893916622976
0.323877140665342289
0.323816387414061546
0.323755634162780803
0.323694880911500116
0.323634127660219373
0.323573374408938685
0.323512621157657942
0.3234518679063772
0.323391114655096512
0.323330361403815769
0.323269608152535026
0.323208854901254339
0.323148101649973596
0.323087348398692908
0.323026595147412166
0.322965841896131423
0.322905088644850735
0.322844335393569992
0.322783582142289249
0.322722828891008562
0.322662075639727819
0.322601322388447131
0.322540569137166389
0.322479815885885646
0.322419062634604958
0.322358309383324215
0.322297556132043528
0.322236802880762785
0.322176049629482042
0.322115296378201355
0.322054543126920612
0.321993789875639869
0.321933036624359181
0.321872283373078438
0.321811530121797751
0.321750776870517008
0.321690023619236265
0.321629270367955578
0.321568517116674835
0.321507763865394092
0.321447010614113404
0.321386257362832661
0.321325504111551974
0.321264750860271231
0.321203997608990488
0.321143244357709801
0.321082491106429058
0.321021737855148315
0.320960984603867627
0.320900231352586884
0.320839478101306197
0.320778724850025454
0.320717971598744711
0.320657218347464024
0.320596465096183281
0.320535711844902538
0.32047495859362185
0.320414205342341107
0.32035345209106042
0.320292698839779677
0.320231945588498934
0.320171192337218247
0.320110439085937504
0.320049685834656816
0.319988932583376073
0.31992817933209533
0.319867426080814643
0.3198066728295339
0.319745919578253157
0.31968516632697247
0.319624413075691727
0.319563659824411039
0.319502906573130296
0.319442153321849553
0.319381400070568866
0.319320646819288123
0.31925989356800738
0.319199140316726693
0.31913838706544595
0.319077633814165262
0.319016880562884519
0.318956127311603777
0.318895374060323089
0.318834620809042346
0.318773867557761603
0.318713114306480916
0.318652361055200173
0.318591607803919485
0.318530854552638742
0.318470101301358
0.318409348050077312
0.318348594798796569
0.318287841547515826
0.318227088296235139
0.318166335044954396
0.318105581793673708
0.318044828542392966
0.317984075291112223
0.317923322039831535
0.317862568788550792
0.317801815537270105
0.317741062285989362
0.317680309034708619
0.317619555783427931
0.317558802532147189
0.317498049280866446
0.317437296029585758
0.317376542778305015
0.317315789527024328
0.317255036275743585
0.317194283024462842
0.317133529773182155
0.317072776521901412
0.317012023270620669
0.316951270019339981
0.316890516768059238
0.316829763516778551
0.316769010265497808
0.316708257014217065
0.316647503762936378
0.316586750511655635
0.316525997260374892
0.316465244009094204
0.316404490757813461
0.316343737506532774
0.316282984255252031
0.316222231003971288
0.316161477752690601
0.316100724501409858
0.316039971250129115
0.315979217998848427
0.315918464747567684
0.315857711496286997
0.315796958245006254
0.315736204993725511
0.315675451742444824
0.315614698491164081
0.315553945239883393
0.31549319198860265
0.315432438737321907
0.31537168548604122
0.315310932234760477
0.315250178983479734
0.315189425732199047
0.315128672480918304
0.315067919229637616
0.315007165978356873
0.31494641272707613
0.314885659475795443
0.3148249062245147
0.314764152973233957
0.31470339972195327
0.314642646470672527
0.314581893219391839
0.314521139968111096
0.314460386716830353
0.314399633465549666
0.314338880214268923
0.31427812696298818
0.314217373711707493
0.31415662046042675
0.314095867209146062
0.314035113957865319
0.313974360706584577
0.313913607455303889
0.313852854204023146
0.313792100952742459
0.313731347701461716
0.313670594450180973
0.313609841198900285
0.313549087947619542
0.3134883346963388
0.313427581445058112
0.313366828193777369
0.313306074942496682
0.313245321691215939
0.313184568439935196
0.313123815188654508
0.313063061937373766
0.313002308686093023
0.312941555434812335
0.312880802183531592
0.312820048932250905
0.312759295680970162
0.312698542429689419
0.312637789178408732
0.312577035927127989
0.312516282675847246
0.312455529424566558
0.312394776173285815
0.312334022922005128
0.312273269670724385
0.312212516419443642
0.312151763168162955
0.312091009916882212
0.312030256665601469
0.311969503414320781
0.311908750163040038
0.311847996911759351
0.311787243660478608
0.311726490409197865
0.311665737157917178
0.311604983906636435
0.311544230655355747
0.311483477404075004
0.311422724152794261
0.311361970901513574
0.311301217650232831
0.311240464398952088
0.311179711147671401
0.311118957896390658
0.31105820464510997
0.310997451393829227
0.310936698142548484
0.310875944891267797
0.310815191639987054
0.310754438388706311
0.310693685137425624
0.310632931886144881
0.310572178634864193
0.31051142538358345
0.310450672132302707
0.31038991888102202
0.310329165629741277
0.310268412378460534
0.310207659127179847
0.310146905875899104
0.310086152624618416
0.310025399373337673
0.30996464612205693
0.309903892870776243
0.3098431396194955
0.309782386368214757
0.30972163311693407
0.309660879865653327
0.309600126614372639
0.309539373363091896
0.309478620111811153
0.309417866860530466
0.309357113609249723
0.309296360357969036
0.309235607106688293
0.30917485385540755
0.309114100604126862
0.309053347352846119
0.308992594101565377
0.308931840850284689
0.308871087599003946
0.308810334347723259
0.308749581096442516
0.308688827845161773
0.308628074593881085
0.308567321342600343
0.3085065680913196
0.308445814840038912
0.308385061588758169
0.308324308337477482
0.308263555086196739
0.308202801834915996
0.308142048583635308
0.308081295332354566
0.308020542081073823
0.307959788829793135
0.307899035578512392
0.307838282327231705
0.307777529075950962
0.307716775824670219
0.307656022573389532
0.307595269322108789
0.307534516070828046
0.307473762819547358
0.307413009568266615
0.307352256316985928
0.307291503065705185
0.307230749814424442
0.307169996563143755
0.307109243311863012
0.307048490060582324
0.306987736809301581
0.306926983558020838
0.306866230306740151
0.306805477055459408
0.306744723804178665
0.306683970552897978
0.306623217301617235
0.306562464050336547
0.306501710799055804
0.306440957547775061
0.306380204296494374
0.306319451045213631
0.306258697793932888
0.306197944542652201
0.306137191291371458
0.30607643804009077
0.306015684788810027
0.305954931537529284
0.305894178286248597
0.305833425034967854
0.305772671783687111
0.305711918532406424
0.305651165281125681
0.305590412029844993
0.30552965877856425
0.305468905527283507
0.30540815227600282
0.305347399024722077
0.305286645773441334
0.305225892522160647
0.305165139270879904
0.305104386019599216
0.305043632768318473
0.30498287951703773
0.304922126265757043
0.3048613730144763
0.304800619763195613
0.30473986651191487
0.304679113260634127
0.304618360009353439
0.304557606758072696
0.304496853506791954
0.304436100255511266
0.304375347004230523
0.304314593752949836
0.304253840501669093
0.30419308725038835
0.304132333999107662
0.304071580747826919
0.304010827496546177
0.303950074245265489
0.303889320993984746
0.303828567742704059
0.303767814491423316
0.303707061240142573
0.303646307988861885
0.303585554737581143
0.3035248014863004
0.303464048235019712
0.303403294983738969
0.303342541732458282
0.303281788481177539
0.303221035229896796
0.303160281978616108
0.303099528727335366
0.303038775476054678
0.302978022224773935
0.302917268973493192
0.302856515722212505
0.302795762470931762
0.302735009219651019
0.302674255968370332
0.302613502717089589
0.302552749465808901
0.302491996214528158
0.302431242963247415
0.302370489711966728
0.302309736460685985
0.302248983209405242
0.302188229958124555
0.302127476706843812
0.302066723455563124
0.302005970204282381
0.301945216953001638
0.301884463701720951
0.301823710450440208
0.301762957199159465
0.301702203947878778
0.301641450696598035
0.301580697445317347
0.301519944194036604
0.301459190942755861
0.301398437691475174
0.301337684440194431
0.301276931188913688
0.301216177937633001
0.301155424686352258
0.30109467143507157
0.301033918183790827
0.300973164932510084
0.300912411681229397
0.300851658429948654
0.300790905178667967
0.300730151927387224
0.300669398676106481
0.300608645424825793
0.30054789217354505
0.300487138922264307
0.30042638567098362
0.300365632419702877
0.30030487916842219
0.300244125917141447
0.300183372665860704
0.300122619414580016
0.300061866163299273
0.30000111291201853
0.299940359660737843
0.2998796064094571
0.299818853158176413
0.29975809990689567
0.299697346655614927
0.299636593404334239
0.299575840153053496
0.299515086901772754
0.299454333650492066
0.299393580399211323
0.299332827147930636
0.299272073896649893
0.29921132064536915
0.299150567394088462
0.299089814142807719
0.299029060891526977
0.298968307640246289
0.298907554388965546
0.298846801137684859
0.298786047886404116
0.298725294635123373
0.298664541383842685
0.298603788132561943
0.298543034881281255
0.298482281630000512
0.298421528378719769
0.298360775127439082
0.298300021876158339
0.298239268624877596
0.298178515373596908
0.298117762122316166
0.298057008871035478
0.297996255619754735
0.297935502368473992
0.297874749117193305
0.297813995865912562
0.297753242614631819
0.297692489363351132
0.297631736112070389
0.297570982860789701
0.297510229609508958
0.297449476358228215
0.297388723106947528
0.297327969855666785
0.297267216604386042
0.297206463353105355
0.297145710101824612
0.297084956850543924
0.297024203599263181
0.296963450347982438
0.296902697096701751
0.296841943845421008
0.296781190594140265
0.296720437342859578
0.296659684091578835
0.296598930840298147
0.296538177589017404
0.296477424337736661
0.296416671086455974
0.296355917835175231
0.296295164583894544
0.296234411332613801
0.296173658081333058
0.29611290483005237
0.296052151578771627
0.295991398327490884
0.295930645076210197
0.295869891824929454
0.295809138573648767
0.295748385322368024
0.295687632071087281
0.295626878819806593
0.29556612556852585
0.295505372317245107
0.29544461906596442
0.295383865814683677
0.29532311256340299
0.295262359312122247
0.295201606060841504
0.295140852809560816
0.295080099558280073
0.29501934630699933
0.294958593055718643
0.2948978398044379
0.294837086553157213
0.29477633330187647
0.294715580050595727
0.294654826799315039
0.294594073548034296
0.294533320296753554
0.294472567045472866
0.294411813794192123
0.294351060542911436
0.294290307291630693
0.29422955404034995
0.294168800789069262
0.294108047537788519
0.294047294286507832
0.293986541035227089
0.293925787783946346
0.293865034532665659
0.293804281281384916
0.293743528030104173
0.293682774778823485
0.293622021527542743
0.293561268276262055
0.293500515024981312
0.293439761773700569
0.293379008522419882
0.293318255271139139
0.293257502019858396
0.293196748768577709
0.293135995517296966
0.293075242266016278
0.293014489014735535
0.292953735763454792
0.292892982512174105
0.292832229260893362
0.292771476009612619
0.292710722758331932
0.292649969507051189
0.292589216255770501
0.292528463004489758
0.292467709753209015
0.292406956501928328
0.292346203250647585
0.292285449999366842
0.292224696748086155
0.292163943496805412
0.292103190245524724
0.292042436994243981
0.291981683742963238
0.291920930491682551
0.291860177240401808
0.291799423989121121
0.291738670737840378
0.291677917486559635
0.291617164235278947
0.291556410983998204
0.291495657732717461
0.291434904481436774
0.291374151230156031
0.291313397978875344
0.291252644727594601
0.291191891476313858
0.29113113822503317
0.291070384973752427
0.291009631722471684
0.290948878471190997
0.290888125219910254
0.290827371968629567
0.290766618717348824
0.290705865466068081
0.290645112214787393
0.29058435896350665
0.290523605712225907
0.29046285246094522
0.290402099209664477
0.29034134595838379
0.290280592707103047
0.290219839455822304
0.290159086204541616
0.290098332953260873
0.290037579701980186
0.289976826450699443
0.2899160731994187
0.289855319948138013
0.28979456669685727
0.289733813445576527
0.289673060194295839
0.289612306943015096
0.289551553691734409
0.289490800440453666
0.289430047189172923
0.289369293937892236
0.289308540686611493
0.28924778743533075
0.289187034184050062
0.28912628093276932
0.289065527681488632
0.289004774430207889
0.288944021178927146
0.288883267927646459
0.288822514676365716
0.288761761425084973
0.288701008173804285
0.288640254922523543
0.288579501671242855
0.288518748419962112
0.288457995168681369
0.288397241917400682
0.288336488666119939
0.288275735414839196
0.288214982163558509
0.288154228912277766
0.288093475660997078
0.288032722409716335
0.287971969158435592
0.287911215907154905
0.287850462655874162
0.287789709404593474
0.287728956153312732
0.287668202902031989
0.287607449650751301
0.287546696399470558
0.287485943148189815
0.287425189896909128
0.287364436645628385
0.287303683394347698
0.287242930143066955
0.287182176891786212
0.287121423640505524
0.287060670389224781
0.286999917137944038
0.286939163886663351
0.286878410635382608
0.286817657384101921
0.286756904132821178
0.286696150881540435
0.286635397630259747
0.286574644378979004
0.286513891127698261
0.286453137876417574
0.286392384625136831
0.286331631373856144
0.286270878122575401
0.286210124871294658
0.28614937162001397
0.286088618368733227
0.286027865117452484
0.285967111866171797
0.285906358614891054
0.285845605363610367
0.285784852112329624
0.285724098861048881
0.285663345609768193
0.28560259235848745
0.285541839107206763
0.28548108585592602
0.285420332604645277
0.28535957935336459
0.285298826102083847
0.285238072850803104
0.285177319599522416
0.285116566348241673
0.285055813096960986
0.284995059845680243
0.2849343065943995
0.284873553343118813
0.28481280009183807
0.284752046840557327
0.284691293589276639
0.284630540337995896
0.284569787086715209
0.284509033835434466
0.284448280584153723
0.284387527332873036
0.284326774081592293
0.28426602083031155
0.284205267579030862
0.28414451432775012
0.284083761076469432
0.284023007825188689
0.283962254573907946
0.283901501322627259
0.283840748071346516
0.283779994820065773
0.283719241568785085
0.283658488317504343
0.283597735066223655
0.283536981814942912
0.283476228563662169
0.283415475312381482
0.283354722061100739
0.283293968809820051
0.283233215558539309
0.283172462307258566
0.283111709055977878
0.283050955804697135
0.282990202553416392
0.282929449302135705
0.282868696050854962
0.282807942799574275
0.282747189548293532
0.282686436297012789
0.282625683045732101
0.282564929794451358
0.282504176543170615
0.282443423291889928
0.282382670040609185
0.282321916789328498
0.282261163538047755
0.282200410286767012
0.282139657035486324
0.282078903784205581
0.282018150532924838
0.281957397281644151
0.281896644030363408
0.281835890779082721
0.281775137527801978
0.281714384276521235
0.281653631025240547
0.281592877773959804
0.281532124522679061
0.281471371271398374
0.281410618020117631
0.281349864768836944
0.281289111517556201
0.281228358266275458
0.28116760501499477
0.281106851763714027
0.28104609851243334
0.280985345261152597
0.280924592009871854
0.280863838758591167
0.280803085507310424
0.280742332256029681
0.280681579004748993
0.28062082575346825
0.280560072502187563
0.28049931925090682
0.280438565999626077
0.28037781274834539
0.280317059497064647
0.280256306245783904
0.280195552994503216
0.280134799743222473
0.280074046491941786
0.280013293240661043
0.2799525399893803
0.279891786738099613
0.27983103348681887
0.279770280235538127
0.279709526984257439
0.279648773732976696
0.279588020481696009
0.279527267230415266
0.279466513979134523
0.279405760727853836
0.279345007476573093
0.279284254225292405
0.279223500974011662
0.27916274772273092
0.279101994471450232
0.279041241220169489
0.278980487968888746
0.278919734717608059
0.278858981466327316
0.278798228215046628
0.278737474963765886
0.278676721712485143
0.278615968461204455
0.278555215209923712
0.278494461958642969
0.278433708707362282
0.278372955456081539
0.278312202204800851
0.278251448953520109
0.278190695702239366
0.278129942450958678
0.278069189199677935
0.278008435948397192
0.277947682697116505
0.277886929445835762
0.277826176194555075
0.277765422943274332
0.277704669691993589
0.277643916440712901
0.277583163189432158
0.277522409938151415
0.277461656686870728
0.277400903435589985
0.277340150184309298
0.277279396933028555
0.277218643681747812
0.277157890430467124
0.277097137179186381
0.277036383927905694
0.276975630676624951
0.276914877425344208
0.276854124174063521
0.276793370922782778
0.276732617671502035
0.276671864420221347
0.276611111168940604
0.276550357917659917
0.276489604666379174
0.276428851415098431
0.276368098163817744
0.276307344912537001
0.276246591661256258
0.27618583840997557
0.276125085158694827
0.27606433190741414
0.276003578656133397
0.275942825404852654
0.275882072153571967
0.275821318902291224
0.275760565651010481
0.275699812399729793
0.27563905914844905
0.275578305897168363
0.27551755264588762
0.275456799394606877
0.27539604614332619
0.275335292892045447
0.275274539640764704
0.275213786389484016
0.275153033138203273
0.275092279886922586
0.275031526635641843
0.2749707733843611
0.274910020133080413
0.27484926688179967
0.274788513630518982
0.274727760379238239
0.274667007127957497
0.274606253876676809
0.274545500625396066
0.274484747374115323
0.274423994122834636
0.274363240871553893
0.274302487620273205
0.274241734368992462
0.27418098111771172
0.274120227866431032
0.274059474615150289
0.273998721363869546
0.273937968112588859
0.273877214861308116
0.273816461610027428
0.273755708358746686
0.273694955107465943
0.273634201856185255
0.273573448604904512
0.273512695353623769
0.273451942102343082
0.273391188851062339
0.273330435599781651
0.273269682348500909
0.273208929097220166
0.273148175845939478
0.273087422594658735
0.273026669343377992
0.272965916092097305
0.272905162840816562
0.272844409589535875
0.272783656338255132
0.272722903086974389
0.272662149835693701
0.272601396584412958
0.272540643333132271
0.272479890081851528
0.272419136830570785
0.272358383579290098
0.272297630328009355
0.272236877076728612
0.272176123825447924
0.272115370574167181
0.272054617322886494
0.271993864071605751
0.271933110820325008
0.271872357569044321
0.271811604317763578
0.271750851066482835
0.271690097815202147
0.271629344563921404
0.271568591312640717
0.271507838061359974
0.271447084810079231
0.271386331558798544
0.271325578307517801
0.271264825056237058
0.27120407180495637
0.271143318553675627
0.27108256530239494
0.271021812051114197
0.270961058799833454
0.270900305548552767
0.270839552297272024
0.270778799045991281
0.270718045794710593
0.27065729254342985
0.270596539292149163
0.27053578604086842
0.270475032789587677
0.27041427953830699
0.270353526287026247
0.270292773035745559
0.270232019784464816
0.270171266533184073
0.270110513281903386
0.270049760030622643
0.2699890067793419
0.269928253528061213
0.26986750027678047
0.269806747025499782
0.269745993774219039
0.269685240522938297
0.269624487271657609
0.269563734020376866
0.269502980769096123
0.269442227517815436
0.269381474266534693
0.269320721015254005
0.269259967763973262
0.26919921451269252
0.269138461261411832
0.269077708010131089
0.269016954758850346
0.268956201507569659
0.268895448256288916
0.268834695005008228
0.268773941753727486
0.268713188502446743
0.268652435251166055
0.268591681999885312
0.268530928748604625
0.268470175497323882
0.268409422246043139
0.268348668994762452
0.268287915743481709
0.268227162492200966
0.268166409240920278
0.268105655989639535
0.268044902738358848
0.267984149487078105
0.267923396235797362
0.267862642984516675
0.267801889733235932
0.267741136481955189
0.267680383230674501
0.267619629979393758
0.267558876728113071
0.267498123476832328
0.267437370225551585
0.267376616974270898
0.267315863722990155
0.267255110471709412
0.267194357220428724
0.267133603969147981
0.267072850717867294
0.267012097466586551
0.266951344215305808
0.266890590964025121
0.266829837712744378
0.266769084461463635
0.266708331210182947
0.266647577958902204
0.266586824707621517
0.266526071456340774
0.266465318205060031
0.266404564953779344
0.266343811702498601
0.266283058451217913
0.26622230519993717
0.266161551948656427
0.26610079869737574
0.266040045446094997
0.265979292194814254
0.265918538943533567
0.265857785692252824
0.265797032440972136
0.265736279189691393
0.26567552593841065
0.265614772687129963
0.26555401943584922
0.265493266184568477
0.26543251293328779
0.265371759682007047
0.265311006430726359
0.265250253179445616
0.265189499928164873
0.265128746676884186
0.265067993425603443
0.2650072401743227
0.264946486923042013
0.26488573367176127
0.264824980420480582
0.264764227169199839
0.264703473917919097
0.264642720666638409
0.264581967415357666
0.264521214164076923
0.264460460912796236
0.264399707661515493
0.264338954410234805
0.264278201158954062
0.26421744790767332
0.264156694656392632
0.264095941405111889
0.264035188153831202
0.263974434902550459
0.263913681651269716
0.263852928399989028
0.263792175148708286
0.263731421897427543
0.263670668646146855
0.263609915394866112
0.263549162143585425
0.263488408892304682
0.263427655641023939
0.263366902389743252
0.263306149138462509
0.263245395887181766
0.263184642635901078
0.263123889384620335
0.263063136133339648
0.263002382882058905
0.262941629630778162
0.262880876379497475
0.262820123128216732
0.262759369876935989
0.262698616625655301
0.262637863374374558
0.262577110123093871
0.262516356871813128
0.262455603620532385
0.262394850369251698
0.262334097117970955
0.262273343866690212
0.262212590615409524
0.262151837364128781
0.262091084112848094
0.262030330861567351
0.261969577610286608
0.261908824359005921
0.261848071107725178
0.26178731785644449
0.261726564605163747
0.261665811353883004
0.261605058102602317
0.261544304851321574
0.261483551600040831
0.261422798348760144
0.261362045097479401
0.261301291846198713
0.26124053859491797
0.261179785343637227
0.26111903209235654
0.261058278841075797
0.260997525589795054
0.260936772338514367
0.260876019087233624
0.260815265835952936
0.260754512584672193
0.26069375933339145
0.260633006082110763
0.26057225283083002
0.260511499579549277
0.26045074632826859
0.260389993076987847
0.260329239825707159
0.260268486574426416
0.260207733323145673
0.260146980071864986
0.260086226820584243
0.2600254735693035
0.259964720318022813
0.25990396706674207
0.259843213815461382
0.259782460564180639
0.259721707312899897
0.259660954061619209
0.259600200810338466
0.259539447559057779
0.259478694307777036
0.259417941056496293
0.259357187805215605
0.259296434553934863
0.25923568130265412
0.259174928051373432
0.259114174800092689
0.259053421548812002
0.258992668297531259
0.258931915046250516
0.258871161794969828
0.258810408543689086
0.258749655292408343
0.258688902041127655
0.258628148789846912
0.258567395538566225
0.258506642287285482
0.258445889036004739
0.258385135784724052
0.258324382533443309
0.258263629282162566
0.258202876030881878
0.258142122779601135
0.258081369528320448
0.258020616277039705
0.257959863025758962
0.257899109774478275
0.257838356523197532
0.257777603271916844
0.257716850020636101
0.257656096769355358
0.257595343518074671
0.257534590266793928
0.257473837015513185
0.257413083764232498
0.257352330512951755
0.257291577261671067
0.257230824010390324
0.257170070759109581
0.257109317507828894
0.257048564256548151
0.256987811005267408
0.256927057753986721
0.256866304502705978
0.25680555125142529
0.256744798000144547
0.256684044748863804
0.256623291497583117
0.256562538246302374
0.256501784995021631
0.256441031743740944
0.256380278492460201
0.256319525241179513
0.25625877198989877
0.256198018738618027
0.25613726548733734
0.256076512236056597
0.256015758984775854
0.255955005733495167
0.255894252482214424
0.255833499230933736
0.255772745979652993
0.25571199272837225
0.255651239477091563
0.25559048622581082
0.255529732974530133
0.25546897972324939
0.255408226471968647
0.255347473220687959
0.255286719969407216
0.255225966718126474
0.255165213466845786
0.255104460215565043
0.255043706964284356
0.254982953713003613
0.25492220046172287
0.254861447210442182
0.254800693959161439
0.254739940707880697
0.254679187456600009
0.254618434205319266
0.254557680954038579
0.254496927702757836
0.254436174451477093
0.254375421200196405
0.254314667948915663
0.25425391469763492
0.254193161446354232
0.254132408195073489
0.254071654943792802
0.254010901692512059
0.253950148441231316
0.253889395189950628
0.253828641938669886
0.253767888687389143
0.253707135436108455
0.253646382184827712
0.253585628933547025
0.253524875682266282
0.253464122430985539
0.253403369179704852
0.253342615928424109
0.253281862677143421
0.253221109425862678
0.253160356174581935
0.253099602923301248
0.253038849672020505
0.252978096420739762
0.252917343169459075
0.252856589918178332
0.252795836666897644
0.252735083415616901
0.252674330164336158
0.252613576913055471
0.252552823661774728
0.252492070410493985
0.252431317159213298
0.252370563907932555
0.252309810656651867
0.252249057405371124
0.252188304154090381
0.252127550902809694
0.252066797651528951
0.252006044400248208
0.251945291148967521
0.251884537897686778
0.25182378464640609
0.251763031395125347
0.251702278143844604
0.251641524892563917
0.251580771641283174
0.251520018390002431
0.251459265138721744
0.251398511887441001
0.251337758636160313
0.25127700538487957
0.251216252133598827
0.25115549888231814
0.251094745631037397
0.25103399237975671
0.250973239128475967
0.250912485877195224
0.250851732625914536
0.250790979374633793
0.25073022612335305
0.250669472872072363
0.25060871962079162
0.250547966369510933
0.25048721311823019
0.250426459866949447
0.250365706615668759
0.250304953364388016
0.250244200113107274
0.250183446861826586
0.250122693610545843
0.250061940359265156
0.250001187107984413
0.249940433856703698
0.249879680605422955
0.249818927354142239
0.249758174102861524
0.249697420851580809
0.249636667600300066
0.249575914349019351
0.249515161097738636
0.249454407846457921
0.249393654595177178
0.249332901343896463
0.249272148092615747
0.249211394841335032
0.249150641590054317
0.249089888338773574
0.249029135087492859
0.248968381836212144
0.248907628584931429
0.248846875333650686
0.24878612208236997
0.248725368831089255
0.24866461557980854
0.248603862328527797
0.248543109077247082
0.248482355825966367
0.248421602574685652
0.248360849323404909
0.248300096072124193
0.248239342820843478
0.248178589569562763
0.24811783631828202
0.248057083067001305
0.24799632981572059
0.247935576564439875
0.247874823313159132
0.247814070061878416
0.247753316810597701
0.247692563559316986
0.247631810308036243
0.247571057056755528
0.247510303805474813
0.247449550554194098
0.247388797302913355
0.247328044051632639
0.247267290800351924
0.247206537549071209
0.247145784297790466
0.247085031046509751
0.247024277795229036
0.246963524543948321
0.246902771292667605
0.246842018041386863
0.246781264790106147
0.246720511538825432
0.246659758287544717
0.246599005036263974
0.246538251784983259
0.246477498533702544
0.246416745282421829
0.246355992031141086
0.24629523877986037
0.246234485528579655
0.24617373227729894
0.246112979026018197
0.246052225774737482
0.245991472523456767
0.245930719272176052
0.245869966020895309
0.245809212769614593
0.245748459518333878
0.245687706267053163
0.24562695301577242
0.245566199764491705
0.24550544651321099
0.245444693261930275
0.245383940010649532
0.245323186759368816
0.245262433508088101
0.245201680256807386
0.245140927005526643
0.245080173754245928
0.245019420502965213
0.244958667251684498
0.244897914000403755
0.24483716074912304
0.244776407497842324
0.244715654246561609
0.244654900995280894
0.244594147744000151
0.244533394492719436
0.244472641241438721
0.244411887990158005
0.244351134738877263
0.244290381487596547
0.244229628236315832
0.244168874985035117
0.244108121733754374
0.244047368482473659
0.243986615231192944
0.243925861979912229
0.243865108728631486
0.24380435547735077
0.243743602226070055
0.24368284897478934
0.243622095723508597
0.243561342472227882
0.243500589220947167
0.243439835969666452
0.243379082718385709
0.243318329467104993
0.243257576215824278
0.243196822964543563
0.24313606971326282
0.243075316461982105
0.24301456321070139
0.242953809959420675
0.242893056708139932
0.242832303456859216
0.242771550205578501
0.242710796954297786
0.242650043703017071
0.242589290451736328
0.242528537200455613
0.242467783949174898
0.242407030697894182
0.24234627744661344
0.242285524195332724
0.242224770944052009
0.242164017692771294
0.242103264441490551
0.242042511190209836
0.241981757938929121
0.241921004687648405
0.241860251436367663
0.241799498185086947
0.241738744933806232
0.241677991682525517
0.241617238431244774
0.241556485179964059
0.241495731928683344
0.241434978677402629
0.241374225426121886
0.24131347217484117
0.241252718923560455
0.24119196567227974
0.241131212420998997
0.241070459169718282
0.241009705918437567
0.240948952667156852
0.240888199415876109
0.240827446164595393
0.240766692913314678
0.240705939662033963
0.24064518641075322
0.240584433159472505
0.24052367990819179
0.240462926656911075
0.240402173405630359
0.240341420154349616
0.240280666903068901
0.240219913651788186
0.240159160400507471
0.240098407149226728
0.240037653897946013
0.239976900646665298
0.239916147395384582
0.23985539414410384
0.239794640892823124
0.239733887641542409
0.239673134390261694
0.239612381138980951
0.239551627887700236
0.239490874636419521
0.239430121385138805
0.239369368133858063
0.239308614882577347
0.239247861631296632
0.239187108380015917
0.239126355128735174
0.239065601877454459
0.239004848626173744
0.238944095374893029
0.238883342123612286
0.23882258887233157
0.238761835621050855
0.23870108236977014
0.238640329118489397
0.238579575867208682
0.238518822615927967
0.238458069364647252
0.238397316113366536
0.238336562862085793
0.238275809610805078
0.238215056359524363
0.238154303108243648
0.238093549856962905
0.23803279660568219
0.237972043354401475
0.237911290103120759
0.237850536851840016
0.237789783600559301
0.237729030349278586
0.237668277097997871
0.237607523846717128
0.237546770595436413
0.237486017344155698
0.237425264092874982
0.23736451084159424
0.237303757590313524
0.237243004339032809
0.237182251087752094
0.237121497836471351
0.237060744585190636
0.236999991333909921
0.236939238082629205
0.236878484831348463
0.236817731580067747
0.236756978328787032
0.236696225077506317
0.236635471826225574
0.236574718574944859
0.236513965323664144
0.236453212072383429
0.236392458821102686
0.23633170556982197
0.236270952318541255
0.23621019906726054
0.236149445815979825
0.236088692564699082
0.236027939313418367
0.235967186062137652
0.235906432810856936
0.235845679559576193
0.235784926308295478
0.235724173057014763
0.235663419805734048
0.235602666554453305
0.23554191330317259
0.235481160051891875
0.235420406800611159
0.235359653549330416
0.235298900298049701
0.235238147046768986
0.235177393795488271
0.235116640544207528
0.235055887292926813
0.234995134041646098
0.234934380790365382
0.23487362753908464
0.234812874287803924
0.234752121036523209
0.234691367785242494
0.234630614533961751
0.234569861282681036
0.234509108031400321
0.234448354780119606
0.234387601528838863
0.234326848277558147
0.234266095026277432
0.234205341774996717
0.234144588523715974
0.234083835272435259
0.234023082021154544
0.233962328769873829
0.233901575518593113
0.23384082226731237
0.233780069016031655
0.23371931576475094
0.233658562513470225
0.233597809262189482
0.233537056010908767
0.233476302759628052
0.233415549508347336
0.233354796257066593
0.233294043005785878
0.233233289754505163
0.233172536503224448
0.233111783251943705
0.23305103000066299
0.232990276749382275
0.232929523498101559
0.232868770246820816
0.232808016995540101
0.232747263744259386
0.232686510492978671
0.232625757241697928
0.232565003990417213
0.232504250739136498
0.232443497487855782
0.23238274423657504
0.232321990985294324
0.232261237734013609
0.232200484482732894
0.232139731231452151
0.232078977980171436
0.232018224728890721
0.231957471477610006
0.23189671822632929
0.231835964975048547
0.231775211723767832
0.231714458472487117
0.231653705221206402
0.231592951969925659
0.231532198718644944
0.231471445467364229
0.231410692216083513
0.23134993896480277
0.231289185713522055
0.23122843246224134
0.231167679210960625
0.231106925959679882
0.231046172708399167
0.230985419457118452
0.230924666205837736
0.230863912954556993
0.230803159703276278
0.230742406451995563
0.230681653200714848
0.230620899949434105
0.23056014669815339
0.230499393446872675
0.230438640195591959
0.230377886944311216
0.230317133693030501
0.230256380441749786
0.230195627190469071
0.230134873939188328
0.230074120687907613
0.230013367436626898
0.229952614185346182
0.22989186093406544
0.229831107682784724
0.229770354431504009
0.229709601180223294
0.229648847928942579
0.229588094677661836
0.229527341426381121
0.229466588175100406
0.22940583492381969
0.229345081672538947
0.229284328421258232
0.229223575169977517
0.229162821918696802
0.229102068667416059
0.229041315416135344
0.228980562164854629
0.228919808913573913
0.22885905566229317
0.228798302411012455
0.22873754915973174
0.228676795908451025
0.228616042657170282
0.228555289405889567
0.228494536154608852
0.228433782903328136
0.228373029652047393
0.228312276400766678
0.228251523149485963
0.228190769898205248
0.228130016646924505
0.22806926339564379
0.228008510144363075
0.227947756893082359
0.227887003641801617
0.227826250390520901
0.227765497139240186
0.227704743887959471
0.227643990636678728
0.227583237385398013
0.227522484134117298
0.227461730882836582
0.227400977631555867
0.227340224380275124
0.227279471128994409
0.227218717877713694
0.227157964626432979
0.227097211375152236
0.227036458123871521
0.226975704872590806
0.22691495162131009
0.226854198370029347
0.226793445118748632
0.226732691867467917
0.226671938616187202
0.226611185364906459
0.226550432113625744
0.226489678862345029
0.226428925611064313
0.22636817235978357
0.226307419108502855
0.22624666585722214
0.226185912605941425
0.226125159354660682
0.226064406103379967
0.226003652852099252
0.225942899600818536
0.225882146349537793
0.225821393098257078
0.225760639846976363
0.225699886595695648
0.225639133344414905
0.22557838009313419
0.225517626841853475
0.225456873590572759
0.225396120339292044
0.225335367088011301
0.225274613836730586
0.225213860585449871
0.225153107334169156
0.225092354082888413
0.225031600831607698
0.224970847580326982
0.224910094329046267
0.224849341077765524
0.224788587826484809
0.224727834575204094
0.224667081323923379
0.224606328072642636
0.224545574821361921
0.224484821570081206
0.22442406831880049
0.224363315067519747
0.224302561816239032
0.224241808564958317
0.224181055313677602
0.224120302062396859
0.224059548811116144
0.223998795559835429
0.223938042308554713
0.22387728905727397
0.223816535805993255
0.22375578255471254
0.223695029303431825
0.223634276052151082
0.223573522800870367
0.223512769549589652
0.223452016298308936
0.223391263047028193
0.223330509795747478
0.223269756544466763
0.223209003293186048
0.223148250041905333
0.22308749679062459
0.223026743539343875
0.222965990288063159
0.222905237036782444
0.222844483785501701
0.222783730534220986
0.222722977282940271
0.222662224031659556
0.222601470780378813
0.222540717529098098
0.222479964277817382
0.222419211026536667
0.222358457775255924
0.222297704523975209
0.222236951272694494
0.222176198021413779
0.222115444770133036
0.222054691518852321
0.221993938267571606
0.22193318501629089
0.221872431765010147
0.221811678513729432
0.221750925262448717
0.221690172011168002
0.221629418759887259
0.221568665508606544
0.221507912257325829
0.221447159006045113
0.22138640575476437
0.221325652503483655
0.22126489925220294
0.221204146000922225
0.22114339274964151
0.221082639498360767
0.221021886247080052
0.220961132995799336
0.220900379744518621
0.220839626493237878
0.220778873241957163
0.220718119990676448
0.220657366739395733
0.22059661348811499
0.220535860236834275
0.220475106985553559
0.220414353734272844
0.220353600482992101
0.220292847231711386
0.220232093980430671
0.220171340729149956
0.220110587477869213
0.220049834226588498
0.219989080975307782
0.219928327724027067
0.219867574472746324
0.219806821221465609
0.219746067970184894
0.219685314718904179
0.219624561467623436
0.219563808216342721
0.219503054965062006
0.21944230171378129
0.219381548462500547
0.219320795211219832
0.219260041959939117
0.219199288708658402
0.219138535457377659
0.219077782206096944
0.219017028954816229
0.218956275703535513
0.218895522452254798
0.218834769200974055
0.21877401594969334
0.218713262698412625
0.21865250944713191
0.218591756195851167
0.218531002944570452
0.218470249693289736
0.218409496442009021
0.218348743190728278
0.218287989939447563
0.218227236688166848
0.218166483436886133
0.21810573018560539
0.218044976934324675
0.217984223683043959
0.217923470431763244
0.217862717180482501
0.217801963929201786
0.217741210677921071
0.217680457426640356
0.217619704175359613
0.217558950924078898
0.217498197672798183
0.217437444421517467
0.217376691170236724
0.217315937918956009
0.217255184667675294
0.217194431416394579
0.217133678165113836
0.217072924913833121
0.217012171662552406
0.21695141841127169
0.216890665159990947
0.216829911908710232
0.216769158657429517
0.216708405406148802
0.216647652154868087
0.216586898903587344
0.216526145652306629
0.216465392401025913
0.216404639149745198
0.216343885898464455
0.21628313264718374
0.216222379395903025
0.21616162614462231
0.216100872893341567
0.216040119642060852
0.215979366390780136
0.215918613139499421
0.215857859888218678
0.215797106636937963
0.215736353385657248
0.215675600134376533
0.21561484688309579
0.215554093631815075
0.215493340380534359
0.215432587129253644
0.215371833877972901
0.215311080626692186
0.215250327375411471
0.215189574124130756
0.215128820872850013
0.215068067621569298
0.215007314370288583
0.214946561119007867
0.214885807867727124
0.214825054616446409
0.214764301365165694
0.214703548113884979
0.214642794862604264
0.214582041611323521
0.214521288360042806
0.21446053510876209
0.214399781857481375
0.214339028606200632
0.214278275354919917
0.214217522103639202
0.214156768852358487
0.214096015601077744
0.214035262349797029
0.213974509098516313
0.213913755847235598
0.213853002595954855
0.21379224934467414
0.213731496093393425
0.21367074284211271
0.213609989590831967
0.213549236339551252
0.213488483088270536
0.213427729836989821
0.213366976585709078
0.213306223334428363
0.213245470083147648
0.213184716831866933
0.21312396358058619
0.213063210329305475
0.213002457078024759
0.212941703826744044
0.212880950575463301
0.212820197324182586
0.212759444072901871
0.212698690821621156
0.212637937570340413
0.212577184319059698
0.212516431067778983
0.212455677816498267
0.212394924565217552
0.212334171313936809
0.212273418062656094
0.212212664811375379
0.212151911560094664
0.212091158308813921
0.212030405057533206
0.21196965180625249
0.211908898554971775
0.211848145303691032
0.211787392052410317
0.211726638801129602
0.211665885549848887
0.211605132298568144
0.211544379047287429
0.211483625796006713
0.211422872544725998
0.211362119293445255
0.21130136604216454
0.211240612790883825
0.21117985953960311
0.211119106288322367
0.211058353037041652
0.210997599785760936
0.210936846534480221
0.210876093283199478
0.210815340031918763
0.210754586780638048
0.210693833529357333
0.21063308027807659
0.210572327026795875
0.210511573775515159
0.210450820524234444
0.210390067272953729
0.210329314021672986
0.210268560770392271
0.210207807519111556
0.210147054267830841
0.210086301016550098
0.210025547765269383
0.209964794513988667
0.209904041262707952
0.209843288011427209
0.209782534760146494
0.209721781508865779
0.209661028257585064
0.209600275006304321
0.209539521755023606
0.20947876850374289
0.209418015252462175
0.209357262001181432
0.209296508749900717
0.209235755498620002
0.209175002247339287
0.209114248996058544
0.209053495744777829
0.208992742493497113
0.208931989242216398
0.208871235990935655
0.20881048273965494
0.208749729488374225
0.20868897623709351
0.208628222985812767
0.208567469734532052
0.208506716483251336
0.208445963231970621
0.208385209980689878
0.208324456729409163
0.208263703478128448
0.208202950226847733
0.208142196975567018
0.208081443724286275
0.208020690473005559
0.207959937221724844
0.207899183970444129
0.207838430719163386
0.207777677467882671
0.207716924216601956
0.207656170965321241
0.207595417714040498
0.207534664462759783
0.207473911211479067
0.207413157960198352
0.207352404708917609
0.207291651457636894
0.207230898206356179
0.207170144955075464
0.207109391703794721
0.207048638452514006
0.20698788520123329
0.206927131949952575
0.206866378698671832
0.206805625447391117
0.206744872196110402
0.206684118944829687
0.206623365693548944
0.206562612442268229
0.206501859190987513
0.206441105939706798
0.206380352688426055
0.20631959943714534
0.206258846185864625
0.20619809293458391
0.206137339683303167
0.206076586432022452
0.206015833180741736
0.205955079929461021
0.205894326678180306
0.205833573426899563
0.205772820175618848
0.205712066924338133
0.205651313673057418
0.205590560421776675
0.205529807170495959
0.205469053919215244
0.205408300667934529
0.205347547416653786
0.205286794165373071
0.205226040914092356
0.205165287662811641
0.205104534411530898
0.205043781160250183
0.204983027908969467
0.204922274657688752
0.204861521406408009
0.204800768155127294
0.204740014903846579
0.204679261652565864
0.204618508401285121
0.204557755150004406
0.20449700189872369
0.204436248647442975
0.204375495396162232
0.204314742144881517
0.204253988893600802
0.204193235642320087
0.204132482391039344
0.204071729139758629
0.204010975888477913
0.203950222637197198
0.203889469385916483
0.20382871613463574
0.203767962883355025
0.20370720963207431
0.203646456380793595
0.203585703129512852
0.203524949878232136
0.203464196626951421
0.203403443375670706
0.203342690124389963
0.203281936873109248
0.203221183621828533
0.203160430370547818
0.203099677119267075
0.203038923867986359
0.202978170616705644
0.202917417365424929
0.202856664114144186
0.202795910862863471
0.202735157611582756
0.202674404360302041
0.202613651109021298
0.202552897857740583
0.202492144606459867
0.202431391355179152
0.202370638103898409
0.202309884852617694
0.202249131601336979
0.202188378350056264
0.202127625098775521
0.202066871847494806
0.20200611859621409
0.201945365344933375
0.201884612093652632
0.201823858842371917
0.201763105591091202
0.201702352339810487
0.201641599088529772
0.201580845837249029
0.201520092585968313
0.201459339334687598
0.201398586083406883
0.20133783283212614
0.201277079580845425
0.20121632632956471
0.201155573078283995
0.201094819827003252
0.201034066575722536
0.200973313324441821
0.200912560073161106
0.200851806821880363
0.200791053570599648
0.200730300319318933
0.200669547068038218
0.200608793816757475
0.20054804056547676
0.200487287314196044
0.200426534062915329
0.200365780811634586
0.200305027560353871
0.200244274309073156
0.200183521057792441
0.200122767806511698
0.200062014555230983
0.200001261303950267
0.199940508052669552
0.199879754801388809
0.199819001550108094
0.199758248298827379
0.199697495047546664
0.199636741796265949
0.199575988544985206
0.19951523529370449
0.199454482042423775
0.19939372879114306
0.199332975539862317
0.199272222288581602
0.199211469037300887
0.199150715786020172
0.199089962534739429
0.199029209283458713
0.198968456032177998
0.198907702780897283
0.19884694952961654
0.198786196278335825
0.19872544302705511
0.198664689775774395
0.198603936524493652
0.198543183273212936
0.198482430021932221
0.198421676770651506
0.198360923519370763
0.198300170268090048
0.198239417016809333
0.198178663765528618
0.198117910514247875
0.19805715726296716
0.197996404011686444
0.197935650760405729
0.197874897509124986
0.197814144257844271
0.197753391006563556
0.197692637755282841
0.197631884504002098
0.197571131252721383
0.197510378001440667
0.197449624750159952
0.197388871498879237
0.197328118247598494
0.197267364996317779
0.197206611745037064
0.197145858493756349
0.197085105242475606
0.19702435199119489
0.196963598739914175
0.19690284548863346
0.196842092237352717
0.196781338986072002
0.196720585734791287
0.196659832483510572
0.196599079232229829
0.196538325980949113
0.196477572729668398
0.196416819478387683
0.19635606622710694
0.196295312975826225
0.19623455972454551
0.196173806473264795
0.196113053221984052
0.196052299970703336
0.195991546719422621
0.195930793468141906
0.195870040216861163
0.195809286965580448
0.195748533714299733
0.195687780463019018
0.195627027211738275
0.19556627396045756
0.195505520709176844
0.195444767457896129
0.195384014206615386
0.195323260955334671
0.195262507704053956
0.195201754452773241
0.195141001201492525
0.195080247950211783
0.195019494698931067
0.194958741447650352
0.194897988196369637
0.194837234945088894
0.194776481693808179
0.194715728442527464
0.194654975191246749
0.194594221939966006
0.19453346868868529
0.194472715437404575
0.19441196218612386
0.194351208934843117
0.194290455683562402
0.194229702432281687
0.194168949181000972
0.194108195929720229
0.194047442678439513
0.193986689427158798
0.193925936175878083
0.19386518292459734
0.193804429673316625
0.19374367642203591
0.193682923170755195
0.193622169919474452
0.193561416668193736
0.193500663416913021
0.193439910165632306
0.193379156914351563
0.193318403663070848
0.193257650411790133
0.193196897160509418
0.193136143909228702
0.19307539065794796
0.193014637406667244
0.192953884155386529
0.192893130904105814
0.192832377652825071
0.192771624401544356
0.192710871150263641
0.192650117898982925
0.192589364647702183
0.192528611396421467
0.192467858145140752
0.192407104893860037
0.192346351642579294
0.192285598391298579
0.192224845140017864
0.192164091888737149
0.192103338637456406
0.19204258538617569
0.191981832134894975
0.19192107888361426
0.191860325632333517
0.191799572381052802
0.191738819129772087
0.191678065878491372
0.191617312627210629
0.191556559375929913
0.191495806124649198
0.191435052873368483
0.19137429962208774
0.191313546370807025
0.19125279311952631
0.191192039868245595
0.191131286616964852
0.191070533365684136
0.191009780114403421
0.190949026863122706
0.190888273611841991
0.190827520360561248
0.190766767109280533
0.190706013857999818
0.190645260606719102
0.19058450735543836
0.190523754104157644
0.190463000852876929
0.190402247601596214
0.190341494350315471
0.190280741099034756
0.190219987847754041
0.190159234596473325
0.190098481345192583
0.190037728093911867
0.189976974842631152
0.189916221591350437
0.189855468340069694
0.189794715088788979
0.189733961837508264
0.189673208586227549
0.189612455334946806
0.18955170208366609
0.189490948832385375
0.18943019558110466
0.189369442329823917
0.189308689078543202
0.189247935827262487
0.189187182575981772
0.189126429324701029
0.189065676073420313
0.189004922822139598
0.188944169570858883
0.18888341631957814
0.188822663068297425
0.18876190981701671
0.188701156565735995
0.188640403314455279
0.188579650063174536
0.188518896811893821
0.188458143560613106
0.188397390309332391
0.188336637058051648
0.188275883806770933
0.188215130555490218
0.188154377304209502
0.18809362405292876
0.188032870801648044
0.187972117550367329
0.187911364299086614
0.187850611047805871
0.187789857796525156
0.187729104545244441
0.187668351293963726
0.187607598042682983
0.187546844791402267
0.187486091540121552
0.187425338288840837
0.187364585037560094
0.187303831786279379
0.187243078534998664
0.187182325283717949
0.187121572032437206
0.18706081878115649
0.187000065529875775
0.18693931227859506
0.186878559027314317
0.186817805776033602
0.186757052524752887
0.186696299273472172
0.186635546022191456
0.186574792770910713
0.186514039519629998
0.186453286268349283
0.186392533017068568
0.186331779765787825
0.18627102651450711
0.186210273263226395
0.186149520011945679
0.186088766760664936
0.186028013509384221
0.185967260258103506
0.185906507006822791
0.185845753755542048
0.185785000504261333
0.185724247252980618
0.185663494001699902
0.18560274075041916
0.185541987499138444
0.185481234247857729
0.185420480996577014
0.185359727745296271
0.185298974494015556
0.185238221242734841
0.185177467991454126
0.185116714740173383
0.185055961488892667
0.184995208237611952
0.184934454986331237
0.184873701735050494
0.184812948483769779
0.184752195232489064
0.184691441981208349
0.184630688729927606
0.18456993547864689
0.184509182227366175
0.18444842897608546
0.184387675724804745
0.184326922473524002
0.184266169222243287
0.184205415970962572
0.184144662719681856
0.184083909468401113
0.184023156217120398
0.183962402965839683
0.183901649714558968
0.183840896463278225
0.18378014321199751
0.183719389960716795
0.183658636709436079
0.183597883458155337
0.183537130206874621
0.183476376955593906
0.183415623704313191
0.183354870453032448
0.183294117201751733
0.183233363950471018
0.183172610699190302
0.18311185744790956
0.183051104196628844
0.182990350945348129
0.182929597694067414
0.182868844442786671
0.182808091191505956
0.182747337940225241
0.182686584688944526
0.182625831437663783
0.182565078186383067
0.182504324935102352
0.182443571683821637
0.182382818432540922
0.182322065181260179
0.182261311929979464
0.182200558678698749
0.182139805427418033
0.18207905217613729
0.182018298924856575
0.18195754567357586
0.181896792422295145
0.181836039171014402
0.181775285919733687
0.181714532668452972
0.181653779417172256
0.181593026165891513
0.181532272914610798
0.181471519663330083
0.181410766412049368
0.181350013160768625
0.18128925990948791
0.181228506658207195
0.181167753406926479
0.181107000155645737
0.181046246904365021
0.180985493653084306
0.180924740401803591
0.180863987150522848
0.180803233899242133
0.180742480647961418
0.180681727396680702
0.18062097414539996
0.180560220894119244
0.180499467642838529
0.180438714391557814
0.180377961140277071
0.180317207888996356
0.180256454637715641
0.180195701386434926
0.18013494813515421
0.180074194883873467
0.180013441632592752
0.179952688381312037
0.179891935130031322
0.179831181878750579
0.179770428627469864
0.179709675376189149
0.179648922124908433
0.17958816887362769
0.179527415622346975
0.17946666237106626
0.179405909119785545
0.179345155868504802
0.179284402617224087
0.179223649365943372
0.179162896114662656
0.179102142863381913
0.179041389612101198
0.178980636360820483
0.178919883109539768
0.178859129858259025
0.17879837660697831
0.178737623355697595
0.178676870104416879
0.178616116853136137
0.178555363601855421
0.178494610350574706
0.178433857099293991
0.178373103848013248
0.178312350596732533
0.178251597345451818
0.178190844094171102
0.17813009084289036
0.178069337591609644
0.178008584340328929
0.177947831089048214
0.177887077837767499
0.177826324586486756
0.177765571335206041
0.177704818083925326
0.17764406483264461
0.177583311581363867
0.177522558330083152
0.177461805078802437
0.177401051827521722
0.177340298576240979
0.177279545324960264
0.177218792073679549
0.177158038822398833
0.17709728557111809
0.177036532319837375
0.17697577906855666
0.176915025817275945
0.176854272565995202
0.176793519314714487
0.176732766063433772
0.176672012812153056
0.176611259560872313
0.176550506309591598
0.176489753058310883
0.176428999807030168
0.176368246555749425
0.17630749330446871
0.176246740053187995
0.176185986801907279
0.176125233550626537
0.176064480299345821
0.176003727048065106
0.175942973796784391
0.175882220545503676
0.175821467294222933
0.175760714042942218
0.175699960791661502
0.175639207540380787
0.175578454289100044
0.175517701037819329
0.175456947786538614
0.175396194535257899
0.175335441283977156
0.175274688032696441
0.175213934781415726
0.17515318153013501
0.175092428278854267
0.175031675027573552
0.174970921776292837
0.174910168525012122
0.174849415273731379
0.174788662022450664
0.174727908771169949
0.174667155519889233
0.17460640226860849
0.174545649017327775
0.17448489576604706
0.174424142514766345
0.174363389263485602
0.174302636012204887
0.174241882760924172
0.174181129509643456
0.174120376258362713
0.174059623007081998
0.173998869755801283
0.173938116504520568
0.173877363253239825
0.17381661000195911
0.173755856750678395
0.173695103499397679
0.173634350248116964
0.173573596996836221
0.173512843745555506
0.173452090494274791
0.173391337242994076
0.173330583991713333
0.173269830740432618
0.173209077489151902
0.173148324237871187
0.173087570986590444
0.173026817735309729
0.172966064484029014
0.172905311232748299
0.172844557981467556
0.172783804730186841
0.172723051478906126
0.17266229822762541
0.172601544976344667
0.172540791725063952
0.172480038473783237
0.172419285222502522
0.172358531971221779
0.172297778719941064
0.172237025468660349
0.172176272217379633
0.17211551896609889
0.172054765714818175
0.17199401246353746
0.171933259212256745
0.171872505960976002
0.171811752709695287
0.171750999458414572
0.171690246207133856
0.171629492955853141
0.171568739704572398
0.171507986453291683
0.171447233202010968
0.171386479950730253
0.17132572669944951
0.171264973448168795
0.171204220196888079
0.171143466945607364
0.171082713694326621
0.171021960443045906
0.170961207191765191
0.170900453940484476
0.170839700689203733
0.170778947437923018
0.170718194186642303
0.170657440935361587
0.170596687684080844
0.170535934432800129
0.170475181181519414
0.170414427930238699
0.170353674678957956
0.170292921427677241
0.170232168176396526
0.17017141492511581
0.170110661673835067
0.170049908422554352
0.169989155171273637
0.169928401919992922
0.169867648668712179
0.169806895417431464
0.169746142166150749
0.169685388914870033
0.16962463566358929
0.169563882412308575
0.16950312916102786
0.169442375909747145
0.16938162265846643
0.169320869407185687
0.169260116155904972
0.169199362904624256
0.169138609653343541
0.169077856402062798
0.169017103150782083
0.168956349899501368
0.168895596648220653
0.16883484339693991
0.168774090145659195
0.168713336894378479
0.168652583643097764
0.168591830391817021
0.168531077140536306
0.168470323889255591
0.168409570637974876
0.168348817386694133
0.168288064135413418
0.168227310884132703
0.168166557632851987
0.168105804381571244
0.168045051130290529
0.167984297879009814
0.167923544627729099
0.167862791376448356
0.167802038125167641
0.167741284873886926
0.16768053162260621
0.167619778371325467
0.167559025120044752
0.167498271868764037
0.167437518617483322
0.167376765366202579
0.167316012114921864
0.167255258863641149
0.167194505612360433
0.167133752361079718
0.167072999109798975
0.16701224585851826
0.166951492607237545
0.16689073935595683
0.166829986104676087
0.166769232853395372
0.166708479602114656
0.166647726350833941
0.166586973099553198
0.166526219848272483
0.166465466596991768
0.166404713345711053
0.16634396009443031
0.166283206843149595
0.166222453591868879
0.166161700340588164
0.166100947089307421
0.166040193838026706
0.165979440586745991
0.165918687335465276
0.165857934084184533
0.165797180832903818
0.165736427581623103
0.165675674330342387
0.165614921079061644
0.165554167827780929
0.165493414576500214
0.165432661325219499
0.165371908073938756
0.165311154822658041
0.165250401571377326
0.16518964832009661
0.165128895068815895
0.165068141817535152
0.165007388566254437
0.164946635314973722
0.164885882063693007
0.164825128812412264
0.164764375561131549
0.164703622309850833
0.164642869058570118
0.164582115807289375
0.16452136255600866
0.164460609304727945
0.16439985605344723
0.164339102802166487
0.164278349550885772
0.164217596299605056
0.164156843048324341
0.164096089797043598
0.164035336545762883
0.163974583294482168
0.163913830043201453
0.16385307679192071
0.163792323540639995
0.163731570289359279
0.163670817038078564
0.163610063786797821
0.163549310535517106
0.163488557284236391
0.163427804032955676
0.163367050781674933
0.163306297530394218
0.163245544279113503
0.163184791027832787
0.163124037776552044
0.163063284525271329
0.163002531273990614
0.162941778022709899
0.162881024771429184
0.162820271520148441
0.162759518268867726
0.16269876501758701
0.162638011766306295
0.162577258515025552
0.162516505263744837
0.162455752012464122
0.162394998761183407
0.162334245509902664
0.162273492258621949
0.162212739007341233
0.162151985756060518
0.162091232504779775
0.16203047925349906
0.161969726002218345
0.16190897275093763
0.161848219499656887
0.161787466248376172
0.161726712997095456
0.161665959745814741
0.161605206494533998
0.161544453243253283
0.161483699991972568
0.161422946740691853
0.16136219348941111
0.161301440238130395
0.161240686986849679
0.161179933735568964
0.161119180484288221
0.161058427233007506
0.160997673981726791
0.160936920730446076
0.160876167479165333
0.160815414227884618
0.160754660976603903
0.160693907725323187
0.160633154474042472
0.160572401222761729
0.160511647971481014
0.160450894720200299
0.160390141468919584
0.160329388217638841
0.160268634966358126
0.16020788171507741
0.160147128463796695
0.160086375212515952
0.160025621961235237
0.159964868709954522
0.159904115458673807
0.159843362207393064
0.159782608956112349
0.159721855704831633
0.159661102453550918
0.159600349202270175
0.15953959595098946
0.159478842699708745
0.15941808944842803
0.159357336197147287
0.159296582945866572
0.159235829694585856
0.159175076443305141
0.159114323192024398
0.159053569940743683
0.158992816689462968
0.158932063438182253
0.15887131018690151
0.158810556935620795
0.158749803684340079
0.158689050433059364
0.158628297181778649
0.158567543930497906
0.158506790679217191
0.158446037427936476
0.158385284176655761
0.158324530925375018
0.158263777674094303
0.158203024422813587
0.158142271171532872
0.158081517920252129
0.158020764668971414
0.157960011417690699
0.157899258166409984
0.157838504915129241
0.157777751663848526
0.15771699841256781
0.157656245161287095
0.157595491910006352
0.157534738658725637
0.157473985407444922
0.157413232156164207
0.157352478904883464
0.157291725653602749
0.157230972402322033
0.157170219151041318
0.157109465899760575
0.15704871264847986
0.156987959397199145
0.15692720614591843
0.156866452894637687
0.156805699643356972
0.156744946392076256
0.156684193140795541
0.156623439889514798
0.156562686638234083
0.156501933386953368
0.156441180135672653
0.156380426884391938
0.156319673633111195
0.156258920381830479
0.156198167130549764
0.156137413879269049
0.156076660627988306
0.156015907376707591
0.155955154125426876
0.155894400874146161
0.155833647622865418
0.155772894371584703
0.155712141120303987
0.155651387869023272
0.155590634617742529
0.155529881366461814
0.155469128115181099
0.155408374863900384
0.155347621612619641
0.155286868361338926
0.15522611511005821
0.155165361858777495
0.155104608607496752
0.155043855356216037
0.154983102104935322
0.154922348853654607
0.154861595602373864
0.154800842351093149
0.154740089099812433
0.154679335848531718
0.154618582597250975
0.15455782934597026
0.154497076094689545
0.15443632284340883
0.154375569592128115
0.154314816340847372
0.154254063089566656
0.154193309838285941
0.154132556587005226
0.154071803335724483
0.154011050084443768
0.153950296833163053
0.153889543581882338
0.153828790330601595
0.15376803707932088
0.153707283828040164
0.153646530576759449
0.153585777325478706
0.153525024074197991
0.153464270822917276
0.153403517571636561
0.153342764320355818
0.153282011069075103
0.153221257817794387
0.153160504566513672
0.153099751315232929
0.153038998063952214
0.152978244812671499
0.152917491561390784
0.152856738310110041
0.152795985058829326
0.15273523180754861
0.152674478556267895
0.152613725304987152
0.152552972053706437
0.152492218802425722
0.152431465551145007
0.152370712299864264
0.152309959048583549
0.152249205797302833
0.152188452546022118
0.152127699294741403
0.15206694604346066
0.152006192792179945
0.15194543954089923
0.151884686289618515
0.151823933038337772
0.151763179787057056
0.151702426535776341
0.151641673284495626
0.151580920033214883
0.151520166781934168
0.151459413530653453
0.151398660279372738
0.151337907028091995
0.15127715377681128
0.151216400525530564
0.151155647274249849
0.151094894022969106
0.151034140771688391
0.150973387520407676
0.150912634269126961
0.150851881017846218
0.150791127766565503
0.150730374515284787
0.150669621264004072
0.150608868012723329
0.150548114761442614
0.150487361510161899
0.150426608258881184
0.150365855007600441
0.150305101756319726
0.15024434850503901
0.150183595253758295
0.150122842002477552
0.150062088751196837
0.150001335499916122
0.149940582248635407
0.149879828997354692
0.149819075746073949
0.149758322494793233
0.149697569243512518
0.149636815992231803
0.14957606274095106
0.149515309489670345
0.14945455623838963
0.149393802987108915
0.149333049735828172
0.149272296484547456
0.149211543233266741
0.149150789981986026
0.149090036730705283
0.149029283479424568
0.148968530228143853
0.148907776976863138
0.148847023725582395
0.14878627047430168
0.148725517223020964
0.148664763971740249
0.148604010720459506
0.148543257469178791
0.148482504217898076
0.148421750966617361
0.148360997715336618
0.148300244464055903
0.148239491212775187
0.148178737961494472
0.148117984710213729
0.148057231458933014
0.147996478207652299
0.147935724956371584
0.147874971705090869
0.147814218453810126
0.14775346520252941
0.147692711951248695
0.14763195869996798
0.147571205448687237
0.147510452197406522
0.147449698946125807
0.147388945694845092
0.147328192443564349
0.147267439192283633
0.147206685941002918
0.147145932689722203
0.14708517943844146
0.147024426187160745
0.14696367293588003
0.146902919684599315
0.146842166433318572
0.146781413182037856
0.146720659930757141
0.146659906679476426
0.146599153428195683
0.146538400176914968
0.146477646925634253
0.146416893674353538
0.146356140423072795
0.14629538717179208
0.146234633920511364
0.146173880669230649
0.146113127417949906
0.146052374166669191
0.145991620915388476
0.145930867664107761
0.145870114412827018
0.145809361161546303
0.145748607910265587
0.145687854658984872
0.145627101407704157
0.145566348156423414
0.145505594905142699
0.145444841653861984
0.145384088402581269
0.145323335151300526
0.14526258190001981
0.145201828648739095
0.14514107539745838
0.145080322146177637
0.145019568894896922
0.144958815643616207
0.144898062392335492
0.144837309141054749
0.144776555889774033
0.144715802638493318
0.144655049387212603
0.14459429613593186
0.144533542884651145
0.14447278963337043
0.144412036382089715
0.144351283130808972
0.144290529879528256
0.144229776628247541
0.144169023376966826
0.144108270125686083
0.144047516874405368
0.143986763623124653
0.143926010371843938
0.143865257120563195
0.14380450386928248
0.143743750618001764
0.143682997366721049
0.143622244115440306
0.143561490864159591
0.143500737612878876
0.143439984361598161
0.143379231110317445
0.143318477859036703
0.143257724607755987
0.143196971356475272
0.143136218105194557
0.143075464853913814
0.143014711602633099
0.142953958351352384
0.142893205100071669
0.142832451848790926
0.14277169859751021
0.142710945346229495
0.14265019209494878
0.142589438843668037
0.142528685592387322
0.142467932341106607
0.142407179089825892
0.142346425838545149
0.142285672587264433
0.142224919335983718
0.142164166084703003
0.14210341283342226
0.142042659582141545
0.14198190633086083
0.141921153079580115
0.141860399828299372
0.141799646577018656
0.141738893325737941
0.141678140074457226
0.141617386823176483
0.141556633571895768
0.141495880320615053
0.141435127069334338
0.141374373818053622
0.14131362056677288
0.141252867315492164
0.141192114064211449
0.141131360812930734
0.141070607561649991
0.141009854310369276
0.140949101059088561
0.140888347807807846
0.140827594556527103
0.140766841305246387
0.140706088053965672
0.140645334802684957
0.140584581551404214
0.140523828300123499
0.140463075048842784
0.140402321797562069
0.140341568546281326
0.14028081529500061
0.140220062043719895
0.14015930879243918
0.140098555541158437
0.140037802289877722
0.139977049038597007
0.139916295787316292
0.139855542536035549
0.139794789284754833
0.139734036033474118
0.139673282782193403
0.13961252953091266
0.139551776279631945
0.13949102302835123
0.139430269777070515
0.139369516525789772
0.139308763274509056
0.139248010023228341
0.139187256771947626
0.139126503520666911
0.139065750269386168
0.139004997018105453
0.138944243766824738
0.138883490515544022
0.13882273726426328
0.138761984012982564
0.138701230761701849
0.138640477510421134
0.138579724259140391
0.138518971007859676
0.138458217756578961
0.138397464505298246
0.138336711254017503
0.138275958002736787
0.138215204751456072
0.138154451500175357
0.138093698248894614
0.138032944997613899
0.137972191746333184
0.137911438495052469
0.137850685243771726
0.13778993199249101
0.137729178741210295
0.13766842548992958
0.137607672238648837
0.137546918987368122
0.137486165736087407
0.137425412484806692
0.137364659233525949
0.137303905982245233
0.137243152730964518
0.137182399479683803
0.137121646228403088
0.137060892977122345
0.13700013972584163
0.136939386474560915
0.136878633223280199
0.136817879971999457
0.136757126720718741
0.136696373469438026
0.136635620218157311
0.136574866966876568
0.136514113715595853
0.136453360464315138
0.136392607213034422
0.13633185396175368
0.136271100710472964
0.136210347459192249
0.136149594207911534
0.136088840956630791
0.136028087705350076
0.135967334454069361
0.135906581202788646
0.135845827951507903
0.135785074700227187
0.135724321448946472
0.135663568197665757
0.135602814946385014
0.135542061695104299
0.135481308443823584
0.135420555192542869
0.135359801941262126
0.13529904868998141
0.135238295438700695
0.13517754218741998
0.135116788936139237
0.135056035684858522
0.134995282433577807
0.134934529182297092
0.134873775931016376
0.134813022679735633
0.134752269428454918
0.134691516177174203
0.134630762925893488
0.134570009674612745
0.13450925642333203
0.134448503172051315
0.134387749920770599
0.134326996669489857
0.134266243418209141
0.134205490166928426
0.134144736915647711
0.134083983664366968
0.134023230413086253
0.133962477161805538
0.133901723910524822
0.13384097065924408
0.133780217407963364
0.133719464156682649
0.133658710905401934
0.133597957654121191
0.133537204402840476
0.133476451151559761
0.133415697900279046
0.133354944648998303
0.133294191397717587
0.133233438146436872
0.133172684895156157
0.133111931643875414
0.133051178392594699
0.132990425141313984
0.132929671890033269
0.132868918638752526
0.13280816538747181
0.132747412136191095
0.13268665888491038
0.132625905633629665
0.132565152382348922
0.132504399131068207
0.132443645879787492
0.132382892628506776
0.132322139377226033
0.132261386125945318
0.132200632874664603
0.132139879623383888
0.132079126372103145
0.13201837312082243
0.131957619869541715
0.131896866618260999
0.131836113366980257
0.131775360115699541
0.131714606864418826
0.131653853613138111
0.131593100361857368
0.131532347110576653
0.131471593859295938
0.131410840608015222
0.13135008735673448
0.131289334105453764
0.131228580854173049
0.131167827602892334
0.131107074351611591
0.131046321100330876
0.130985567849050161
0.130924814597769446
0.130864061346488703
0.130803308095207987
0.130742554843927272
0.130681801592646557
0.130621048341365842
0.130560295090085099
0.130499541838804384
0.130438788587523669
0.130378035336242953
0.13031728208496221
0.130256528833681495
0.13019577558240078
0.130135022331120065
0.130074269079839322
0.130013515828558607
0.129952762577277892
0.129892009325997176
0.129831256074716433
0.129770502823435718
0.129709749572155003
0.129648996320874288
0.129588243069593545
0.12952748981831283
0.129466736567032115
0.129405983315751399
0.129345230064470657
0.129284476813189941
0.129223723561909226
0.129162970310628511
0.129102217059347768
0.129041463808067053
0.128980710556786338
0.128919957305505622
0.12885920405422488
0.128798450802944164
0.128737697551663449
0.128676944300382734
0.128616191049101991
0.128555437797821276
0.128494684546540561
0.128433931295259846
0.12837317804397913
0.128312424792698387
0.128251671541417672
0.128190918290136957
0.128130165038856242
0.128069411787575499
0.128008658536294784
0.127947905285014069
0.127887152033733353
0.12782639878245261
0.127765645531171895
0.12770489227989118
0.127644139028610465
0.127583385777329722
0.127522632526049007
0.127461879274768292
0.127401126023487576
0.127340372772206833
0.127279619520926118
0.127218866269645403
0.127158113018364688
0.127097359767083945
0.12703660651580323
0.126975853264522515
0.126915100013241799
0.126854346761961057
0.126793593510680341
0.126732840259399626
0.126672087008118911
0.126611333756838168
0.126550580505557453
0.126489827254276738
0.126429074002996022
0.126368320751715307
0.126307567500434564
0.126246814249153849
0.126186060997873134
0.126125307746592419
0.126064554495311676
0.126003801244030961
0.125943047992750246
0.12588229474146953
0.125821541490188787
0.125760788238908072
0.125700034987627357
0.125639281736346642
0.125578528485065899
0.125517775233785184
0.125457021982504469
0.125396268731223753
0.12533551547994301
0.125274762228662295
0.12521400897738158
0.125153255726100865
0.125092502474820122
0.125031749223539407
0.124970995972258692
0.124910242720977963
0.124849489469697247
0.124788736218416518
0.124727982967135803
0.124667229715855074
0.124606476464574359
0.12454572321329363
0.124484969962012915
0.124424216710732186
0.12436346345945147
0.124302710208170741
0.124241956956890026
0.124181203705609311
0.124120450454328582
0.124059697203047867
0.123998943951767138
0.123938190700486423
0.123877437449205693
0.123816684197924978
0.123755930946644249
0.123695177695363534
0.123634424444082805
0.12357367119280209
0.123512917941521361
0.123452164690240646
0.123391411438959916
0.123330658187679201
0.123269904936398472
0.123209151685117757
0.123148398433837028
0.123087645182556313
0.123026891931275584
0.122966138679994869
0.12290538542871414
0.122844632177433424
0.122783878926152695
0.12272312567487198
0.122662372423591251
0.122601619172310536
0.122540865921029807
0.122480112669749092
0.122419359418468363
0.122358606167187647
0.122297852915906918
0.122237099664626203
0.122176346413345474
0.122115593162064759
0.122054839910784044
0.121994086659503315
0.121933333408222599
0.12187258015694187
0.121811826905661155
0.121751073654380426
0.121690320403099711
0.121629567151818982
0.121568813900538267
0.121508060649257538
0.121447307397976823
0.121386554146696093
0.121325800895415378
0.121265047644134649
0.121204294392853934
0.121143541141573205
0.12108278789029249
0.121022034639011761
0.120961281387731046
0.120900528136450316
0.120839774885169601
0.120779021633888872
0.120718268382608157
0.120657515131327428
0.120596761880046713
0.120536008628765984
0.120475255377485269
0.12041450212620454
0.120353748874923824
0.120292995623643095
0.12023224237236238
0.120171489121081651
0.120110735869800936
0.120049982618520207
0.119989229367239492
0.119928476115958763
0.119867722864678047
0.119806969613397332
0.119746216362116603
0.119685463110835888
0.119624709859555159
0.119563956608274444
0.119503203356993715
0.119442450105712999
0.11938169685443227
0.119320943603151555
0.119260190351870826
0.119199437100590111
0.119138683849309382
0.119077930598028667
0.119017177346747938
0.118956424095467223
0.118895670844186493
0.118834917592905778
0.118774164341625049
0.118713411090344334
0.118652657839063605
0.11859190458778289
0.118531151336502161
0.118470398085221446
0.118409644833940716
0.118348891582660001
0.118288138331379272
0.118227385080098557
0.118166631828817828
0.118105878577537113
0.118045125326256384
0.117984372074975669
0.11792361882369494
0.117862865572414224
0.117802112321133495
0.11774135906985278
0.117680605818572065
0.117619852567291336
0.117559099316010621
0.117498346064729892
0.117437592813449176
0.117376839562168447
0.117316086310887732
0.117255333059607003
0.117194579808326288
0.117133826557045559
0.117073073305764844
0.117012320054484115
0.116951566803203399
0.11689081355192267
0.116830060300641955
0.116769307049361226
0.116708553798080511
0.116647800546799782
0.116587047295519067
0.116526294044238338
0.116465540792957623
0.116404787541676893
0.116344034290396178
0.116283281039115449
0.116222527787834734
0.116161774536554005
0.11610102128527329
0.116040268033992561
0.115979514782711846
0.115918761531431116
0.115858008280150401
0.115797255028869672
0.115736501777588957
0.115675748526308228
0.115614995275027513
0.115554242023746798
0.115493488772466069
0.115432735521185353
0.115371982269904624
0.115311229018623909
0.11525047576734318
0.115189722516062465
0.115128969264781736
0.115068216013501021
0.115007462762220292
0.114946709510939576
0.114885956259658847
0.114825203008378132
0.114764449757097403
0.114703696505816688
0.114642943254535959
0.114582190003255244
0.114521436751974515
0.114460683500693799
0.11439993024941307
0.114339176998132355
0.114278423746851626
0.114217670495570911
0.114156917244290182
0.114096163993009467
0.114035410741728738
0.113974657490448023
0.113913904239167293
0.113853150987886578
0.113792397736605849
0.113731644485325134
0.113670891234044405
0.11361013798276369
0.113549384731482961
0.113488631480202246
0.11342787822892153
0.113367124977640801
0.113306371726360086
0.113245618475079357
0.113184865223798642
0.113124111972517913
0.113063358721237198
0.113002605469956469
0.112941852218675753
0.112881098967395024
0.112820345716114309
0.11275959246483358
0.112698839213552865
0.112638085962272136
0.112577332710991421
0.112516579459710692
0.112455826208429976
0.112395072957149247
0.112334319705868532
0.112273566454587803
0.112212813203307088
0.112152059952026359
0.112091306700745644
0.112030553449464915
0.111969800198184199
0.11190904694690347
0.111848293695622755
0.111787540444342026
0.111726787193061311
0.111666033941780582
0.111605280690499867
0.111544527439219138
0.111483774187938423
0.111423020936657693
0.111362267685376978
0.111301514434096263
0.111240761182815534
0.111180007931534819
0.11111925468025409
0.111058501428973375
0.110997748177692646
0.11093699492641193
0.110876241675131201
0.110815488423850486
0.110754735172569757
0.110693981921289042
0.110633228670008313
0.110572475418727598
0.110511722167446869
0.110450968916166153
0.110390215664885424
0.110329462413604709
0.11026870916232398
0.110207955911043265
0.110147202659762536
0.110086449408481821
0.110025696157201092
0.109964942905920376
0.109904189654639647
0.109843436403358932
0.109782683152078203
0.109721929900797488
0.109661176649516759
0.109600423398236044
0.109539670146955315
0.109478916895674599
0.10941816364439387
0.109357410393113155
0.109296657141832426
0.109235903890551711
0.109175150639270982
0.109114397387990267
0.109053644136709552
0.108992890885428823
0.108932137634148107
0.108871384382867378
0.108810631131586663
0.108749877880305934
0.108689124629025219
0.10862837137774449
0.108567618126463775
0.108506864875183046
0.10844611162390233
0.108385358372621601
0.108324605121340886
0.108263851870060157
0.108203098618779442
0.108142345367498713
0.108081592116217998
0.108020838864937269
0.107960085613656553
0.107899332362375824
0.107838579111095109
0.10777782585981438
0.107717072608533665
0.107656319357252936
0.107595566105972221
0.107534812854691492
0.107474059603410776
0.107413306352130047
0.107352553100849332
0.107291799849568603
0.107231046598287888
0.107170293347007159
0.107109540095726444
0.107048786844445715
0.106988033593165
0.106927280341884284
0.106866527090603555
0.10680577383932284
0.106745020588042111
0.106684267336761396
0.106623514085480667
0.106562760834199952
0.106502007582919223
0.106441254331638507
0.106380501080357778
0.106319747829077063
0.106258994577796334
0.106198241326515619
0.10613748807523489
0.106076734823954175
0.106015981572673446
0.10595522832139273
0.105894475070112001
0.105833721818831286
0.105772968567550557
0.105712215316269842
0.105651462064989113
0.105590708813708398
0.105529955562427669
0.105469202311146953
0.105408449059866224
0.105347695808585509
0.10528694255730478
0.105226189306024065
0.105165436054743336
0.105104682803462621
0.105043929552181892
0.104983176300901176
0.104922423049620447
0.104861669798339732
0.104800916547059017
0.104740163295778288
0.104679410044497573
0.104618656793216844
0.104557903541936129
0.1044971502906554
0.104436397039374684
0.104375643788093955
0.10431489053681324
0.104254137285532511
0.104193384034251796
0.104132630782971067
0.104071877531690352
0.104011124280409623
0.103950371029128907
0.103889617777848178
0.103828864526567463
0.103768111275286734
0.103707358024006019
0.10364660477272529
0.103585851521444575
0.103525098270163846
0.10346434501888313
0.103403591767602401
0.103342838516321686
0.103282085265040957
0.103221332013760242
0.103160578762479513
0.103099825511198798
0.103039072259918069
0.102978319008637353
0.102917565757356624
0.102856812506075909
0.10279605925479518
0.102735306003514465
0.10267455275223375
0.102613799500953021
0.102553046249672306
0.102492292998391576
0.102431539747110861
0.102370786495830132
0.102310033244549417
0.102249279993268688
0.102188526741987973
0.102127773490707244
0.102067020239426529
0.1020062669881458
0.101945513736865084
0.101884760485584355
0.10182400723430364
0.101763253983022911
0.101702500731742196
0.101641747480461467
0.101580994229180752
0.101520240977900023
0.101459487726619307
0.101398734475338578
0.101337981224057863
0.101277227972777134
0.101216474721496419
0.10115572147021569
0.101094968218934975
0.101034214967654246
0.10097346171637353
0.100912708465092801
0.100851955213812086
0.100791201962531357
0.100730448711250642
0.100669695459969913
0.100608942208689198
0.100548188957408469
0.100487435706127753
0.100426682454847038
0.100365929203566309
0.100305175952285594
0.100244422701004865
0.10018366944972415
0.100122916198443421
0.100062162947162706
0.100001409695881976
0.0999406564446012613
0.0998799031933205322
0.0998191499420398171
0.099758396690759088
0.0996976434394783728
0.0996368901881976438
0.0995761369369169286
0.0995153836856361995
0.0994546304343554843
0.0993938771830747553
0.0993331239317940401
0.099272370680513311
0.0992116174292325959
0.0991508641779518668
0.0990901109266711516
0.0990293576753904226
0.0989686044241097074
0.0989078511728289783
0.0988470979215482631
0.0987863446702675341
0.0987255914189868189
0.0986648381677060898
0.0986040849164253747
0.0985433316651446456
0.0984825784138639304
0.0984218251625832014
0.0983610719113024862
0.098300318660021771
0.0982395654087410419
0.0981788121574603267
0.0981180589061795977
0.0980573056548988825
0.0979965524036181534
0.0979357991523374383
0.0978750459010567092
0.097814292649775994
0.097753539398495265
0.0976927861472145498
0.0976320328959338207
0.0975712796446531055
0.0975105263933723765
0.0974497731420916613
0.0973890198908109322
0.0973282666395302171
0.097267513388249488
0.0972067601369687728
0.0971460068856880438
0.0970852536344073286
0.0970245003831265995
0.0969637471318458843
0.0969029938805651553
0.0968422406292844401
0.096781487378003711
0.0967207341267229959
0.0966599808754422668
0.0965992276241615516
0.0965384743728808226
0.0964777211216001074
0.0964169678703193783
0.0963562146190386631
0.0962954613677579341
0.0962347081164772189
0.0961739548651965037
0.0961132016139157747
0.0960524483626350595
0.0959916951113543304
0.0959309418600736152
0.0958701886087928862
0.095809435357512171
0.0957486821062314419
0.0956879288549507268
0.0956271756036699977
0.0955664223523892825
0.0955056691011085535
0.0954449158498278383
0.0953841625985471092
0.095323409347266394
0.095262656095985665
0.0952019028447049498
0.0951411495934242207
0.0950803963421435056
0.0950196430908627765
0.0949588898395820613
0.0948981365883013323
0.0948373833370206171
0.094776630085739888
0.0947158768344591728
0.0946551235831784438
0.0945943703318977286
0.0945336170806169995
0.0944728638293362843
0.0944121105780555553
0.0943513573267748401
0.094290604075494111
0.0942298508242133959
0.0941690975729326668
0.0941083443216519516
0.0940475910703712364
0.0939868378190905074
0.0939260845678097922
0.0938653313165290631
0.093804578065248348
0.0937438248139676189
0.0936830715626869037
0.0936223183114061747
0.0935615650601254595
0.0935008118088447304
0.0934400585575640152
0.0933793053062832862
0.093318552055002571
0.0932577988037218419
0.0931970455524411268
0.0931362923011603977
0.0930755390498796825
0.0930147857985989535
0.0929540325473182383
0.0928932792960375092
0.092832526044756794
0.092771772793476065
0.0927110195421953498
0.0926502662909146207
0.0925895130396339056
0.0925287597883531765
0.0924680065370724613
0.0924072532857917323
0.0923465000345110171
0.092285746783230288
0.0922249935319495728
0.0921642402806688438
0.0921034870293881286
0.0920427337781073995
0.0919819805268266844
0.0919212272755459553
0.0918604740242652401
0.0917997207729845249
0.0917389675217037959
0.0916782142704230807
0.0916174610191423516
0.0915567077678616364
0.0914959545165809074
0.0914352012653001922
0.0913744480140194631
0.091313694762738748
0.0912529415114580189
0.0911921882601773037
0.0911314350088965747
0.0910706817576158595
0.0910099285063351304
0.0909491752550544152
0.0908884220037736862
0.090827668752492971
0.0907669155012122419
0.0907061622499315268
0.0906454089986507977
0.0905846557473700825
0.0905239024960893535
0.0904631492448086383
0.0904023959935279092
0.090341642742247194
0.090280889490966465
0.0902201362396857498
0.0901593829884050207
0.0900986297371243056
0.0900378764858435765
0.0899771232345628613
0.0899163699832821323
0.0898556167320014171
0.089794863480720688
0.0897341102294399728
0.0896733569781592577
0.0896126037268785286
0.0895518504755978134
0.0894910972243170844
0.0894303439730363692
0.0893695907217556401
0.0893088374704749249
0.0892480842191941959
0.0891873309679134807
0.0891265777166327516
0.0890658244653520365
0.0890050712140713074
0.0889443179627905922
0.0888835647115098632
0.088822811460229148
0.0887620582089484189
0.0887013049576677037
0.0886405517063869747
0.0885797984551062595
0.0885190452038255304
0.0884582919525448153
0.0883975387012640862
0.088336785449983371
0.088276032198702642
0.0882152789474219268
0.0881545256961411977
0.0880937724448604825
0.0880330191935797535
0.0879722659422990383
0.0879115126910183092
0.087850759439737594
0.087790006188456865
0.0877292529371761498
0.0876684996858954207
0.0876077464346147056
0.0875469931833339904
0.0874862399320532613
0.0874254866807725461
0.0873647334294918171
0.0873039801782111019
0.0872432269269303728
0.0871824736756496577
0.0871217204243689286
0.0870609671730882134
0.0870002139218074844
0.0869394606705267692
0.0868787074192460401
0.0868179541679653249
0.0867572009166845959
0.0866964476654038807
0.0866356944141231516
0.0865749411628424365
0.0865141879115617074
0.0864534346602809922
0.0863926814090002632
0.086331928157719548
0.0862711749064388189
0.0862104216551581037
0.0861496684038773747
0.0860889151525966595
0.0860281619013159304
0.0859674086500352153
0.0859066553987544862
0.085845902147473771
0.085785148896193042
0.0857243956449123268
0.0856636423936315977
0.0856028891423508825
0.0855421358910701535
0.0854813826397894383
0.0854206293885087231
0.0853598761372279941
0.0852991228859472789
0.0852383696346665498
0.0851776163833858346
0.0851168631321051056
0.0850561098808243904
0.0849953566295436613
0.0849346033782629461
0.0848738501269822171
0.0848130968757015019
0.0847523436244207728
0.0846915903731400577
0.0846308371218593286
0.0845700838705786134
0.0845093306192978844
0.0844485773680171692
0.0843878241167364401
0.0843270708654557249
0.0842663176141749959
0.0842055643628942807
0.0841448111116135516
0.0840840578603328365
0.0840233046090521074
0.0839625513577713922
0.0839017981064906632
0.083841044855209948
0.0837802916039292189
0.0837195383526485037
0.0836587851013677747
0.0835980318500870595
0.0835372785988063304
0.0834765253475256153
0.0834157720962448862
0.083355018844964171
0.0832942655936834558
0.0832335123424027268
0.0831727590911220116
0.0831120058398412825
0.0830512525885605674
0.0829904993372798383
0.0829297460859991231
0.0828689928347183941
0.0828082395834376789
0.0827474863321569498
0.0826867330808762346
0.0826259798295955056
0.0825652265783147904
0.0825044733270340613
0.0824437200757533462
0.0823829668244726171
0.0823222135731919019
0.0822614603219111729
0.0822007070706304577
0.0821399538193497286
0.0820792005680690134
0.0820184473167882844
0.0819576940655075692
0.0818969408142268401
0.081836187562946125
0.0817754343116653959
0.0817146810603846807
0.0816539278091039517
0.0815931745578232365
0.0815324213065425074
0.0814716680552617922
0.0814109148039810632
0.081350161552700348
0.0812894083014196189
0.0812286550501389037
0.0811679017988581747
0.0811071485475774595
0.0810463952962967443
0.0809856420450160153
0.0809248887937353001
0.080864135542454571
0.0808033822911738558
0.0807426290398931268
0.0806818757886124116
0.0806211225373316825
0.0805603692860509674
0.0804996160347702383
0.0804388627834895231
0.0803781095322087941
0.0803173562809280789
0.0802566030296473498
0.0801958497783666346
0.0801350965270859056
0.0800743432758051904
0.0800135900245244613
0.0799528367732437462
0.0798920835219630171
0.0798313302706823019
0.0797705770194015729
0.0797098237681208577
0.0796490705168401286
0.0795883172655594134
0.0795275640142786844
0.0794668107629979692
0.0794060575117172401
0.079345304260436525
0.0792845510091557959
0.0792237977578750807
0.0791630445065943517
0.0791022912553136365
0.0790415380040329074
0.0789807847527521922
0.0789200315014714771
0.078859278250190748
0.0787985249989100328
0.0787377717476293038
0.0786770184963485886
0.0786162652450678595
0.0785555119937871443
0.0784947587425064153
0.0784340054912257001
0.078373252239944971
0.0783124989886642559
0.0782517457373835268
0.0781909924861028116
0.0781302392348220826
0.0780694859835413674
0.0780087327322606383
0.0779479794809799231
0.0778872262296991941
0.0778264729784184789
0.0777657197271377498
0.0777049664758570346
0.0776442132245763056
0.0775834599732955904
0.0775227067220148613
0.0774619534707341462
0.0774012002194534171
0.0773404469681727019
0.0772796937168919729
0.0772189404656112577
0.0771581872143305286
0.0770974339630498134
0.0770366807117690844
0.0769759274604883692
0.0769151742092076401
0.076854420957926925
0.0767936677066462098
0.0767329144553654807
0.0766721612040847655
0.0766114079528040365
0.0765506547015233213
0.0764899014502425922
0.0764291481989618771
0.076368394947681148
0.0763076416964004328
0.0762468884451197038
0.0761861351938389886
0.0761253819425582595
0.0760646286912775443
0.0760038754399968153
0.0759431221887161001
0.075882368937435371
0.0758216156861546559
0.0757608624348739268
0.0757001091835932116
0.0756393559323124826
0.0755786026810317674
0.0755178494297510383
0.0754570961784703231
0.0753963429271895941
0.0753355896759088789
0.0752748364246281498
0.0752140831733474347
0.0751533299220667056
0.0750925766707859904
0.0750318234195052614
0.0749710701682245462
0.0749103169169438171
0.0748495636656631019
0.0747888104143823729
0.0747280571631016577
0.0746673039118209425
0.0746065506605402134
0.0745457974092594983
0.0744850441579787692
0.074424290906698054
0.074363537655417325
0.0743027844041366098
0.0742420311528558807
0.0741812779015751655
0.0741205246502944365
0.0740597713990137213
0.0739990181477329922
0.0739382648964522771
0.073877511645171548
0.0738167583938908328
0.0737560051426101038
0.0736952518913293886
0.0736344986400486595
0.0735737453887679443
0.0735129921374872153
0.0734522388862065001
0.073391485634925771
0.0733307323836450559
0.0732699791323643268
0.0732092258810836116
0.0731484726298028826
0.0730877193785221674
0.0730269661272414383
0.0729662128759607231
0.0729054596246799941
0.0728447063733992789
0.0727839531221185498
0.0727231998708378347
0.0726624466195571056
0.0726016933682763904
0.0725409401169956614
0.0724801868657149462
0.072419433614434231
0.0723586803631535019
0.0722979271118727868
0.0722371738605920577
0.0721764206093113425
0.0721156673580306135
0.0720549141067498983
0.0719941608554691692
0.071933407604188454
0.071872654352907725
0.0718119011016270098
0.0717511478503462807
0.0716903945990655656
0.0716296413477848365
0.0715688880965041213
0.0715081348452233923
0.0714473815939426771
0.071386628342661948
0.0713258750913812328
0.0712651218401005038
0.0712043685888197886
0.0711436153375390595
0.0710828620862583443
0.0710221088349776153
0.0709613555836969001
0.070900602332416171
0.0708398490811354559
0.0707790958298547268
0.0707183425785740116
0.0706575893272932826
0.0705968360760125674
0.0705360828247318383
0.0704753295734511231
0.0704145763221703941
0.0703538230708896789
0.0702930698196089637
0.0702323165683282347
0.0701715633170475195
0.0701108100657667904
0.0700500568144860752
0.0699893035632053462
0.069928550311924631
0.0698677970606439019
0.0698070438093631868
0.0697462905580824577
0.0696855373068017425
0.0696247840555210135
0.0695640308042402983
0.0695032775529595692
0.069442524301678854
0.069381771050398125
0.0693210177991174098
0.0692602645478366807
0.0691995112965559656
0.0691387580452752365
0.0690780047939945213
0.0690172515427137923
0.0689564982914330771
0.068895745040152348
0.0688349917888716328
0.0687742385375909038
0.0687134852863101886
0.0686527320350294595
0.0685919787837487444
0.0685312255324680153
0.0684704722811873001
0.0684097190299065711
0.0683489657786258559
0.0682882125273451268
0.0682274592760644116
0.0681667060247836964
0.0681059527735029674
0.0680451995222222522
0.0679844462709415231
0.067923693019660808
0.0678629397683800789
0.0678021865170993637
0.0677414332658186347
0.0676806800145379195
0.0676199267632571904
0.0675591735119764752
0.0674984202606957462
0.067437667009415031
0.0673769137581343019
0.0673161605068535868
0.0672554072555728577
0.0671946540042921425
0.0671339007530114135
0.0670731475017306983
0.0670123942504499692
0.066951640999169254
0.066890887747888525
0.0668301344966078098
0.0667693812453270807
0.0667086279940463656
0.0666478747427656365
0.0665871214914849213
0.0665263682402041923
0.0664656149889234771
0.066404861737642748
0.0663441084863620328
0.0662833552350813038
0.0662226019838005886
0.0661618487325198595
0.0661010954812391444
0.0660403422299584292
0.0659795889786777001
0.0659188357273969849
0.0658580824761162559
0.0657973292248355407
0.0657365759735548116
0.0656758227222740965
0.0656150694709933674
0.0655543162197126522
0.0654935629684319232
0.065432809717151208
0.0653720564658704789
0.0653113032145897637
0.0652505499633090347
0.0651897967120283195
0.0651290434607475904
0.0650682902094668753
0.0650075369581861462
0.064946783706905431
0.064886030455624702
0.0648252772043439868
0.0647645239530632577
0.0647037707017825425
0.0646430174505018135
0.0645822641992210983
0.0645215109479403692
0.064460757696659654
0.064400004445378925
0.0643392511940982098
0.0642784979428174807
0.0642177446915367656
0.0641569914402560365
0.0640962381889753213
0.0640354849376945923
0.0639747316864138771
0.063913978435133148
0.0638532251838524328
0.0637924719325717177
0.0637317186812909886
0.0636709654300102734
0.0636102121787295444
0.0635494589274488292
0.0634887056761681001
0.0634279524248873849
0.0633671991736066559
0.0633064459223259407
0.0632456926710452116
0.0631849394197644965
0.0631241861684837674
0.0630634329172030522
0.0630026796659223232
0.062941926414641608
0.0628811731633608789
0.0628204199120801637
0.0627596666607994347
0.0626989134095187195
0.0626381601582379904
0.0625774069069572753
0.0625166536556765462
0.062455900404395831
0.0623951471531151089
0.0623343939018343868
0.0622736406505536647
0.0622128873992729425
0.0621521341479922204
0.0620913808967114983
0.0620306276454307762
0.0619698743941500541
0.0619091211428693319
0.0618483678915886098
0.0617876146403078877
0.0617268613890271656
0.0616661081377464435
0.0616053548864657213
0.0615446016351849992
0.0614838483839042771
0.061423095132623555
0.0613623418813428328
0.0613015886300621107
0.0612408353787813886
0.0611800821275006665
0.0611193288762199444
0.0610585756249392222
0.0609978223736585001
0.060937069122377778
0.0608763158710970559
0.0608155626198163338
0.0607548093685356116
0.0606940561172548895
0.0606333028659741743
0.0605725496146934522
0.0605117963634127301
0.060451043112132008
0.0603902898608512859
0.0603295366095705637
0.0602687833582898416
0.0602080301070091195
0.0601472768557283974
0.0600865236044476753
0.0600257703531669531
0.059965017101886231
0.0599042638506055089
0.0598435105993247868
0.0597827573480440647
0.0597220040967633425
0.0596612508454826204
0.0596004975942018983
0.0595397443429211762
0.0594789910916404541
0.0594182378403597319
0.0593574845890790098
0.0592967313377982877
0.0592359780865175656
0.0591752248352368435
0.0591144715839561213
0.0590537183326753992
0.0589929650813946771
0.058932211830113955
0.0588714585788332329
0.0588107053275525107
0.0587499520762717886
0.0586891988249910665
0.0586284455737103444
0.0585676923224296223
0.0585069390711489071
0.058446185819868185
0.0583854325685874628
0.0583246793173067407
0.0582639260660260186
0.0582031728147452965
0.0581424195634645744
0.0580816663121838522
0.0580209130609031301
0.057960159809622408
0.0578994065583416859
0.0578386533070609637
0.0577779000557802416
0.0577171468044995195
0.0576563935532187974
0.0575956403019380753
0.0575348870506573531
0.057474133799376631
0.0574133805480959089
0.0573526272968151868
0.0572918740455344647
0.0572311207942537425
0.0571703675429730204
0.0571096142916922983
0.0570488610404115762
0.0569881077891308541
0.0569273545378501319
0.0568666012865694098
0.0568058480352886877
0.0567450947840079656
0.0566843415327272435
0.0566235882814465213
0.0565628350301657992
0.0565020817788850771
0.056441328527604355
0.0563805752763236329
0.0563198220250429177
0.0562590687737621956
0.0561983155224814734
0.0561375622712007513
0.0560768090199200292
0.0560160557686393071
0.055955302517358585
0.0558945492660778628
0.0558337960147971407
0.0557730427635164186
0.0557122895122356965
0.0556515362609549744
0.0555907830096742522
0.0555300297583935301
0.055469276507112808
0.0554085232558320859
0.0553477700045513638
0.0552870167532706416
0.0552262635019899195
0.0551655102507091974
0.0551047569994284753
0.0550440037481477532
0.054983250496867031
0.0549224972455863089
0.0548617439943055868
0.0548009907430248647
0.0547402374917441426
0.0546794842404634204
0.0546187309891826983
0.0545579777379019762
0.0544972244866212541
0.0544364712353405319
0.0543757179840598098
0.0543149647327790877
0.0542542114814983656
0.0541934582302176504
0.0541327049789369283
0.0540719517276562062
0.054011198476375484
0.0539504452250947619
0.0538896919738140398
0.0538289387225333177
0.0537681854712525956
0.0537074322199718734
0.0536466789686911513
0.0535859257174104292
0.0535251724661297071
0.053464419214848985
0.0534036659635682628
0.0533429127122875407
0.0532821594610068186
0.0532214062097260965
0.0531606529584453744
0.0530998997071646522
0.0530391464558839301
0.052978393204603208
0.0529176399533224859
0.0528568867020417638
0.0527961334507610416
0.0527353801994803195
0.0526746269481995974
0.0526138736969188753
0.0525531204456381532
0.052492367194357431
0.0524316139430767089
0.0523708606917959868
0.0523101074405152647
0.0522493541892345426
0.0521886009379538204
0.0521278476866730983
0.0520670944353923762
0.052006341184111661
0.0519455879328309389
0.0518848346815502168
0.0518240814302694947
0.0517633281789887725
0.0517025749277080504
0.0516418216764273283
0.0515810684251466062
0.0515203151738658841
0.0514595619225851619
0.0513988086713044398
0.0513380554200237177
0.0512773021687429956
0.0512165489174622734
0.0511557956661815513
0.0510950424149008292
0.0510342891636201071
0.050973535912339385
0.0509127826610586628
0.0508520294097779407
0.0507912761584972186
0.0507305229072164965
0.0506697696559357744
0.0506090164046550522
0.0505482631533743301
0.050487509902093608
0.0504267566508128859
0.0503660033995321638
0.0503052501482514416
0.0502444968969707195
0.0501837436456899974
0.0501229903944092753
0.0500622371431285532
0.050001483891847831
0.0499407306405671089
0.0498799773892863937
0.0498192241380056716
0.0497584708867249495
0.0496977176354442274
0.0496369643841635053
0.0495762111328827831
0.049515457881602061
0.0494547046303213389
0.0493939513790406168
0.0493331981277598947
0.0492724448764791725
0.0492116916251984504
0.0491509383739177283
0.0490901851226370062
0.0490294318713562841
0.0489686786200755619
0.0489079253687948398
0.0488471721175141177
0.0487864188662333956
0.0487256656149526735
0.0486649123636719513
0.0486041591123912292
0.0485434058611105071
0.048482652609829785
0.0484218993585490629
0.0483611461072683407
0.0483003928559876186
0.0482396396047068965
0.0481788863534261744
0.0481181331021454523
0.0480573798508647301
0.047996626599584008
0.0479358733483032859
0.0478751200970225638
0.0478143668457418416
0.0477536135944611195
0.0476928603431804043
0.0476321070918996822
0.0475713538406189601
0.047510600589338238
0.0474498473380575159
0.0473890940867767937
0.0473283408354960716
0.0472675875842153495
0.0472068343329346274
0.0471460810816539053
0.0470853278303731831
0.047024574579092461
0.0469638213278117389
0.0469030680765310168
0.0468423148252502947
0.0467815615739695725
0.0467208083226888504
0.0466600550714081283
0.0465993018201274062
0.0465385485688466841
0.0464777953175659619
0.0464170420662852398
0.0463562888150045177
0.0462955355637237956
0.0462347823124430735
0.0461740290611623513
0.0461132758098816292
0.0460525225586009071
0.045991769307320185
0.0459310160560394629
0.0458702628047587407
0.0458095095534780186
0.0457487563021972965
0.0456880030509165744
0.0456272497996358523
0.0455664965483551371
0.045505743297074415
0.0454449900457936928
0.0453842367945129707
0.0453234835432322486
0.0452627302919515265
0.0452019770406708044
0.0451412237893900822
0.0450804705381093601
0.045019717286828638
0.0449589640355479159
0.0448982107842671938
0.0448374575329864716
0.0447767042817057495
0.0447159510304250274
0.0446551977791443053
0.0445944445278635831
0.044533691276582861
0.0444729380253021389
0.0444121847740214168
0.0443514315227406947
0.0442906782714599725
0.0442299250201792504
0.0441691717688985283
0.0441084185176178062
0.0440476652663370841
0.0439869120150563619
0.0439261587637756398
0.0438654055124949177
0.0438046522612141956
0.0437438990099334735
0.0436831457586527513
0.0436223925073720292
0.0435616392560913071
0.043500886004810585
0.0434401327535298629
0.0433793795022491477
0.0433186262509684256
0.0432578729996877034
0.0431971197484069813
0.0431363664971262592
0.0430756132458455371
0.043014859994564815
0.0429541067432840928
0.0428933534920033707
0.0428326002407226486
0.0427718469894419265
0.0427110937381612044
0.0426503404868804822
0.0425895872355997601
0.042528833984319038
0.0424680807330383159
0.0424073274817575938
0.0423465742304768716
0.0422858209791961495
0.0422250677279154274
0.0421643144766347053
0.0421035612253539832
0.042042807974073261
0.0419820547227925389
0.0419213014715118168
0.0418605482202310947
0.0417997949689503726
0.0417390417176696504
0.0416782884663889283
0.0416175352151082062
0.0415567819638274841
0.041496028712546762
0.0414352754612660398
0.0413745222099853177
0.0413137689587045956
0.0412530157074238804
0.0411922624561431583
0.0411315092048624362
0.041070755953581714
0.0410100027023009919
0.0409492494510202698
0.0408884961997395477
0.0408277429484588256
0.0407669896971781034
0.0407062364458973813
0.0406454831946166592
0.0405847299433359371
0.040523976692055215
0.0404632234407744928
0.0404024701894937707
0.0403417169382130486
0.0402809636869323265
0.0402202104356516044
0.0401594571843708822
0.0400987039330901601
0.040037950681809438
0.0399771974305287159
0.0399164441792479938
0.0398556909279672716
0.0397949376766865495
0.0397341844254058274
0.0396734311741251053
0.0396126779228443832
0.039551924671563661
0.0394911714202829389
0.0394304181690022168
0.0393696649177214947
0.0393089116664407726
0.0392481584151600504
0.0391874051638793283
0.0391266519125986131
0.039065898661317891
0.0390051454100371689
0.0389443921587564468
0.0388836389074757247
0.0388228856561950025
0.0387621324049142804
0.0387013791536335583
0.0386406259023528362
0.0385798726510721141
0.0385191193997913919
0.0384583661485106698
0.0383976128972299477
0.0383368596459492256
0.0382761063946685035
0.0382153531433877813
0.0381545998921070592
0.0380938466408263371
0.038033093389545615
0.0379723401382648929
0.0379115868869841707
0.0378508336357034486
0.0377900803844227265
0.0377293271331420044
0.0376685738818612822
0.0376078206305805601
0.037547067379299838
0.0374863141280191159
0.0374255608767383938
0.0373648076254576716
0.0373040543741769495
0.0372433011228962274
0.0371825478716155053
0.0371217946203347832
0.037061041369054061
0.0370002881177733389
0.0369395348664926237
0.0368787816152119016
0.0368180283639311795
0.0367572751126504574
0.0366965218613697353
0.0366357686100890131
0.036575015358808291
0.0365142621075275689
0.0364535088562468468
0.0363927556049661247
0.0363320023536854025
0.0362712491024046804
0.0362104958511239583
0.0361497425998432362
0.0360889893485625141
0.0360282360972817919
0.0359674828460010698
0.0359067295947203477
0.0358459763434396256
0.0357852230921589035
0.0357244698408781813
0.0356637165895974592
0.0356029633383167371
0.035542210087036015
0.0354814568357552929
0.0354207035844745707
0.0353599503331938486
0.0352991970819131265
0.0352384438306324044
0.0351776905793516823
0.0351169373280709601
0.035056184076790238
0.0349954308255095159
0.0349346775742287938
0.0348739243229480717
0.0348131710716673565
0.0347524178203866344
0.0346916645691059122
0.0346309113178251901
0.034570158066544468
0.0345094048152637459
0.0344486515639830237
0.0343878983127023016
0.0343271450614215795
0.0342663918101408574
0.0342056385588601353
0.0341448853075794131
0.034084132056298691
0.0340233788050179689
0.0339626255537372468
0.0339018723024565247
0.0338411190511758025
0.0337803657998950804
0.0337196125486143583
0.0336588592973336362
0.0335981060460529141
0.0335373527947721919
0.0334765995434914698
0.0334158462922107477
0.0333550930409300256
0.0332943397896493035
0.0332335865383685813
0.0331728332870878592
0.0331120800358071371
0.033051326784526415
0.0329905735332456929
0.0329298202819649707
0.0328690670306842486
0.0328083137794035265
0.0327475605281228044
0.0326868072768420823
0.0326260540255613671
0.032565300774280645
0.0325045475229999228
0.0324437942717192007
0.0323830410204384786
0.0323222877691577565
0.0322615345178770344
0.0322007812665963122
0.0321400280153155901
0.032079274764034868
0.0320185215127541459
0.0319577682614734238
0.0318970150101927016
0.0318362617589119795
0.0317755085076312574
0.0317147552563505353
0.0316540020050698132
0.031593248753789091
0.0315324955025083689
0.0314717422512276468
0.0314109889999469247
0.0313502357486662026
0.0312894824973854804
0.0312287292461047583
0.0311679759948240362
0.0311072227435433141
0.0310464694922625954
0.0309857162409818733
0.0309249629897011512
0.0308642097384204291
0.0308034564871397069
0.0307427032358589848
0.0306819499845782627
0.0306211967332975406
0.0305604434820168185
0.0304996902307360963
0.0304389369794553742
0.0303781837281746521
0.03031743047689393
0.0302566772256132079
0.0301959239743324857
0.0301351707230517636
0.0300744174717710415
0.0300136642204903194
0.0299529109692096007
0.0298921577179288786
0.0298314044666481565
0.0297706512153674344
0.0297098979640867122
0.0296491447128059901
0.029588391461525268
0.0295276382102445459
0.0294668849589638238
0.0294061317076831016
0.0293453784564023795
0.0292846252051216574
0.0292238719538409353
0.0291631187025602132
0.029102365451279491
0.0290416121999987689
0.0289808589487180468
0.0289201056974373247
0.028859352446156606
0.0287985991948758839
0.0287378459435951618
0.0286770926923144397
0.0286163394410337175
0.0285555861897529954
0.0284948329384722733
0.0284340796871915512
0.0283733264359108291
0.0283125731846301069
0.0282518199333493848
0.0281910666820686627
0.0281303134307879406
0.0280695601795072185
0.0280088069282264963
0.0279480536769457742
0.0278873004256650521
0.02782654717438433
0.0277657939231036113
0.0277050406718228892
0.0276442874205421671
0.027583534169261445
0.0275227809179807228
0.0274620276667000007
0.0274012744154192786
0.0273405211641385565
0.0272797679128578344
0.0272190146615771122
0.0271582614102963901
0.027097508159015668
0.0270367549077349459
0.0269760016564542238
0.0269152484051735016
0.0268544951538927795
0.0267937419026120574
0.0267329886513313388
0.0266722354000506166
0.0266114821487698945
0.0265507288974891724
0.0264899756462084503
0.0264292223949277282
0.026368469143647006
0.0263077158923662839
0.0262469626410855618
0.0261862093898048397
0.0261254561385241175
0.0260647028872433954
0.0260039496359626733
0.0259431963846819512
0.0258824431334012291
0.0258216898821205069
0.0257609366308397848
0.0257001833795590627
0.0256394301282783441
0.0255786768769976219
0.0255179236257168998
0.0254571703744361777
0.0253964171231554556
0.0253356638718747335
0.0252749106205940113
0.0252141573693132892
0.0251534041180325671
0.025092650866751845
0.0250318976154711229
0.0249711443641904007
0.0249103911129096786
0.0248496378616289565
0.0247888846103482344
0.0247281313590675123
0.0246673781077867901
0.024606624856506068
0.0245458716052253494
0.0244851183539446272
0.0244243651026639051
0.024363611851383183
0.0243028586001024609
0.0242421053488217388
0.0241813520975410166
0.0241205988462602945
0.0240598455949795724
0.0239990923436988503
0.0239383390924181282
0.023877585841137406
0.0238168325898566839
0.0237560793385759618
0.0236953260872952397
0.0236345728360145176
0.0235738195847337954
0.0235130663334530733
0.0234523130821723547
0.0233915598308916325
0.0233308065796109104
0.0232700533283301883
0.0232093000770494662
0.0231485468257687441
0.0230877935744880219
0.0230270403232072998
0.0229662870719265777
0.0229055338206458556
0.0228447805693651335
0.0227840273180844113
0.0227232740668036892
0.0226625208155229671
0.022601767564242245
0.0225410143129615229
0.0224802610616808007
0.0224195078104000821
0.02235875455911936
0.0222980013078386378
0.0222372480565579157
0.0221764948052771936
0.0221157415539964715
0.0220549883027157494
0.0219942350514350272
0.0219334818001543051
0.021872728548873583
0.0218119752975928609
0.0217512220463121388
0.0216904687950314166
0.0216297155437506945
0.0215689622924699724
0.0215082090411892503
0.0214474557899085282
0.021386702538627806
0.0213259492873470874
0.0212651960360663653
0.0212044427847856432
0.021143689533504921
0.0210829362822241989
0.0210221830309434768
0.0209614297796627547
0.0209006765283820325
0.0208399232771013104
0.0207791700258205883
0.0207184167745398662
0.0206576635232591441
0.0205969102719784219
0.0205361570206976998
0.0204754037694169777
0.0204146505181362556
0.0203538972668555335
0.0202931440155748113
0.0202323907642940927
0.0201716375130133706
0.0201108842617326485
0.0200501310104519263
0.0199893777591712042
0.0199286245078904821
0.01986787125660976
0.0198071180053290379
0.0197463647540483157
0.0196856115027675936
0.0196248582514868715
0.0195641050002061494
0.0195033517489254273
0.0194425984976447051
0.019381845246363983
0.0193210919950832609
0.0192603387438025388
0.0191995854925218166
0.019138832241241098
0.0190780789899603759
0.0190173257386796538
0.0189565724873989316
0.0188958192361182095
0.0188350659848374874
0.0187743127335567653
0.0187135594822760432
0.018652806230995321
0.0185920529797145989
0.0185312997284338768
0.0184705464771531547
0.0184097932258724326
0.0183490399745917104
0.0182882867233109883
0.0182275334720302662
0.0181667802207495441
0.0181060269694688254
0.0180452737181881033
0.0179845204669073812
0.0179237672156266591
0.0178630139643459369
0.0178022607130652148
0.0177415074617844927
0.0176807542105037706
0.0176200009592230485
0.0175592477079423263
0.0174984944566616042
0.0174377412053808821
0.01737698795410016
0.0173162347028194379
0.0172554814515387157
0.0171947282002579936
0.0171339749489772715
0.0170732216976965494
0.0170124684464158307
0.0169517151951351086
0.0168909619438543865
0.0168302086925736644
0.0167694554412929422
0.0167087021900122201
0.016647948938731498
0.0165871956874507759
0.0165264424361700538
0.0164656891848893316
0.0164049359336086095
0.0163441826823278874
0.0162834294310471653
0.0162226761797664432
0.016161922928485721
0.0161011696772049989
0.0160404164259242768
0.0159796631746435547
0.015918909923362836
0.0158581566720821139
0.0157974034208013918
0.0157366501695206697
0.0156758969182399475
0.0156151436669592254
0.0155543904156785033
0.0154936371643977812
0.0154328839131170591
0.0153721306618363369
0.0153113774105556148
0.0152506241592748927
0.0151898709079941706
0.0151291176567134502
0.0150683644054327281
0.015007611154152006
0.0149468579028712838
0.0148861046515905617
0.0148253514003098396
0.0147645981490291175
0.0147038448977483954
0.0146430916464676732
0.0145823383951869529
0.0145215851439062307
0.0144608318926255086
0.0144000786413447865
0.0143393253900640644
0.0142785721387833422
0.0142178188875026201
0.014157065636221898
0.0140963123849411759
0.0140355591336604555
0.0139748058823797334
0.0139140526310990113
0.0138532993798182891
0.013792546128537567
0.0137317928772568449
0.0136710396259761228
0.0136102863746954007
0.0135495331234146785
0.0134887798721339582
0.013428026620853236
0.0133672733695725139
0.0133065201182917918
0.0132457668670110697
0.0131850136157303476
0.0131242603644496254
0.0130635071131689033
0.0130027538618881829
0.0129420006106074608
0.0128812473593267387
0.0128204941080460166
0.0127597408567652944
0.0126989876054845723
0.0126382343542038502
0.0125774811029231281
0.012516727851642406
0.0124559746003616856
0.0123952213490809635
0.0123344680978002413
0.0122737148465195192
0.0122129615952387971
0.012152208343958075
0.0120914550926773529
0.0120307018413966307
0.0119699485901159086
0.0119091953388351882
0.0118484420875544661
0.011787688836273744
0.0117269355849930219
0.0116661823337122997
0.0116054290824315776
0.0115446758311508555
0.0114839225798701334
0.0114231693285894113
0.0113624160773086909
0.0113016628260279688
0.0112409095747472466
0.0111801563234665245
0.0111194030721858024
0.0110586498209050803
0.0109978965696243582
0.010937143318343636
0.0108763900670629139
0.0108156368157821935
0.0107548835645014714
0.0106941303132207493
0.0106333770619400272
0.0105726238106593051
0.0105118705593785829
0.0104511173080978608
0.0103903640568171387
0.0103296108055364166
0.0102688575542556962
0.0102081043029749741
0.0101473510516942519
0.0100865978004135298
0.0100258445491328077
0.00996509129785208558
0.00990433804657136346
0.00984358479529064134
0.00978283154400991922
0.00972207829272919884
0.00966132504144847672
0.0096005717901677546
0.00953981853888703248
0.00947906528760631036
0.00941831203632558824
0.00935755878504486611
0.00929680553376414399
0.00923605228248342361
0.00917529903120270149
0.00911454577992197937
0.00905379252864125725
0.00899303927736053513
0.00893228602607981301
0.00887153277479909089
0.00881077952351836877
0.00875002627223764665
0.00868927302095692626
0.00862851976967620414
0.00856776651839548202
0.0085070132671147599
0.00844626001583403778
0.00838550676455331566
0.00832475351327259354
0.00826400026199187142
0.0082032470107111493
0.00814249375943042891
0.00808174050814970679
0.00802098725686898467
0.00796023400558826255
0.00789948075430754043
0.00783872750302681831
0.00777797425174609619
0.00771722100046537494
0.00765646774918465282
0.0075957144979039307
0.00753496124662320858
0.00747420799534248732
0.0074134547440617652
0.00735270149278104308
0.00729194824150032096
0.00723119499021959884
0.00717044173893887759
0.00710968848765815547
0.00704893523637743335
0.00698818198509671123
0.00692742873381598998
0.00686667548253526785
0.00680592223125454573
0.00674516897997382361
0.00668441572869310149
0.00662366247741238024
0.00656290922613165812
0.006502155974850936
0.00644140272357021388
0.00638064947228949263
0.00631989622100877051
0.00625914296972804839
0.00619838971844732627
0.00613763646716660501
0.00607688321588588289
0.00601612996460516077
0.00595537671332443865
0.00589462346204371653
0.00583387021076299528
0.00577311695948227316
0.00571236370820155104
0.00565161045692082892
0.00559085720564010766
0.00553010395435938554
0.00546935070307866342
0.0054085974517979413
0.00534784420051721918
0.00528709094923649793
0.00522633769795577581
0.00516558444667505369
0.00510483119539433157
0.00504407794411361032
0.0049833246928328882
0.00492257144155216608
0.00486181819027144396
0.00480106493899072184
0.00474031168771000058
0.00467955843642927846
0.00461880518514855634
0.00455805193386783422
0.00449729868258711297
0.00443654543130639085
0.00437579218002566873
0.00431503892874494661
0.00425428567746422535
0.00419353242618350323
0.00413277917490278111
0.00407202592362205899
0.00401127267234133687
0.00395051942106061562
0.0038897661697798935
0.00382901291849917138
0.00376825966721844969
0.00370750641593772757
0.00364675316465700589
0.00358599991337628377
0.00352524666209556164
0.00346449341081483996
0.00340374015953411784
0.00334298690825339615
0.00328223365697267403
0.00322148040569195234
0.00316072715441123022
0.00309997390313050854
0.00303922065184978642
0.0029784674005690643
0.00291771414928834261
0.00285696089800762049
0.0027962076467268988
0.00273545439544617668
0.002674701144165455
0.00261394789288473288
0.00255319464160401119
0.00249244139032328907
0.00243168813904256695
0.00237093488776184526
0.00231018163648112314
0.00224942838520040145
0.00218867513391967933
0.00212792188263895765
0.00206716863135823553
0.00200641538007751384
0.00194566212879679172
0.00188490887751606982
0.00182415562623534791
0.00176340237495462601
0.00170264912367390411
0.0016418958723931822
0.0015811426211124603
0.0015203893698317384
0.00145963611855101649
0.00139888286727029437
0.00133812961598957247
0.00127737636470885057
0.00121662311342812866
0.00115586986214740676
0.00109511661086668485
0.00103436335958596295
0.000973610108305240939
0.000912856857024519036
0.000852103605743797132
0.000791350354463075229
0.000730597103182353325
0.000669843851901631314
0.00060909060062090941
0.000548337349340187507
0.000487584098059465603
0.000426830846778743645
0.000366077595498021742
0.000305324344217299784
0.000244571092936577881
0.000183817841655855977
0.00012306459037513402
6.2311339094412116e-05
1.55808781369018204e-06
-5.91951634670317316e-05
-0.000119948414747753662
-0.000180701666028475606
-0.00024145491730919751
-0.000302208168589919468
-0.000362961419870641371
-0.000423714671151363275
-0.000484467922432085232
-0.000545221173712807082
-0.000605974424993529093
-0.000666727676274250997
-0.0007274809275549729
-0.000788234178835694804
-0.000848987430116416707
-0.000909740681397138719
-0.000970493932677860623
-0.00103124718395858263
-0.00109200043523930454
-0.00115275368652002644
-0.00121350693780074835
-0.00127426018908147025
-0.00133501344036219215
-0.00139576669164291406
-0.00145651994292363596
-0.00151727319420435786
-0.00157802644548507977
-0.00163877969676580167
-0.00169953294804652379
-0.00176028619932724569
-0.0018210394506079676
-0.0018817927018886895
-0.0019425459531694114
-0.00200329920445013352
-0.00206405245573085521
-0.00212480570701157733
-0.00218555895829229902
-0.00224631220957302114
-0.00230706546085374282
-0.00236781871213446495
-0.00242857196341518663
-0.00248932521469590875
-0.00255007846597663044
-0.00261083171725735256
-0.00267158496853807468
-0.00273233821981879637
-0.00279309147109951849
-0.00285384472238024017
-0.00291459797366096229
-0.00297535122494168398
-0.0030361044762224061
-0.00309685772750312779
-0.00315761097878384991
-0.00321836423006457203
-0.00327911748134529371
-0.00333987073262601583
-0.00340062398390673752
-0.00346137723518745964
-0.00352213048646818133
-0.00358288373774890345
-0.00364363698902962514
-0.00370439024031034726
-0.00376514349159106894
-0.00382589674287179106
-0.00388664999415251318
-0.00394740324543323487
-0.00400815649671395699
-0.00406890974799467911
-0.00412966299927540036
-0.00419041625055612248
-0.0042511695018368446
-0.00431192275311756672
-0.00437267600439828798
-0.0044334292556790101
-0.00449418250695973222
-0.00455493575824045434
-0.00461568900952117646
-0.00467644226080189771
-0.00473719551208261983
-0.00479794876336334195
-0.00485870201464406407
-0.00491945526592478533
-0.00498020851720550745
-0.00504096176848622957
-0.00510171501976695169
-0.00516246827104767381
-0.00522322152232839506
-0.00528397477360911718
-0.0053447280248898393
-0.00540548127617056142
-0.00546623452745128267
-0.00552698777873200479
-0.00558774103001272691
-0.00564849428129344903
-0.00570924753257417116
-0.00577000078385489241
-0.00583075403513561453
-0.00589150728641633665
-0.00595226053769705877
-0.00601301378897778002
-0.00607376704025850214
-0.00613452029153922426
-0.00619527354281994638
-0.00625602679410066764
-0.00631678004538138976
-0.00637753329666211188
-0.006438286547942834
-0.00649903979922355612
-0.00655979305050427737
-0.00662054630178499949
-0.00668129955306572161
-0.00674205280434644373
-0.00680280605562716498
-0.0068635593069078871
-0.00692431255818860922
-0.00698506580946933135
-0.00704581906075005347
-0.00710657231203077472
-0.00716732556331149684
-0.00722807881459221896
-0.00728883206587294108
-0.00734958531715366233
-0.00741033856843438445
-0.00747109181971510657
-0.00753184507099582869
-0.00759259832227655081
-0.00765335157355727207
-0.00771410482483799419
-0.00777485807611871631
-0.00783561132739943843
-0.00789636457868016055
-0.00795711782996088267
-0.00801787108124160305
-0.00807862433252232517
-0.00813937758380304729
-0.00820013083508376941
-0.00826088408636449154
-0.00832163733764521366
-0.00838239058892593578
-0.0084431438402066579
-0.00850389709148738002
-0.0085646503427681004
-0.00862540359404882252
-0.00868615684532954464
-0.00874691009661026676
-0.00880766334789098888
-0.008868416599171711
-0.00892916985045243312
-0.00898992310173315524
-0.00905067635301387736
-0.00911142960429459775
-0.00917218285557531987
-0.00923293610685604199
-0.00929368935813676411
-0.00935444260941748623
-0.00941519586069820835
-0.00947594911197893047
-0.00953670236325965259
-0.00959745561454037471
-0.0096582088658210951
-0.00971896211710181722
-0.00977971536838253934
-0.00984046861966326146
-0.00990122187094398358
-0.0099619751222247057
-0.0100227283735054278
-0.0100834816247861499
-0.0101442348760668721
-0.0102049881273475924
-0.0102657413786283146
-0.0103264946299090367
-0.0103872478811897588
-0.0104480011324704809
-0.010508754383751203
-0.0105695076350319252
-0.0106302608863126473
-0.0106910141375933694
-0.0107517673888740898
-0.0108125206401548119
-0.010873273891435534
-0.0109340271427162562
-0.0109947803939969783
-0.0110555336452777004
-0.0111162868965584225
-0.0111770401478391446
-0.011237793399119865
-0.0112985466504005871
-0.0113592999016813093
-0.0114200531529620314
-0.0114808064042427535
-0.0115415596555234756
-0.0116023129068041977
-0.0116630661580849199
-0.011723819409365642
-0.0117845726606463624
-0.0118453259119270845
-0.0119060791632078066
-0.0119668324144885287
-0.0120275856657692509
-0.012088338917049973
-0.0121490921683306951
-0.0122098454196114172
-0.0122705986708921393
-0.0123313519221728597
-0.0123921051734535818
-0.012452858424734304
-0.0125136116760150261
-0.0125743649272957482
-0.0126351181785764703
-0.0126958714298571924
-0.0127566246811379146
-0.0128173779324186367
-0.0128781311836993571
-0.0129388844349800792
-0.0129996376862608013
-0.0130603909375415234
-0.0131211441888222455
-0.0131818974401029677
-0.0132426506913836898
-0.0133034039426644119
-0.013364157193945134
-0.0134249104452258544
-0.0134856636965065765
-0.0135464169477872987
-0.0136071701990680208
-0.0136679234503487429
-0.013728676701629465
-0.0137894299529101871
-0.0138501832041909093
-0.0139109364554716314
-0.0139716897067523518
-0.0140324429580330739
-0.014093196209313796
-0.0141539494605945181
-0.0142147027118752402
-0.0142754559631559624
-0.0143362092144366845
-0.0143969624657174066
-0.0144577157169981287
-0.0145184689682788491
-0.0145792222195595712
-0.0146399754708402934
-0.0147007287221210155
-0.0147614819734017376
-0.0148222352246824597
-0.0148829884759631818
-0.014943741727243904
-0.0150044949785246243
-0.0150652482298053465
-0.0151260014810860686
-0.0151867547323667907
-0.0152475079836475128
-0.0153082612349282349
-0.0153690144862089571
-0.0154297677374896792
-0.0154905209887704013
-0.0155512742400511217
-0.0156120274913318438
-0.0156727807426125659
-0.015733533993893288
-0.0157942872451740102
-0.0158550404964547323
-0.0159157937477354544
-0.0159765469990161765
-0.0160373002502968987
-0.0160980535015776208
-0.0161588067528583429
-0.016219560004139065
-0.0162803132554197871
-0.0163410665067005093
-0.0164018197579812279
-0.01646257300926195
-0.0165233262605426721
-0.0165840795118233943
-0.0166448327631041164
-0.0167055860143848385
-0.0167663392656655606
-0.0168270925169462827
-0.0168878457682270049
-0.016948599019507727
-0.0170093522707884491
-0.0170701055220691712
-0.0171308587733498933
-0.0171916120246306155
-0.0172523652759113376
-0.0173131185271920597
-0.0173738717784727818
-0.0174346250297535005
-0.0174953782810342226
-0.0175561315323149447
-0.0176168847835956668
-0.017677638034876389
-0.0177383912861571111
-0.0177991445374378332
-0.0178598977887185553
-0.0179206510399992774
-0.0179814042912799996
-0.0180421575425607217
-0.0181029107938414438
-0.0181636640451221659
-0.018224417296402888
-0.0182851705476836102
-0.0183459237989643323
-0.0184066770502450544
-0.0184674303015257765
-0.0185281835528064952
-0.0185889368040872173
-0.0186496900553679394
-0.0187104433066486615
-0.0187711965579293837
-0.0188319498092101058
-0.0188927030604908279
-0.01895345631177155
-0.0190142095630522721
-0.0190749628143329943
-0.0191357160656137164
-0.0191964693168944385
-0.0192572225681751606
-0.0193179758194558827
-0.0193787290707366049
-0.019439482322017327
-0.0195002355732980491
-0.0195609888245787712
-0.0196217420758594899
-0.019682495327140212
-0.0197432485784209341
-0.0198040018297016562
-0.0198647550809823784
-0.0199255083322631005
-0.0199862615835438226
-0.0200470148348245447
-0.0201077680861052668
-0.020168521337385989
-0.0202292745886667111
-0.0202900278399474332
-0.0203507810912281553
-0.0204115343425088774
-0.0204722875937895996
-0.0205330408450703217
-0.0205937940963510438
-0.0206545473476317659
-0.0207153005989124846
-0.0207760538501932067
-0.0208368071014739288
-0.0208975603527546509
-0.0209583136040353731
-0.0210190668553160952
-0.0210798201065968173
-0.0211405733578775394
-0.0212013266091582615
-0.0212620798604389837
-0.0213228331117197058
-0.0213835863630004279
-0.02144433961428115
-0.0215050928655618721
-0.0215658461168425943
-0.0216265993681233164
-0.0216873526194040385
-0.0217481058706847571
-0.0218088591219654793
-0.0218696123732462014
-0.0219303656245269235
-0.0219911188758076456
-0.0220518721270883677
-0.0221126253783690899
-0.022173378629649812
-0.0222341318809305341
-0.0222948851322112562
-0.0223556383834919783
-0.0224163916347727005
-0.0224771448860534226
-0.0225378981373341447
-0.0225986513886148668
-0.022659404639895589
-0.0227201578911763111
-0.0227809111424570332
-0.0228416643937377518
-0.022902417645018474
-0.0229631708962991961
-0.0230239241475799182
-0.0230846773988606403
-0.0231454306501413624
-0.0232061839014220846
-0.0232669371527028067
-0.0233276904039835288
-0.0233884436552642509
-0.023449196906544973
-0.0235099501578256952
-0.0235707034091064173
-0.0236314566603871394
-0.0236922099116678615
-0.0237529631629485836
-0.0238137164142293058
-0.0238744696655100279
-0.0239352229167907465
-0.0239959761680714687
-0.0240567294193521908
-0.0241174826706329129
-0.024178235921913635
-0.0242389891731943571
-0.0242997424244750793
-0.0243604956757558014
-0.0244212489270365235
-0.0244820021783172456
-0.0245427554295979677
-0.0246035086808786899
-0.024664261932159412
-0.0247250151834401341
-0.0247857684347208562
-0.0248465216860015783
-0.0249072749372823005
-0.0249680281885630226
-0.0250287814398437412
-0.0250895346911244634
-0.0251502879424051855
-0.0252110411936859076
-0.0252717944449666297
-0.0253325476962473518
-0.025393300947528074
-0.0254540541988087961
-0.0255148074500895182
-0.0255755607013702403
-0.0256363139526509624
-0.0256970672039316846
-0.0257578204552124067
-0.0258185737064931288
-0.0258793269577738509
-0.025940080209054573
-0.0260008334603352952
-0.0260615867116160138
-0.0261223399628967359
-0.0261830932141774581
-0.0262438464654581802
-0.0263045997167389023
-0.0263653529680196244
-0.0264261062193003465
-0.0264868594705810687
-0.0265476127218617908
-0.0266083659731425129
-0.026669119224423235
-0.0267298724757039571
-0.0267906257269846793
-0.0268513789782654014
-0.0269121322295461235
-0.0269728854808268456
-0.0270336387321075677
-0.0270943919833882899
-0.0271551452346690085
-0.0272158984859497306
-0.0272766517372304527
-0.0273374049885111749
-0.027398158239791897
-0.0274589114910726191
-0.0275196647423533412
-0.0275804179936340634
-0.0276411712449147855
-0.0277019244961955076
-0.0277626777474762297
-0.0278234309987569518
-0.027884184250037674
-0.0279449375013183961
-0.0280056907525991182
-0.0280664440038798403
-0.0281271972551605624
-0.0281879505064412846
-0.0282487037577220032
-0.0283094570090027253
-0.0283702102602834474
-0.0284309635115641696
-0.0284917167628448917
-0.0285524700141256138
-0.0286132232654063359
-0.028673976516687058
-0.0287347297679677802
-0.0287954830192485023
-0.0288562362705292244
-0.0289169895218099465
-0.0289777427730906686
-0.0290384960243713908
-0.0290992492756521129
-0.029160002526932835
-0.0292207557782135571
-0.0292815090294942758
-0.0293422622807749979
-0.02940301553205572
-0.0294637687833364421
-0.0295245220346171643
-0.0295852752858978864
-0.0296460285371786085
-0.0297067817884593306
-0.0297675350397400527
-0.0298282882910207749
-0.029889041542301497
-0.0299497947935822191
-0.0300105480448629412
-0.0300713012961436633
-0.0301320545474243855
-0.0301928077987051076
-0.0302535610499858297
-0.0303143143012665518
-0.0303750675525472705
-0.0304358208038279926
-0.0304965740551087147
-0.0305573273063894368
-0.030618080557670159
-0.0306788338089508811
-0.0307395870602316032
-0.0308003403115123253
-0.0308610935627930474
-0.0309218468140737696
-0.0309826000653544917
-0.0310433533166352138
-0.0311041065679159359
-0.031164859819196658
-0.0312256130704773802
-0.0312863663217581023
-0.0313471195730388244
-0.0314078728243195465
-0.0314686260756002686
-0.0315293793268809908
-0.0315901325781617129
-0.031650885829442435
-0.0317116390807231571
-0.0317723923320038792
-0.0318331455832846014
-0.0318938988345653235
-0.0319546520858460456
-0.0320154053371267608
-0.0320761585884074829
-0.032136911839688205
-0.0321976650909689271
-0.0322584183422496493
-0.0323191715935303714
-0.0323799248448110935
-0.0324406780960918156
-0.0325014313473725378
-0.0325621845986532599
-0.032622937849933982
-0.0326836911012147041
-0.0327444443524954262
-0.0328051976037761484
-0.0328659508550568705
-0.0329267041063375926
-0.0329874573576183147
-0.0330482106088990368
-0.033108963860179759
-0.0331697171114604811
-0.0332304703627412032
-0.0332912236140219253
-0.0333519768653026474
-0.0334127301165833696
-0.0334734833678640917
-0.0335342366191448138
-0.0335949898704255359
-0.033655743121706258
-0.0337164963729869802
-0.0337772496242677023
-0.0338380028755484244
-0.0338987561268291465
-0.0339595093781098686
-0.0340202626293905908
-0.0340810158806713129
-0.0341417691319520281
-0.0342025223832327502
-0.0342632756345134723
-0.0343240288857941944
-0.0343847821370749165
-0.0344455353883556387
-0.0345062886396363608
-0.0345670418909170829
-0.034627795142197805
-0.0346885483934785271
-0.0347493016447592493
-0.0348100548960399714
-0.0348708081473206935
-0.0349315613986014156
-0.0349923146498821377
-0.0350530679011628599
-0.035113821152443582
-0.0351745744037243041
-0.0352353276550050262
-0.0352960809062857483
-0.0353568341575664705
-0.0354175874088471926
-0.0354783406601279147
-0.0355390939114086368
-0.0355998471626893589
-0.0356606004139700811
-0.0357213536652508032
-0.0357821069165315253
-0.0358428601678122474
-0.0359036134190929695
-0.0359643666703736917
-0.0360251199216544138
-0.0360858731729351359
-0.036146626424215858
-0.0362073796754965802
-0.0362681329267773023
-0.0363288861780580175
-0.0363896394293387396
-0.0364503926806194617
-0.0365111459319001838
-0.0365718991831809059
-0.0366326524344616281
-0.0366934056857423502
-0.0367541589370230723
-0.0368149121883037944
-0.0368756654395845165
-0.0369364186908652387
-0.0369971719421459608
-0.0370579251934266829
-0.037118678444707405
-0.0371794316959881271
-0.0372401849472688493
-0.0373009381985495714
-0.0373616914498302935
-0.0374224447011110156
-0.0374831979523917377
-0.0375323895094729632
-0.0375149951626026143
-0.0374976008157322654
-0.0374802064688619166
-0.0374628121219915677
-0.0374454177751212189
-0.03742802342825087
-0.0374106290813805142
-0.0373932347345101654
-0.0373758403876398165
-0.0373584460407694677
-0.0373410516938991188
-0.03732365734702877
-0.0373062630001584211
-0.0372888686532880723
-0.0372714743064177234
-0.0372540799595473676
-0.0372366856126770188
-0.0372192912658066699
-0.0372018969189363211
-0.0371845025720659722
-0.0371671082251956233
-0.0371497138783252745
-0.0371323195314549256
-0.0371149251845845699
-0.037097530837714221
-0.0370801364908438721
-0.0370627421439735233
-0.0370453477971031744
-0.0370279534502328256
-0.0370105591033624767
-0.0369931647564921279
-0.036975770409621779
-0.0369583760627514232
-0.0369409817158810744
-0.0369235873690107255
-0.0369061930221403767
-0.0368887986752700278
-0.036871404328399679
-0.0368540099815293301
-0.0368366156346589813
-0.0368192212877886324
-0.0368018269409182766
-0.0367844325940479278
-0.0367670382471775789
-0.03674964390030723
-0.0367322495534368812
-0.0367148552065665323
-0.0366974608596961835
-0.0366800665128258346
-0.0366626721659554858
-0.03664527781908513
-0.0366278834722147811
-0.0366104891253444323
-0.0365930947784740834
-0.0365757004316037346
-0.0365583060847333857
-0.0365409117378630369
-0.036523517390992688
-0.0365061230441223392
-0.0364887286972519834
-0.0364713343503816345
-0.0364539400035112857
-0.0364365456566409368
-0.036419151309770588
-0.0364017569629002391
-0.0363843626160298902
-0.0363669682691595414
-0.0363495739222891925
-0.0363321795754188367
-0.0363147852285484879
-0.036297390881678139
-0.0362799965348077902
-0.0362626021879374413
-0.0362452078410670925
-0.0362278134941967436
-0.0362104191473263948
-0.036193024800456039
-0.0361756304535856901
-0.0361582361067153413
-0.0361408417598449924
-0.0361234474129746436
-0.0361060530661042947
-0.0360886587192339459
-0.036071264372363597
-0.0360538700254932482
-0.0360364756786228924
-0.0360190813317525435
-0.0360016869848821947
-0.0359842926380118458
-0.0359668982911414969
-0.0359495039442711481
-0.0359321095974007992
-0.0359147152505304504
-0.0358973209036601015
-0.0358799265567897457
-0.0358625322099193969
-0.035845137863049048
-0.0358277435161786992
-0.0358103491693083503
-0.0357929548224380015
-0.0357755604755676526
-0.0357581661286973038
-0.0357407717818269549
-0.0357233774349565991
-0.0357059830880862503
-0.0356885887412159014
-0.0356711943943455526
-0.0356538000474752037
-0.0356364057006048549
-0.035619011353734506
-0.0356016170068641571
-0.0355842226599938083
-0.0355668283131234525
-0.0355494339662531036
-0.0355320396193827548
-0.0355146452725124059
-0.0354972509256420571
-0.0354798565787717082
-0.0354624622319013594
-0.0354450678850310105
-0.0354276735381606617
-0.0354102791912903059
-0.035392884844419957
-0.0353754904975496082
-0.0353580961506792593
-0.0353407018038089105
-0.0353233074569385616
-0.0353059131100682128
-0.0352885187631978639
-0.0352711244163275081
-0.0352537300694571593
-0.0352363357225868104
-0.0352189413757164616
-0.0352015470288461127
-0.0351841526819757638
-0.035166758335105415
-0.0351493639882350661
-0.0351319696413647173
-0.0351145752944943615
-0.0350971809476240126
-0.0350797866007536638
-0.0350623922538833149
-0.0350449979070129661
-0.0350276035601426172
-0.0350102092132722684
-0.0349928148664019195
-0.0349754205195315707
-0.0349580261726612149
-0.034940631825790866
-0.0349232374789205172
-0.0349058431320501683
-0.0348884487851798195
-0.0348710544383094706
-0.0348536600914391217
-0.0348362657445687729
-0.034818871397698424
-0.0348014770508280682
-0.0347840827039577194
-0.0347666883570873705
-0.0347492940102170217
-0.0347318996633466728
-0.034714505316476324
-0.0346971109696059751
-0.0346797166227356263
-0.0346623222758652774
-0.0346449279289949216
-0.0346275335821245728
-0.0346101392352542239
-0.0345927448883838751
-0.0345753505415135262
-0.0345579561946431774
-0.0345405618477728285
-0.0345231675009024797
-0.0345057731540321308
-0.034488378807161775
-0.0344709844602914262
-0.0344535901134210773
-0.0344361957665507284
-0.0344188014196803796
-0.0344014070728100307
-0.0343840127259396819
-0.034366618379069333
-0.0343492240321989842
-0.0343318296853286284
-0.0343144353384582795
-0.0342970409915879307
-0.0342796466447175818
-0.034262252297847233
-0.0342448579509768841
-0.0342274636041065353
-0.0342100692572361864
-0.0341926749103658306
-0.0341752805634954818
-0.0341578862166251329
-0.0341404918697547841
-0.0341230975228844352
-0.0341057031760140864
-0.0340883088291437375
-0.0340709144822733886
-0.0340535201354030398
-0.034036125788532684
-0.0340187314416623351
-0.0340013370947919863
-0.0339839427479216374
-0.0339665484010512886
-0.0339491540541809397
-0.0339317597073105909
-0.033914365360440242
-0.0338969710135698932
-0.0338795766666995374
-0.0338621823198291885
-0.0338447879729588397
-0.0338273936260884908
-0.033809999279218142
-0.0337926049323477931
-0.0337752105854774443
-0.0337578162386070954
-0.0337404218917367466
-0.0337230275448663908
-0.0337056331979960419
-0.0336882388511256931
-0.0336708445042553442
-0.0336534501573849953
-0.0336360558105146465
-0.0336186614636442976
-0.0336012671167739488
-0.0335838727699035999
-0.0335664784230332441
-0.0335490840761628953
-0.0335316897292925464
-0.0335142953824221976
-0.0334969010355518487
-0.0334795066886814999
-0.033462112341811151
-0.0334447179949408022
-0.0334273236480704533
-0.0334099293012000975
-0.0333925349543297487
-0.0333751406074593998
-0.033357746260589051
-0.0333403519137187021
-0.0333229575668483533
-0.0333055632199780044
-0.0332881688731076555
-0.0332707745262372998
-0.0332533801793669509
-0.033235985832496602
-0.0332185914856262532
-0.0332011971387559043
-0.0331838027918855555
-0.0331664084450152066
-0.0331490140981448578
-0.0331316197512745089
-0.0331142254044041531
-0.0330968310575338043
-0.0330794367106634554
-0.0330620423637931066
-0.0330446480169227577
-0.0330272536700524089
-0.03300985932318206
-0.0329924649763117112
-0.0329750706294413623
-0.0329576762825710065
-0.0329402819357006577
-0.0329228875888303088
-0.0329054932419599599
-0.0328880988950896111
-0.0328707045482192622
-0.0328533102013489134
-0.0328359158544785645
-0.0328185215076082157
-0.0328011271607378599
-0.032783732813867511
-0.0327663384669971622
-0.0327489441201268133
-0.0327315497732564645
-0.0327141554263861156
-0.0326967610795157668
-0.0326793667326454179
-0.0326619723857750691
-0.0326445780389047133
-0.0326271836920343644
-0.0326097893451640156
-0.0325923949982936667
-0.0325750006514233179
-0.032557606304552969
-0.0325402119576826201
-0.0325228176108122713
-0.0325054232639419224
-0.0324880289170715666
-0.0324706345702012178
-0.0324532402233308689
-0.0324358458764605201
-0.0324184515295901712
-0.0324010571827198224
-0.0323836628358494735
-0.0323662684889791247
-0.0323488741421087689
-0.03233147979523842
-0.0323140854483680712
-0.0322966911014977223
-0.0322792967546273735
-0.0322619024077570246
-0.0322445080608866758
-0.0322271137140163269
-0.0322097193671459781
-0.0321923250202756223
-0.0321749306734052734
-0.0321575363265349246
-0.0321401419796645757
-0.0321227476327942268
-0.032105353285923878
-0.0320879589390535291
-0.0320705645921831803
-0.0320531702453128314
-0.0320357758984424756
-0.0320183815515721268
-0.0320009872047017779
-0.0319835928578314291
-0.0319661985109610802
-0.0319488041640907314
-0.0319314098172203825
-0.0319140154703500337
-0.0318966211234796848
-0.031879226776609329
-0.0318618324297389802
-0.0318444380828686313
-0.0318270437359982825
-0.0318096493891279336
-0.0317922550422575848
-0.0317748606953872359
-0.031757466348516887
-0.0317400720016465382
-0.0317226776547761824
-0.0317052833079058335
-0.0316878889610354847
-0.0316704946141651358
-0.031653100267294787
-0.0316357059204244381
-0.0316183115735540893
-0.0316009172266837404
-0.0315835228798133916
-0.0315661285329430358
-0.0315487341860726869
-0.0315313398392023381
-0.0315139454923319892
-0.0314965511454616404
-0.0314791567985912915
-0.0314617624517209427
-0.0314443681048505938
-0.031426973757980238
-0.0314095794111098892
-0.0313921850642395403
-0.0313747907173691915
-0.0313573963704988426
-0.0313400020236284937
-0.0313226076767581449
-0.031305213329887796
-0.0312878189830174472
-0.0312704246361470914
-0.0312530302892767425
-0.0312356359424063972
-0.0312182415955360448
-0.031200847248665696
-0.0311834529017953471
-0.0311660585549249983
-0.0311486642080546459
-0.0311312698611842971
-0.0311138755143139482
-0.0310964811674435994
-0.0310790868205732471
-0.0310616924737028982
-0.0310442981268325494
-0.0310269037799622005
-0.0310095094330918516
-0.0309921150862214993
-0.0309747207393511505
-0.0309573263924808016
-0.0309399320456104528
-0.0309225376987401004
-0.0309051433518697516
-0.0308877490049994027
-0.0308703546581290539
-0.030852960311258705
-0.0308355659643883527
-0.0308181716175180039
-0.030800777270647655
-0.0307833829237773061
-0.0307659885769069538
-0.030748594230036605
-0.0307311998831662561
-0.0307138055362959073
-0.0306964111894255549
-0.0306790168425552061
-0.0306616224956848572
-0.0306442281488145084
-0.0306268338019441595
-0.0306094394550738072
-0.0305920451082034583
-0.0305746507613331095
-0.0305572564144627606
-0.0305398620675924083
-0.0305224677207220595
-0.0305050733738517106
-0.0304876790269813618
-0.0304702846801110129
-0.0304528903332406606
-0.0304354959863703117
-0.0304181016394999629
-0.030400707292629614
-0.0303833129457592617
-0.0303659185988889128
-0.030348524252018564
-0.0303311299051482151
-0.0303137355582778663
-0.030296341211407514
-0.0302789468645371651
-0.0302615525176668163
-0.0302441581707964674
-0.0302267638239261151
-0.0302093694770557662
-0.0301919751301854174
-0.0301745807833150685
-0.0301571864364447162
-0.0301397920895743673
-0.0301223977427040185
-0.0301050033958336696
-0.0300876090489633208
-0.0300702147020929685
-0.0300528203552226196
-0.0300354260083522707
-0.0300180316614819219
-0.0300006373146115696
-0.0299832429677412207
-0.0299658486208708719
-0.029948454274000523
-0.0299310599271301742
-0.0299136655802598218
-0.029896271233389473
-0.0298788768865191241
-0.0298614825396487753
-0.029844088192778423
-0.0298266938459080741
-0.0298092994990377252
-0.0297919051521673764
-0.0297745108052970241
-0.0297571164584266752
-0.0297397221115563264
-0.0297223277646859775
-0.0297049334178156287
-0.0296875390709452763
-0.0296701447240749275
-0.0296527503772045786
-0.0296353560303342298
-0.0296179616834638774
-0.0296005673365935286
-0.0295831729897231797
-0.0295657786428528309
-0.029548384295982482
-0.0295309899491121297
-0.0295135956022417809
-0.029496201255371432
-0.0294788069085010832
-0.0294614125616307308
-0.029444018214760382
-0.0294266238678900331
-0.0294092295210196843
-0.0293918351741493354
-0.0293744408272789831
-0.0293570464804086342
-0.0293396521335382854
-0.0293222577866679365
-0.0293048634397975842
-0.0292874690929272354
-0.0292700747460568865
-0.0292526803991865376
-0.0292352860523161853
-0.0292178917054458365
-0.0292004973585754876
-0.0291831030117051388
-0.0291657086648347899
-0.0291483143179644376
-0.0291309199710940887
-0.0291135256242237399
-0.029096131277353391
-0.0290787369304830387
-0.0290613425836126898
-0.029043948236742341
-0.0290265538898719921
-0.0290091595430016433
-0.028991765196131291
-0.0289743708492609421
-0.0289569765023905933
-0.0289395821555202444
-0.0289221878086498921
-0.0289047934617795432
-0.0288873991149091944
-0.0288700047680388455
-0.0288526104211684967
-0.0288352160742981443
-0.0288178217274277955
-0.0288004273805574466
-0.0287830330336870978
-0.0287656386868167455
-0.0287482443399463966
-0.0287308499930760478
-0.0287134556462056989
-0.0286960612993353466
-0.0286786669524649977
-0.0286612726055946489
-0.0286438782587243
-0.0286264839118539512
-0.0286090895649835988
-0.02859169521811325
-0.0285743008712429011
-0.0285569065243725523
-0.0285395121775022
-0.0285221178306318511
-0.0285047234837615023
-0.0284873291368911534
-0.0284699347900208045
-0.0284525404431504522
-0.0284351460962801034
-0.0284177517494097545
-0.0284003574025394057
-0.0283829630556690533
-0.0283655687087987045
-0.0283481743619283556
-0.0283307800150580068
-0.0283133856681876545
-0.0282959913213173056
-0.0282785969744469567
-0.0282612026275766079
-0.028243808280706259
-0.0282264139338359067
-0.0282090195869655579
-0.028191625240095209
-0.0281742308932248602
-0.0281568365463545078
-0.028139442199484159
-0.0281220478526138101
-0.0281046535057434613
-0.0280872591588731124
-0.0280698648120027601
-0.0280524704651324112
-0.0280350761182620624
-0.0280176817713917135
-0.0280002874245213612
-0.0279828930776510124
-0.0279654987307806635
-0.0279481043839103147
-0.0279307100370399658
-0.0279133156901696135
-0.0278959213432992646
-0.0278785269964289158
-0.0278611326495585669
-0.0278437383026882146
-0.0278263439558178657
-0.0278089496089475169
-0.027791555262077168
-0.0277741609152068157
-0.0277567665683364669
-0.027739372221466118
-0.0277219778745957691
-0.0277045835277254203
-0.027687189180855068
-0.0276697948339847191
-0.0276524004871143703
-0.0276350061402440214
-0.0276176117933736691
-0.0276002174465033202
-0.0275828230996329714
-0.0275654287527626225
-0.0275480344058922737
-0.0275306400590219214
-0.0275132457121515725
-0.0274958513652812236
-0.0274784570184108748
-0.0274610626715405225
-0.0274436683246701736
-0.0274262739777998248
-0.0274088796309294759
-0.0273914852840591236
-0.0273740909371887747
-0.0273566965903184259
-0.027339302243448077
-0.0273219078965777282
-0.0273045135497073758
-0.027287119202837027
-0.0272697248559666781
-0.0272523305090963293
-0.027234936162225977
-0.0272175418153556281
-0.0272001474684852793
-0.0271827531216149304
-0.0271653587747445815
-0.0271479644278742292
-0.0271305700810038804
-0.0271131757341335315
-0.0270957813872631827
-0.0270783870403928303
-0.0270609926935224815
-0.0270435983466521326
-0.0270262039997817838
-0.0270088096529114349
-0.0269914153060410826
-0.0269740209591707338
-0.0269566266123003849
-0.026939232265430036
-0.0269218379185596837
-0.0269044435716893349
-0.026887049224818986
-0.0268696548779486372
-0.0268522605310782848
-0.026834866184207936
-0.0268174718373375871
-0.0268000774904672383
-0.0267826831435968894
-0.0267652887967265371
-0.0267478944498561882
-0.0267305001029858394
-0.0267131057561154905
-0.0266957114092451382
-0.0266783170623747894
-0.0266609227155044405
-0.0266435283686340917
-0.0266261340217637428
-0.0266087396748933905
-0.0265913453280230416
-0.0265739509811526928
-0.0265565566342823439
-0.0265391622874119916
-0.0265217679405416427
-0.0265043735936712939
-0.026486979246800945
-0.0264695848999305962
-0.0264521905530602439
-0.026434796206189895
-0.0264174018593195462
-0.0264000075124491973
-0.026382613165578845
-0.0263652188187084961
-0.0263478244718381473
-0.0263304301249677984
-0.0263130357780974461
-0.0262956414312270972
-0.0262782470843567484
-0.0262608527374863995
-0.0262434583906160507
-0.0262260640437456984
-0.0262086696968753495
-0.0261912753500050006
-0.0261738810031346518
-0.0261564866562642995
-0.0261390923093939506
-0.0261216979625236018
-0.0261043036156532529
-0.0260869092687829041
-0.0260695149219125517
-0.0260521205750422029
-0.026034726228171854
-0.0260173318813015052
-0.0259999375344311529
-0.025982543187560804
-0.0259651488406904551
-0.0259477544938201063
-0.025930360146949754
-0.0259129658000794051
-0.0258955714532090563
-0.0258781771063387074
-0.0258607827594683586
-0.0258433884125980062
-0.0258259940657276574
-0.0258085997188573085
-0.0257912053719869597
-0.0257738110251166073
-0.0257564166782462585
-0.0257390223313759096
-0.0257216279845055608
-0.0257042336376352119
-0.0256868392907648596
-0.0256694449438945108
-0.0256520505970241619
-0.0256346562501538131
-0.0256172619032834607
-0.0255998675564131119
-0.025582473209542763
-0.0255650788626724142
-0.0255476845158020653
-0.025530290168931713
-0.0255128958220613641
-0.0254955014751910153
-0.0254781071283206664
-0.0254607127814503141
-0.0254433184345799653
-0.0254259240877096164
-0.0254085297408392675
-0.0253911353939689152
-0.0253737410470985664
-0.0253563467002282175
-0.0253389523533578687
-0.0253215580064875198
-0.0253041636596171675
-0.0252867693127468186
-0.0252693749658764698
-0.0252519806190061209
-0.0252345862721357686
-0.0252171919252654197
-0.0251997975783950709
-0.025182403231524722
-0.0251650088846543732
-0.0251476145377840209
-0.025130220190913672
-0.0251128258440433232
-0.0250954314971729743
-0.025078037150302622
-0.0250606428034322731
-0.0250432484565619243
-0.0250258541096915754
-0.0250084597628212266
-0.0249910654159508742
-0.0249736710690805254
-0.0249562767222101765
-0.0249388823753398277
-0.0249214880284694754
-0.0249040936815991265
-0.0248866993347287777
-0.0248693049878584288
-0.0248519106409880765
-0.0248345162941177276
-0.0248171219472473788
-0.0247997276003770299
-0.0247823332535066811
-0.0247649389066363287
-0.0247475445597659799
-0.024730150212895631
-0.0247127558660252822
-0.0246953615191549299
-0.024677967172284581
-0.0246605728254142322
-0.0246431784785438833
-0.0246257841316735344
-0.0246083897848031821
-0.0245909954379328333
-0.0245736010910624844
-0.0245562067441921356
-0.0245388123973217832
-0.0245214180504514344
-0.0245040237035810855
-0.0244866293567107367
-0.0244692350098403844
-0.0244518406629700355
-0.0244344463160996866
-0.0244170519692293378
-0.0243996576223589889
-0.0243822632754886366
-0.0243648689286182878
-0.0243474745817479389
-0.0243300802348775901
-0.0243126858880072377
-0.0242952915411368889
-0.02427789719426654
-0.0242605028473961912
-0.0242431085005258423
-0.02422571415365549
-0.0242083198067851411
-0.0241909254599147923
-0.0241735311130444434
-0.0241561367661740911
-0.0241387424193037423
-0.0241213480724333934
-0.0241039537255630446
-0.0240865593786926957
-0.0240691650318223434
-0.0240517706849519945
-0.0240343763380816457
-0.0240169819912112968
-0.0239995876443409445
-0.0239821932974705956
-0.0239647989506002468
-0.0239474046037298979
-0.0239300102568595456
-0.0239126159099891968
-0.0238952215631188479
-0.023877827216248499
-0.0238604328693781502
-0.0238430385225077979
-0.023825644175637449
-0.0238082498287671002
-0.0237908554818967513
-0.023773461135026399
-0.0237560667881560501
-0.0237386724412857013
-0.0237212780944153524
-0.0237038837475450036
-0.0236864894006746513
-0.0236690950538043024
-0.0236517007069339535
-0.0236343063600636047
-0.0236169120131932524
-0.0235995176663229035
-0.0235821233194525547
-0.0235647289725822058
-0.0235473346257118535
-0.0235299402788415046
-0.0235125459319711558
-0.0234951515851008069
-0.0234777572382304581
-0.0234603628913601057
-0.0234429685444897569
-0.023425574197619408
-0.0234081798507490592
-0.0233907855038787069
-0.023373391157008358
-0.0233559968101380092
-0.0233386024632676603
-0.0233212081163973114
-0.0233038137695269591
-0.0232864194226566103
-0.0232690250757862614
-0.0232516307289159126
-0.0232342363820455602
-0.0232168420351752114
-0.0231994476883048625
-0.0231820533414345137
-0.0231646589945641648
-0.0231472646476938125
-0.0231298703008234637
-0.0231124759539531148
-0.0230950816070827659
-0.0230776872602124136
-0.0230602929133420648
-0.0230428985664717159
-0.0230255042196013671
-0.0230081098727310147
-0.0229907155258606659
-0.022973321178990317
-0.0229559268321199682
-0.0229385324852496193
-0.022921138138379267
-0.0229037437915089181
-0.0228863494446385693
-0.0228689550977682204
-0.0228515607508978681
-0.0228341664040275193
-0.0228167720571571704
-0.0227993777102868216
-0.0227819833634164727
-0.0227645890165461204
-0.0227471946696757715
-0.0227298003228054227
-0.0227124059759350738
-0.0226950116290647215
-0.0226776172821943726
-0.0226602229353240238
-0.0226428285884536749
-0.0226254342415833261
-0.0226080398947129738
-0.0225906455478426249
-0.0225732512009722761
-0.0225558568541019272
-0.0225384625072315749
-0.022521068160361226
-0.0225036738134908772
-0.0224862794666205283
-0.022468885119750176
-0.0224514907728798271
-0.0224340964260094783
-0.0224167020791391294
-0.0223993077322687806
-0.0223819133853984283
-0.0223645190385280794
-0.0223471246916577305
-0.0223297303447873817
-0.0223123359979170294
-0.0222949416510466805
-0.0222775473041763317
-0.0222601529573059828
-0.022242758610435634
-0.0222253642635652816
-0.0222079699166949328
-0.0221905755698245839
-0.0221731812229542351
-0.0221557868760838828
-0.0221383925292135339
-0.022120998182343185
-0.0221036038354728362
-0.0220862094886024839
-0.022068815141732135
-0.0220514207948617862
-0.0220340264479914373
-0.0220166321011210885
-0.0219992377542507361
-0.0219818434073803873
-0.0219644490605100384
-0.0219470547136396896
-0.0219296603667693372
-0.0219122660198989884
-0.0218948716730286395
-0.0218774773261582907
-0.0218600829792879418
-0.0218426886324175895
-0.0218252942855472407
-0.0218078999386768918
-0.021790505591806543
-0.0217731112449361906
-0.0217557168980658418
-0.0217383225511954929
-0.0217209282043251441
-0.0217035338574547952
-0.0216861395105844429
-0.021668745163714094
-0.0216513508168437452
-0.0216339564699733963
-0.021616562123103044
-0.0215991677762326952
-0.0215817734293623463
-0.0215643790824919974
-0.0215469847356216451
-0.0215295903887512963
-0.0215121960418809474
-0.0214948016950105986
-0.0214774073481402497
-0.0214600130012698974
-0.0214426186543995485
-0.0214252243075291997
-0.0214078299606588508
-0.0213904356137884985
-0.0213730412669181496
-0.0213556469200478008
-0.0213382525731774519
-0.0213208582263071031
-0.0213034638794367508
-0.0212860695325664019
-0.0212686751856960531
-0.0212512808388257042
-0.0212338864919553519
-0.021216492145085003
-0.0211990977982146542
-0.0211817034513443053
-0.0211643091044739565
-0.0211469147576036041
-0.0211295204107332553
-0.0211121260638629064
-0.0210947317169925576
-0.0210773373701222053
-0.0210599430232518564
-0.0210425486763815076
-0.0210251543295111587
-0.0210077599826408064
-0.0209903656357704575
-0.0209729712889001087
-0.0209555769420297598
-0.020938182595159411
-0.0209207882482890586
-0.0209033939014187098
-0.0208859995545483609
-0.0208686052076780121
-0.0208512108608076598
-0.0208338165139373109
-0.0208164221670669621
-0.0207990278201966132
-0.0207816334733262643
-0.020764239126455912
-0.0207468447795855632
-0.0207294504327152143
-0.0207120560858448655
-0.0206946617389745131
-0.0206772673921041643
-0.0206598730452338154
-0.0206424786983634666
-0.0206250843514931143
-0.0206076900046227654
-0.0205902956577524165
-0.0205729013108820677
-0.0205555069640117188
-0.0205381126171413665
-0.0205207182702710177
-0.0205033239234006688
-0.02048592957653032
-0.0204685352296599676
-0.0204511408827896188
-0.0204337465359192699
-0.0204163521890489211
-0.0203989578421785722
-0.0203815634953082199
-0.020364169148437871
-0.0203467748015675222
-0.0203293804546971733
-0.020311986107826821
-0.0202945917609564722
-0.0202771974140861233
-0.0202598030672157745
-0.0202424087203454256
-0.0202250143734750733
-0.0202076200266047244
-0.0201902256797343756
-0.0201728313328640267
-0.0201554369859936744
-0.0201380426391233255
-0.0201206482922529767
-0.0201032539453826278
-0.0200858595985122755
-0.0200684652516419267
-0.0200510709047715778
-0.0200336765579012289
-0.0200162822110308801
-0.0199988878641605278
-0.0199814935172901789
-0.0199640991704198301
-0.0199467048235494812
-0.0199293104766791289
-0.01991191612980878
-0.0198945217829384312
-0.0198771274360680823
-0.0198597330891977335
-0.0198423387423273812
-0.0198249443954570323
-0.0198075500485866834
-0.0197901557017163346
-0.0197727613548459823
-0.0197553670079756334
-0.0197379726611052846
-0.0197205783142349357
-0.0197031839673645834
-0.0196857896204942345
-0.0196683952736238857
-0.0196510009267535368
-0.019633606579883188
-0.0196162122330128356
-0.0195988178861424868
-0.0195814235392721379
-0.0195640291924017891
-0.0195466348455314368
-0.0195292404986610879
-0.0195118461517907391
-0.0194944518049203902
-0.0194770574580500413
-0.019459663111179689
-0.0194422687643093402
-0.0194248744174389913
-0.0194074800705686425
-0.0193900857236982901
-0.0193726913768279413
-0.0193552970299575924
-0.0193379026830872436
-0.0193205083362168947
-0.0193031139893465424
-0.0192857196424761936
-0.0192683252956058447
-0.0192509309487354958
-0.0192335366018651435
-0.0192161422549947947
-0.0191987479081244458
-0.019181353561254097
-0.0191639592143837446
-0.0191465648675133958
-0.0191291705206430469
-0.0191117761737726981
-0.0190943818269023492
-0.0190769874800319969
-0.019059593133161648
-0.0190421987862912992
-0.0190248044394209503
-0.019007410092550598
-0.0189900157456802492
-0.0189726213988099003
-0.0189552270519395515
-0.0189378327050692026
-0.0189204383581988503
-0.0189030440113285014
-0.0188856496644581526
-0.0188682553175878037
-0.0188508609707174514
-0.0188334666238471025
-0.0188160722769767537
-0.0187986779301064048
-0.018781283583236056
-0.0187638892363657037
-0.0187464948894953548
-0.018729100542625006
-0.0187117061957546571
-0.0186943118488843048
-0.0186769175020139559
-0.0186595231551436071
-0.0186421288082732582
-0.0186247344614029059
-0.018607340114532557
-0.0185899457676622082
-0.0185725514207918593
-0.0185551570739215105
-0.0185377627270511582
-0.0185203683801808093
-0.0185029740333104604
-0.0184855796864401116
-0.0184681853395697593
-0.0184507909926994104
-0.0184333966458290616
-0.0184160022989587127
-0.0183986079520883639
-0.0183812136052180115
-0.0183638192583476627
-0.0183464249114773138
-0.018329030564606965
-0.0183116362177366127
-0.0182942418708662638
-0.0182768475239959149
-0.0182594531771255661
-0.0182420588302552138
-0.0182246644833848649
-0.0182072701365145161
-0.0181898757896441672
-0.0181724814427738184
-0.018155087095903466
-0.0181376927490331172
-0.0181202984021627683
-0.0181029040552924195
-0.0180855097084220671
-0.0180681153615517183
-0.0180507210146813694
-0.0180333266678110206
-0.0180159323209406717
-0.0179985379740703194
-0.0179811436271999706
-0.0179637492803296217
-0.0179463549334592729
-0.0179289605865889205
-0.0179115662397185717
-0.0178941718928482228
-0.017876777545977874
-0.0178593831991075251
-0.0178419888522371728
-0.0178245945053668239
-0.0178072001584964751
-0.0177898058116261262
-0.0177724114647557739
-0.0177550171178854251
-0.0177376227710150762
-0.0177202284241447273
-0.017702834077274375
-0.0176854397304040262
-0.0176680453835336773
-0.0176506510366633285
-0.0176332566897929796
-0.0176158623429226273
-0.0175984679960522784
-0.0175810736491819296
-0.0175636793023115807
-0.0175462849554412284
-0.0175288906085708796
-0.0175114962617005307
-0.0174941019148301818
-0.017476707567959833
-0.0174593132210894807
-0.0174419188742191318
-0.017424524527348783
-0.0174071301804784341
-0.0173897358336080818
-0.0173723414867377329
-0.0173549471398673841
-0.0173375527929970352
-0.0173201584461266864
-0.017302764099256334
-0.0172853697523859852
-0.0172679754055156363
-0.0172505810586452875
-0.0172331867117749352
-0.0172157923649045863
-0.0171983980180342375
-0.0171810036711638886
-0.0171636093242935363
-0.0171462149774231874
-0.0171288206305528386
-0.0171114262836824897
-0.0170940319368121409
-0.0170766375899417885
-0.0170592432430714397
-0.0170418488962010908
-0.017024454549330742
-0.0170070602024603897
-0.0169896658555900408
-0.016972271508719692
-0.0169548771618493431
-0.0169374828149789942
-0.0169200884681086419
-0.0169026941212382931
-0.0168852997743679442
-0.0168679054274975954
-0.016850511080627243
-0.0168331167337568942
-0.0168157223868865453
-0.0167983280400161965
-0.0167809336931458442
-0.0167635393462754953
-0.0167461449994051464
-0.0167287506525347976
-0.0167113563056644487
-0.0166939619587940964
-0.0166765676119237476
-0.0166591732650533987
-0.0166417789181830499
-0.0166243845713126975
-0.0166069902244423487
-0.0165895958775719998
-0.016572201530701651
-0.0165548071838313021
-0.0165374128369609498
-0.0165200184900906009
-0.0165026241432202521
-0.0164852297963499032
-0.0164678354494795509
-0.0164504411026092021
-0.0164330467557388532
-0.0164156524088685044
-0.0163982580619981555
-0.0163808637151278032
-0.0163634693682574543
-0.0163460750213871055
-0.0163286806745167566
-0.0163112863276464043
-0.0162938919807760554
-0.0162764976339057066
-0.0162591032870353577
-0.0162417089401650054
-0.0162243145932946566
-0.0162069202464243077
-0.0161895258995539588
-0.01617213155268361
-0.0161547372058132577
-0.0161373428589429088
-0.01611994851207256
-0.0161025541652022111
-0.0160851598183318588
-0.0160677654714615099
-0.0160503711245911611
-0.0160329767777208122
-0.0160155824308504634
-0.0159981880839801111
-0.0159807937371097622
-0.0159633993902394133
-0.0159460050433690645
-0.0159286106964987122
-0.0159112163496283633
-0.0158938220027580145
-0.0158764276558876656
-0.0158590333090173133
-0.0158416389621469644
-0.0158242446152766156
-0.0158068502684062667
-0.0157894559215359179
-0.0157720615746655655
-0.0157546672277952167
-0.0157372728809248678
-0.015719878534054519
-0.0157024841871841667
-0.0156850898403138178
-0.015667695493443469
-0.0156503011465731201
-0.0156329067997027712
-0.0156155124528324207
-0.0155981181059620701
-0.0155807237590917212
-0.0155633294122213706
-0.0155459350653510218
-0.0155285407184806712
-0.0155111463716103223
-0.0154937520247399717
-0.0154763576778696229
-0.015458963330999274
-0.0154415689841289235
-0.0154241746372585746
-0.015406780290388224
-0.0153893859435178752
-0.0153719915966475246
-0.0153545972497771757
-0.0153372029029068251
-0.0153198085560364763
-0.0153024142091661274
-0.0152850198622957768
-0.015267625515425428
-0.0152502311685550774
-0.0152328368216847285
-0.0152154424748143779
-0.0151980481279440291
-0.0151806537810736785
-0.0151632594342033297
-0.0151458650873329791
-0.0151284707404626302
-0.0151110763935922814
-0.0150936820467219308
-0.0150762876998515819
-0.0150588933529812313
-0.0150414990061108825
-0.0150241046592405319
-0.015006710312370183
-0.0149893159654998324
-0.0149719216186294836
-0.014954527271759133
-0.0149371329248887841
-0.0149197385780184353
-0.0149023442311480847
-0.0148849498842777359
-0.0148675555374073853
-0.0148501611905370364
-0.0148327668436666858
-0.014815372496796337
-0.0147979781499259864
-0.0147805838030556375
-0.0147631894561852869
-0.0147457951093149381
-0.0147284007624445892
-0.0147110064155742386
-0.0146936120687038898
-0.0146762177218335392
-0.0146588233749631904
-0.0146414290280928398
-0.0146240346812224909
-0.0146066403343521403
-0.0145892459874817915
-0.0145718516406114426
-0.014554457293741092
-0.0145370629468707432
-0.0145196686000003926
-0.0145022742531300437
-0.0144848799062596931
-0.0144674855593893443
-0.0144500912125189937
-0.0144326968656486448
-0.0144153025187782943
-0.0143979081719079454
-0.0143805138250375966
-0.014363119478167246
-0.0143457251312968971
-0.0143283307844265465
-0.0143109364375561977
-0.0142935420906858471
-0.0142761477438154982
-0.0142587533969451476
-0.0142413590500747988
-0.0142239647032044482
-0.0142065703563340993
-0.0141891760094637505
-0.0141717816625933999
-0.014154387315723051
-0.0141369929688527005
-0.0141195986219823516
-0.014102204275112001
-0.0140848099282416522
-0.0140674155813713016
-0.0140500212345009527
-0.0140326268876306021
-0.0140152325407602533
-0.0139978381938899044
-0.0139804438470195538
-0.013963049500149205
-0.0139456551532788544
-0.0139282608064085055
-0.013910866459538155
-0.0138934721126678061
-0.0138760777657974555
-0.0138586834189271067
-0.0138412890720567561
-0.0138238947251864072
-0.0138065003783160584
-0.0137891060314457078
-0.0137717116845753589
-0.0137543173377050083
-0.0137369229908346595
-0.0137195286439643089
-0.01370213429709396
-0.0136847399502236095
-0.0136673456033532606
-0.0136499512564829117
-0.0136325569096125612
-0.0136151625627422123
-0.0135977682158718617
-0.0135803738690015129
-0.0135629795221311623
-0.0135455851752608134
-0.0135281908283904628
-0.013510796481520114
-0.0134934021346497634
-0.0134760077877794145
-0.0134586134409090657
-0.0134412190940387151
-0.0134238247471683662
-0.0134064304002980157
-0.0133890360534276668
-0.0133716417065573162
-0.0133542473596869674
-0.0133368530128166168
-0.0133194586659462679
-0.0133020643190759173
-0.0132846699722055685
-0.0132672756253352196
-0.013249881278464869
-0.0132324869315945202
-0.0132150925847241696
-0.0131976982378538207
-0.0131803038909834701
-0.0131629095441131213
-0.0131455151972427707
-0.0131281208503724219
-0.0131107265035020713
-0.0130933321566317224
-0.0130759378097613736
-0.013058543462891023
-0.0130411491160206741
-0.0130237547691503235
-0.0130063604222799747
-0.0129889660754096241
-0.0129715717285392752
-0.0129541773816689246
-0.0129367830347985758
-0.0129193886879282269
-0.0129019943410578763
-0.0128845999941875275
-0.0128672056473171769
-0.0128498113004468281
-0.0128324169535764775
-0.0128150226067061286
-0.012797628259835778
-0.0127802339129654292
-0.0127628395660950786
-0.0127454452192247297
-0.0127280508723543809
-0.0127106565254840303
-0.0126932621786136814
-0.0126758678317433308
-0.012658473484872982
-0.0126410791380026314
-0.0126236847911322825
-0.012606290444261932
-0.0125888960973915831
-0.0125715017505212325
-0.0125541074036508837
-0.0125367130567805348
-0.0125193187099101842
-0.0125019243630398354
-0.0124845300161694848
-0.0124671356692991359
-0.0124497413224287853
-0.0124323469755584365
-0.0124149526286880859
-0.012397558281817737
-0.0123801639349473865
-0.0123627695880770376
-0.0123453752412066887
-0.0123279808943363382
-0.0123105865474659893
-0.0122931922005956387
-0.0122757978537252899
-0.0122584035068549393
-0.0122410091599845904
-0.0122236148131142398
-0.012206220466243891
-0.0121888261193735421
-0.0121714317725031915
-0.0121540374256328427
-0.0121366430787624921
-0.0121192487318921432
-0.0121018543850217927
-0.0120844600381514438
-0.0120670656912810932
-0.0120496713444107444
-0.0120322769975403938
-0.0120148826506700449
-0.0119974883037996961
-0.0119800939569293455
-0.0119626996100589966
-0.011945305263188646
-0.0119279109163182972
-0.0119105165694479466
-0.0118931222225775977
-0.0118757278757072472
-0.0118583335288368983
-0.0118409391819665477
-0.0118235448350961989
-0.01180615048822585
-0.0117887561413554994
-0.0117713617944851506
-0.0117539674476148
-0.0117365731007444511
-0.0117191787538741005
-0.0117017844070037517
-0.0116843900601334011
-0.0116669957132630522
-0.0116496013663927016
-0.0116322070195223528
-0.0116148126726520039
-0.0115974183257816534
-0.0115800239789113045
-0.0115626296320409539
-0.0115452352851706051
-0.0115278409383002545
-0.0115104465914299056
-0.011493052244559555
-0.0114756578976892062
-0.0114582635508188573
-0.0114408692039485067
-0.0114234748570781579
-0.0114060805102078073
-0.0113886861633374584
-0.0113712918164671078
-0.011353897469596759
-0.0113365031227264084
-0.0113191087758560596
-0.011301714428985709
-0.0112843200821153601
-0.0112669257352450113
-0.0112495313883746607
-0.0112321370415043118
-0.0112147426946339612
-0.0111973483477636124
-0.0111799540008932618
-0.0111625596540229129
-0.0111451653071525623
-0.0111277709602822135
-0.0111103766134118629
-0.011092982266541514
-0.0110755879196711652
-0.0110581935728008146
-0.0110407992259304658
-0.0110234048790601152
-0.0110060105321897663
-0.0109886161853194157
-0.0109712218384490669
-0.0109538274915787163
-0.0109364331447083674
-0.0109190387978380168
-0.010901644450967668
-0.0108842501040973191
-0.0108668557572269685
-0.0108494614103566197
-0.0108320670634862691
-0.0108146727166159203
-0.0107972783697455697
-0.0107798840228752208
-0.0107624896760048702
-0.0107450953291345214
-0.0107277009822641725
-0.0107103066353938219
-0.0106929122885234731
-0.0106755179416531225
-0.0106581235947827736
-0.010640729247912423
-0.0106233349010420742
-0.0106059405541717236
-0.0105885462073013747
-0.0105711518604310242
-0.0105537575135606753
-0.0105363631666903265
-0.0105189688198199759
-0.010501574472949627
-0.0104841801260792764
-0.0104667857792089276
-0.010449391432338577
-0.0104319970854682281
-0.0104146027385978775
-0.0103972083917275287
-0.0103798140448571781
-0.0103624196979868292
-0.0103450253511164804
-0.0103276310042461298
-0.0103102366573757809
-0.0102928423105054304
-0.0102754479636350815
-0.0102580536167647309
-0.0102406592698943821
-0.0102232649230240315
-0.0102058705761536826
-0.010188476229283332
-0.0101710818824129832
-0.0101536875355426343
-0.0101362931886722837
-0.0101188988418019349
-0.0101015044949315843
-0.0100841101480612354
-0.0100667158011908849
-0.010049321454320536
-0.0100319271074501854
-0.0100145327605798366
-0.00999713841370948597
-0.00997974406683913712
-0.00996234971996878826
-0.00994495537309843768
-0.00992756102622808882
-0.00991016667935773823
-0.00989277233248738938
-0.00987537798561703879
-0.00985798363874668994
-0.00984058929187633935
-0.0098231949450059905
-0.00980580059813564164
-0.00978840625126529106
-0.0097710119043949422
-0.00975361755752459161
-0.00973622321065424276
-0.00971882886378389217
-0.00970143451691354332
-0.00968404017004319273
-0.00966664582317284388
-0.00964925147630249329
-0.00963185712943214443
-0.00961446278256179558
-0.00959706843569144499
-0.00957967408882109614
-0.00956227974195074555
-0.0095448853950803967
-0.00952749104821004611
-0.00951009670133969726
-0.00949270235446934667
-0.00947530800759899781
-0.00945791366072864723
-0.00944051931385829837
-0.00942312496698794952
-0.00940573062011759893
-0.00938833627324725008
-0.00937094192637689949
-0.00935354757950655064
-0.00933615323263620005
-0.00931875888576585119
-0.00930136453889550061
-0.00928397019202515175
-0.00926657584515480116
-0.00924918149828445231
-0.00923178715141410346
-0.00921439280454375287
-0.00919699845767340401
-0.00917960411080305343
-0.00916220976393270457
-0.00914481541706235398
-0.00912742107019200513
-0.00911002672332165454
-0.00909263237645130569
-0.00907523802958095684
-0.00905784368271060625
-0.00904044933584025739
-0.00902305498896990681
-0.00900566064209955795
-0.00898826629522920736
-0.00897087194835885851
-0.00895347760148850792
-0.00893608325461815907
-0.00891868890774780848
-0.00890129456087745963
-0.00888390021400711077
-0.00886650586713676019
-0.00884911152026641133
-0.00883171717339606074
-0.00881432282652571189
-0.0087969284796553613
-0.00877953413278501245
-0.00876213978591466186
-0.00874474543904431301
-0.00872735109217396242
-0.00870995674530361357
-0.00869256239843326471
-0.00867516805156291412
-0.00865777370469256527
-0.00864037935782221468
-0.00862298501095186583
-0.00860559066408151524
-0.00858819631721116639
-0.0085708019703408158
-0.00855340762347046694
-0.00853601327660011636
-0.0085186189297297675
-0.00850122458285941865
-0.00848383023598906806
-0.00846643588911871921
-0.00844904154224836862
-0.00843164719537801977
-0.00841425284850766918
-0.00839685850163732032
-0.00837946415476696974
-0.00836206980789662088
-0.00834467546102627203
-0.00832728111415592144
-0.00830988676728557259
-0.008292492420415222
-0.00827509807354487315
-0.00825770372667452256
-0.0082403093798041737
-0.00822291503293382312
-0.00820552068606347426
-0.00818812633919312367
-0.00817073199232277482
-0.00815333764545242597
-0.00813594329858207538
-0.00811854895171172652
-0.00810115460484137594
-0.00808376025797102708
-0.00806636591110067649
-0.00804897156423032764
-0.00803157721735997705
-0.0080141828704896282
-0.00799678852361927761
-0.00797939417674892876
-0.0079619998298785799
-0.00794460548300822932
-0.00792721113613788046
-0.00790981678926752987
-0.00789242244239718102
-0.00787502809552683043
-0.00785763374865648158
-0.00784023940178613099
-0.00782284505491578214
-0.00780545070804543242
-0.0077880563611750827
-0.00777066201430473297
-0.00775326766743438325
-0.00773587332056403353
-0.00771847897369368381
-0.00770108462682333496
-0.00768369027995298524
-0.00766629593308263552
-0.0076489015862122858
-0.00763150723934193607
-0.00761411289247158635
-0.00759671854560123663
-0.00757932419873088691
-0.00756192985186053719
-0.00754453550499018747
-0.00752714115811983775
-0.0075097468112494889
-0.00749235246437913917
-0.00747495811750878945
-0.00745756377063843973
-0.00744016942376809001
-0.00742277507689774029
-0.00740538073002739057
-0.00738798638315704085
-0.00737059203628669113
-0.00735319768941634141
-0.00733580334254599255
-0.00731840899567564283
-0.00730101464880529311
-0.00728362030193494339
-0.00726622595506459367
-0.00724883160819424395
-0.00723143726132389423
-0.00721404291445354451
-0.00719664856758319479
-0.00717925422071284507
-0.00716185987384249535
-0.00714446552697214649
-0.00712707118010179677
-0.00710967683323144705
-0.00709228248636109733
-0.00707488813949074761
-0.00705749379262039789
-0.00704009944575004817
-0.00702270509887969845
-0.00700531075200934873
-0.006987916405138999
-0.00697052205826865015
-0.00695312771139830043
-0.00693573336452795071
-0.00691833901765760099
-0.00690094467078725127
-0.00688355032391690155
-0.00686615597704655183
-0.0068487616301762021
-0.00683136728330585238
-0.00681397293643550266
-0.00679657858956515294
-0.00677918424269480409
-0.00676178989582445437
-0.00674439554895410465
-0.00672700120208375493
-0.0067096068552134052
-0.00669221250834305548
-0.00667481816147270576
-0.00665742381460235604
-0.00664002946773200632
-0.0066226351208616566
-0.00660524077399130775
-0.00658784642712095803
-0.00657045208025060831
-0.00655305773338025858
-0.00653566338650990886
-0.00651826903963955914
-0.00650087469276920942
-0.0064834803458988597
-0.00646608599902850998
-0.00644869165215816026
-0.00643129730528781054
-0.00641390295841746168
-0.00639650861154711196
-0.00637911426467676224
-0.00636171991780641252
-0.0063443255709360628
-0.00632693122406571308
-0.00630953687719536336
-0.00629214253032501364
-0.00627474818345466392
-0.0062573538365843142
-0.00623995948971396534
-0.00622256514284361562
-0.0062051707959732659
-0.00618777644910291618
-0.00617038210223256646
-0.00615298775536221674
-0.00613559340849186702
-0.0061181990616215173
-0.00610080471475116758
-0.00608341036788081786
-0.00606601602101046813
-0.00604862167414011928
-0.00603122732726976956
-0.00601383298039941984
-0.00599643863352907012
-0.0059790442866587204
-0.00596164993978837068
-0.00594425559291802096
-0.00592686124604767123
-0.00590946689917732151
-0.00589207255230697179
-0.00587467820543662294
-0.00585728385856627322
-0.0058398895116959235
-0.00582249516482557378
-0.00580510081795522406
-0.00578770647108487434
-0.00577031212421452461
-0.00575291777734417489
-0.00573552343047382517
-0.00571812908360347545
-0.00570073473673312573
-0.00568334038986277688
-0.00566594604299242716
-0.00564855169612207744
-0.00563115734925172771
-0.00561376300238137799
-0.00559636865551102827
-0.00557897430864067855
-0.00556157996177032883
-0.00554418561489997911
-0.00552679126802962939
-0.00550939692115927967
-0.00549200257428893081
-0.00547460822741858109
-0.00545721388054823137
-0.00543981953367788165
-0.00542242518680753193
-0.00540503083993718221
-0.00538763649306683249
-0.00537024214619648277
-0.00535284779932613305
-0.00533545345245578333
-0.00531805910558543447
-0.00530066475871508475
-0.00528327041184473503
-0.00526587606497438531
-0.00524848171810403559
-0.00523108737123368587
-0.00521369302436333615
-0.00519629867749298643
-0.00517890433062263671
-0.00516150998375228699
-0.00514411563688193726
-0.00512672129001158841
-0.00510932694314123869
-0.00509193259627088897
-0.00507453824940053925
-0.00505714390253018953
-0.00503974955565983981
-0.00502235520878949009
-0.00500496086191914036
-0.00498756651504879064
-0.00497017216817844092
-0.00495277782130809207
-0.00493538347443774235
-0.00491798912756739263
-0.00490059478069704291
-0.00488320043382669319
-0.00486580608695634347
-0.00484841174008599374
-0.00483101739321564402
-0.0048136230463452943
-0.00479622869947494458
-0.00477883435260459486
-0.00476144000573424601
-0.00474404565886389629
-0.00472665131199354657
-0.00470925696512319684
-0.00469186261825284712
-0.0046744682713824974
-0.00465707392451214768
-0.00463967957764179796
-0.00462228523077144824
-0.00460489088390109852
-0.00458749653703074967
-0.00457010219016039995
-0.00455270784329005022
-0.0045353134964197005
-0.00451791914954935078
-0.00450052480267900106
-0.00448313045580865134
-0.00446573610893830162
-0.0044483417620679519
-0.00443094741519760218
-0.00441355306832725246
-0.0043961587214569036
-0.00437876437458655388
-0.00436137002771620416
-0.00434397568084585444
-0.00432658133397550472
-0.004309186987105155
-0.00429179264023480528
-0.00427439829336445556
-0.00425700394649410584
-0.00423960959962375612
-0.00422221525275340726
-0.00420482090588305754
-0.00418742655901270782
-0.0041700322121423581
-0.00415263786527200838
-0.00413524351840165866
-0.00411784917153130894
-0.00410045482466095922
-0.0040830604777906095
-0.00406566613092025977
-0.00404827178404991005
-0.0040308774371795612
-0.00401348309030921148
-0.00399608874343886176
-0.00397869439656851204
-0.00396130004969816232
-0.0039439057028278126
-0.00392651135595746287
-0.00390911700908711315
-0.00389172266221676387
-0.00387432831534641415
-0.00385693396847606442
-0.0038395396216057147
-0.00382214527473536498
-0.0038047509278650157
-0.00378735658099466597
-0.00376996223412431625
-0.00375256788725396653
-0.00373517354038361681
-0.00371777919351326753
-0.0037003848466429178
-0.00368299049977256808
-0.00366559615290221836
-0.00364820180603186864
-0.00363080745916151935
-0.00361341311229116963
-0.00359601876542081991
-0.00357862441855047019
-0.00356123007168012047
-0.00354383572480977075
-0.00352644137793942146
-0.00350904703106907174
-0.00349165268419872202
-0.0034742583373283723
-0.00345686399045802258
-0.00343946964358767329
-0.00342207529671732357
-0.00340468094984697385
-0.00338728660297662413
-0.00336989225610627441
-0.00335249790923592512
-0.0033351035623655754
-0.00331770921549522568
-0.00330031486862487596
-0.00328292052175452624
-0.00326552617488417695
-0.00324813182801382723
-0.00323073748114347751
-0.00321334313427312779
-0.00319594878740277807
-0.00317855444053242835
-0.00316116009366207906
-0.00314376574679172934
-0.00312637139992137962
-0.0031089770530510299
-0.00309158270618068018
-0.00307418835931033089
-0.00305679401243998117
-0.00303939966556963145
-0.00302200531869928173
-0.003004610971828932
-0.00298721662495858272
-0.002969822278088233
-0.00295242793121788328
-0.00293503358434753355
-0.00291763923747718383
-0.00290024489060683411
-0.00288285054373648483
-0.00286545619686613511
-0.00284806184999578538
-0.00283066750312543566
-0.00281327315625508594
-0.00279587880938473666
-0.00277848446251438693
-0.00276109011564403721
-0.00274369576877368749
-0.00272630142190333777
-0.00270890707503298848
-0.00269151272816263876
-0.00267411838129228904
-0.00265672403442193932
-0.0026393296875515896
-0.00262193534068124031
-0.00260454099381089059
-0.00258714664694054087
-0.00256975230007019115
-0.00255235795319984143
-0.00253496360632949171
-0.00251756925945914242
-0.0025001749125887927
-0.00248278056571844298
-0.00246538621884809326
-0.00244799187197774354
-0.00243059752510739425
-0.00241320317823704453
-0.00239580883136669481
-0.00237841448449634509
-0.00236102013762599537
-0.00234362579075564608
-0.00232623144388529636
-0.00230883709701494664
-0.00229144275014459692
-0.0022740484032742472
-0.00225665405640389791
-0.00223925970953354819
-0.00222186536266319847
-0.00220447101579284875
-0.00218707666892249903
-0.00216968232205214931
-0.00215228797518180002
-0.0021348936283114503
-0.00211749928144110058
-0.00210010493457075086
-0.00208271058770040114
-0.00206531624083005185
-0.00204792189395970213
-0.00203052754708935241
-0.00201313320021900269
-0.00199573885334865296
-0.00197834450647830368
-0.00196095015960795396
-0.00194355581273760424
-0.00192616146586725451
-0.00190876711899690501
-0.00189137277212655529
-0.00187397842525620557
-0.00185658407838585606
-0.00183918973151550634
-0.00182179538464515684
-0.00180440103777480712
-0.0017870066909044574
-0.00176961234403410789
-0.00175221799716375817
-0.00173482365029340845
-0.00171742930342305895
-0.00170003495655270923
-0.00168264060968235972
-0.00166524626281201
-0.00164785191594166028
-0.00163045756907131078
-0.00161306322220096106
-0.00159566887533061134
-0.00157827452846026183
-0.00156088018158991211
-0.00154348583471956261
-0.00152609148784921289
-0.00150869714097886316
-0.00149130279410851366
-0.00147390844723816394
-0.00145651410036781444
-0.00143911975349746472
-0.00142172540662711499
-0.00140433105975676549
-0.00138693671288641577
-0.00136954236601606605
-0.00135214801914571654
-0.00133475367227536682
-0.00131735932540501732
-0.0012999649785346676
-0.00128257063166431788
-0.00126517628479396837
-0.00124778193792361865
-0.00123038759105326893
-0.00121299324418291943
-0.00119559889731256971
-0.0011782045504422202
-0.00116081020357187048
-0.00114341585670152076
-0.00112602150983117126
-0.00110862716296082154
-0.00109123281609047182
-0.00107383846922012231
-0.00105644412234977259
-0.00103904977547942309
-0.00102165542860907337
-0.00100426108173872364
-0.000986866734868374141
-0.00096947238799802442
-0.000952078041127674807
-0.000934683694257325195
-0.000917289347386975582
-0.000899895000516625861
-0.000882500653646276249
-0.000865106306775926637
-0.000847711959905577024
-0.000830317613035227303
-0.000812923266164877691
-0.000795528919294528078
-0.000778134572424178466
-0.000760740225553828745
-0.000743345878683479133
-0.00072595153181312952
-0.000708557184942779908
-0.000691162838072430187
-0.000673768491202080574
-0.000656374144331730962
-0.000638979797461381349
-0.000621585450591031737
-0.000604191103720682016
-0.000586796756850332404
-0.000569402409979982791
-0.000552008063109633179
-0.000534613716239283458
-0.000517219369368933845
-0.000499825022498584233
-0.000482430675628234566
-0.000465036328757884954
-0.000447641981887535287
-0.000430247635017185675
-0.000412853288146836008
-0.000395458941276486395
-0.000378064594406136729
-0.000360670247535787116
-0.00034327590066543745
-0.000325881553795087837
-0.000308487206924738171
-0.000291092860054388558
-0.000273698513184038891
-0.000256304166313689279
-0.000238909819443339639
-0.00022151547257299
-0.00020412112570264036
-0.000186726778832290721
-0.000169332431961941081
-0.000151938085091591442
-0.000134543738221241802
-0.000117149391350892162
-9.97550444805425364e-05
-8.23606976101928833e-05
-6.49663507398432573e-05
-4.75720038694936177e-05
-3.01776569991439714e-05
-1.27833101287943352e-05
4.61103674155530269e-06
2.20053836119049406e-05
3.93997304822545801e-05
5.67940773526042197e-05
7.41884242229538593e-05
9.15827710933034988e-05
0.000108977117963653138
0.000126371464834002764
0.000143765811704352404
0.000161160158574702044
0.000178554505445051683
0.000195948852315401323
0.000213343199185750962
0.000230737546056100602
0.000248131892926450241
0.000265526239796799854
0.00028292058666714952
0.000300314933537499133
0.0003177092804078488
0.000335103627278198412
0.000352497974148548079
0.000369892321018897691
0.000387286667889247358
0.00040468101475959697
0.000422075361629946637
0.000439469708500296249
0.000456864055370645916
0.000474258402240995529
0.000491652749111345195
0.000509047095981694808
0.00052644144285204442
0.000543835789722394141
0.000561230136592743753
0.000578624483463093366
0.000596018830333442978
0.000613413177203792699
0.000630807524074142312
0.000648201870944491924
0.000665596217814841537
0.000682990564685191149
0.00070038491155554087
0.000717779258425890482
0.000735173605296240095
0.000752567952166589707
0.000769962299036939428
0.000787356645907289041
0.000804750992777638653
0.000822145339647988266
0.000839539686518337987
0.000856934033388687599
0.000874328380259037211
0.000891722727129386824
0.000909117073999736545
0.000926511420870086157
0.00094390576774043577
0.000961300114610785382
0.000978694461481134995
0.000996088808351484715
0.00101348315522183444
0.00103087750209218394
0.00104827184896253366
0.00106566619583288317
0.00108306054270323289
0.00110045488957358261
0.00111784923644393211
0.00113524358331428183
0.00115263793018463134
0.00117003227705498106
0.00118742662392533078
0.00120482097079568028
0.00122221531766603
0.00123960966453637972
0.00125700401140672923
0.00127439835827707895
0.00129179270514742845
0.00130918705201777817
0.00132658139888812789
0.0013439757457584774
0.00136137009262882712
0.00137876443949917684
0.00139615878636952634
0.00141355313323987607
0.00143094748011022557
0.00144834182698057529
0.00146573617385092501
0.00148313052072127451
0.00150052486759162424
0.00151791921446197396
0.00153531356133232346
0.00155270790820267318
0.00157010225507302269
0.00158749660194337241
0.00160489094881372213
0.00162228529568407163
0.00163967964255442135
0.00165707398942477086
0.00167446833629512058
0.0016918626831654703
0.0017092570300358198
0.00172665137690616952
0.00174404572377651924
0.00176144007064686875
0.00177883441751721847
0.00179622876438756797
0.00181362311125791769
0.00183101745812826741
0.00184841180499861692
0.00186580615186896664
0.00188320049873931636
0.00190059484560966586
0.00191798919248001559
0.00193538353935036509
0.00195277788622071481
0.00197017223309106431
0.00198756657996141404
0.00200496092683176376
0.00202235527370211348
0.0020397496205724632
0.00205714396744281248
0.00207453831431316221
0.00209193266118351193
0.00210932700805386165
0.00212672135492421137
0.00214411570179456066
0.00216151004866491038
0.0021789043955352601
0.00219629874240560982
0.00221369308927595954
0.00223108743614630883
0.00224848178301665855
0.00226587612988700827
0.00228327047675735799
0.00230066482362770771
0.00231805917049805743
0.00233545351736840672
0.00235284786423875644
0.00237024221110910616
0.00238763655797945588
0.0024050309048498056
0.00242242525172015489
0.00243981959859050461
0.00245721394546085433
0.00247460829233120405
0.00249200263920155377
0.00250939698607190306
0.00252679133294225278
0.0025441856798126025
0.00256158002668295222
0.00257897437355330194
0.00259636872042365123
0.00261376306729400095
0.00263115741416435067
0.00264855176103470039
0.00266594610790505011
0.00268334045477539983
0.00270073480164574912
0.00271812914851609884
0.00273552349538644856
0.00275291784225679828
0.00277031218912714801
0.00278770653599749729
0.00280510088286784701
0.00282249522973819673
0.00283988957660854646
0.00285728392347889618
0.00287467827034924546
0.00289207261721959518
0.0029094669640899449
0.00292686131096029463
0.00294425565783064435
0.00296165000470099363
0.00297904435157134335
0.00299643869844169308
0.0030138330453120428
0.00303122739218239252
0.00304862173905274224
0.00306601608592309153
0.00308341043279344125
0.00310080477966379097
0.00311819912653414069
0.00313559347340449041
0.0031529878202748397
0.00317038216714518942
0.00318777651401553914
0.00320517086088588886
0.00322256520775623858
0.00323995955462658787
0.00325735390149693759
0.00327474824836728731
0.00329214259523763703
0.00330953694210798675
0.00332693128897833647
0.00334432563584868576
0.00336171998271903548
0.0033791143295893852
0.00339650867645973492
0.00341390302333008464
0.00343129737020043393
0.00344869171707078365
0.00346608606394113337
0.00348348041081148309
0.00350087475768183281
0.0035182691045521821
0.00353566345142253182
0.00355305779829288154
0.00357045214516323126
0.00358784649203358098
0.00360524083890393027
0.00362263518577427999
0.00364002953264462971
0.00365742387951497943
0.00367481822638532915
0.00369221257325567888
0.00370960692012602816
0.00372700126699637788
0.0037443956138667276
0.00376178996073707732
0.00377918430760742705
0.00379657865447777633
0.00381397300134812605
0.00383136734821847577
0.0038487616950888255
0.00386615604195917522
0.0038835503888295245
0.00390094473569987422
0.00391833908257022395
0.00393573342944057367
0.00395312777631092339
0.00397052212318127311
0.00398791647005162283
0.00400531081692197255
0.0040227051637923214
0.00404009951066267112
0.00405749385753302085
0.00407488820440337057
0.00409228255127372029
0.00410967689814407001
0.00412707124501441973
0.00414446559188476945
0.00416185993875511917
0.00417925428562546889
0.00419664863249581861
0.00421404297936616747
0.00423143732623651719
0.00424883167310686691
0.00426622601997721663
0.00428362036684756635
0.00430101471371791607
0.00431840906058826579
0.00433580340745861551
0.00435319775432896523
0.00437059210119931495
0.00438798644806966381
0.00440538079494001353
0.00442277514181036325
0.00444016948868071297
0.00445756383555106269
0.00447495818242141241
0.00449235252929176213
0.00450974687616211185
0.00452714122303246157
0.0045445355699028113
0.00456192991677316102
0.00457932426364350987
0.00459671861051385959
0.00461411295738420931
0.00463150730425455903
0.00464890165112490875
0.00466629599799525847
0.00468369034486560819
0.00470108469173595792
0.00471847903860630764
0.00473587338547665736
0.00475326773234700621
0.00477066207921735593
0.00478805642608770565
0.00480545077295805537
0.00482284511982840509
0.00484023946669875482
0.00485763381356910454
0.00487502816043945426
0.00489242250730980398
0.0049098168541801537
0.00492721120105050342
0.00494460554792085227
0.00496199989479120199
0.00497939424166155171
0.00499678858853190144
0.00501418293540225116
0.00503157728227260088
0.0050489716291429506
0.00506636597601330032
0.00508376032288365004
0.00510115466975399976
0.00511854901662434861
0.00513594336349469834
0.00515333771036504806
0.00517073205723539778
0.0051881264041057475
0.00520552075097609722
0.00522291509784644694
0.00524030944471679666
0.00525770379158714638
0.0052750981384574961
0.00529249248532784582
0.00530988683219819468
0.0053272811790685444
0.00534467552593889412
0.00536206987280924384
0.00537946421967959356
0.00539685856654994328
0.005414252913420293
0.00543164726029064272
0.00544904160716099244
0.00546643595403134216
0.00548383030090169102
0.00550122464777204074
0.00551861899464239046
0.00553601334151274018
0.0055534076883830899
0.00557080203525343962
0.00558819638212378934
0.00560559072899413906
0.00562298507586448879
0.00564037942273483851
0.00565777376960518823
0.00567516811647553708
0.0056925624633458868
0.00570995681021623652
0.00572735115708658624
0.00574474550395693596
0.00576213985082728569
0.00577953419769763541
0.00579692854456798513
0.00581432289143833485
0.00583171723830868457
0.00584911158517903342
0.00586650593204938314
0.00588390027891973286
0.00590129462579008258
0.00591868897266043231
0.00593608331953078203
0.00595347766640113175
0.00597087201327148147
0.00598826636014183119
0.00600566070701218091
0.00602305505388253063
0.00604044940075287948
0.00605784374762322921
0.00607523809449357893
0.00609263244136392865
0.00611002678823427837
0.00612742113510462809
0.00614481548197497781
0.00616220982884532753
0.00617960417571567725
0.00619699852258602697
0.00621439286945637583
0.00623178721632672555
0.00624918156319707527
0.00626657591006742499
0.00628397025693777471
0.00630136460380812443
0.00631875895067847415
0.00633615329754882387
0.00635354764441917359
0.00637094199128952331
0.00638833633815987303
0.00640573068503022189
0.00642312503190057161
0.00644051937877092133
0.00645791372564127105
0.00647530807251162077
0.00649270241938197049
0.00651009676625232021
0.00652749111312266993
0.00654488545999301966
0.00656227980686336938
0.00657967415373371823
0.00659706850060406795
0.00661446284747441767
0.00663185719434476739
0.00664925154121511711
0.00666664588808546683
0.00668404023495581655
0.00670143458182616628
0.006718828928696516
0.00673622327556686572
0.00675361762243721544
0.00677101196930756429
0.00678840631617791401
0.00680580066304826373
0.00682319500991861345
0.00684058935678896318
0.0068579837036593129
0.00687537805052966262
0.00689277239740001234
0.00691016674427036206
0.00692756109114071178
0.00694495543801106063
0.00696234978488141035
0.00697974413175176008
0.0069971384786221098
0.00701453282549245952
0.00703192717236280924
0.00704932151923315896
0.00706671586610350868
0.0070841102129738584
0.00710150455984420812
0.00711889890671455784
0.0071362932535849067
0.00715368760045525642
0.00717108194732560614
0.00718847629419595586
0.00720587064106630558
0.0072232649879366553
0.00724065933480700502
0.00725805368167735474
0.00727544802854770446
0.00729284237541805418
0.00731023672228840304
0.00732763106915875276
0.00734502541602910248
0.0073624197628994522
0.00737981410976980192
0.00739720845664015164
0.00741460280351050136
0.00743199715038085108
0.0074493914972512008
0.00746678584412155052
0.00748418019099190025
0.0075015745378622491
0.00751896888473259882
0.00753636323160294854
0.00755375757847329826
0.00757115192534364798
0.0075885462722139977
0.00760594061908434742
0.00762333496595469715
0.00764072931282504687
0.00765812365969539659
0.00767551800656574631
0.00769291235343609516
0.00771030670030644488
0.0077277010471767946
0.00774509539404714432
0.00776248974091749405
0.00777988408778784377
0.00779727843465819349
0.00781467278152854321
0.00783206712839889206
0.00784946147526924265
0.0078668558221395915
0.00788425016900994209
0.00790164451588029094
0.00791903886275064153
0.00793643320962099039
0.00795382755649133924
0.00797122190336168983
0.00798861625023203868
0.00800601059710238927
0.00802340494397273812
0.00804079929084308871
0.00805819363771343757
0.00807558798458378815
0.00809298233145413701
0.0081103766783244876
0.00812777102519483645
0.0081451653720651853
0.00816255971893553589
0.00817995406580588474
0.00819734841267623533
0.00821474275954658419
0.00823213710641693477
0.00824953145328728363
0.00826692580015763422
0.00828432014702798307
0.00830171449389833366
0.00831910884076868251
0.00833650318763903136
0.00835389753450938195
0.00837129188137973081
0.00838868622825008139
0.00840608057512043025
0.00842347492199078084
0.00844086926886112969
0.00845826361573148028
0.00847565796260182913
0.00849305230947217972
0.00851044665634252857
0.00852784100321287743
0.00854523535008322802
0.00856262969695357687
0.00858002404382392746
0.00859741839069427631
0.0086148127375646269
0.00863220708443497575
0.00864960143130532634
0.00866699577817567519
0.00868439012504602405
0.00870178447191637464
0.00871917881878672349
0.00873657316565707408
0.00875396751252742293
0.00877136185939777352
0.00878875620626812237
0.00880615055313847296
0.00882354490000882181
0.0088409392468791724
0.00885833359374952126
0.00887572794061987011
0.0088931222874902207
0.00891051663436056955
0.00892791098123092014
0.00894530532810126899
0.00896269967497161958
0.00898009402184196844
0.00899748836871231902
0.00901488271558266788
0.00903227706245301847
0.00904967140932336732
0.00906706575619371617
0.00908446010306406676
0.00910185444993441561
0.0091192487968047662
0.00913664314367511506
0.00915403749054546564
0.0091714318374158145
0.00918882618428616509
0.00920622053115651394
0.00922361487802686453
0.00924100922489721338
0.00925840357176756223
0.00927579791863791282
0.00929319226550826168
0.00931058661237861226
0.00932798095924896112
0.00934537530611931171
0.00936276965298966056
0.00938016399986001115
0.00939755834673036
0.00941495269360071059
0.00943234704047105944
0.0094497413873414083
0.00946713573421175889
0.00948453008108210774
0.00950192442795245833
0.00951931877482280718
0.00953671312169315777
0.00955410746856350662
0.00957150181543385721
0.00958889616230420606
0.00960629050917455492
0.00962368485604490551
0.00964107920291525436
0.00965847354978560495
0.0096758678966559538
0.00969326224352630439
0.00971065659039665324
0.00972805093726700383
0.00974544528413735268
0.00976283963100770327
0.00978023397787805213
0.00979762832474840098
0.00981502267161875157
0.00983241701848910042
0.00984981136535945101
0.00986720571222979986
0.00988460005910015045
0.00990199440597049931
0.00991938875284084989
0.00993678309971119875
0.00995417744658154934
0.00997157179345189819
0.00998896614032224704
0.0100063604871925976
0.0100237548340629465
0.0100411491809332971
0.0100585435278036459
0.0100759378746739965
0.0100933322215443454
0.010110726568414696
0.0101281209152850448
0.0101455152621553954
0.0101629096090257443
0.0101803039558960931
0.0101976983027664437
0.0102150926496367925
0.0102324869965071431
0.010249881343377492
0.0102672756902478426
0.0102846700371181914
0.010302064383988542
0.0103194587308588909
0.0103368530777292397
0.0103542474245995903
0.0103716417714699392
0.0103890361183402898
0.0104064304652106386
0.0104238248120809892
0.0104412191589513381
0.0104586135058216886
0.0104760078526920375
0.0104934021995623881
0.0105107965464327369
0.0105281908933030858
0.0105455852401734364
0.0105629795870437852
0.0105803739339141358
0.0105977682807844847
0.0106151626276548353
0.0106325569745251841
0.0106499513213955347
0.0106673456682658836
0.0106847400151362341
0.010702134362006583
0.0107195287088769318
0.0107369230557472824
0.0107543174026176313
0.0107717117494879819
0.0107891060963583307
0.0108065004432286813
0.0108238947900990302
0.0108412891369693808
0.0108586834838397296
0.0108760778307100802
0.0108934721775804291
0.0109108665244507779
0.0109282608713211285
0.0109456552181914774
0.0109630495650618279
0.0109804439119321768
0.0109978382588025274
0.0110152326056728762
0.0110326269525432268
0.0110500212994135757
0.0110674156462839245
0.0110848099931542751
0.011102204340024624
0.0111195986868949746
0.0111369930337653234
0.011154387380635674
0.0111717817275060229
0.0111891760743763734
0.0112065704212467223
0.0112239647681170729
0.0112413591149874217
0.0112587534618577706
0.0112761478087281212
0.01129354215559847
0.0113109365024688206
0.0113283308493391695
0.0113457251962095201
0.0113631195430798689
0.0113805138899502195
0.0113979082368205684
0.0114153025836909189
0.0114326969305612678
0.0114500912774316167
0.0114674856243019672
0.0114848799711723161
0.0115022743180426667
0.0115196686649130155
0.0115370630117833661
0.011554457358653715
0.0115718517055240656
0.0115892460523944144
0.011606640399264765
0.0116240347461351139
0.0116414290930054627
0.0116588234398758133
0.0116762177867461622
0.0116936121336165127
0.0117110064804868616
0.0117284008273572122
0.011745795174227561
0.0117631895210979116
0.0117805838679682605
0.0117979782148386093
0.0118153725617089599
0.0118327669085793088
0.0118501612554496594
0.0118675556023200082
0.0118849499491903588
0.0119023442960607077
0.0119197386429310583
0.0119371329898014071
0.0119545273366717577
0.0119719216835421065
0.0119893160304124554
0.012006710377282806
0.0120241047241531548
0.0120414990710235054
0.0120588934178938543
0.0120762877647642049
0.0120936821116345537
0.0121110764585049043
0.0121284708053752532
0.0121458651522456038
0.0121632594991159526
0.0121806538459863015
0.0121980481928566521
0.0122154425397270009
0.0122328368865973515
0.0122502312334677003
0.0122676255803380509
0.0122850199272083998
0.0123024142740787504
0.0123198086209490992
0.0123372029678194498
0.0123545973146897987
0.0123719916615601475
0.0123893860084304981
0.012406780355300847
0.0124241747021711976
0.0124415690490415464
0.012458963395911897
0.0124763577427822459
0.0124937520896525964
0.0125111464365229453
0.0125285407833932959
0.0125459351302636447
0.0125633294771339936
0.0125807238240043442
0.012598118170874693
0.0126155125177450436
0.0126329068646153925
0.0126503012114857431
0.0126676955583560919
0.0126850899052264425
0.0127024842520967914
0.0127198785989671402
0.0127372729458374908
0.0127546672927078397
0.0127720616395781902
0.0127894559864485391
0.0128068503333188897
0.0128242446801892385
0.0128416390270595891
0.012859033373929938
0.0128764277208002886
0.0128938220676706374
0.0129112164145409863
0.0129286107614113369
0.0129460051082816857
0.0129633994551520363
0.0129807938020223852
0.0129981881488927357
0.0130155824957630846
0.0130329768426334352
0.013050371189503784
0.0130677655363741346
0.0130851598832444835
0.0131025542301148323
0.0131199485769851829
0.0131373429238555318
0.0131547372707258824
0.0131721316175962312
0.0131895259644665818
0.0132069203113369307
0.0132243146582072812
0.0132417090050776301
0.0132591033519479807
0.0132764976988183295
0.0132938920456886784
0.013311286392559029
0.0133286807394293778
0.0133460750862997284
0.0133634694331700773
0.0133808637800404279
0.0133982581269107767
0.0134156524737811273
0.0134330468206514762
0.013450441167521825
0.0134678355143921756
0.0134852298612625245
0.013502624208132875
0.0135200185550032239
0.0135374129018735745
0.0135548072487439233
0.0135722015956142739
0.0135895959424846228
0.0136069902893549734
0.0136243846362253222
0.0136417789830956711
0.0136591733299660217
0.0136765676768363705
0.0136939620237067211
0.01371135637057707
0.0137287507174474206
0.0137461450643177694
0.01376353941118812
0.0137809337580584688
0.0137983281049288194
0.0138157224517991683
0.0138331167986695171
0.0138505111455398677
0.0138679054924102166
0.0138852998392805672
0.013902694186150916
0.0139200885330212666
0.0139374828798916155
0.0139548772267619661
0.0139722715736323149
0.0139896659205026655
0.0140070602673730144
0.0140244546142433632
0.0140418489611137138
0.0140592433079840626
0.0140766376548544132
0.0140940320017247621
0.0141114263485951127
0.0141288206954654615
0.0141462150423358121
0.014163609389206161
0.0141810037360765098
0.0141983980829468604
0.0142157924298172093
0.0142331867766875599
0.0142505811235579087
0.0142679754704282593
0.0142853698172986081
0.0143027641641689587
0.0143201585110393076
0.0143375528579096582
0.014354947204780007
0.0143723415516503559
0.0143897358985207065
0.0144071302453910553
0.0144245245922614059
0.0144419189391317548
0.0144593132860021054
0.0144767076328724542
0.0144941019797428048
0.0145114963266131537
0.0145288906734835042
0.0145462850203538531
0.0145636793672242019
0.0145810737140945525
0.0145984680609649014
0.014615862407835252
0.0146332567547056008
0.0146506511015759514
0.0146680454484463003
0.0146854397953166509
0.0147028341421869997
0.0147202284890573503
0.0147376228359276992
0.014755017182798048
0.0147724115296683986
0.0147898058765387475
0.014807200223409098
0.0148245945702794469
0.0148419889171497975
0.0148593832640201463
0.0148767776108904969
0.0148941719577608458
0.0149115663046311946
0.0149289606515015452
0.0149463549983718941
0.0149637493452422447
0.0149811436921125935
0.0149985380389829441
0.015015932385853293
0.0150333267327236435
0.0150507210795939924
0.015068115426464343
0.0150855097733346918
0.0151029041202050407
0.0151202984670753913
0.0151376928139457401
0.0151550871608160907
0.0151724815076864396
0.0151898758545567902
0.015207270201427139
0.0152246645482974896
0.0152420588951678385
0.015259453242038189
0.0152768475889085379
0.0152942419357788868
0.0153116362826492373
0.0153290306295195862
0.0153464249763899368
0.0153638193232602856
0.0153812136701306362
0.0153986080170009851
0.0154160023638713357
0.0154333967107416845
0.0154507910576120351
0.015468185404482384
0.0154855797513527328
0.0155029740982230834
0.0155203684450934323
0.0155377627919637828
0.0155551571388341317
0.0155725514857044823
0.0155899458325748311
0.0156073401794451817
0.0156247345263155306
0.0156421288731858794
0.0156595232200562283
0.0156769175669265806
0.0156943119137969295
0.0157117062606672783
0.0157291006075376272
0.0157464949544079795
0.0157638893012783284
0.0157812836481486772
0.0157986779950190261
0.0158160723418893784
0.0158334666887597272
0.0158508610356300761
0.0158682553825004249
0.0158856497293707738
0.0159030440762411261
0.015920438423111475
0.0159378327699818238
0.0159552271168521727
0.015972621463722525
0.0159900158105928739
0.0160074101574632227
0.0160248045043335716
0.0160421988512039204
0.0160595931980742727
0.0160769875449446216
0.0160943818918149704
0.0161117762386853193
0.0161291705855556716
0.0161465649324260205
0.0161639592792963693
0.0161813536261667182
0.016198747973037067
0.0162161423199074194
0.0162335366667777682
0.0162509310136481171
0.0162683253605184659
0.0162857197073888182
0.0163031140542591671
0.016320508401129516
0.0163379027479998648
0.0163552970948702171
0.016372691441740566
0.0163900857886109148
0.0164074801354812637
0.0164248744823516125
0.0164422688292219649
0.0164596631760923137
0.0164770575229626626
0.0164944518698330114
0.0165118462167033637
0.0165292405635737126
0.0165466349104440615
0.0165640292573144103
0.0165814236041847592
0.0165988179510551115
0.0166162122979254603
0.0166336066447958092
0.016651000991666158
0.0166683953385365104
0.0166857896854068592
0.0167031840322772081
0.0167205783791475569
0.0167379727260179093
0.0167553670728882581
0.016772761419758607
0.0167901557666289558
0.0168075501134993047
0.016824944460369657
0.0168423388072400058
0.0168597331541103547
0.0168771275009807036
0.0168945218478510559
0.0169119161947214047
0.0169293105415917536
0.0169467048884621024
0.0169640992353324513
0.0169814935822028036
0.0169988879290731525
0.0170162822759435013
0.0170336766228138502
0.0170510709696842025
0.0170684653165545513
0.0170858596634249002
0.0171032540102952491
0.0171206483571655979
0.0171380427040359502
0.0171554370509062991
0.0171728313977766479
0.0171902257446469968
0.0172076200915173491
0.017225014438387698
0.0172424087852580468
0.0172598031321283957
0.017277197478998748
0.0172945918258690969
0.0173119861727394457
0.0173293805196097946
0.0173467748664801434
0.0173641692133504957
0.0173815635602208446
0.0173989579070911934
0.0174163522539615423
0.0174337466008318946
0.0174511409477022435
0.0174685352945725923
0.0174859296414429412
0.01750332398831329
0.0175207183351836424
0.0175381126820539912
0.0175555070289243401
0.0175729013757946889
0.0175902957226650412
0.0176076900695353901
0.0176250844164057389
0.0176424787632760878
0.0176598731101464367
0.017677267457016789
0.0176946618038871378
0.0177120561507574867
0.0177294504976278355
0.0177468448444981879
0.0177642391913685367
0.0177816335382388856
0.0177990278851092344
0.0178164222319795867
0.0178338165788499356
0.0178512109257202845
0.0178686052725906333
0.0178859996194609822
0.0179033939663313345
0.0179207883132016833
0.0179381826600720322
0.017955577006942381
0.0179729713538127334
0.0179903657006830822
0.0180077600475534311
0.0180251543944237799
0.0180425487412941288
0.0180599430881644811
0.01807733743503483
0.0180947317819051788
0.0181121261287755277
0.01812952047564588
0.0181469148225162288
0.0181643091693865777
0.0181817035162569265
0.0181990978631272789
0.0182164922099976277
0.0182338865568679766
0.0182512809037383254
0.0182686752506086743
0.0182860695974790266
0.0183034639443493755
0.0183208582912197243
0.0183382526380900732
0.0183556469849604255
0.0183730413318307743
0.0183904356787011232
0.018407830025571472
0.0184252243724418209
0.0184426187193121732
0.0184600130661825221
0.0184774074130528709
0.0184948017599232198
0.0185121961067935721
0.018529590453663921
0.0185469848005342698
0.0185643791474046187
0.0185817734942749675
0.0185991678411453198
0.0186165621880156687
0.0186339565348860176
0.0186513508817563664
0.0186687452286267187
0.0186861395754970676
0.0187035339223674164
0.0187209282692377653
0.0187383226161081176
0.0187557169629784665
0.0187731113098488153
0.0187905056567191642
0.018807900003589513
0.0188252943504598654
0.0188426886973302142
0.0188600830442005631
0.0188774773910709119
0.0188948717379412642
0.0189122660848116131
0.0189296604316819619
0.0189470547785523108
0.0189644491254226596
0.018981843472293012
0.0189992378191633608
0.0190166321660337097
0.0190340265129040585
0.0190514208597744109
0.0190688152066447597
0.0190862095535151086
0.0191036039003854574
0.0191209982472558063
0.0191383925941261586
0.0191557869409965074
0.0191731812878668563
0.0191905756347372052
0.0192079699816075575
0.0192253643284779063
0.0192427586753482552
0.019260153022218604
0.0192775473690889564
0.0192949417159593052
0.0193123360628296541
0.0193297304097000029
0.0193471247565703518
0.0193645191034407041
0.0193819134503110529
0.0193993077971814018
0.0194167021440517507
0.019434096490922103
0.0194514908377924518
0.0194688851846628007
0.0194862795315331495
0.0195036738784034984
0.0195210682252738507
0.0195384625721441996
0.0195558569190145484
0.0195732512658848973
0.0195906456127552496
0.0196080399596255985
0.0196254343064959473
0.0196428286533662962
0.0196602230002366485
0.0196776173471069973
0.0196950116939773462
0.019712406040847695
0.0197298003877180439
0.0197471947345883962
0.0197645890814587451
0.0197819834283290939
0.0197993777751994428
0.0198167721220697951
0.019834166468940144
0.0198515608158104928
0.0198689551626808417
0.0198863495095511905
0.0199037438564215428
0.0199211382032918917
0.0199385325501622405
0.0199559268970325894
0.0199733212439029417
0.0199907155907732906
0.0200081099376436394
0.0200255042845139883
0.0200428986313843371
0.0200602929782546895
0.0200776873251250383
0.0200950816719953872
0.020112476018865736
0.0201298703657360883
0.0201472647126064372
0.0201646590594767861
0.0201820534063471349
0.0201994477532174872
0.0202168421000878361
0.0202342364469581849
0.0202516307938285338
0.0202690251406988826
0.020286419487569235
0.0203038138344395838
0.0203212081813099327
0.0203386025281802815
0.0203559968750506338
0.0203733912219209827
0.0203907855687913316
0.0204081799156616804
0.0204255742625320293
0.0204429686094023816
0.0204603629562727304
0.0204777573031430793
0.0204951516500134281
0.0205125459968837805
0.0205299403437541293
0.0205473346906244782
0.020564729037494827
0.0205821233843651794
0.0205995177312355282
0.0206169120781058771
0.0206343064249762259
0.0206517007718465748
0.0206690951187169271
0.0206864894655872759
0.0207038838124576248
0.0207212781593279737
0.020738672506198326
0.0207560668530686748
0.0207734611999390237
0.0207908555468093725
0.0208082498936797214
0.0208256442405500737
0.0208430385874204226
0.0208604329342907714
0.0208778272811611203
0.0208952216280314726
0.0209126159749018214
0.0209300103217721703
0.0209474046686425192
0.020964799015512868
0.0209821933623832203
0.0209995877092535692
0.021016982056123918
0.0210343764029942669
0.0210517707498646192
0.0210691650967349681
0.0210865594436053169
0.0211039537904756658
0.0211213481373460181
0.021138742484216367
0.0211561368310867158
0.0211735311779570647
0.0211909255248274135
0.0212083198716977658
0.0212257142185681147
0.0212431085654384635
0.0212605029123088124
0.0212778972591791647
0.0212952916060495136
0.0213126859529198624
0.0213300802997902113
0.0213474746466605601
0.0213648689935309125
0.0213822633404012613
0.0213996576872716102
0.021417052034141959
0.0214344463810123113
0.0214518407278826602
0.021469235074753009
0.0214866294216233579
0.0215040237684937068
0.0215214181153640591
0.0215388124622344079
0.0215562068091047568
0.0215736011559751056
0.021590995502845458
0.0216083898497158068
0.0216257841965861557
0.0216431785434565045
0.0216605728903268568
0.0216779672371972057
0.0216953615840675546
0.0217127559309379034
0.0217301502778082523
0.0217475446246786046
0.0217649389715489534
0.0217823333184193023
0.0217997276652896511
0.0218171220121600035
0.0218345163590303523
0.0218519107059007012
0.02186930505277105
0.0218866993996413989
0.0219040937465117512
0.0219214880933821001
0.0219388824402524489
0.0219562767871227978
0.0219736711339931501
0.0219910654808634989
0.0220084598277338478
0.0220258541746041966
0.022043248521474549
0.0220606428683448978
0.0220780372152152467
0.0220954315620855955
0.0221128259089559444
0.0221302202558262967
0.0221476146026966456
0.0221650089495669944
0.0221824032964373433
0.0221997976433076956
0.0222171919901780444
0.0222345863370483933
0.0222519806839187421
0.022269375030789091
0.0222867693776594433
0.0223041637245297922
0.022321558071400141
0.0223389524182704899
0.0223563467651408422
0.0223737411120111911
0.0223911354588815399
0.0224085298057518888
0.0224259241526222376
0.0224433184994925899
0.0224607128463629388
0.0224781071932332877
0.0224955015401036365
0.0225128958869739888
0.0225302902338443377
0.0225476845807146865
0.0225650789275850354
0.0225824732744553877
0.0225998676213257366
0.0226172619681960854
0.0226346563150664343
0.0226520506619367831
0.0226694450088071354
0.0226868393556774843
0.0227042337025478332
0.022721628049418182
0.0227390223962885343
0.0227564167431588832
0.022773811090029232
0.0227912054368995809
0.0228085997837699297
0.0228259941306402821
0.0228433884775106309
0.0228607828243809798
0.0228781771712513286
0.022895571518121681
0.0229129658649920298
0.0229303602118623787
0.0229477545587327275
0.0229651489056030798
0.0229825432524734287
0.0229999375993437775
0.0230173319462141264
0.0230347262930844753
0.0230521206399548276
0.0230695149868251764
0.0230869093336955253
0.0231043036805658741
0.0231216980274362265
0.0231390923743065753
0.0231564867211769242
0.023173881068047273
0.0231912754149176219
0.0232086697617879742
0.023226064108658323
0.0232434584555286719
0.0232608528023990208
0.0232782471492693731
0.0232956414961397219
0.0233130358430100708
0.0233304301898804196
0.0233478245367507685
0.0233652188836211208
0.0233826132304914697
0.0234000075773618185
0.0234174019242321674
0.0234347962711025197
0.0234521906179728686
0.0234695849648432174
0.0234869793117135663
0.0235043736585839186
0.0235217680054542674
0.0235391623523246163
0.0235565566991949651
0.023573951046065314
0.0235913453929356663
0.0236087397398060152
0.023626134086676364
0.0236435284335467129
0.0236609227804170652
0.0236783171272874141
0.0236957114741577629
0.0237131058210281118
0.0237305001678984606
0.0237478945147688129
0.0237652888616391618
0.0237826832085095106
0.0238000775553798595
0.0238174719022502118
0.0238348662491205607
0.0238522605959909095
0.0238696549428612584
0.0238870492897316072
0.0239044436366019596
0.0239218379834723084
0.0239392323303426573
0.0239566266772130061
0.0239740210240833584
0.0239914153709537073
0.0240088097178240562
0.024026204064694405
0.0240435984115647573
0.0240609927584351062
0.024078387105305455
0.0240957814521758039
0.0241131757990461527
0.0241305701459165051
0.0241479644927868539
0.0241653588396572028
0.0241827531865275516
0.0242001475333979039
0.0242175418802682528
0.0242349362271386017
0.0242523305740089505
0.0242697249208792994
0.0242871192677496517
0.0243045136146200005
0.0243219079614903494
0.0243393023083606982
0.0243566966552310506
0.0243740910021013994
0.0243914853489717483
0.0244088796958420971
0.0244262740427124495
0.0244436683895827983
0.0244610627364531472
0.024478457083323496
0.0244958514301938449
0.0245132457770641972
0.024530640123934546
0.0245480344708048949
0.0245654288176752438
0.0245828231645455961
0.0246002175114159449
0.0246176118582862938
0.0246350062051566426
0.0246524005520269915
0.0246697948988973438
0.0246871892457676927
0.0247045835926380415
0.0247219779395083904
0.0247393722863787427
0.0247567666332490915
0.0247741609801194404
0.0247915553269897893
0.0248089496738601381
0.0248263440207304904
0.0248437383676008393
0.0248611327144711881
0.024878527061341537
0.0248959214082118893
0.0249133157550822382
0.024930710101952587
0.0249481044488229359
0.0249654987956932882
0.0249828931425636371
0.0250002874894339859
0.0250176818363043348
0.0250350761831746836
0.0250524705300450359
0.0250698648769153848
0.0250872592237857336
0.0251046535706560825
0.0251220479175264348
0.0251394422643967837
0.0251568366112671325
0.0251742309581374814
0.0251916253050078302
0.0252090196518781826
0.0252264139987485314
0.0252438083456188803
0.0252612026924892291
0.0252785970393595814
0.0252959913862299303
0.0253133857331002791
0.025330780079970628
0.0253481744268409769
0.0253655687737113292
0.025382963120581678
0.0254003574674520269
0.0254177518143223757
0.0254351461611927281
0.0254525405080630769
0.0254699348549334258
0.0254873292018037746
0.0255047235486741269
0.0255221178955444758
0.0255395122424148246
0.0255569065892851735
0.0255743009361555224
0.0255916952830258747
0.0256090896298962235
0.0256264839767665724
0.0256438783236369212
0.0256612726705072736
0.0256786670173776224
0.0256960613642479713
0.0257134557111183201
0.025730850057988669
0.0257482444048590213
0.0257656387517293702
0.025783033098599719
0.0258004274454700679
0.0258178217923404202
0.025835216139210769
0.0258526104860811179
0.0258700048329514667
0.0258873991798218191
0.0259047935266921679
0.0259221878735625168
0.0259395822204328656
0.0259569765673032145
0.0259743709141735668
0.0259917652610439157
0.0260091596079142645
0.0260265539547846134
0.0260439483016549657
0.0260613426485253145
0.0260787369953956634
0.0260961313422660122
0.0261135256891363611
0.0261309200360067134
0.0261483143828770623
0.0261657087297474111
0.02618310307661776
0.0262004974234881123
0.0262178917703584612
0.02623528611722881
0.0262526804640991589
0.0262700748109695077
0.02628746915783986
0.0263048635047102089
0.0263222578515805578
0.0263396521984509066
0.0263570465453212589
0.0263744408921916078
0.0263918352390619566
0.0264092295859323055
0.0264266239328026578
0.0264440182796730067
0.0264614126265433555
0.0264788069734137044
0.0264962013202840532
0.0265135956671544055
0.0265309900140247544
0.0265483843608951033
0.0265657787077654521
0.0265831730546358044
0.0266005674015061533
0.0266179617483765021
0.026635356095246851
0.0266527504421171998
0.0266701447889875522
0.026687539135857901
0.0267049334827282499
0.0267223278295985987
0.0267397221764689511
0.0267571165233392999
0.0267745108702096488
0.0267919052170799976
0.0268092995639503499
0.0268266939108206988
0.0268440882576910476
0.0268614826045613965
0.0268788769514317454
0.0268962712983020977
0.0269136656451724465
0.0269310599920427954
0.0269484543389131442
0.0269658486857834966
0.0269832430326538454
0.0270006373795241943
0.0270180317263945431
0.027035426073264892
0.0270528204201352443
0.0270702147670055931
0.027087609113875942
0.0271050034607462909
0.0271223978076166432
0.027139792154486992
0.0271571865013573409
0.0271745808482276897
0.0271919751950980386
0.0272093695419683909
0.0272267638888387398
0.0272441582357090886
0.0272615525825794375
0.0272789469294497898
0.0272963412763201387
0.0273137356231904875
0.0273311299700608364
0.0273485243169311887
0.0273659186638015375
0.0273833130106718864
0.0274007073575422352
0.0274181017044125841
0.0274354960512829364
0.0274528903981532853
0.0274702847450236341
0.027487679091893983
0.0275050734387643353
0.0275224677856346842
0.027539862132505033
0.0275572564793753819
0.0275746508262457307
0.027592045173116083
0.0276094395199864319
0.0276268338668567807
0.0276442282137271296
0.0276616225605974819
0.0276790169074678308
0.0276964112543381796
0.0277138056012085285
0.0277311999480788773
0.0277485942949492297
0.0277659886418195785
0.0277833829886899274
0.0278007773355602762
0.0278181716824306285
0.0278355660293009774
0.0278529603761713263
0.0278703547230416751
0.0278877490699120274
0.0279051434167823763
0.0279225377636527251
0.027939932110523074
0.0279573264573934228
0.0279747208042637752
0.027992115151134124
0.0280095094980044729
0.0280269038448748217
0.028044298191745174
0.0280616925386155229
0.0280790868854858718
0.0280964812323562206
0.0281138755792265695
0.0281312699260969218
0.0281486642729672706
0.0281660586198376195
0.0281834529667079683
0.0282008473135783207
0.0282182416604486695
0.0282356360073190184
0.0282530303541893672
0.0282704247010597196
0.0282878190479300684
0.0283052133948004173
0.0283226077416707661
0.028340002088541115
0.0283573964354114673
0.0283747907822818161
0.028392185129152165
0.0284095794760225138
0.0284269738228928662
0.028444368169763215
0.0284617625166335639
0.0284791568635039127
0.0284965512103742616
0.0285139455572446139
0.0285313399041149628
0.0285487342509853116
0.0285661285978556605
0.0285835229447260128
0.0286009172915963616
0.0286183116384667105
0.0286357059853370594
0.0286531003322074082
0.0286704946790777605
0.0286878890259481094
0.0287052833728184582
0.0287226777196888071
0.0287400720665591594
0.0287574664134295083
0.0287748607602998571
0.028792255107170206
0.0288096494540405583
0.0288270438009109072
0.028844438147781256
0.0288618324946516049
0.0288792268415219537
0.028896621188392306
0.0289140155352626549
0.0289314098821330037
0.0289488042290033526
0.0289661985758737049
0.0289835929227440538
0.0290009872696144026
0.0290183816164847515
0.0290357759633551003
0.0290531703102254527
0.0290705646570958015
0.0290879590039661504
0.0291053533508364992
0.0291227476977068515
0.0291401420445772004
0.0291575363914475492
0.0291749307383178981
0.029192325085188247
0.0292097194320585993
0.0292271137789289481
0.029244508125799297
0.0292619024726696458
0.0292792968195399982
0.029296691166410347
0.0293140855132806959
0.0293314798601510447
0.029348874207021397
0.0293662685538917459
0.0293836629007620947
0.0294010572476324436
0.0294184515945027925
0.0294358459413731448
0.0294532402882434936
0.0294706346351138425
0.0294880289819841913
0.0295054233288545437
0.0295228176757248925
0.0295402120225952414
0.0295576063694655902
0.0295750007163359391
0.0295923950632062914
0.0296097894100766403
0.0296271837569469891
0.029644578103817338
0.0296619724506876903
0.0296793667975580391
0.029696761144428388
0.0297141554912987368
0.0297315498381690892
0.029748944185039438
0.0297663385319097869
0.0297837328787801357
0.0298011272256504846
0.0298185215725208369
0.0298359159193911858
0.0298533102662615346
0.0298707046131318835
0.0298880989600022358
0.0299054933068725846
0.0299228876537429335
0.0299402820006132823
0.0299576763474836312
0.0299750706943539835
0.0299924650412243324
0.0300098593880946812
0.0300272537349650301
0.0300446480818353824
0.0300620424287057313
0.0300794367755760801
0.030096831122446429
0.0301142254693167778
0.0301316198161871301
0.030149014163057479
0.0301664085099278279
0.0301838028567981767
0.030201197203668529
0.0302185915505388779
0.0302359858974092267
0.0302533802442795756
0.0302707745911499279
0.0302881689380202768
0.0303055632848906256
0.0303229576317609745
0.0303403519786313233
0.0303577463255016756
0.0303751406723720245
0.0303925350192423734
0.0304099293661127222
0.0304273237129830745
0.0304447180598534234
0.0304621124067237722
0.0304795067535941211
0.0304969011004644699
0.0305142954473348223
0.0305316897942051711
0.03054908414107552
0.0305664784879458688
0.0305838728348162212
0.03060126718168657
0.0306186615285569189
0.0306360558754272677
0.03065345022229762
0.0306708445691679689
0.0306882389160383177
0.0307056332629086666
0.0307230276097790155
0.0307404219566493678
0.0307578163035197166
0.0307752106503900655
0.0307926049972604143
0.0308099993441307667
0.0308273936910011155
0.0308447880378714644
0.0308621823847418132
0.0308795767316121621
0.0308969710784825144
0.0309143654253528632
0.0309317597722232121
0.030949154119093561
0.0309665484659639133
0.0309839428128342621
0.031001337159704611
0.0310187315065749598
0.0310361258534453087
0.031053520200315661
0.0310709145471860099
0.0310883088940563587
0.0311057032409267076
0.0311230975877970599
0.0311404919346674088
0.0311578862815377576
0.0311752806284081065
0.0311926749752784588
0.0312100693221488076
0.0312274636690191565
0.0312448580158895053
0.0312622523627598542
0.031279646709630203
0.0312970410565005519
0.0313144354033709077
0.0313318297502412565
0.0313492240971116054
0.0313666184439819543
0.0313840127908523031
0.031401407137722652
0.0314188014845930008
0.0314361958314633497
0.0314535901783336985
0.0314709845252040543
0.0314883788720744032
0.031505773218944752
0.0315231675658151009
0.0315405619126854497
0.0315579562595557986
0.0315753506064261474
0.0315927449532964963
0.0316101393001668451
0.0316275336470372009
0.0316449279939075498
0.0316623223407778986
0.0316797166876482475
0.0316971110345185964
0.0317145053813889452
0.0317318997282592941
0.0317492940751296429
0.0317666884219999918
0.0317840827688703476
0.0318014771157406964
0.0318188714626110453
0.0318362658094813941
0.031853660156351743
0.0318710545032220918
0.0318884488500924407
0.0319058431969627895
0.0319232375438331453
0.0319406318907034942
0.031958026237573843
0.0319754205844441919
0.0319928149313145407
0.0320102092781848896
0.0320276036250552384
0.0320449979719255873
0.0320623923187959362
0.0320797866656662919
0.0320971810125366408
0.0321145753594069897
0.0321319697062773385
0.0321493640531476874
0.0321667584000180362
0.0321841527468883851
0.0322015470937587339
0.0322189414406290828
0.0322363357874994386
0.0322537301343697874
0.0322711244812401363
0.0322885188281104851
0.032305913174980834
0.0323233075218511828
0.0323407018687215317
0.0323580962155918805
0.0323754905624622294
0.0323928849093325852
0.032410279256202934
0.0324276736030732829
0.0324450679499436317
0.0324624622968139806
0.0324798566436843295
0.0324972509905546783
0.0325146453374250272
0.032532039684295376
0.0325494340311657318
0.0325668283780360807
0.0325842227249064295
0.0326016170717767784
0.0326190114186471272
0.0326364057655174761
0.0326538001123878249
0.0326711944592581738
0.0326885888061285226
0.0327059831529988784
0.0327233774998692273
0.0327407718467395761
0.032758166193609925
0.0327755605404802738
0.0327929548873506227
0.0328103492342209715
0.0328277435810913204
0.0328451379279616762
0.032862532274832025
0.0328799266217023739
0.0328973209685727228
0.0329147153154430716
0.0329321096623134205
0.0329495040091837693
0.0329668983560541182
0.032984292702924467
0.0330016870497948228
0.0330190813966651717
0.0330364757435355205
0.0330538700904058694
0.0330712644372762182
0.0330886587841465671
0.0331060531310169159
0.0331234474778872648
0.0331408418247576136
0.0331582361716279694
0.0331756305184983183
0.0331930248653686671
0.033210419212239016
0.0332278135591093648
0.0332452079059797137
0.0332626022528500626
0.0332799965997204114
0.0332973909465907603
0.0333147852934611161
0.0333321796403314649
0.0333495739872018138
0.0333669683340721626
0.0333843626809425115
0.0334017570278128603
0.0334191513746832092
0.033436545721553558
0.0334539400684239069
0.0334713344152942627
0.0334887287621646115
0.0335061231090349604
0.0335235174559053092
0.0335409118027756581
0.0335583061496460069
0.0335757004965163558
0.0335930948433867047
0.0336104891902570535
0.0336278835371274093
0.0336452778839977582
0.033662672230868107
0.0336800665777384559
0.0336974609246088047
0.0337148552714791536
0.0337322496183495024
0.0337496439652198513
0.0337670383120902071
0.0337844326589605559
0.0338018270058309048
0.0338192213527012536
0.0338366156995716025
0.0338540100464419513
0.0338714043933123002
0.033888798740182649
0.0339061930870529979
0.0339235874339233537
0.0339409817807937025
0.0339583761276640514
0.0339757704745344002
0.0339931648214047491
0.034010559168275098
0.0340279535151454468
0.0340453478620157957
0.0340627422088861445
0.0340801365557565003
0.0340975309026268492
0.034114925249497198
0.0341323195963675469
0.0341497139432378957
0.0341671082901082446
0.0341845026369785934
0.0342018969838489423
0.0342192913307192911
0.0342366856775896469
0.0342540800244599958
0.0342714743713303446
0.0342888687182006935
0.0343062630650710423
0.0343236574119413912
0.03434105175881174
0.0343584461056820889
0.0343758404525524378
0.0343932347994227935
0.0344106291462931424
0.0344280234931634913
0.0344454178400338401
0.034462812186904189
0.0344802065337745378
0.0344976008806448867
0.0345149952275152355
0.0345323895743855844
0.0345497839212559402
0.034567178268126289
0.0345845726149966379
0.0346019669618669867
0.0346193613087373356
0.0346367556556076844
0.0346541500024780333
0.0346715443493483821
0.034688938696218731
0.0347063330430890868
0.0347237273899594356
0.0347411217368297845
0.0347585160837001333
0.0347759104305704822
0.0347933047774408311
0.0348106991243111799
0.0348280934711815288
0.0348454878180518846
0.0348628821649222334
0.0348802765117925823
0.0348976708586629311
0.03491506520553328
0.0349324595524036288
0.0349498538992739777
0.0349672482461443265
0.0349846425930146754
0.0350020369398850312
0.03501943128675538
0.0350368256336257289
0.0350542199804960777
0.0350716143273664266
0.0350890086742367754
0.0351064030211071243
0.0351237973679774731
0.035141191714847822
0.0351585860617181778
0.0351759804085885266
0.0351933747554588755
0.0352107691023292244
0.0352281634491995732
0.0352455577960699221
0.0352629521429402709
0.0352803464898106198
0.0352977408366809686
0.0353151351835513244
0.0353325295304216733
0.0353499238772920221
0.035367318224162371
0.0353847125710327198
0.0354021069179030687
0.0354195012647734175
0.0354368956116437664
0.0354542899585141152
0.035471684305384471
0.0354890786522548199
0.0355064729991251687
0.0355238673459955176
0.0355412616928658665
0.0355586560397362153
0.0355760503866065642
0.035593444733476913
0.0356108390803472619
0.0356282334272176177
0.0356456277740879665
0.0356630221209583154
0.0356804164678286642
0.0356978108146990131
0.0357152051615693619
0.0357325995084397108
0.0357499938553100596
0.0357673882021804154
0.0357847825490507643
0.0358021768959211131
0.035819571242791462
0.0358369655896618108
0.0358543599365321597
0.0358717542834025085
0.0358891486302728574
0.0359065429771432063
0.035923937324013562
0.0359413316708839109
0.0359587260177542598
0.0359761203646246086
0.0359935147114949575
0.0360109090583653063
0.0360283034052356552
0.036045697752106004
0.0360630920989763529
0.0360804864458467087
0.0360978807927170575
0.0361152751395874064
0.0361326694864577552
0.0361500638333281041
0.0361674581801984529
0.0361848525270688018
0.0362022468739391506
0.0362196412208094995
0.0362370355676798553
0.0362544299145502041
0.036271824261420553
0.0362892186082909018
0.0363066129551612507
0.0363240073020315996
0.0363414016489019484
0.0363587959957722973
0.0363761903426426461
0.0363935846895130019
0.0364109790363833508
0.0364283733832536996
0.0364457677301240485
0.0364631620769943973
0.0364805564238647462
0.036497950770735095
0.0365153451176054439
0.0365327394644757927
0.0365501338113461485
0.0365675281582164974
0.0365849225050868462
0.0366023168519571951
0.0366197111988275439
0.0366371055456978928
0.0366544998925682416
0.0366718942394385905
0.0366892885863089463
0.0367066829331792951
0.036724077280049644
0.0367414716269199929
0.0367588659737903417
0.0367762603206606906
0.0367936546675310394
0.0368110490144013883
0.0368284433612717371
0.0368458377081420929
0.0368632320550124418
0.0368806264018827906
0.0368980207487531395
0.0369154150956234883
0.0369328094424938372
0.036950203789364186
0.0369675981362345349
0.0369849924831048837
0.0370023868299752395
0.0370197811768455884
0.0370371755237159372
0.0370545698705862861
0.0370719642174566349
0.0370893585643269838
0.0371067529111973327
0.0371241472580676815
0.0371415416049380304
0.0371589359518083862
0.037176330298678735
0.0371937246455490839
0.0372111189924194327
0.0372285133392897816
0.0372459076861601304
0.0372633020330304793
0.0372806963799008281
0.037298090726771177
0.0373154850736415328
0.0373328794205118816
0.0373502737673822305
0.0373676681142525793
0.0373850624611229282
0.037402456807993277
0.0374198511548636259
0.0374372455017339748
0.0374546398486043236
0.0374720341954746794
0.0374894285423450283
0.0375068228892153771
0.037524217236085726
0.0375416115829560748
0.0375590059298264237
0.0375764002766967725
0.0375937946235671214
0.0376111889704374772
0.037628583317307826
0.0376459776641781749
0.0376633720110485237
0.0376807663579188726
0.0376981607047892214
0.0377155550516595703
0.0377329493985299191
0.037750343745400268
0.0377677380922706238
0.0377851324391409726
0.0378025267860113215
0.0378199211328816703
0.0378373154797520192
0.0378547098266223681
0.0378721041734927169
0.0378894985203630658
0.0379068928672334146
0.0379242872141037704
0.0379416815609741193
0.0379590759078444681
0.037976470254714817
0.0379938646015851658
0.0380112589484555147
0.0380286532953258635
0.0380460476421962124
0.0380634419890665612
0.038080836335936917
0.0380982306828072659
0.0381156250296776147
0.0381330193765479636
0.0381504137234183124
0.0381678080702886613
0.0381852024171590101
0.038202596764029359
0.0382199911108997079
0.0382373854577700636
0.0382547798046404125
0.0382721741515107614
0.0382895684983811102
0.0383069628452514591
0.0383243571921218079
0.0383417515389921568
0.0383591458858625056
0.0383765402327328545
0.0383939345796032103
0.0384113289264735591
0.038428723273343908
0.0384461176202142568
0.0384635119670846057
0.0384809063139549545
0.0384983006608253034
0.0385156950076956522
0.0385330893545660011
0.0385504837014363569
0.0385678780483067057
0.0385852723951770546
0.0386026667420474034
0.0386200610889177523
0.0386374554357881012
0.03865484978265845
0.0386722441295287989
0.0386896384763991547
0.0387070328232695035
0.0387244271701398524
0.0387418215170102012
0.0387592158638805501
0.0387766102107508989
0.0387940045576212478
0.0388113989044915966
0.0388287932513619455
0.0388461875982323013
0.0388635819451026501
0.038880976291972999
0.0388983706388433478
0.0389157649857136967
0.0389331593325840455
0.0389505536794543944
0.0389679480263247432
0.0389853423731950921
0.0390027367200654479
0.0390201310669357967
0.0390375254138061456
0.0390549197606764945
0.0390723141075468433
0.0390897084544171922
0.039107102801287541
0.0391244971481578899
0.0391418914950282387
0.0391592858418985945
0.0391766801887689434
0.0391940745356392922
0.0392114688825096411
0.0392288632293799899
0.0392462575762503388
0.0392636519231206876
0.0392810462699910365
0.0392984406168613853
0.0393158349637317411
0.03933322931060209
0.0393506236574724388
0.0393680180043427877
0.0393854123512131366
0.0394028066980834854
0.0394202010449538343
0.0394375953918241831
0.039454989738694532
0.0394723840855648878
0.0394897784324352366
0.0395071727793055855
0.0395245671261759343
0.0395419614730462832
0.039559355819916632
0.0395767501667869809
0.0395941445136573297
0.0396115388605276855
0.0396289332073980344
0.0396463275542683832
0.0396637219011387321
0.0396811162480090809
0.0396985105948794298
0.0397159049417497786
0.0397332992886201275
0.0397506936354904764
0.0397680879823608321
0.039785482329231181
0.0398028766761015299
0.0398202710229718787
0.0398376653698422276
0.0398550597167125764
0.0398724540635829253
0.0398898484104532741
0.039907242757323623
0.0399246371041939788
0.0399420314510643276
0.0399594257979346765
0.0399768201448050253
0.0399942144916753742
0.040011608838545723
0.0400290031854160719
0.0400463975322864207
0.0400637918791567696
0.0400811862260271254
0.0400985805728974742
0.0401159749197678231
0.0401333692666381719
0.0401507636135085208
0.0401681579603788697
0.0401855523072492185
0.0402029466541195674
0.0402203410009899162
0.040237735347860272
0.0402551296947306209
0.0402725240416009697
0.0402899183884713186
0.0403073127353416674
0.0403247070822120163
0.0403421014290823651
0.040359495775952714
0.0403768901228230628
0.0403942844696934186
0.0404116788165637675
0.0404290731634341163
0.0404464675103044652
0.040463861857174814
0.0404812562040451629
0.0404986505509155117
0.0405160448977858606
0.0405334392446562164
0.0405508335915265652
0.0405682279383969141
0.040585622285267263
0.0406030166321376118
0.0406204109790079607
0.0406378053258783095
0.0406551996727486584
0.0406725940196190072
0.040689988366489363
0.0407073827133597119
0.0407247770602300607
0.0407421714071004096
0.0407595657539707584
0.0407769601008411073
0.0407943544477114561
0.040811748794581805
0.0408291431414521538
0.0408465374883225096
0.0408639318351928585
0.0408813261820632073
0.0408987205289335562
0.040916114875803905
0.0409335092226742539
0.0409509035695446028
0.0409682979164149516
0.0409856922632853005
0.0410030866101556563
0.0410204809570260051
0.041037875303896354
0.0410552696507667028
0.0410726639976370517
0.0410900583445074005
0.0411074526913777494
0.0411248470382480982
0.0411422413851184471
0.0411596357319888029
0.0411770300788591517
0.0411944244257295006
0.0412118187725998494
0.0412292131194701983
0.0412466074663405471
0.041264001813210896
0.0412813961600812449
0.0412987905069515937
0.0413161848538219495
0.0413335792006922983
0.0413509735475626472
0.0413683678944329961
0.0413857622413033449
0.0414031565881736938
0.0414205509350440426
0.0414379452819143915
0.0414553396287847473
0.0414727339756550961
0.041490128322525445
0.0415075226693957938
0.0415249170162661427
0.0415423113631364915
0.0415597057100068404
0.0415771000568771892
0.0415944944037475381
0.0416118887506178939
0.0416292830974882427
0.0416466774443585916
0.0416640717912289404
0.0416814661380992893
0.0416988604849696382
0.041716254831839987
0.0417336491787103359
0.0417510435255806847
0.0417684378724510405
0.0417858322193213894
0.0418032265661917382
0.0418206209130620871
0.0418380152599324359
0.0418554096068027848
0.0418728039536731336
0.0418901983005434825
0.0419075926474138313
0.0419249869942841871
0.041942381341154536
0.0419597756880248848
0.0419771700348952337
0.0419945643817655825
0.0420119587286359314
0.0420293530755062802
0.0420467474223766291
0.042064141769246978
0.0420815361161173337
0.0420989304629876826
0.0421163248098580315
0.0421337191567283803
0.0421511135035987292
0.042168507850469078
0.0421859021973394269
0.0422032965442097757
0.0422206908910801246
0.0422380852379504804
0.0422554795848208292
0.0422728739316911781
0.0422902682785615269
0.0423076626254318758
0.0423250569723022246
0.0423424513191725735
0.0423598456660429223
0.0423772400129132781
0.042394634359783627
0.0424120287066539758
0.0424294230535243247
0.0424468174003946735
0.0424642117472650224
0.0424816060941353713
0.0424990004410057201
0.042516394787876069
0.0425337891347464248
0.0425511834816167736
0.0425685778284871225
0.0425859721753574713
0.0426033665222278202
0.042620760869098169
0.0426381552159685179
0.0426555495628388667
0.0426729439097092156
0.0426903382565795714
0.0427077326034499202
0.0427251269503202691
0.0427425212971906179
0.0427599156440609668
0.0427773099909313156
0.0427947043378016645
0.0428120986846720133
0.0428294930315423622
0.042846887378412718
0.0428642817252830668
0.0428816760721534157
0.0428990704190237646
0.0429164647658941134
0.0429338591127644623
0.0429512534596348111
0.04296864780650516
0.0429860421533755088
0.0430034365002458646
0.0430208308471162135
0.0430382251939865623
0.0430556195408569112
0.04307301388772726
0.0430904082345976089
0.0431078025814679577
0.0431251969283383066
0.0431425912752086554
0.0431599856220790112
0.0431773799689493601
0.0431947743158197089
0.0432121686626900578
0.0432295630095604067
0.0432469573564307555
0.0432643517033011044
0.0432817460501714532
0.0432991403970418021
0.0433165347439121579
0.0433339290907825067
0.0433513234376528556
0.0433687177845232044
0.0433861121313935533
0.0434035064782639021
0.043420900825134251
0.0434382951720045998
0.0434556895188749556
0.0434730838657453045
0.0434904782126156533
0.0435078725594860022
0.043525266906356351
0.0435426612532266999
0.0435600556000970487
0.0435774499469673976
0.0435948442938377465
0.0436122386407081022
0.0436296329875784511
0.0436470273344488
0.0436644216813191488
0.0436818160281894977
0.0436992103750598465
0.0437166047219301954
0.0437339990688005442
0.0437513934156708931
0.0437687877625412489
0.0437861821094115977
0.0438035764562819466
0.0438209708031522954
0.0438383651500226443
0.0438557594968929931
0.043873153843763342
0.0438905481906336908
0.0439079425375040397
0.0439253368843743955
0.0439427312312447443
0.0439601255781150932
0.043977519924985442
0.0439949142718557909
0.0440123086187261398
0.0440297029655964886
0.0440470973124668375
0.0440644916593371863
0.0440818860062075421
0.044099280353077891
0.0441166746999482398
0.0441340690468185887
0.0441514633936889375
0.0441688577405592864
0.0441862520874296352
0.0442036464342999841
0.0442210407811703329
0.0442384351280406887
0.0442558294749110376
0.0442732238217813864
0.0442906181686517353
0.0443080125155220841
0.044325406862392433
0.0443428012092627818
0.0443601955561331307
0.0443775899030034865
0.0443949842498738353
0.0444123785967441842
0.0444297729436145331
0.0444471672904848819
0.0444645616373552308
0.0444819559842255796
0.0444993503310959285
0.0445167446779662773
0.0445341390248366331
0.044551533371706982
0.0445689277185773308
0.0445863220654476797
0.0446037164123180285
0.0446211107591883774
0.0446385051060587262
0.0446558994529290751
0.0446732937997994239
0.0446906881466697797
0.0447080824935401286
0.0447254768404104774
0.0447428711872808263
0.0447602655341511751
0.044777659881021524
0.0447950542278918729
0.0448124485747622217
0.0448298429216325706
0.0448472372685029264
0.0448646316153732752
0.0448820259622436241
0.0448994203091139729
0.0449168146559843218
0.0449342090028546706
0.0449516033497250195
0.0449689976965953683
0.0449863920434657172
0.045003786390336073
0.0450211807372064218
0.0450385750840767707
0.0450559694309471195
0.0450733637778174684
0.0450907581246878172
0.0451081524715581661
0.045125546818428515
0.0451429411652988638
0.0451603355121692196
0.0451777298590395684
0.0451951242059099173
0.0452125185527802662
0.045229912899650615
0.0452473072465209639
0.0452647015933913127
0.0452820959402616616
0.0452994902871320174
0.0453168846340023662
0.0453342789808727151
0.0453516733277430639
0.0453690676746134128
0.0453864620214837616
0.0454038563683541105
0.0454212507152244593
0.0454386450620948082
0.045456039408965164
0.0454734337558355128
0.0454908281027058617
0.0455082224495762105
0.0455256167964465594
0.0455430111433169083
0.0455604054901872571
0.045577799837057606
0.0455951941839279548
0.0456125885307983106
0.0456299828776686595
0.0456473772245390083
0.0456647715714093572
0.045682165918279706
0.0456995602651500549
0.0457169546120204037
0.0457343489588907526
0.0457517433057611014
0.0457691376526314572
0.0457865319995018061
0.0458039263463721549
0.0458213206932425038
0.0458387150401128526
0.0458561093869832015
0.0458735037338535503
0.0458908980807238992
0.0459082924275942481
0.0459256867744646038
0.0459430811213349527
0.0459604754682053016
0.0459778698150756504
0.0459952641619459993
0.0460126585088163481
0.046030052855686697
0.0460474472025570458
0.0460648415494273947
0.0460822358962977505
0.0460996302431680993
0.0461170245900384482
0.046134418936908797
0.0461518132837791459
0.0461692076306494947
0.0461866019775198436
0.0462039963243901924
0.0462213906712605482
0.0462387850181308971
0.0462561793650012459
0.0462735737118715948
0.0462909680587419436
0.0463083624056122925
0.0463257567524826414
0.0463431510993529902
0.0463605454462233391
0.0463779397930936949
0.0463953341399640437
0.0464127284868343926
0.0464301228337047414
0.0464475171805750903
0.0464649115274454391
0.046482305874315788
0.0464997002211861368
0.0465170945680564857
0.0465344889149268415
0.0465518832617971903
0.0465692776086675392
0.046586671955537888
0.0466040663024082369
0.0466214606492785857
0.0466388549961489346
0.0466562493430192834
0.0466736436898896323
0.0466910380367599881
0.0467084323836303369
0.0467258267305006858
0.0467432210773710347
0.0467606154242413835
0.0467780097711117324
0.0467954041179820812
0.0468127984648524301
0.0468301928117227789
0.0468475871585931347
0.0468649815054634836
0.0468823758523338324
0.0468997701992041813
0.0469171645460745301
0.046934558892944879
0.0469519532398152278
0.0469693475866855767
0.0469867419335559255
0.0470041362804262813
0.0470215306272966302
0.047038924974166979
0.0470563193210373279
0.0470737136679076767
0.0470911080147780256
0.0471085023616483745
0.0471258967085187233
0.0471432910553890722
0.047160685402259428
0.0471780797491297768
0.0471954740960001257
0.0472128684428704745
0.0472302627897408234
0.0472476571366111722
0.0472650514834815211
0.0472824458303518699
0.0472998401772222257
0.0473172345240925746
0.0473346288709629234
0.0473520232178332723
0.0473694175647036211
0.04738681191157397
0.0474042062584443188
0.0474216006053146677
0.0474389949521850166
0.0474563892990553723
0.0474737836459257212
0.0474911779927960701
0.0475085723396664189
0.0475259666865367678
0.0475433610334071166
0.0475607553802774655
0.0475781497271478143
0.0475955440740181632
0.047612938420888519
0.0476303327677588678
0.0476477271146292167
0.0476651214614995655
0.0476825158083699144
0.0476999101552402632
0.0477173045021106121
0.0477346988489809609
0.0477520931958513098
0.0477694875427216656
0.0477868818895920144
0.0478042762364623633
0.0478216705833327121
0.047839064930203061
0.0478564592770734099
0.0478738536239437587
0.0478912479708141076
0.0479086423176844564
0.0479260366645548122
0.0479434310114251611
0.0479608253582955099
0.0479782197051658588
0.0479956140520362076
0.0480130083989065565
0.0480304027457769053
0.0480477970926472542
0.048065191439517603
0.0480825857863879588
0.0480999801332583077
0.0481173744801286565
0.0481347688269990054
0.0481521631738693542
0.0481695575207397031
0.0481869518676100519
0.0482043462144804008
0.0482217405613507566
0.0482391349082211054
0.0482565292550914543
0.0482739236019618032
0.048291317948832152
0.0483087122957025009
0.0483261066425728497
0.0483435009894431986
0.0483608953363135474
0.0483782896831839032
0.0483956840300542521
0.0484130783769246009
0.0484304727237949498
0.0484478670706652986
0.0484652614175356475
0.0484826557644059963
0.0485000501112763452
0.048517444458146694
0.0485348388050170498
0.0485522331518873987
0.0485696274987577475
0.0485870218456280964
0.0486044161924984452
0.0486218105393687941
0.048639204886239143
0.0486565992331094918
0.0486739935799798407
0.0486913879268501965
0.0487087822737205453
0.0487261766205908942
0.048743570967461243
0.0487609653143315919
0.0487783596612019407
0.0487957540080722896
0.0488131483549426384
0.0488305427018129873
0.0488479370486833431
0.0488653313955536919
0.0488827257424240408
0.0489001200892943896
0.0489175144361647385
0.0489349087830350873
0.0489523031299054362
0.048969697476775785
0.0489870918236461339
0.0490044861705164897
0.0490218805173868385
0.0490392748642571874
0.0490566692111275363
0.0490740635579978851
0.049091457904868234
0.0491088522517385828
0.0491262465986089317
0.0491436409454792875
0.0491610352923496363
0.0491784296392199852
0.049195823986090334
0.0492132183329606829
0.0492306126798310317
0.0492480070267013806
0.0492654013735717294
0.0492827957204420783
0.0493001900673124341
0.0493175844141827829
0.0493349787610531318
0.0493523731079234806
0.0493697674547938295
0.0493871618016641784
0.0494045561485345272
0.0494219504954048761
0.0494393448422752249
0.0494567391891455807
0.0494741335360159296
0.0494915278828862784
0.0495089222297566273
0.0495263165766269761
0.049543710923497325
0.0495611052703676738
0.0495784996172380227
0.0495958939641083715
0.0496132883109787273
0.0496306826578490762
0.049648077004719425
0.0496654713515897739
0.0496828656984601227
0.0497002600453304716
0.0497176543922008204
0.0497350487390711693
0.0497524430859415182
0.0497698374328118739
0.0497872317796822228
0.0498046261265525717
0.0498220204734229205
0.0498394148202932694
0.0498568091671636182
0.0498742035140339671
0.0498915978609043159
0.0499089922077746648
0.0499263865546450206
0.0499437809015153694
0.0499611752483857183
0.0499785695952560671
0.049995963942126416
0.0500133582889967648
0.0500307526358671137
0.0500481469827374625
0.0500655413296078183
0.0500829356764781672
0.050100330023348516
0.0501177243702188649
0.0501351187170892137
0.0501525130639595626
0.0501699074108299115
0.0501873017577002603
0.0502046961045706092
0.050222090451440965
0.0502394847983113138
0.0502568791451816627
0.0502742734920520115
0.0502916678389223604
0.0503090621857927092
0.0503264565326630581
0.0503438508795334069
0.0503612452264037558
0.0503786395732741116
0.0503960339201444604
0.0504134282670148093
0.0504308226138851581
0.050448216960755507
0.0504656113076258558
0.0504830056544962047
0.0505004000013665535
0.0505177943482369024
0.0505351886951072582
0.050552583041977607
0.0505699773888479559
0.0505873717357183048
0.0506047660825886536
0.0506221604294590025
0.0506395547763293513
0.0506569491231997002
0.050674343470070049
0.0506917378169404048
0.0507091321638107537
0.0507265265106811025
0.0507439208575514514
0.0507613152044218002
0.0507787095512921491
0.0507961038981624979
0.0508134982450328468
0.0508308925919031956
0.0508482869387735514
0.0508656812856439003
0.0508830756325142491
0.050900469979384598
0.0509178643262549468
0.0509352586731252957
0.0509526530199956446
0.0509700473668659934
0.0509874417137363423
0.0510048360606066981
0.0510222304074770469
0.0510396247543473958
0.0510570191012177446
0.0510744134480880935
0.0510918077949584423
0.0511092021418287912
0.05112659648869914
0.0511439908355694958
0.0511613851824398447
0.0511787795293101935
0.0511961738761805424
0.0512135682230508912
0.0512309625699212401
0.0512483569167915889
0.0512657512636619378
0.0512831456105322867
0.0513005399574026424
0.0513179343042729913
0.0513353286511433402
0.051352722998013689
0.0513701173448840379
0.0513875116917543867
0.0514049060386247356
0.0514223003854950844
0.0514396947323654333
0.0514570890792357891
0.0514744834261061379
0.0514918777729764868
0.0515092721198468356
0.0515266664667171845
0.0515440608135875333
0.0515614551604578822
0.051578849507328231
0.0515962438541985799
0.0516136382010689357
0.0516310325479392845
0.0516484268948096334
0.0516658212416799822
0.0516832155885503311
0.05170060993542068
0.0517180042822910288
0.0517353986291613777
0.0517527929760317265
0.0517701873229020823
0.0517875816697724312
0.05180497601664278
0.0518223703635131289
0.0518397647103834777
0.0518571590572538266
0.0518745534041241754
0.0518919477509945243
0.0519093420978648731
0.0519267364447352289
0.0519441307916055778
0.0519615251384759266
0.0519789194853462755
0.0519963138322166243
0.0520137081790869732
0.052031102525957322
0.0520484968728276709
0.0520658912196980267
0.0520832855665683755
0.0521006799134387244
0.0521180742603090733
0.0521354686071794221
0.052152862954049771
0.0521702573009201198
0.0521876516477904687
0.0522050459946608175
0.0522224403415311733
0.0522398346884015222
0.052257229035271871
0.0522746233821422199
0.0522920177290125687
0.0523094120758829176
0.0523268064227532664
0.0523442007696236153
0.0523615951164939641
0.0523789894633643199
0.0523963838102346688
0.0524137781571050176
0.0524311725039753665
0.0524485668508457153
0.0524659611977160642
0.0524833555445864131
0.0525007498914567619
0.0525181442383271108
0.0525355385851974666
0.0525529329320678154
0.0525703272789381643
0.0525877216258085131
0.052605115972678862
0.0526225103195492108
0.0526399046664195597
0.0526572990132899085
0.0526746933601602574
0.0526920877070306132
0.052709482053900962
0.0527268764007713109
0.0527442707476416597
0.0527616650945120086
0.0527790594413823574
0.0527964537882527063
0.0528138481351230551
0.052831242481993404
0.0528486368288637598
0.0528660311757341086
0.0528834255226044575
0.0529008198694748064
0.0529182142163451552
0.0529356085632155041
0.0529530029100858529
0.0529703972569562018
0.0529877916038265576
0.0530051859506969064
0.0530225802975672553
0.0530399746444376041
0.053057368991307953
0.0530747633381783018
0.0530921576850486507
0.0531095520319189995
0.0531269463787893484
0.0531443407256597042
0.053161735072530053
0.0531791294194004019
0.0531965237662707507
0.0532139181131410996
0.0532313124600114485
0.0532487068068817973
0.0532661011537521462
0.053283495500622495
0.0533008898474928508
0.0533182841943631997
0.0533356785412335485
0.0533530728881038974
0.0533704672349742462
0.0533878615818445951
0.0534052559287149439
0.0534226502755852928
0.0534400446224556416
0.0534574389693259974
0.0534748333161963463
0.0534922276630666951
0.053509622009937044
0.0535270163568073928
0.0535444107036777417
0.0535618050505480905
0.0535791993974184394
0.0535965937442887883
0.053613988091159144
0.0536313824380294929
0.0536487767848998418
0.0536661711317701906
0.0536835654786405395
0.0537009598255108883
0.0537183541723812372
0.053735748519251586
0.0537531428661219349
0.0537705372129922907
0.0537879315598626395
0.0538053259067329884
0.0538227202536033372
0.0538401146004736861
0.0538575089473440349
0.0538749032942143838
0.0538922976410847326
0.0539096919879550884
0.0539270863348254373
0.0539444806816957861
0.053961875028566135
0.0539792693754364838
0.0539966637223068327
0.0540140580691771816
0.0540314524160475304
0.0540488467629178793
0.0540662411097882351
0.0540836354566585839
0.0541010298035289328
0.0541184241503992816
0.0541358184972696305
0.0541532128441399793
0.0541706071910103282
0.054188001537880677
0.0542053958847510259
0.0542227902316213817
0.0542401845784917305
0.0542575789253620794
0.0542749732722324282
0.0542923676191027771
0.0543097619659731259
0.0543271563128434748
0.0543445506597138236
0.0543619450065841725
0.0543793393534545283
0.0543967337003248771
0.054414128047195226
0.0544315223940655749
0.0544489167409359237
0.0544663110878062726
0.0544837054346766214
0.0545010997815469703
0.0545184941284173191
0.0545358884752876749
0.0545532828221580238
0.0545706771690283726
0.0545880715158987215
0.0546054658627690703
0.0546228602096394192
0.054640254556509768
0.0546576489033801169
0.0546750432502504657
0.0546924375971208215
0.0547098319439911704
0.0547272262908615192
0.0547446206377318681
0.0547620149846022169
0.0547794093314725658
0.0547968036783429147
0.0548141980252132635
0.0548315923720836124
0.0548489867189539682
0.054866381065824317
0.0548837754126946659
0.0549011697595650147
0.0549185641064353636
0.0549359584533057124
0.0549533528001760613
0.0549707471470464101
0.0549881414939167659
0.0550055358407871148
0.0550229301876574636
0.0550403245345278125
0.0550577188813981613
0.0550751132282685102
0.055092507575138859
0.0551099019220092079
0.0551272962688795568
0.0551446906157499125
0.0551620849626202614
0.0551794793094906103
0.0551968736563609591
0.055214268003231308
0.0552316623501016568
0.0552490566969720057
0.0552664510438423545
0.0552838453907127034
0.0553012397375830592
0.055318634084453408
0.0553360284313237569
0.0553534227781941057
0.0553708171250644546
0.0553882114719348034
0.0554056058188051523
0.0554230001656755011
0.05544039451254585
0.0554577888594162058
0.0554751832062865546
0.0554925775531569035
0.0555099719000272523
0.0555273662468976012
0.0555447605937679501
0.0555621549406382989
0.0555795492875086478
0.0555969436343789966
0.0556143379812493524
0.0556317323281197013
0.0556491266749900501
0.055666521021860399
0.0556839153687307478
0.0557013097156010967
0.0557187040624714455
0.0557360984093417944
0.0557534927562121432
0.055770887103082499
0.0557882814499528479
0.0558056757968231967
0.0558230701436935456
0.0558404644905638944
0.0558578588374342433
0.0558752531843045921
0.055892647531174941
0.0559100418780452968
0.0559274362249156456
0.0559448305717859945
0.0559622249186563434
0.0559796192655266922
0.0559970136123970411
0.0560144079592673899
0.0560318023061377388
0.0560491966530080876
0.0560665909998784434
0.0560839853467487923
0.0561013796936191411
0.05611877404048949
0.0561361683873598388
0.0561535627342301877
0.0561709570811005365
0.0561883514279708854
0.0562057457748412342
0.05622314012171159
0.0562405344685819389
0.0562579288154522877
0.0562753231623226366
0.0562927175091929854
0.0563101118560633343
0.0563275062029336832
0.056344900549804032
0.0563622948966743809
0.0563796892435447367
0.0563970835904150855
0.0564144779372854344
0.0564318722841557832
0.0564492666310261321
0.0564666609778964809
0.0564840553247668298
0.0565014496716371786
0.0565188440185075275
0.0565362383653778833
0.0565536327122482321
0.056571027059118581
0.0565884214059889298
0.0566058157528592787
0.0566232100997296275
0.0566406044465999764
0.0566579987934703252
0.0566753931403406741
0.0566927874872110299
0.0567101818340813787
0.0567275761809517276
0.0567449705278220765
0.0567623648746924253
0.0567797592215627742
0.056797153568433123
0.0568145479153034719
0.0568319422621738277
0.0568493366090441765
0.0568667309559145254
0.0568841253027848742
0.0569015196496552231
0.0569189139965255719
0.0569363083433959208
0.0569537026902662696
0.0569710970371366185
0.0569884913840069743
0.0570058857308773231
0.057023280077747672
0.0570406744246180208
0.0570580687714883697
0.0570754631183587186
0.0570928574652290674
0.0571102518120994163
0.0571276461589697651
0.0571450405058401209
0.0571624348527104698
0.0571798291995808186
0.0571972235464511675
0.0572146178933215163
0.0572320122401918652
0.057249406587062214
0.0572668009339325629
0.0572841952808029117
0.0573015896276732675
0.0573189839745436164
0.0573363783214139652
0.0573537726682843141
0.0573711670151546629
0.0573885613620250118
0.0574059557088953606
0.0574233500557657095
0.0574407444026360584
0.0574581387495064141
0.057475533096376763
0.0574929274432471119
0.0575103217901174607
0.0575277161369878096
0.0575451104838581584
0.0575625048307285073
0.0575798991775988561
0.057597293524469205
0.0576146878713395608
0.0576320822182099096
0.0576494765650802585
0.0576668709119506073
0.0576842652588209562
0.057701659605691305
0.0577190539525616539
0.0577364482994320027
0.0577538426463023585
0.0577712369931727074
0.0577886313400430562
0.0578060256869134051
0.0578234200337837539
0.0578408143806541028
0.0578582087275244517
0.0578756030743948005
0.0578929974212651494
0.0579103917681355052
0.057927786115005854
0.0579451804618762029
0.0579625748087465517
0.0579799691556169006
0.0579973635024872494
0.0580147578493575983
0.0580321521962279471
0.058049546543098296
0.0580669408899686518
0.0580843352368390006
0.0581017295837093495
0.0581191239305796983
0.0581365182774500472
0.058153912624320396
0.0581713069711907449
0.0581887013180610937
0.0582060956649314426
0.0582234900118017984
0.0582408843586721472
0.0582582787055424961
0.058275673052412845
0.0582930673992831938
0.0583104617461535427
0.0583278560930238915
0.0583452504398942404
0.0583626447867645892
0.058380039133634945
0.0583974334805052939
0.0584148278273756427
0.0584322221742459916
0.0584496165211163404
0.0584670108679866893
0.0584844052148570381
0.058501799561727387
0.0585191939085977358
0.0585365882554680916
0.0585539826023384405
0.0585713769492087893
0.0585887712960791382
0.058606165642949487
0.0586235599898198359
0.0586409543366901848
0.0586583486835605336
0.0586757430304308825
0.0586931373773012383
0.0587105317241715871
0.058727926071041936
0.0587453204179122848
0.0587627147647826337
0.0587801091116529825
0.0587975034585233314
0.0588148978053936802
0.058832292152264036
0.0588496864991343849
0.0588670808460047337
0.0588844751928750826
0.0589018695397454314
0.0589192638866157803
0.0589366582334861291
0.058954052580356478
0.0589714469272268269
0.0589888412740971826
0.0590062356209675315
0.0590236299678378804
0.0590410243147082292
0.0590584186615785781
0.0590758130084489269
0.0590932073553192758
0.0591106017021896246
0.0591279960490599735
0.0591453903959303293
0.0591627847428006781
0.059180179089671027
0.0591975734365413758
0.0592149677834117247
0.0592323621302820735
0.0592497564771524224
0.0592671508240227712
0.0592845451708931201
0.0593019395177634759
0.0593193338646338247
0.0593367282115041736
0.0593541225583745224
0.0593715169052448713
0.0593889112521152202
0.059406305598985569
0.0594236999458559179
0.0594410942927262667
0.0594584886395966225
0.0594758829864669714
0.0594932773333373202
0.0595106716802076691
0.0595280660270780179
0.0595454603739483668
0.0595628547208187156
0.0595802490676890645
0.0595976434145594133
0.0596150377614297691
0.059632432108300118
0.0596498264551704668
0.0596672208020408157
0.0596846151489111645
0.0597020094957815134
0.0597194038426518622
0.0597367981895222111
0.0597541925363925669
0.0597715868832629157
0.0597889812301332646
0.0598063755770036135
0.0598237699238739623
0.0598411642707443112
0.05985855861761466
0.0598759529644850089
0.0598933473113553577
0.0599107416582257135
0.0599281360050960624
0.0599455303519664112
0.0599629246988367601
0.0599803190457071089
0.0599977133925774578
0.0600151077394478066
0.0600325020863181555
0.0600498964331885043
0.0600672907800588601
0.060084685126929209
0.0601020794737995578
0.0601194738206699067
0.0601368681675402555
0.0601542625144106044
0.0601716568612809533
0.0601890512081513021
0.060206445555021651
0.0602238399018920068
0.0602412342487623556
0.0602586285956327045
0.0602760229425030533
0.0602934172893734022
0.060310811636243751
0.0603282059831140999
0.0603456003299844487
0.0603629946768547976
0.0603803890237251534
0.0603977833705955022
0.0604151777174658511
0.0604325720643361999
0.0604499664112065488
0.0604673607580768976
0.0604847551049472465
0.0605021494518175953
0.0605195437986879442
0.0605369381455583
0.0605543324924286488
0.0605717268392989977
0.0605891211861693466
0.0606065155330396954
0.0606239098799100443
0.0606413042267803931
0.060658698573650742
0.0606760929205210978
0.0606934872673914466
0.0607108816142617955
0.0607282759611321443
0.0607456703080024932
0.060763064654872842
0.0607804590017431909
0.0607978533486135397
0.0608152476954838886
0.0608326420423542444
0.0608500363892245932
0.0608674307360949421
0.0608848250829652909
0.0609022194298356398
0.0609196137767059887
0.0609370081235763375
0.0609544024704466864
0.0609717968173170352
0.060989191164187391
0.0610065855110577399
0.0610239798579280887
0.0610413742047984376
0.0610587685516687864
0.0610761628985391353
0.0610935572454094841
0.061110951592279833
0.0611283459391501818
0.0611457402860205376
0.0611631346328908865
0.0611805289797612353
0.0611979233266315842
0.061215317673501933
0.0612327120203722819
0.0612501063672426307
0.0612675007141129796
0.0612848950609833285
0.0613022894078536842
0.0613196837547240331
0.061337078101594382
0.0613544724484647308
0.0613718667953350797
0.0613892611422054285
0.0614066554890757774
0.0614240498359461262
0.0614414441828164751
0.0614588385296868309
0.0614762328765571797
0.0614936272234275286
0.0615110215702978774
0.0615284159171682263
0.0615458102640385751
0.061563204610908924
0.0615805989577792728
0.0615979933046496286
0.0616153876515199775
0.0616327819983903263
0.0616501763452606752
0.061667570692131024
0.0616849650390013729
0.0617023593858717218
0.0617197537327420706
0.0617371480796124195
0.0617545424264827753
0.0617719367733531241
0.061789331120223473
0.0618067254670938218
0.0618241198139641707
0.0618415141608345195
0.0618589085077048684
0.0618763028545752172
0.0618936972014455661
0.0619110915483159219
0.0619284858951862707
0.0619458802420566196
0.0619632745889269684
0.0619806689357973173
0.0619980632826676661
0.062015457629538015
0.0620328519764083638
0.0620502463232787127
0.0620676406701490685
0.0620850350170194173
0.0621024293638897662
0.0621198237107601151
0.0621372180576304639
0.0621546124045008128
0.0621720067513711616
0.0621894010982415105
0.0622067954451118593
0.0622241897919822151
0.062241584138852564
0.0622589784857229128
0.0622763728325932617
0.0622937671794636105
0.0623111615263339594
0.0623285558732043082
0.0623459502200746571
0.0623633445669450059
0.0623807389138153617
0.0623981332606857106
0.0624155276075560594
0.0624329219544264083
0.0624503163012967571
0.062467710648167106
0.0624851049950374549
0.0625024993419078106
0.0625198936887781526
0.0625372880356485084
0.0625546823825188503
0.0625720767293892061
0.062589471076259548
0.0626068654231299038
0.0626242597700002596
0.0626416541168706015
0.0626590484637409573
0.0626764428106112992
0.062693837157481655
0.0627112315043519969
0.0627286258512223527
0.0627460201980926946
0.0627634145449630504
0.0627808088918334062
0.0627982032387037481
0.0628155975855741039
0.0628329919324444458
0.0628503862793148016
0.0628677806261851435
0.0628851749730554993
0.0629025693199258412
0.062919963666796197
0.0629373580136665528
0.0629547523605368947
0.0629721467074072505
0.0629895410542775924
0.0630069354011479482
0.0630243297480182901
0.0630417240948886459
0.0630591184417590017
0.0630765127886293436
0.0630939071354996994
0.0631113014823700413
0.0631286958292403971
0.063146090176110739
0.0631634845229810948
0.0631808788698514368
0.0631982732167217925
0.0632156675635921483
0.0632330619104624903
0.063250456257332846
0.063267850604203188
0.0632852449510735438
0.0633026392979438857
0.0633200336448142415
0.0633374279916845834
0.0633548223385549392
0.063372216685425295
0.0633896110322956369
0.0634070053791659927
0.0634243997260363346
0.0634417940729066904
0.0634591884197770323
0.0634765827666473881
0.06349397711351773
0.0635113714603880858
0.0635287658072584416
0.0635461601541287835
0.0635635545009991393
0.0635809488478694812
0.063598343194739837
0.0636157375416101789
0.0636331318884805347
0.0636505262353508766
0.0636679205822212324
0.0636853149290915882
0.0637027092759619301
0.0637201036228322859
0.0637374979697026278
0.0637548923165729836
0.0637722866634433255
0.0637896810103136813
0.0638070753571840232
0.063824469704054379
0.0638418640509247348
0.0638592583977950767
0.0638766527446654325
0.0638940470915357744
0.0639114414384061302
0.0639288357852764721
0.0639462301321468279
0.0639636244790171699
0.0639810188258875256
0.0639984131727578814
0.0640158075196282234
0.0640332018664985791
0.0640505962133689211
0.0640679905602392769
0.0640853849071096188
0.0641027792539799746
0.0641201736008503165
0.0641375679477206723
0.0641549622945910281
0.06417235664146137
0.0641897509883317258
0.0642071453352020677
0.0642245396820724235
0.0642419340289427654
0.0642593283758131212
0.0642767227226834631
0.0642941170695538189
0.0643115114164241747
0.0643289057632945166
0.0643463001101648724
0.0643636944570352143
0.0643810888039055701
0.064398483150775912
0.0644158774976462678
0.0644332718445166097
0.0644506661913869655
0.0644680605382573213
0.0644854548851276632
0.064502849231998019
0.0645202435788683609
0.0645376379257387167
0.0645550322726090586
0.0645724266194794144
0.0645898209663497563
0.0646072153132201121
0.0646246096600904679
0.0646420040069608098
0.0646593983538311656
0.0646767927007015075
0.0646941870475718633
0.0647115813944422053
0.064728975741312561
0.064746370088182903
0.0647637644350532588
0.0647811587819236145
0.0647985531287939565
0.0648159474756643122
0.0648333418225346542
0.06485073616940501
0.0648681305162753519
0.0648855248631457077
0.0649029192100160496
0.0649203135568864054
0.0649377079037567612
0.0649551022506271031
0.0649724965974974589
0.0649898909443678008
0.0650072852912381566
0.0650246796381084985
0.0650420739849788543
0.0650594683318492101
0.065076862678719552
0.0650942570255899078
0.0651116513724602497
0.0651290457193306055
0.0651464400662009474
0.0651638344130713032
0.0651812287599416451
0.0651986231068120009
0.0652160174536823567
0.0652334118005526986
0.0652508061474230544
0.0652682004942933963
0.0652855948411637521
0.065302989188034094
0.0653203835349044498
0.0653377778817747917
0.0653551722286451475
0.0653725665755155033
0.0653899609223858452
0.065407355269256201
0.0654247496161265429
0.0654421439629968987
0.0654595383098672406
0.0654769326567375964
0.0654943270036079384
0.0655117213504782941
0.0655291156973486499
0.0655465100442189919
0.0655639043910893476
0.0655812987379596896
0.0655986930848300454
0.0656160874317003873
0.0656334817785707431
0.065650876125441085
0.0656682704723114408
0.0656856648191817966
0.0657030591660521385
0.0657204535129224943
0.0657378478597928362
0.065755242206663192
0.0657726365535335339
0.0657900309004038897
0.0658074252472742316
0.0658248195941445874
0.0658422139410149432
0.0658596082878852851
0.0658770026347556409
0.0658943969816259828
0.0659117913284963386
0.0659291856753666805
0.0659465800222370363
0.0659639743691073782
0.065981368715977734
0.0659987630628480898
0.0660161574097184317
0.0660335517565887875
0.0660509461034591294
0.0660683404503294852
0.0660857347971998271
0.0661031291440701829
0.0661205234909405248
0.0661379178378108806
0.0661553121846812364
0.0661727065315515783
0.0661901008784219341
0.066207495225292276
0.0662248895721626318
0.0662422839190329737
0.0662596782659033295
0.0662770726127736715
0.0662944669596440272
0.066311861306514383
0.066329255653384725
0.0663466500002550807
0.0663640443471254227
0.0663814386939957785
0.0663988330408661204
0.0664162273877364762
0.0664336217346068181
0.0664510160814771739
0.0664684104283475297
0.0664858047752178716
0.0665031991220882274
0.0665205934689585693
0.0665379878158289251
0.066555382162699267
0.0665727765095696228
0.0665901708564399647
0.0666075652033103205
0.0666249595501806763
0.0666423538970510182
0.066659748243921374
0.0666771425907917159
0.0666945369376620717
0.0667119312845324136
0.0667293256314027694
0.0667467199782731113
0.0667641143251434671
0.0667815086720138229
0.0667989030188841648
0.0668162973657545206
0.0668336917126248625
0.0668510860594952183
0.0668684804063655602
0.066885874753235916
0.0669032691001062718
0.0669206634469766137
0.0669380577938469695
0.0669554521407173114
0.0669728464875876672
0.0669902408344580091
0.0670076351813283649
0.0670250295281987069
0.0670424238750690626
0.0670598182219394184
0.0670772125688097604
0.0670946069156801161
0.0671120012625504581
0.0671293956094208139
0.0671467899562911558
0.0671641843031615116
0.0671815786500318535
0.0671989729969022093
0.0672163673437725651
0.067233761690642907
0.0672511560375132628
0.0672685503843836047
0.0672859447312539605
0.0673033390781243024
0.0673207334249946582
0.0673381277718650001
0.0673555221187353559
0.0673729164656057117
0.0673903108124760536
0.0674077051593464094
0.0674250995062167513
0.0674424938530871071
0.067459888199957449
0.0674772825468278048
0.0674946768936981467
0.0675120712405685025
0.0675294655874388583
0.0675468599343092002
0.067564254281179556
0.0675816486280498979
0.0675990429749202537
0.0676164373217905956
0.0676338316686609514
0.0676512260155312933
0.0676686203624016491
0.0676860147092720049
0.0677034090561423468
0.0677208034030127026
0.0677381977498830445
0.0677555920967534003
0.0677729864436237422
0.067790380790494098
0.06780777513736444
0.0678251694842347957
0.0678425638311051515
0.0678599581779754935
0.0678773525248458492
0.0678947468717161912
0.067912141218586547
0.0679295355654568889
0.0679469299123272447
0.0679643242591975866
0.0679817186060679424
0.0679991129529382982
0.0680165072998086401
0.0680339016466789959
0.0680512959935493378
0.0680686903404196936
0.0680860846872900355
0.0681034790341603913
0.0681208733810307332
0.068138267727901089
0.0681556620747714448
0.0681730564216417867
0.0681904507685121425
0.0682078451153824844
0.0682252394622528402
0.0682426338091231821
0.0682600281559935379
0.0682774225028638798
0.0682948168497342356
0.0683122111966045914
0.0683296055434749333
0.0683469998903452891
0.068364394237215631
0.0683817885840859868
0.0683991829309563287
0.0684165772778266845
0.0684339716246970264
0.0684513659715673822
0.068468760318437738
0.0684861546653080799
0.0685035490121784357
0.0685209433590487776
0.0685383377059191334
0.0685557320527894754
0.0685731263996598311
0.0685905207465301731
0.0686079150934005288
0.0686253094402708846
0.0686427037871412266
0.0686600981340115823
0.0686774924808819243
0.0686948868277522801
0.068712281174622622
0.0687296755214929778
0.0687470698683633197
0.0687644642152336755
0.0687818585621040313
0.0687992529089743732
0.068816647255844729
0.0688340416027150709
0.0688514359495854267
0.0688688302964557686
0.0688862246433261244
0.0689036189901964802
0.0689210133370668221
0.0689384076839371779
0.0689558020308075198
0.0689731963776778756
0.0689905907245482175
0.0690079850714185733
0.0690253794182889152
0.069042773765159271
0.0690601681120296268
0.0690775624588999687
0.0690949568057703245
0.0691123511526406664
0.0691297454995110222
0.0691471398463813641
0.0691645341932517199
0.0691819285401220618
0.0691993228869924176
0.0692167172338627734
0.0692341115807331153
0.0692515059276034711
0.069268900274473813
0.0692862946213441688
0.0693036889682145107
0.0693210833150848665
0.0693384776619552085
0.0693558720088255642
0.06937326635569592
0.069390660702566262
0.0694080550494366177
0.0694254493963069597
0.0694428437431773155
0.0694602380900476574
0.0694776324369180132
0.0694950267837883551
0.0695124211306587109
0.0695298154775290667
0.0695472098243994086
0.0695646041712697644
0.0695819985181401063
0.0695993928650104621
0.069616787211880804
0.0696341815587511598
0.0696515759056215017
0.0696689702524918575
0.0696863645993622133
0.0697037589462325552
0.069721153293102911
0.0697385476399732529
0.0697559419868436087
0.0697733363337139506
0.0697907306805843064
0.0698081250274546483
0.0698255193743250041
0.0698429137211953599
0.0698603080680657018
0.0698777024149360576
0.0698950967618063995
0.0699124911086767553
0.0699298854555470972
0.069947279802417453
0.0699646741492877949
0.0699820684961581507
0.0699994628430285065
0.0700168571898988484
0.0700342515367692042
0.0700516458836395461
0.0700690402305099019
0.0700864345773802438
0.0701038289242505996
0.0701212232711209416
0.0701386176179912973
0.0701560119648616531
0.0701734063117319951
0.0701908006586023508
0.0702081950054726928
0.0702255893523430486
0.0702429836992133905
0.0702603780460837463
0.0702777723929540882
0.070295166739824444
0.0703125610866947998
0.0703299554335651417
0.0703473497804354975
0.0703647441273058394
0.0703821384741761952
0.0703995328210465371
0.0704169271679168929
0.0704343215147872348
0.0704517158616575906
0.0704691102085279464
0.0704865045553982883
0.0705038989022686441
0.070521293249138986
0.0705386875960093418
0.0705560819428796837
0.0705734762897500395
0.0705908706366203814
0.0706082649834907372
0.070625659330361093
0.0706430536772314349
0.0706604480241017907
0.0706778423709721326
0.0706952367178424884
0.0707126310647128303
0.0707300254115831861
0.0707474197584535419
0.0707648141053238838
0.0707822084521942396
0.0707996027990645815
0.0708169971459349373
0.0708343914928052792
0.070851785839675635
0.070869180186545977
0.0708865745334163327
0.0709039688802866885
0.0709213632271570305
0.0709387575740273862
0.0709561519208977282
0.070973546267768084
0.0709909406146384259
0.0710083349615087817
0.0710257293083791236
0.0710431236552494794
0.0710605180021198352
0.0710779123489901771
0.0710953066958605329
0.0711127010427308748
0.0711300953896012306
0.0711474897364715725
0.0711648840833419283
0.0711822784302122702
0.071199672777082626
0.0712170671239529818
0.0712344614708233237
0.0712518558176936795
0.0712692501645640214
0.0712866445114343772
0.0713040388583047191
0.0713214332051750749
0.0713388275520454168
0.0713562218989157726
0.0713736162457861284
0.0713910105926564703
0.0714084049395268261
0.071425799286397168
0.0714431936332675238
0.0714605879801378657
0.0714779823270082215
0.0714953766738785634
0.0715127710207489192
0.071530165367619275
0.0715475597144896169
0.0715649540613599727
0.0715823484082303146
0.0715997427551006704
0.0716171371019710123
0.0716345314488413681
0.0716519257957117101
0.0716693201425820658
0.0716867144894524216
0.0717041088363227636
0.0717215031831931193
0.0717388975300634613
0.0717562918769338171
0.071773686223804159
0.0717910805706745148
0.0718084749175448567
0.0718258692644152125
0.0718432636112855683
0.0718606579581559102
0.071878052305026266
0.0718954466518966079
0.0719128409987669637
0.0719302353456373056
0.0719476296925076614
0.0719650240393780033
0.0719824183862483591
0.0719998127331187149
0.0720172070799890568
0.0720346014268594126
0.0720519957737297545
0.0720693901206001103
0.0720867844674704522
0.072104178814340808
0.0721215731612111499
0.0721389675080815057
0.0721563618549518615
0.0721737562018222034
0.0721911505486925592
0.0722085448955629011
0.0722259392424332569
0.0722433335893035988
0.0722607279361739546
0.0722781222830442965
0.0722955166299146523
0.0723129109767850081
0.07233030532365535
0.0723476996705257058
0.0723650940173960477
0.0723824883642664035
0.0723998827111367455
0.0724172770580071012
0.0724346714048774432
0.0724520657517477989
0.0724694600986181547
0.0724868544454884967
0.0725042487923588524
0.0725216431392291944
0.0725390374860995502
0.0725564318329698921
0.0725738261798402479
0.0725912205267106037
0.0726086148735809456
0.0726260092204513014
0.0726434035673216433
0.0726607979141919991
0.072678192261062341
0.0726955866079326968
0.0727129809548030387
0.0727303753016733945
0.0727477696485437503
0.0727651639954140922
0.072782558342284448
0.0727999526891547899
0.0728173470360251457
0.0728347413828954876
0.0728521357297658434
0.0728695300766361853
0.0728869244235065411
0.0729043187703768969
0.0729217131172472388
0.0729391074641175946
0.0729565018109879365
0.0729738961578582923
0.0729912905047286342
0.07300868485159899
0.0730260791984693319
0.0730434735453396877
0.0730608678922100435
0.0730782622390803854
0.0730956565859507412
0.0731130509328210831
0.0731304452796914389
0.0731478396265617808
0.0731652339734321366
0.0731826283203024786
0.0732000226671728343
0.0732174170140431901
0.0732348113609135321
0.0732522057077838878
0.0732696000546542298
0.0732869944015245856
0.0733043887483949275
0.0733217830952652833
0.0733391774421356252
0.073356571789005981
0.0733739661358763368
0.0733913604827466787
0.0734087548296170345
0.0734261491764873764
0.0734435435233577322
0.0734609378702280741
0.0734783322170984299
0.0734957265639687718
0.0735131209108391276
0.0735305152577094834
0.0735479096045798253
0.0735653039514501811
0.073582698298320523
0.0736000926451908788
0.0736174869920612207
0.0736348813389315765
0.0736522756858019184
0.0736696700326722742
0.07368706437954263
0.0737044587264129719
0.0737218530732833277
0.0737392474201536696
0.0737566417670240254
0.0737740361138943673
0.0737914304607647231
0.073808824807635065
0.0738262191545054208
0.0738436135013757766
0.0738610078482461185
0.0738784021951164743
0.0738957965419868162
0.073913190888857172
0.0739305852357275139
0.0739479795825978697
0.0739653739294682117
0.0739827682763385674
0.0740001626232089232
0.0740175569700792652
0.0740349513169496209
0.0740523456638199629
0.0740697400106903187
0.0740871343575606606
0.0741045287044310164
0.0741219230513013583
0.0741393173981717141
0.0741567117450420699
0.0741741060919124118
0.0741915004387827676
0.0742088947856531095
0.0742262891325234653
0.0742436834793938072
0.074261077826264163
0.0742784721731345049
0.0742958665200048607
0.0743132608668752165
0.0743306552137455584
0.0743480495606159142
0.0743654439074862561
0.0743828382543566119
0.0744002326012269538
0.0744176269480973096
0.0744350212949676515
0.0744524156418380073
0.0744698099887083631
0.074487204335578705
0.0745045986824490608
0.0745219930293194027
0.0745393873761897585
0.0745567817230601004
0.0745741760699304562
0.074591570416800812
0.0746089647636711539
0.0746263591105415097
0.0746437534574118516
0.0746611478042822074
0.0746785421511525493
0.0746959364980229051
0.0747133308448932471
0.0747307251917636028
0.0747481195386339586
0.0747655138855043006
0.0747829082323746563
0.0748003025792449983
0.0748176969261153541
0.074835091272985696
0.0748524856198560518
0.0748698799667263937
0.0748872743135967495
0.0749046686604671053
0.0749220630073374472
0.074939457354207803
0.0749568517010781449
0.0749742460479485007
0.0749916403948188426
0.0750090347416891984
0.0750264290885595403
0.0750438234354298961
0.0750612177823002519
0.0750786121291705938
0.0750960064760409496
0.0751134008229112915
0.0751307951697816473
0.0751481895166519892
0.075165583863522345
0.0751829782103926869
0.0752003725572630427
0.0752177669041333985
0.0752351612510037404
0.0752525555978740962
0.0752699499447444381
0.0752873442916147939
0.0753047386384851358
0.0753221329853554916
0.0753395273322258335
0.0753569216790961893
0.0753743160259665451
0.075391710372836887
0.0754091047197072428
0.0754264990665775847
0.0754438934134479405
0.0754612877603182824
0.0754786821071886382
0.0754960764540589802
0.0755134708009293359
0.0755308651477996917
0.0755482594946700337
0.0755656538415403894
0.0755830481884107314
0.0756004425352810872
0.0756178368821514291
0.0756352312290217849
0.0756526255758921268
0.0756700199227624826
0.0756874142696328384
0.0757048086165031803
0.0757222029633735361
0.075739597310243878
0.0757569916571142338
0.0757743860039845757
0.0757917803508549315
0.0758091746977252734
0.0758265690445956292
0.075843963391465985
0.0758613577383363269
0.0758787520852066827
0.0758961464320770246
0.0759135407789473804
0.0759309351258177223
0.0759483294726880781
0.07596572381955842
0.0759831181664287758
0.0760005125132991316
0.0760179068601694735
0.0760353012070398293
0.0760526955539101712
0.076070089900780527
0.0760874842476508689
0.0761048785945212247
0.0761222729413915666
0.0761396672882619224
0.0761570616351322782
0.0761744559820026201
0.0761918503288729759
0.0762092446757433178
0.0762266390226136736
0.0762440333694840155
0.0762614277163543713
0.0762788220632247133
0.076296216410095069
0.0763136107569654248
0.0763310051038357668
0.0763483994507061225
0.0763657937975764645
0.0763831881444468203
0.0764005824913171622
0.076417976838187518
0.0764353711850578738
0.0764527655319282157
0.0764701598787985715
0.0764875542256689134
0.0765049485725392692
0.0765223429194096111
0.0765397372662799669
0.0765571316131503088
0.0765745259600206646
0.0765919203068910204
0.0766093146537613623
0.0766267090006317181
0.07664410334750206
0.0766614976943724158
0.0766788920412427577
0.0766962863881131135
0.0767136807349834554
0.0767310750818538112
0.076748469428724167
0.0767658637755945089
0.0767832581224648647
0.0768006524693352066
0.0768180468162055624
0.0768354411630759043
0.0768528355099462601
0.076870229856816602
0.0768876242036869578
0.0769050185505573136
0.0769224128974276555
0.0769398072442980113
0.0769572015911683532
0.076974595938038709
0.0769919902849090509
0.0770093846317794067
0.0770267789786497487
0.0770441733255201044
0.0770615676723904602
0.0770789620192608022
0.0770963563661311579
0.0771137507130014999
0.0771311450598718557
0.0771485394067421976
0.0771659337536125534
0.0771833281004828953
0.0772007224473532511
0.0772181167942236069
0.0772355111410939488
0.0772529054879643046
0.0772702998348346465
0.0772876941817050023
0.0773050885285753442
0.0773224828754457
0.0773398772223160419
0.0773572715691863977
0.0773746659160567535
0.0773920602629270954
0.0774094546097974512
0.0774268489566677931
0.0774442433035381489
0.0774616376504084908
0.0774790319972788466
0.0774964263441491885
0.0775138206910195443
0.0775312150378899001
0.077548609384760242
0.0775660037316305978
0.0775833980785009397
0.0776007924253712955
0.0776181867722416374
0.0776355811191119932
0.0776529754659823351
0.0776703698128526909
0.0776877641597230467
0.0777051585065933886
0.0777225528534637444
0.0777399472003340863
0.0777573415472044421
0.077774735894074784
0.0777921302409451398
0.0778095245878154818
0.0778269189346858375
0.0778443132815561933
0.0778617076284265353
0.077879101975296891
0.077896496322167233
0.0779138906690375888
0.0779312850159079307
0.0779486793627782865
0.0779660737096486284
0.0779834680565189842
0.07800086240338934
0.0780182567502596819
0.0780356510971300377
0.0780530454440003796
0.0780704397908707354
0.0780878341377410773
0.0781052284846114331
0.078122622831481775
0.0781400171783521308
0.0781574115252224866
0.0781748058720928285
0.0781922002189631843
0.0782095945658335262
0.078226988912703882
0.0782443832595742239
0.0782617776064445797
0.0782791719533149216
0.0782965663001852774
0.0783139606470556332
0.0783313549939259751
0.0783487493407963309
0.0783661436876666728
0.0783835380345370286
0.0784009323814073705
0.0784183267282777263
0.0784357210751480821
0.078453115422018424
0.0784705097688887798
0.0784879041157591217
0.0785052984626294775
0.0785226928094998194
0.0785400871563701752
0.0785574815032405172
0.0785748758501108729
0.0785922701969812287
0.0786096645438515707
0.0786270588907219264
0.0786444532375922684
0.0786618475844626241
0.0786792419313329661
0.0786966362782033219
0.0787140306250736638
0.0787314249719440196
0.0787488193188143754
0.0787662136656847173
0.0787836080125550731
0.078801002359425415
0.0788183967062957708
0.0788357910531661127
0.0788531854000364685
0.0788705797469068104
0.0788879740937771662
0.078905368440647522
0.0789227627875178639
0.0789401571343882197
0.0789575514812585616
0.0789749458281289174
0.0789923401749992593
0.0790097345218696151
0.079027128868739957
0.0790445232156103128
0.0790619175624806686
0.0790793119093510105
0.0790967062562213663
0.0791141006030917082
0.079131494949962064
0.0791488892968324059
0.0791662836437027617
0.0791836779905731036
0.0792010723374434594
0.0792184666843138152
0.0792358610311841571
0.0792532553780545129
0.0792706497249248548
0.0792880440717952106
0.0793054384186655525
0.0793228327655359083
0.0793402271124062503
0.079357621459276606
0.0793750158061469618
0.0793924101530173038
0.0794098044998876595
0.0794271988467580015
0.0794445931936283573
0.0794619875404986992
0.079479381887369055
0.0794967762342393969
0.0795141705811097527
0.0795315649279801085
0.0795489592748504504
0.0795663536217208062
0.0795837479685911481
0.0796011423154615039
0.0796185366623318458
0.0796359310092022016
0.0796533253560725435
0.0796707197029428993
0.0796881140498132551
0.079705508396683597
0.0797229027435539528
0.0797402970904242947
0.0797576914372946505
0.0797750857841649924
0.0797924801310353482
0.0798098744779056901
0.0798272688247760459
0.0798446631716464017
0.0798620575185167436
0.0798794518653870994
0.0798968462122574413
0.0799142405591277971
0.079931634905998139
0.0799490292528684948
0.0799664235997388367
0.0799838179466091925
0.0800012122934795483
0.0800186066403498902
0.080036000987220246
0.0800533953340905879
0.0800707896809609437
0.0800881840278312856
0.0801055783747016414
0.0801229727215719834
0.0801403670684423391
0.0801577614153126949
0.0801751557621830369
0.0801925501090533926
0.0802099444559237346
0.0802273388027940904
0.0802447331496644323
0.0802621274965347881
0.0802795218434051439
0.0802969161902754858
0.0803143105371458416
0.0803317048840161835
0.0803490992308865393
0.0803664935777568812
0.080383887924627237
0.0804012822714975789
0.0804186766183679347
0.0804360709652382905
0.0804534653121086324
0.0804708596589789882
0.0804882540058493301
0.0805056483527196859
0.0805230426995900278
0.0805404370464603836
0.0805578313933307255
0.0805752257402010813
0.0805926200870714371
0.080610014433941779
0.0806274087808121348
0.0806448031276824767
0.0806621974745528325
0.0806795918214231744
0.0806969861682935302
0.0807143805151638721
0.0807317748620342279
0.0807491692089045837
0.0807665635557749256
0.0807839579026452814
0.0808013522495156233
0.0808187465963859791
0.080836140943256321
0.0808535352901266768
0.0808709296369970188
0.0808883239838673745
0.0809057183307377303
0.0809231126776080723
0.080940507024478428
0.08095790137134877
0.0809752957182191258
0.0809926900650894677
0.0810100844119598235
0.0810274787588301654
0.0810448731057005212
0.081062267452570877
0.0810796617994412189
0.0810970561463115747
0.0811144504931819166
0.0811318448400522724
0.0811492391869226143
0.0811666335337929701
0.081184027880663312
0.0812014222275336678
0.0812188165744040236
0.0812362109212743655
0.0812536052681447213
0.0812709996150150632
0.081288393961885419
0.0813057883087557609
0.0813231826556261167
0.0813405770024964586
0.0813579713493668144
0.0813753656962371702
0.0813927600431075121
0.0814101543899778679
0.0814275487368482098
0.0814449430837185656
0.0814623374305889075
0.0814797317774592633
0.0814971261243296052
0.081514520471199961
0.0815319148180703168
0.0815493091649406587
0.0815667035118110145
0.0815840978586813564
0.0816014922055517122
0.0816188865524220541
0.0816362808992924099
0.0816536752461627519
0.0816710695930331076
0.0816884639399034634
0.0817058582867738054
0.0817232526336441611
0.0817406469805145031
0.0817580413273848589
0.0817754356742552008
0.0817928300211255566
0.0818102243679958985
0.0818276187148662543
0.0818450130617366101
0.081862407408606952
0.0818798017554773078
0.0818971961023476497
0.0819145904492180055
0.0819319847960883474
0.0819493791429587032
0.0819667734898290451
0.0819841678366994009
0.0820015621835697567
0.0820189565304400986
0.0820363508773104544
0.0820537452241807963
0.0820711395710511521
0.082088533917921494
0.0821059282647918498
0.0821233226116621917
0.0821407169585325475
0.0821581113054029033
0.0821755056522732452
0.082192899999143601
0.0822102943460139429
0.0822276886928842987
0.0822450830397546406
0.0822624773866249964
0.0822798717334953522
0.0822972660803656941
0.0823146604272360499
0.0823320547741063918
0.0823494491209767476
0.0823668434678470895
0.0823842378147174453
0.0824016321615877873
0.082419026508458143
0.0824364208553284988
0.0824538152021988408
0.0824712095490691965
0.0824886038959395385
0.0825059982428098942
0.0825233925896802362
0.082540786936550592
0.0825581812834209339
0.0825755756302912897
0.0825929699771616455
0.0826103643240319874
0.0826277586709023432
0.0826451530177726851
0.0826625473646430409
0.0826799417115133828
0.0826973360583837386
0.0827147304052540805
0.0827321247521244363
0.0827495190989947921
0.082766913445865134
0.0827843077927354898
0.0828017021396058317
0.0828190964864761875
0.0828364908333465294
0.0828538851802168852
0.0828712795270872271
0.0828886738739575829
0.0829060682208279387
0.0829234625676982806
0.0829408569145686364
0.0829582512614389783
0.0829756456083093341
0.082993039955179676
0.0830104343020500318
0.0830278286489203737
0.0830452229957907295
0.0830626173426610853
0.0830800116895314272
0.083097406036401783
0.0831148003832721249
0.0831321947301424807
0.0831495890770128226
0.0831669834238831784
0.0831843777707535204
0.0832017721176238761
0.0832191664644942319
0.0832365608113645739
0.0832539551582349296
0.0832713495051052716
0.0832887438519756274
0.0833061381988459693
0.0833235325457163251
0.083340926892586667
0.0833583212394570228
0.0833757155863273786
0.0833931099331977205
0.0834105042800680763
0.0834278986269384182
0.083445292973808774
0.0834626873206791159
0.0834800816675494717
0.0834974760144198136
0.0835148703612901694
0.0835322647081605252
0.0835496590550308671
0.0835670534019012229
0.0835844477487715648
0.0836018420956419206
0.0836192364425122625
0.0836366307893826183
0.0836540251362529602
0.083671419483123316
0.0836888138299936718
0.0837062081768640137
0.0837236025237343695
0.0837409968706047114
0.0837583912174750672
0.0837757855643454091
0.0837931799112157649
0.0838105742580861068
0.0838279686049564626
0.0838453629518268184
0.0838627572986971603
0.0838801516455675161
0.083897545992437858
0.0839149403393082138
0.0839323346861785557
0.0839497290330489115
0.0839671233799192535
0.0839845177267896092
0.084001912073659965
0.084019306420530307
0.0840367007674006627
0.0840540951142710047
0.0840714894611413605
0.0840888838080117024
0.0841062781548820582
0.084123672501752414
0.0841410668486227559
0.0841584611954931117
0.0841758555423634536
0.0841932498892338094
0.0842106442361041513
0.0842280385829745071
0.084245432929844849
0.0842628272767152048
0.0842802216235855606
0.0842976159704559025
0.0843150103173262583
0.0843324046641966002
0.084349799011066956
0.0843671933579372979
0.0843845877048076537
0.0844019820516779956
0.0844193763985483514
0.0844367707454187072
0.0844541650922890491
0.0844715594391594049
0.0844889537860297468
0.0845063481329001026
0.0845237424797704445
0.0845411368266408003
0.0845585311735111422
0.084575925520381498
0.0845933198672518538
0.0846107142141221957
0.0846281085609925515
0.0846455029078628934
0.0846628972547332492
0.0846802916016035911
0.0846976859484739469
0.0847150802953442889
0.0847324746422146446
0.0847498689890850004
0.0847672633359553424
0.0847846576828256981
0.0848020520296960401
0.0848194463765663959
0.0848368407234367378
0.0848542350703070936
0.0848716294171774355
0.0848890237640477913
0.0849064181109181471
0.084923812457788489
0.0849412068046588448
0.0849586011515291867
0.0849759954983995425
0.0849933898452698844
0.0850107841921402402
0.0850281785390105821
0.0850455728858809379
0.0850629672327512937
0.0850803615796216356
0.0850977559264919914
0.0851151502733623333
0.0851325446202326891
0.085149938967103031
0.0851673333139733868
0.0851847276608437287
0.0852021220077140845
0.0852195163545844403
0.0852369107014547822
0.085254305048325138
0.0852716993951954799
0.0852890937420658357
0.0853064880889361776
0.0853238824358065334
0.0853412767826768753
0.0853586711295472311
0.0853760654764175869
0.0853934598232879288
0.0854108541701582846
0.0854282485170286265
0.0854456428638989823
0.0854630372107693242
0.08548043155763968
0.085497825904510022
0.0855152202513803777
0.0855326145982507335
0.0855500089451210755
0.0855674032919914312
0.0855847976388617732
0.085602191985732129
0.0856195863326024709
0.0856369806794728267
0.0856543750263431686
0.0856717693732135244
0.0856891637200838802
0.0857065580669542221
0.0857239524138245779
0.0857413467606949198
0.0857587411075652756
0.0857761354544356175
0.0857935298013059733
0.0858109241481763152
0.085828318495046671
0.0858457128419170268
0.0858631071887873687
0.0858805015356577245
0.0858978958825280664
0.0859152902293984222
0.0859326845762687641
0.0859500789231391199
0.0859674732700094618
0.0859848676168798176
0.0860022619637501734
0.0860196563106205153
0.0860370506574908711
0.086054445004361213
0.0860718393512315688
0.0860892336981019107
0.0861066280449722665
0.0861240223918426223
0.0861414167387129642
0.08615881108558332
0.0861762054324536619
0.0861935997793240177
0.0862109941261943596
0.0862283884730647154
0.0862457828199350574
0.0862631771668054131
0.0862805715136757689
0.0862979658605461109
0.0863153602074164666
0.0863327545542868086
0.0863501489011571643
0.0863675432480275063
0.0863849375948978621
0.086402331941768204
0.0864197262886385598
0.0864371206355089156
0.0864545149823792575
0.0864719093292496133
0.0864893036761199552
0.086506698022990311
0.0865240923698606529
0.0865414867167310087
0.0865588810636013506
0.0865762754104717064
0.0865936697573420622
0.0866110641042124041
0.0866284584510827599
0.0866458527979531018
0.0866632471448234576
0.0866806414916937995
0.0866980358385641553
0.0867154301854344972
0.086732824532304853
0.0867502188791752088
0.0867676132260455507
0.0867850075729159065
0.0868024019197862484
0.0868197962666566042
0.0868371906135269461
0.0868545849603973019
0.0868719793072676438
0.0868893736541379996
0.0869067680010083554
0.0869241623478786973
0.0869415566947490531
0.086958951041619395
0.0869763453884897508
0.0869937397353600927
0.0870111340822304485
0.0870285284291007905
0.0870459227759711462
0.087063317122841502
0.087080711469711844
0.0870981058165821997
0.0871155001634525417
0.0871328945103228975
0.0871502888571932394
0.0871676832040635952
0.0871850775509339371
0.0872024718978042929
0.0872198662446746487
0.0872372605915449906
0.0872546549384153464
0.0872720492852856883
0.0872894436321560441
0.087306837979026386
0.0873242323258967418
0.0873416266727670837
0.0873590210196374395
0.0873764153665077953
0.0873938097133781372
0.087411204060248493
0.0874285984071188349
0.0874459927539891907
0.0874633871008595326
0.0874807814477298884
0.0874981757946002303
0.0875155701414705861
0.0875329644883409419
0.0875503588352112838
0.0875677531820816396
0.0875851475289519815
0.0876025418758223373
0.0876199362226926792
0.087637330569563035
0.0876547249164333769
0.0876721192633037327
0.0876895136101740885
0.0877069079570444304
0.0877243023039147862
0.0877416966507851281
0.0877590909976554839
0.0877764853445258258
0.0877938796913961816
0.0878112740382665236
0.0878286683851368793
0.0878460627320072351
0.0878634570788775771
0.0878808514257479328
0.0878982457726182748
0.0879156401194886306
0.0879330344663589725
0.0879504288132293283
0.0879678231600996841
0.087985217506970026
0.0880026118538403818
0.0880200062007107237
0.0880374005475810795
0.0880547948944514214
0.0880721892413217772
0.0880895835881921191
0.0881069779350624749
0.0881243722819328307
0.0881417666288031726
0.0881591609756735284
0.0881765553225438703
0.0881939496694142261
0.088211344016284568
0.0882287383631549238
0.0882461327100252657
0.0882635270568956215
0.0882809214037659773
0.0882983157506363192
0.088315710097506675
0.0883331044443770169
0.0883504987912473727
0.0883678931381177146
0.0883852874849880704
0.0884026818318584123
0.0884200761787287681
0.0884374705255991239
0.0884548648724694658
0.0884722592193398216
0.0884896535662101635
0.0885070479130805193
0.0885244422599508612
0.088541836606821217
0.088559230953691559
0.0885766253005619147
0.0885940196474322705
0.0886114139943026125
0.0886288083411729682
0.0886462026880433102
0.088663597034913666
0.0886809913817840079
0.0886983857286543637
0.0887157800755247056
0.0887331744223950614
0.0887505687692654172
0.0887679631161357591
0.0887853574630061149
0.0888027518098764568
0.0888201461567468126
0.0888375405036171545
0.0888549348504875103
0.0888723291973578522
0.088889723544228208
0.0889071178910985638
0.0889245122379689057
0.0889419065848392615
0.0889593009317096034
0.0889766952785799592
0.0889940896254503011
0.0890114839723206569
0.0890288783191909988
0.0890462726660613546
0.0890636670129317104
0.0890810613598020523
0.0890984557066724081
0.08911585005354275
0.0891332444004131058
0.0891506387472834477
0.0891680330941538035
0.0891854274410241454
0.0892028217878945012
0.089220216134764857
0.0892376104816351989
0.0892550048285055547
0.0892723991753758966
0.0892897935222462524
0.0893071878691165943
0.0893245822159869501
0.0893419765628572921
0.0893593709097276478
0.0893767652565980036
0.0893941596034683456
0.0894115539503387013
0.0894289482972090433
0.0894463426440793991
0.089463736990949741
0.0894811313378200968
0.0894985256846904387
0.0895159200315607945
0.0895333143784311503
0.0895507087253014922
0.089568103072171848
0.0895854974190421899
0.0896028917659125457
0.0896202861127828876
0.0896376804596532434
0.0896550748065235853
0.0896724691533939411
0.0896898635002642969
0.0897072578471346388
0.0897246521940049946
0.0897420465408753365
0.0897594408877456923
0.0897768352346160342
0.08979422958148639
0.0898116239283567319
0.0898290182752270877
0.0898464126220974435
0.0898638069689677854
0.0898812013158381412
0.0898985956627084831
0.0899159900095788389
0.0899333843564491808
0.0899507787033195366
0.0899681730501898924
0.0899855673970602343
0.0900029617439305901
0.090020356090800932
0.0900377504376712878
0.0900551447845416297
0.0900725391314119855
0.0900899334782823275
0.0901073278251526832
0.090124722172023039
0.0901421165188933809
0.0901595108657637367
0.0901769052126340787
0.0901942995595044344
0.0902116939063747764
0.0902290882532451322
0.0902464826001154741
0.0902638769469858299
0.0902812712938561857
0.0902986656407265276
0.0903160599875968834
0.0903334543344672253
0.0903508486813375811
0.090368243028207923
0.0903856373750782788
0.0904030317219486207
0.0904204260688189765
0.0904378204156893323
0.0904552147625596742
0.09047260910943003
0.0904900034563003719
0.0905073978031707277
0.0905247921500410696
0.0905421864969114254
0.0905595808437817673
0.0905769751906521231
0.0905943695375224789
0.0906117638843928208
0.0906291582312631766
0.0906465525781335185
0.0906639469250038743
0.0906813412718742162
0.090698735618744572
0.0907161299656149139
0.0907335243124852697
0.0907509186593556255
0.0907683130062259674
0.0907857073530963232
0.0908031016999666651
0.0908204960468370209
0.0908378903937073628
0.0908552847405777186
0.0908726790874480606
0.0908900734343184163
0.0909074677811887721
0.0909248621280591141
0.0909422564749294698
0.0909596508217998118
0.0909770451686701676
0.0909944395155405095
0.0910118338624108653
0.0910292282092812072
0.091046622556151563
0.0910640169030219188
0.0910814112498922607
0.0910988055967626165
0.0911161999436329584
0.0911335942905033142
0.0911509886373736561
0.0911683829842440119
0.0911857773311143538
0.0912031716779847096
0.0912205660248550654
0.0912379603717254073
0.0912553547185957631
0.091272749065466105
0.0912901434123364608
0.0913075377592068027
0.0913249321060771585
0.0913423264529475004
0.0913597207998178562
0.091377115146688212
0.0913945094935585539
0.0914119038404289097
0.0914292981872992516
0.0914466925341696074
0.0914640868810399493
0.0914814812279103051
0.091498875574780647
0.0915162699216510028
0.0915336642685213586
0.0915510586153917005
0.0915684529622620563
0.0915858473091323982
0.091603241656002754
0.0916206360028730959
0.0916380303497434517
0.0916554246966137937
0.0916728190434841494
0.0916902133903545052
0.0917076077372248472
0.0917250020840952029
0.0917423964309655449
0.0917597907778359007
0.0917771851247062426
0.0917945794715765984
0.0918119738184469542
0.0918293681653172961
0.0918467625121876519
0.0918641568590579938
0.0918815512059283496
0.0918989455527986915
0.0919163398996690473
0.0919337342465393892
0.091951128593409745
0.0919685229402801008
0.0919859172871504427
0.0920033116340207985
0.0920207059808911404
0.0920381003277614962
0.0920554946746318381
0.0920728890215021939
0.0920902833683725358
0.0921076777152428916
0.0921250720621132474
0.0921424664089835893
0.0921598607558539451
0.092177255102724287
0.0921946494495946428
0.0922120437964649847
0.0922294381433353405
0.0922468324902056824
0.0922642268370760382
0.092281621183946394
0.0922990155308167359
0.0923164098776870917
0.0923338042245574336
0.0923511985714277894
0.0923685929182981313
0.0923859872651684871
0.0924033816120388291
0.0924207759589091848
0.0924381703057795406
0.0924555646526498826
0.0924729589995202383
0.0924903533463905803
0.0925077476932609361
0.092525142040131278
0.0925425363870016338
0.0925599307338719757
0.0925773250807423315
0.0925947194276126873
0.0926121137744830292
0.092629508121353385
0.0926469024682237269
0.0926642968150940827
0.0926816911619644246
0.0926990855088347804
0.0927164798557051223
0.0927338742025754781
0.0927512685494458339
0.0927686628963161758
0.0927860572431865316
0.0928034515900568735
0.0928208459369272293
0.0928382402837975712
0.092855634630667927
0.0928730289775382689
0.0928904233244086247
0.0929078176712789805
0.0929252120181493224
0.0929426063650196782
0.0929600007118900201
0.0929773950587603759
0.0929947894056307178
0.0930121837525010736
0.0930295780993714155
0.0930469724462417713
0.0930643667931121271
0.093081761139982469
0.0930991554868528248
0.0931165498337231667
0.0931339441805935225
0.0931513385274638644
0.0931687328743342202
0.0931861272212045622
0.0932035215680749179
0.0932209159149452737
0.0932383102618156157
0.0932557046086859714
0.0932730989555563134
0.0932904933024266692
0.0933078876492970111
0.0933252819961673669
0.0933426763430377088
0.0933600706899080646
0.0933774650367784204
0.0933948593836487623
0.0934122537305191181
0.09342964807738946
0.0934470424242598158
0.0934644367711301577
0.0934818311180005135
0.0934992254648708554
0.0935166198117412112
0.093534014158611567
0.0935514085054819089
0.0935688028523522647
0.0935861971992226066
0.0936035915460929624
0.0936209858929633043
0.0936383802398336601
0.093655774586704002
0.0936731689335743578
0.0936905632804447136
0.0937079576273150555
0.0937253519741854113
0.0937427463210557532
0.093760140667926109
0.0937775350147964509
0.0937949293616668067
0.0938123237085371625
0.0938297180554075044
0.0938471124022778602
0.0938645067491482021
0.0938819010960185579
0.0938992954428888998
0.0939166897897592556
0.0939340841366295976
0.0939514784834999533
0.0939688728303703091
0.093986267177240651
0.0940036615241110068
0.0940210558709813488
0.0940384502178517045
0.0940558445647220465
0.0940732389115924023
0.0940906332584627442
0.0941080276053331
0.0941254219522034558
0.0941428162990737977
0.0941602106459441535
0.0941776049928144954
0.0941949993396848512
0.0942123936865551931
0.0942297880334255489
0.0942471823802958908
0.0942645767271662466
0.0942819710740366024
0.0942993654209069443
0.0943167597677773001
0.094334154114647642
0.0943515484615179978
0.0943689428083883397
0.0943863371552586955
0.0944037315021290374
0.0944211258489993932
0.094438520195869749
0.0944559145427400909
0.0944733088896104467
0.0944907032364807886
0.0945080975833511444
0.0945254919302214863
0.0945428862770918421
0.094560280623962184
0.0945776749708325398
0.0945950693177028956
0.0946124636645732375
0.0946298580114435933
0.0946472523583139352
0.094664646705184291
0.0946820410520546329
0.0946994353989249887
0.0947168297457953307
0.0947342240926656864
0.0947516184395360422
0.0947690127864063842
0.0947864071332767399
0.0948038014801470819
0.0948211958270174377
0.0948385901738877796
0.0948559845207581354
0.0948733788676284773
0.0948907732144988331
0.0949081675613691889
0.0949255619082395308
0.0949429562551098866
0.0949603506019802285
0.0949777449488505843
0.0949951392957209262
0.095012533642591282
0.0950299279894616239
0.0950473223363319797
0.0950647166832023355
0.0950821110300726774
0.0950995053769430332
0.0951168997238133751
0.0951342940706837309
0.0951516884175540728
0.0951690827644244286
0.0951864771112947705
0.0952038714581651263
0.0952212658050354821
0.095238660151905824
0.0952560544987761798
0.0952734488456465217
0.0952908431925168775
0.0953082375393872194
0.0953256318862575752
0.0953430262331279171
0.0953604205799982729
0.0953778149268686287
0.0953952092737389706
0.0954126036206093264
0.0954299979674796683
0.0954473923143500241
0.095464786661220366
0.0954821810080907218
0.0954995753549610638
0.0955169697018314195
0.0955343640487017753
0.0955517583955721173
0.095569152742442473
0.095586547089312815
0.0956039414361831708
0.0956213357830535127
0.0956387301299238685
0.0956561244767942243
0.0956735188236645662
0.095690913170534922
0.0957083075174052639
0.0957257018642756197
0.0957430962111459616
0.0957604905580163174
0.0957778849048866593
0.0957952792517570151
0.0958126735986273709
0.0958300679454977128
0.0958474622923680686
0.0958648566392384105
0.0958822509861087663
0.0958996453329791082
0.095917039679849464
0.0959344340267198059
0.0959518283735901617
0.0959692227204605175
0.0959866170673308594
0.0960040114142012152
0.0960214057610715571
0.0960388001079419129
0.0960561944548122548
0.0960735888016826106
0.0960909831485529525
0.0961083774954233083
0.0961257718422936641
0.096143166189164006
0.0961605605360343618
0.0961779548829047037
0.0961953492297750595
0.0962127435766454014
0.0962301379235157572
0.0962475322703860992
0.0962649266172564549
0.0962823209641268107
0.0962997153109971527
0.0963171096578675084
0.0963345040047378504
0.0963518983516082062
0.0963692926984785481
0.0963866870453489039
0.0964040813922192458
0.0964214757390896016
0.0964388700859599574
0.0964562644328302993
0.0964736587797006551
0.096491053126570997
0.0965084474734413528
0.0965258418203116947
0.0965432361671820505
0.0965606305140523924
0.0965780248609227482
0.096595419207793104
0.0966128135546634459
0.0966302079015338017
0.0966476022484041436
0.0966649965952744994
0.0966823909421448413
0.0966997852890151971
0.096717179635885539
0.0967345739827558948
0.0967519683296262506
0.0967693626764965925
0.0967867570233669483
0.0968041513702372902
0.096821545717107646
0.0968389400639779879
0.0968563344108483437
0.0968737287577186856
0.0968911231045890414
0.0969085174514593972
0.0969259117983297391
0.0969433061452000949
0.0969607004920704368
0.0969780948389407926
0.0969954891858111345
0.0970128835326814903
0.0970302778795518323
0.097047672226422188
0.0970650665732925438
0.0970824609201628858
0.0970998552670332415
0.0971172496139035835
0.0971346439607739393
0.0971520383076442812
0.097169432654514637
0.0971868270013849789
0.0972042213482553347
0.0972216156951256905
0.0972390100419960324
0.0972564043888663882
0.0972737987357367301
0.0972911930826070859
0.0973085874294774278
0.0973259817763477836
0.0973433761232181255
0.0973607704700884813
0.0973781648169588371
0.097395559163829179
0.0974129535106995348
0.0974303478575698767
0.0974477422044402325
0.0974651365513105744
0.0974825308981809302
0.0974999252450512721
0.0975173195919216279
0.0975347139387919837
0.0975521082856623256
0.0975695026325326814
0.0975868969794030233
0.0976042913262733791
0.097621685673143721
0.0976390800200140768
0.0976564743668844326
0.0976738687137547745
0.0976912630606251303
0.0977086574074954722
0.097726051754365828
0.0977434461012361699
0.0977608404481065257
0.0977782347949768676
0.0977956291418472234
0.0978130234887175792
0.0978304178355879211
0.0978478121824582769
0.0978652065293286189
0.0978826008761989746
0.0978999952230693166
0.0979173895699396724
0.0979347839168100143
0.0979521782636803701
0.0979695726105507259
0.0979869669574210678
0.0980043613042914236
0.0980217556511617655
0.0980391499980321213
0.0980565443449024632
0.098073938691772819
0.0980913330386431609
0.0981087273855135167
0.0981261217323838725
0.0981435160792542144
0.0981609104261245702
0.0981783047729949121
0.0981956991198652679
0.0982130934667356098
0.0982304878136059656
0.0982478821604763075
0.0982652765073466633
0.0982826708542170191
0.098300065201087361
0.0983174595479577168
0.0983348538948280587
0.0983522482416984145
0.0983696425885687564
0.0983870369354391122
0.0984044312823094541
0.0984218256291798099
0.0984392199760501657
0.0984566143229205076
0.0984740086697908634
0.0984914030166612053
0.0985087973635315611
0.098526191710401903
0.0985435860572722588
0.0985609804041426008
0.0985783747510129565
0.0985957690978833123
0.0986131634447536543
0.09863055779162401
0.098647952138494352
0.0986653464853647078
0.0986827408322350497
0.0987001351791054055
0.0987175295259757474
0.0987349238728461032
0.098752318219716459
0.0987697125665868009
0.0987871069134571567
0.0988045012603274986
0.0988218956071978544
0.0988392899540681963
0.0988566843009385521
0.098874078647808894
0.0988914729946792498
0.0989088673415496056
0.0989262616884199475
0.0989436560352903033
0.0989610503821606452
0.098978444729031001
0.0989958390759013429
0.0990132334227716987
0.0990306277696420406
0.0990480221165123964
0.0990654164633827522
0.0990828108102530941
0.0991002051571234499
0.0991175995039937918
0.0991349938508641476
0.0991523881977344895
0.0991697825446048453
0.0991871768914751872
0.099204571238345543
0.0992219655852158988
0.0992393599320862407
0.0992567542789565965
0.0992741486258269384
0.0992915429726972942
0.0993089373195676361
0.0993263316664379919
0.0993437260133083339
0.0993611203601786896
0.0993785147070490454
0.0993959090539193874
0.0994133034007897431
0.0994306977476600851
0.0994480920945304409
0.0994654864414007828
0.0994828807882711386
0.0995002751351414944
0.0995176694820118363
0.0995350638288821921
0.099552458175752534
0.0995698525226228898
0.0995872468694932317
0.0996046412163635875
0.0996220355632339294
0.0996394299101042852
0.099656824256974641
0.0996742186038449829
0.0996916129507153387
0.0997090072975856806
0.0997264016444560364
0.0997437959913263783
0.0997611903381967341
0.099778584685067076
0.0997959790319374318
0.0998133733788077876
0.0998307677256781295
0.0998481620725484853
0.0998655564194188272
0.099882950766289183
0.0999003451131595249
0.0999177394600298807
0.0999351338069002226
0.0999525281537705784
0.0999699225006409342
0.0999873168475112761
0.100004711194381632
0.100022105541251974
0.10003949988812233
0.100056894234992672
0.100074288581863027
0.100091682928733369
0.100109077275603725
0.100126471622474081
0.100143865969344423
0.100161260316214779
0.10017865466308512
0.100196049009955476
0.100213443356825818
0.100230837703696174
0.100248232050566516
0.100265626397436872
0.100283020744307227
0.100300415091177569
0.100317809438047925
0.100335203784918267
0.100352598131788623
0.100369992478658965
0.100387386825529321
0.100404781172399662
0.100422175519270018
0.100439569866140374
0.100456964213010716
0.100474358559881072
0.100491752906751414
0.100509147253621769
0.100526541600492111
0.100543935947362467
0.100561330294232809
0.100578724641103165
0.100596118987973521
0.100613513334843863
0.100630907681714218
0.10064830202858456
0.100665696375454916
0.100683090722325258
0.100700485069195614
0.100717879416065956
0.100735273762936312
0.100752668109806667
0.100770062456677009
0.100787456803547365
0.100804851150417707
0.100822245497288063
0.100839639844158405
0.10085703419102876
0.100874428537899102
0.100891822884769458
0.100909217231639814
0.100926611578510156
0.100944005925380512
0.100961400272250854
0.100978794619121209
0.100996188965991551
0.101013583312861907
0.101030977659732249
0.101048372006602605
0.101065766353472961
0.101083160700343302
0.101100555047213658
0.101117949394084
0.101135343740954356
0.101152738087824698
0.101170132434695054
0.101187526781565396
0.101204921128435751
0.101222315475306107
0.101239709822176449
0.101257104169046805
0.101274498515917147
0.101291892862787503
0.101309287209657845
0.1013266815565282
0.101344075903398542
0.101361470250268898
0.101378864597139254
0.101396258944009596
0.101413653290879952
0.101431047637750293
0.101448441984620649
0.101465836331490991
0.101483230678361347
0.101500625025231703
0.101518019372102045
0.1015354137189724
0.101552808065842742
0.101570202412713098
0.10158759675958344
0.101604991106453796
0.101622385453324138
0.101639779800194494
0.101657174147064849
0.101674568493935191
0.101691962840805547
0.101709357187675889
0.101726751534546245
0.101744145881416587
0.101761540228286942
0.101778934575157284
0.10179632892202764
0.101813723268897996
0.101831117615768338
0.101848511962638694
0.101865906309509036
0.101883300656379391
0.101900695003249733
0.101918089350120089
0.101935483696990431
0.101952878043860787
0.101970272390731143
0.101987666737601484
0.10200506108447184
0.102022455431342182
0.102039849778212538
0.10205724412508288
0.102074638471953236
0.102092032818823578
0.102109427165693933
0.102126821512564289
0.102144215859434631
0.102161610206304987
0.102179004553175329
0.102196398900045685
0.102213793246916027
0.102231187593786382
0.102248581940656724
0.10226597628752708
0.102283370634397436
0.102300764981267778
0.102318159328138134
0.102335553675008475
0.102352948021878831
0.102370342368749173
0.102387736715619529
0.102405131062489871
0.102422525409360227
0.102439919756230582
0.102457314103100924
0.10247470844997128
0.102492102796841622
0.102509497143711978
0.10252689149058232
0.102544285837452676
0.102561680184323017
0.102579074531193373
0.102596468878063729
0.102613863224934071
0.102631257571804427
0.102648651918674769
0.102666046265545124
0.102683440612415466
0.102700834959285822
0.102718229306156164
0.10273562365302652
0.102753017999896876
0.102770412346767218
0.102787806693637573
0.102805201040507915
0.102822595387378271
0.102839989734248613
0.102857384081118969
0.102874778427989311
0.102892172774859667
0.102909567121730022
0.102926961468600364
0.10294435581547072
0.102961750162341062
0.102979144509211418
0.10299653885608176
0.103013933202952115
0.103031327549822457
0.103048721896692813
0.103066116243563169
0.103083510590433511
0.103100904937303867
0.103118299284174209
0.103135693631044564
0.103153087977914906
0.103170482324785262
0.103187876671655604
0.10320527101852596
0.103222665365396316
0.103240059712266657
0.103257454059137013
0.103274848406007355
0.103292242752877711
0.103309637099748053
0.103327031446618409
0.103344425793488764
0.103361820140359106
0.103379214487229462
0.103396608834099804
0.10341400318097016
0.103431397527840502
0.103448791874710858
0.103466186221581199
0.103483580568451555
0.103500974915321911
0.103518369262192253
0.103535763609062609
0.103553157955932951
0.103570552302803306
0.103587946649673648
0.103605340996544004
0.103622735343414346
0.103640129690284702
0.103657524037155058
0.1036749183840254
0.103692312730895755
0.103709707077766097
0.103727101424636453
0.103744495771506795
0.103761890118377151
0.103779284465247493
0.103796678812117849
0.103814073158988204
0.103831467505858546
0.103848861852728902
0.103866256199599244
0.1038836505464696
0.103901044893339942
0.103918439240210297
0.103935833587080639
0.103953227933950995
0.103970622280821351
0.103988016627691693
0.104005410974562049
0.104022805321432391
0.104040199668302746
0.104057594015173088
0.104074988362043444
0.104092382708913786
0.104109777055784142
0.104127171402654498
0.104144565749524839
0.104161960096395195
0.104179354443265537
0.104196748790135893
0.104214143137006235
0.104231537483876591
0.104248931830746933
0.104266326177617288
0.104283720524487644
0.104301114871357986
0.104318509218228342
0.104335903565098684
0.10435329791196904
0.104370692258839382
0.104388086605709737
0.104405480952580079
0.104422875299450435
0.104440269646320791
0.104457663993191133
0.104475058340061489
0.10449245268693183
0.104509847033802186
0.104527241380672528
0.104544635727542884
0.104562030074413226
0.104579424421283582
0.104596818768153937
0.104614213115024279
0.104631607461894635
0.104649001808764977
0.104666396155635333
0.104683790502505675
0.104701184849376031
0.104718579196246372
0.104735973543116728
0.104753367889987084
0.104770762236857426
0.104788156583727782
0.104805550930598124
0.104822945277468479
0.104840339624338821
0.104857733971209177
0.104875128318079519
0.104892522664949875
0.104909917011820231
0.104927311358690573
0.104944705705560928
0.10496210005243127
0.104979494399301626
0.104996888746171968
0.105014283093042324
0.105031677439912666
0.105049071786783021
0.105066466133653377
0.105083860480523719
0.105101254827394075
0.105118649174264417
0.105136043521134773
0.105153437868005115
0.10517083221487547
0.105188226561745812
0.105205620908616168
0.105223015255486524
0.105240409602356866
0.105257803949227222
0.105275198296097564
0.105292592642967919
0.105309986989838261
0.105327381336708617
0.105344775683578973
0.105362170030449315
0.105379564377319671
0.105396958724190012
0.105414353071060368
0.10543174741793071
0.105449141764801066
0.105466536111671408
0.105483930458541764
0.105501324805412119
0.105518719152282461
0.105536113499152817
0.105553507846023159
0.105570902192893515
0.105588296539763857
0.105605690886634213
0.105623085233504554
0.10564047958037491
0.105657873927245266
0.105675268274115608
0.105692662620985964
0.105710056967856306
0.105727451314726661
0.105744845661597003
0.105762240008467359
0.105779634355337701
0.105797028702208057
0.105814423049078413
0.105831817395948755
0.10584921174281911
0.105866606089689452
0.105884000436559808
0.10590139478343015
0.105918789130300506
0.105936183477170848
0.105953577824041204
0.105970972170911559
0.105988366517781901
0.106005760864652257
0.106023155211522599
0.106040549558392955
0.106057943905263297
0.106075338252133652
0.106092732599003994
0.10611012694587435
0.106127521292744706
0.106144915639615048
0.106162309986485404
0.106179704333355746
0.106197098680226101
0.106214493027096443
0.106231887373966799
0.106249281720837141
0.106266676067707497
0.106284070414577853
0.106301464761448194
0.10631885910831855
0.106336253455188892
0.106353647802059248
0.10637104214892959
0.106388436495799946
0.106405830842670288
0.106423225189540643
0.106440619536410999
0.106458013883281341
0.106475408230151697
0.106492802577022039
0.106510196923892395
0.106527591270762736
0.106544985617633092
0.106562379964503434
0.10657977431137379
0.106597168658244146
0.106614563005114488
0.106631957351984843
0.106649351698855185
0.106666746045725541
0.106684140392595883
0.106701534739466239
0.106718929086336581
0.106736323433206937
0.106753717780077292
0.106771112126947634
0.10678850647381799
0.106805900820688332
0.106823295167558688
0.10684068951442903
0.106858083861299386
0.106875478208169727
0.106892872555040083
0.106910266901910439
0.106927661248780781
0.106945055595651137
0.106962449942521479
0.106979844289391834
0.106997238636262176
0.107014632983132532
0.107032027330002874
0.10704942167687323
0.107066816023743586
0.107084210370613928
0.107101604717484283
0.107118999064354625
0.107136393411224981
0.107153787758095323
0.107171182104965679
0.107188576451836035
0.107205970798706376
0.107223365145576732
0.107240759492447074
0.10725815383931743
0.107275548186187772
0.107292942533058128
0.10731033687992847
0.107327731226798825
0.107345125573669181
0.107362519920539523
0.107379914267409879
0.107397308614280221
0.107414702961150577
0.107432097308020919
0.107449491654891274
0.107466886001761616
0.107484280348631972
0.107501674695502328
0.10751906904237267
0.107536463389243026
0.107553857736113367
0.107571252082983723
0.107588646429854065
0.107606040776724421
0.107623435123594763
0.107640829470465119
0.107658223817335474
0.107675618164205816
0.107693012511076172
0.107710406857946514
0.10772780120481687
0.107745195551687212
0.107762589898557568
0.107779984245427909
0.107797378592298265
0.107814772939168621
0.107832167286038963
0.107849561632909319
0.107866955979779661
0.107884350326650016
0.107901744673520358
0.107919139020390714
0.107936533367261056
0.107953927714131412
0.107971322061001768
0.10798871640787211
0.108006110754742465
0.108023505101612807
0.108040899448483163
0.108058293795353505
0.108075688142223861
0.108093082489094203
0.108110476835964558
0.108127871182834914
0.108145265529705256
0.108162659876575612
0.108180054223445954
0.10819744857031631
0.108214842917186652
0.108232237264057007
0.108249631610927349
0.108267025957797705
0.108284420304668061
0.108301814651538403
0.108319208998408759
0.108336603345279101
0.108353997692149456
0.108371392039019798
0.108388786385890154
0.108406180732760496
0.108423575079630852
0.108440969426501208
0.108458363773371549
0.108475758120241905
0.108493152467112247
0.108510546813982603
0.108527941160852945
0.108545335507723301
0.108562729854593643
0.108580124201463998
0.108597518548334354
0.108614912895204696
0.108632307242075052
0.108649701588945394
0.10866709593581575
0.108684490282686091
0.108701884629556447
0.108719278976426789
0.108736673323297145
0.108754067670167501
0.108771462017037843
0.108788856363908198
0.10880625071077854
0.108823645057648896
0.108841039404519238
0.108858433751389594
0.108875828098259936
0.108893222445130292
0.108910616792000647
0.108928011138870989
0.108945405485741345
0.108962799832611687
0.108980194179482043
0.108997588526352385
0.109014982873222741
0.109032377220093096
0.109049771566963438
0.109067165913833794
0.109084560260704136
0.109101954607574492
0.109119348954444834
0.109136743301315189
0.109154137648185531
0.109171531995055887
0.109188926341926243
0.109206320688796585
0.109223715035666941
0.109241109382537283
0.109258503729407638
0.10927589807627798
0.109293292423148336
0.109310686770018678
0.109328081116889034
0.10934547546375939
0.109362869810629731
0.109380264157500087
0.109397658504370429
0.109415052851240785
0.109432447198111127
0.109449841544981483
0.109467235891851825
0.10948463023872218
0.109502024585592536
0.109519418932462878
0.109536813279333234
0.109554207626203576
0.109571601973073932
0.109588996319944273
0.109606390666814629
0.109623785013684971
0.109641179360555327
0.109658573707425683
0.109675968054296025
0.10969336240116638
0.109710756748036722
0.109728151094907078
0.10974554544177742
0.109762939788647776
0.109780334135518118
0.109797728482388474
0.109815122829258829
0.109832517176129171
0.109849911522999527
0.109867305869869869
0.109884700216740225
0.109902094563610567
0.109919488910480923
0.109936883257351264
0.10995427760422162
0.109971671951091976
0.109989066297962318
0.110006460644832674
0.110023854991703016
0.110041249338573371
0.110058643685443713
0.110076038032314069
0.110093432379184411
0.110110826726054767
0.110128221072925123
0.110145615419795465
0.11016300976666582
0.110180404113536162
0.110197798460406518
0.11021519280727686
0.110232587154147216
0.110249981501017558
0.110267375847887913
0.110284770194758269
0.110302164541628611
0.110319558888498967
0.110336953235369309
0.110354347582239665
0.110371741929110007
0.110389136275980362
0.110406530622850704
0.11042392496972106
0.110441319316591416
0.110458713663461758
0.110476108010332114
0.110493502357202455
0.110510896704072811
0.110528291050943153
0.110545685397813509
0.110563079744683851
0.110580474091554207
0.110597868438424562
0.110615262785294904
0.11063265713216526
0.110650051479035602
0.110667445825905958
0.1106848401727763
0.110702234519646656
0.110719628866516998
0.110737023213387353
0.110754417560257709
0.110771811907128051
0.110789206253998407
0.110806600600868749
0.110823994947739105
0.110841389294609446
0.110858783641479802
0.110876177988350144
0.1108935723352205
0.110910966682090856
0.110928361028961198
0.110945755375831553
0.110963149722701895
0.110980544069572251
0.110997938416442593
0.111015332763312949
0.111032727110183305
0.111050121457053647
0.111067515803924002
0.111084910150794344
0.1111023044976647
0.111119698844535042
0.111137093191405398
0.11115448753827574
0.111171881885146095
0.111189276232016451
0.111206670578886793
0.111224064925757149
0.111241459272627491
0.111258853619497847
0.111276247966368189
0.111293642313238544
0.111311036660108886
0.111328431006979242
0.111345825353849598
0.11136321970071994
0.111380614047590296
0.111398008394460638
0.111415402741330993
0.111432797088201335
0.111450191435071691
0.111467585781942033
0.111484980128812389
0.111502374475682745
0.111519768822553086
0.111537163169423442
0.111554557516293784
0.11157195186316414
0.111589346210034482
0.111606740556904838
0.11162413490377518
0.111641529250645535
0.111658923597515891
0.111676317944386233
0.111693712291256589
0.111711106638126931
0.111728500984997287
0.111745895331867628
0.111763289678737984
0.111780684025608326
0.111798078372478682
0.111815472719349038
0.11183286706621938
0.111850261413089735
0.111867655759960077
0.111885050106830433
0.111902444453700775
0.111919838800571131
0.111937233147441473
0.111954627494311829
0.111972021841182184
0.111989416188052526
0.112006810534922882
0.112024204881793224
0.11204159922866358
0.112058993575533922
0.112076387922404277
0.112093782269274619
0.112111176616144975
0.112128570963015331
0.112145965309885673
0.112163359656756029
0.112180754003626371
0.112198148350496726
0.112215542697367068
0.112232937044237424
0.112250331391107766
0.112267725737978122
0.112285120084848478
0.11230251443171882
0.112319908778589175
0.112337303125459517
0.112354697472329873
0.112372091819200215
0.112389486166070571
0.112406880512940913
0.112424274859811268
0.112441669206681624
0.112459063553551966
0.112476457900422322
0.112493852247292664
0.11251124659416302
0.112528640941033362
0.112546035287903717
0.112563429634774059
0.112580823981644415
0.112598218328514771
0.112615612675385113
0.112633007022255469
0.11265040136912581
0.112667795715996166
0.112685190062866508
0.112702584409736864
0.112719978756607206
0.112737373103477562
0.112754767450347917
0.112772161797218259
0.112789556144088615
0.112806950490958957
0.112824344837829313
0.112841739184699655
0.112859133531570011
0.112876527878440366
0.112893922225310708
0.112911316572181064
0.112928710919051406
0.112946105265921762
0.112963499612792104
0.11298089395966246
0.112998288306532801
0.113015682653403157
0.113033077000273513
0.113050471347143855
0.113067865694014211
0.113085260040884553
0.113102654387754908
0.11312004873462525
0.113137443081495606
0.113154837428365948
0.113172231775236304
0.11318962612210666
0.113207020468977002
0.113224414815847357
0.113241809162717699
0.113259203509588055
0.113276597856458397
0.113293992203328753
0.113311386550199095
0.11332878089706945
0.113346175243939806
0.113363569590810148
0.113380963937680504
0.113398358284550846
0.113415752631421202
0.113433146978291544
0.113450541325161899
0.113467935672032241
0.113485330018902597
0.113502724365772953
0.113520118712643295
0.113537513059513651
0.113554907406383992
0.113572301753254348
0.11358969610012469
0.113607090446995046
0.113624484793865388
0.113641879140735744
0.113659273487606099
0.113676667834476441
0.113694062181346797
0.113711456528217139
0.113728850875087495
0.113746245221957837
0.113763639568828193
0.113781033915698535
0.11379842826256889
0.113815822609439246
0.113833216956309588
0.113850611303179944
0.113868005650050286
0.113885399996920642
0.113902794343790983
0.113920188690661339
0.113937583037531681
0.113954977384402037
0.113972371731272393
0.113989766078142735
0.11400716042501309
0.114024554771883432
0.114041949118753788
0.11405934346562413
0.114076737812494486
0.114094132159364828
0.114111526506235184
0.114128920853105539
0.114146315199975881
0.114163709546846237
0.114181103893716579
0.114198498240586935
0.114215892587457277
0.114233286934327632
0.114250681281197974
0.11426807562806833
0.114285469974938686
0.114302864321809028
0.114320258668679384
0.114337653015549726
0.114355047362420081
0.114372441709290423
0.114389836056160779
0.114407230403031121
0.114424624749901477
0.114442019096771833
0.114459413443642175
0.11447680779051253
0.114494202137382872
0.114511596484253228
0.11452899083112357
0.114546385177993926
0.114563779524864268
0.114581173871734623
0.114598568218604979
0.114615962565475321
0.114633356912345677
0.114650751259216019
0.114668145606086375
0.114685539952956717
0.114702934299827072
0.114720328646697414
0.11473772299356777
0.114755117340438126
0.114772511687308468
0.114789906034178824
0.114807300381049165
0.114824694727919521
0.114842089074789863
0.114859483421660219
0.114876877768530575
0.114894272115400917
0.114911666462271272
0.114929060809141614
0.11494645515601197
0.114963849502882312
0.114981243849752668
0.11499863819662301
0.115016032543493366
0.115033426890363721
0.115050821237234063
0.115068215584104419
0.115085609930974761
0.115103004277845117
0.115120398624715459
0.115137792971585814
0.115155187318456156
0.115172581665326512
0.115189976012196868
0.11520737035906721
0.115224764705937566
0.115242159052807908
0.115259553399678263
0.115276947746548605
0.115294342093418961
0.115311736440289303
0.115329130787159659
0.115346525134030015
0.115363919480900357
0.115381313827770712
0.115398708174641054
0.11541610252151141
0.115433496868381752
0.115450891215252108
0.11546828556212245
0.115485679908992805
0.115503074255863161
0.115520468602733503
0.115537862949603859
0.115555257296474201
0.115572651643344557
0.115590045990214899
0.115607440337085254
0.115624834683955596
0.115642229030825952
0.115659623377696308
0.11567701772456665
0.115694412071437006
0.115711806418307347
0.115729200765177703
0.115746595112048045
0.115763989458918401
0.115781383805788743
0.115798778152659099
0.115816172499529454
0.115833566846399796
0.115850961193270152
0.115868355540140494
0.11588574988701085
0.115903144233881192
0.115920538580751548
0.11593793292762189
0.115955327274492245
0.115972721621362601
0.115990115968232943
0.116007510315103299
0.116024904661973641
0.116042299008843997
0.116059693355714338
0.116077087702584694
0.116094482049455036
0.116111876396325392
0.116129270743195748
0.11614666509006609
0.116164059436936445
0.116181453783806787
0.116198848130677143
0.116216242477547485
0.116233636824417841
0.116251031171288183
0.116268425518158539
0.116285819865028894
0.116303214211899236
0.116320608558769592
0.116338002905639934
0.11635539725251029
0.116372791599380632
0.116390185946250987
0.116407580293121329
0.116424974639991685
0.116442368986862041
0.116459763333732383
0.116477157680602739
0.116494552027473081
0.116511946374343436
0.116529340721213778
0.116546735068084134
0.116564129414954476
0.116581523761824832
0.116598918108695188
0.116616312455565529
0.116633706802435885
0.116651101149306227
0.116668495496176583
0.116685889843046925
0.116703284189917281
0.116720678536787636
0.116738072883657978
0.116755467230528334
0.116772861577398676
0.116790255924269032
0.116807650271139374
0.11682504461800973
0.116842438964880072
0.116859833311750427
0.116877227658620783
0.116894622005491125
0.116912016352361481
0.116929410699231823
0.116946805046102179
0.11696419939297252
0.116981593739842876
0.116998988086713218
0.117016382433583574
0.11703377678045393
0.117051171127324272
0.117068565474194627
0.117085959821064969
0.117103354167935325
0.117120748514805667
0.117138142861676023
0.117155537208546365
0.117172931555416721
0.117190325902287076
0.117207720249157418
0.117225114596027774
0.117242508942898116
0.117259903289768472
0.117277297636638814
0.117294691983509169
0.117312086330379511
0.117329480677249867
0.117346875024120223
0.117364269370990565
0.117381663717860921
0.117399058064731263
0.117416452411601618
0.11743384675847196
0.117451241105342316
0.117468635452212658
0.117486029799083014
0.11750342414595337
0.117520818492823712
0.117538212839694067
0.117555607186564409
0.117573001533434765
0.117590395880305107
0.117607790227175463
0.117625184574045805
0.11764257892091616
0.117659973267786516
0.117677367614656858
0.117694761961527214
0.117712156308397556
0.117729550655267912
0.117746945002138254
0.117764339349008609
0.117781733695878951
0.117799128042749307
0.117816522389619663
0.117833916736490005
0.117851311083360361
0.117868705430230702
0.117886099777101058
0.1179034941239714
0.117920888470841756
0.117938282817712098
0.117955677164582454
0.117973071511452809
0.117990465858323151
0.118007860205193507
0.118025254552063849
0.118042648898934205
0.118060043245804547
0.118077437592674903
0.118094831939545244
0.1181122262864156
0.118129620633285956
0.118147014980156298
0.118164409327026654
0.118181803673896996
0.118199198020767351
0.118216592367637693
0.118233986714508049
0.118251381061378391
0.118268775408248747
0.118286169755119103
0.118303564101989445
0.1183209584488598
0.118338352795730142
0.118355747142600498
0.11837314148947084
0.118390535836341196
0.118407930183211538
0.118425324530081894
0.118442718876952249
0.118460113223822591
0.118477507570692947
0.118494901917563289
0.118512296264433645
0.118529690611303987
0.118547084958174342
0.118564479305044684
0.11858187365191504
0.118599267998785396
0.118616662345655738
0.118634056692526094
0.118651451039396436
0.118668845386266791
0.118686239733137133
0.118703634080007489
0.118721028426877845
0.118738422773748187
0.118755817120618543
0.118773211467488884
0.11879060581435924
0.118808000161229582
0.118825394508099938
0.11884278885497028
0.118860183201840636
0.118877577548710991
0.118894971895581333
0.118912366242451689
0.118929760589322031
0.118947154936192387
0.118964549283062729
0.118981943629933085
0.118999337976803427
0.119016732323673782
0.119034126670544138
0.11905152101741448
0.119068915364284836
0.119086309711155178
0.119103704058025534
0.119121098404895875
0.119138492751766231
0.119155887098636573
0.119173281445506929
0.119190675792377285
0.119208070139247627
0.119225464486117982
0.119242858832988324
0.11926025317985868
0.119277647526729022
0.119295041873599378
0.11931243622046972
0.119329830567340076
0.119347224914210431
0.119364619261080773
0.119382013607951129
0.119399407954821471
0.119416802301691827
0.119434196648562169
0.119451590995432524
0.119468985342302866
0.119486379689173222
0.119503774036043578
0.11952116838291392
0.119538562729784276
0.119555957076654618
0.119573351423524973
0.119590745770395315
0.119608140117265671
0.119625534464136013
0.119642928811006369
0.119660323157876725
0.119677717504747066
0.119695111851617422
0.119712506198487764
0.11972990054535812
0.119747294892228462
0.119764689239098818
0.11978208358596916
0.119799477932839515
0.119816872279709871
0.119834266626580213
0.119851660973450569
0.119869055320320911
0.119886449667191267
0.119903844014061609
0.119921238360931964
0.119938632707802306
0.119956027054672662
0.119973421401543018
0.11999081574841336
0.120008210095283716
0.120025604442154057
0.120042998789024413
0.120060393135894755
0.120077787482765111
0.120095181829635453
0.120112576176505809
0.120129970523376164
0.120147364870246506
0.120164759217116862
0.120182153563987204
0.12019954791085756
0.120216942257727902
0.120234336604598258
0.120251730951468599
0.120269125298338955
0.120286519645209311
0.120303913992079653
0.120321308338950009
0.120338702685820351
0.120356097032690706
0.120373491379561048
0.120390885726431404
0.120408280073301746
0.120425674420172102
0.120443068767042458
0.1204604631139128
0.120477857460783155
0.120495251807653497
0.120512646154523853
0.120530040501394195
0.120547434848264551
0.120564829195134907
0.120582223542005249
0.120599617888875604
0.120617012235745946
0.120634406582616302
0.120651800929486644
0.120669195276357
0.120686589623227342
0.120703983970097697
0.120721378316968053
0.120738772663838395
0.120756167010708751
0.120773561357579093
0.120790955704449449
0.120808350051319791
0.120825744398190146
0.120843138745060488
0.120860533091930844
0.1208779274388012
0.120895321785671542
0.120912716132541898
0.120930110479412239
0.120947504826282595
0.120964899173152937
0.120982293520023293
0.120999687866893635
0.121017082213763991
0.121034476560634346
0.121051870907504688
0.121069265254375044
0.121086659601245386
0.121104053948115742
0.121121448294986084
0.12113884264185644
0.121156236988726781
0.121173631335597137
0.121191025682467493
0.121208420029337835
0.121225814376208191
0.121243208723078533
0.121260603069948888
0.12127799741681923
0.121295391763689586
0.121312786110559928
0.121330180457430284
0.12134757480430064
0.121364969151170982
0.121382363498041337
0.121399757844911679
0.121417152191782035
0.121434546538652377
0.121451940885522733
0.121469335232393075
0.121486729579263431
0.121504123926133786
0.121521518273004128
0.121538912619874484
0.121556306966744826
0.121573701313615182
0.121591095660485524
0.121608490007355879
0.121625884354226221
0.121643278701096577
0.121660673047966933
0.121678067394837275
0.121695461741707631
0.121712856088577973
0.121730250435448328
0.12174764478231867
0.121765039129189026
0.121782433476059368
0.121799827822929724
0.12181722216980008
0.121834616516670421
0.121852010863540777
0.121869405210411119
0.121886799557281475
0.121904193904151817
0.121921588251022173
0.121938982597892515
0.12195637694476287
0.121973771291633226
0.121991165638503568
0.122008559985373924
0.122025954332244266
0.122043348679114622
0.122060743025984964
0.122078137372855319
0.122095531719725661
0.122112926066596017
0.122130320413466373
0.122147714760336715
0.122165109107207071
0.122182503454077412
0.122199897800947768
0.12221729214781811
0.122234686494688466
0.122252080841558808
0.122269475188429164
0.122286869535299519
0.122304263882169861
0.122321658229040217
0.122339052575910559
0.122356446922780915
0.122373841269651257
0.122391235616521613
0.122408629963391954
0.12242602431026231
0.122443418657132666
0.122460813004003008
0.122478207350873364
0.122495601697743706
0.122512996044614061
0.122530390391484403
0.122547784738354759
0.122565179085225115
0.122582573432095457
0.122599967778965813
0.122617362125836155
0.12263475647270651
0.122652150819576852
0.122669545166447208
0.12268693951331755
0.122704333860187906
0.122721728207058262
0.122739122553928603
0.122756516900798959
0.122773911247669301
0.122791305594539657
0.122808699941409999
0.122826094288280355
0.122843488635150697
0.122860882982021052
0.122878277328891408
0.12289567167576175
0.122913066022632106
0.122930460369502448
0.122947854716372804
0.122965249063243146
0.122982643410113501
0.123000037756983843
0.123017432103854199
0.123034826450724555
0.123052220797594897
0.123069615144465253
0.123087009491335594
0.12310440383820595
0.123121798185076292
0.123139192531946648
0.12315658687881699
0.123173981225687346
0.123191375572557701
0.123208769919428043
0.123226164266298399
0.123243558613168741
0.123260952960039097
0.123278347306909439
0.123295741653779795
0.123313136000650136
0.123330530347520492
0.123347924694390848
0.12336531904126119
0.123382713388131546
0.123400107735001888
0.123417502081872243
0.123434896428742585
0.123452290775612941
0.123469685122483283
0.123487079469353639
0.123504473816223995
0.123521868163094337
0.123539262509964692
0.123556656856835034
0.12357405120370539
0.123591445550575732
0.123608839897446088
0.12362623424431643
0.123643628591186786
0.123661022938057141
0.123678417284927483
0.123695811631797839
0.123713205978668181
0.123730600325538537
0.123747994672408879
0.123765389019279234
0.123782783366149576
0.123800177713019932
0.123817572059890288
0.12383496640676063
0.123852360753630986
0.123869755100501328
0.123887149447371683
0.123904543794242025
0.123921938141112381
0.123939332487982723
0.123956726834853079
0.123974121181723435
0.123991515528593776
0.124008909875464132
0.124026304222334474
0.12404369856920483
0.124061092916075172
0.124078487262945528
0.12409588160981587
0.124113275956686225
0.124130670303556581
0.124148064650426923
0.124165458997297279
0.124182853344167621
0.124200247691037977
0.124217642037908318
0.124235036384778674
0.124252430731649016
0.124269825078519372
0.124287219425389728
0.12430461377226007
0.124322008119130425
0.124339402466000767
0.124356796812871123
0.124374191159741465
0.124391585506611821
0.124408979853482177
0.124426374200352519
0.124443768547222874
0.124461162894093216
0.124478557240963572
0.124495951587833914
0.12451334593470427
0.124530740281574612
0.124548134628444968
0.124565528975315323
0.124582923322185665
0.124600317669056021
0.124617712015926363
0.124635106362796719
0.124652500709667061
0.124669895056537416
0.124687289403407758
0.124704683750278114
0.12472207809714847
0.124739472444018812
0.124756866790889168
0.12477426113775951
0.124791655484629865
0.124809049831500207
0.124826444178370563
0.124843838525240905
0.124861232872111261
0.124878627218981617
0.124896021565851958
0.124913415912722314
0.124930810259592656
0.124948204606463012
0.124965598953333354
0.12498299330020371
0.125000387647074052
0.125017781993944394
0.125035176340814763
0.125052570687685105
0.125069965034555447
0.125087359381425817
0.125104753728296159
0.125122148075166501
0.125139542422036842
0.125156936768907212
0.125174331115777554
0.125191725462647896
0.125209119809518266
0.125226514156388608
0.125243908503258949
0.125261302850129291
0.125278697196999661
0.125296091543870003
0.125313485890740345
0.125330880237610687
0.125348274584481056
0.125365668931351398
0.12538306327822174
0.12540045762509211
0.125417851971962452
0.125435246318832794
0.125452640665703136
0.125470035012573505
0.125487429359443847
0.125504823706314189
0.125522218053184559
0.125539612400054901
0.125557006746925243
0.125574401093795585
0.125591795440665954
0.125609189787536296
0.125626584134406638
0.125643978481277008
0.12566137282814735
0.125678767175017692
0.125696161521888033
0.125713555868758403
0.125730950215628745
0.125748344562499087
0.125765738909369429
0.125783133256239799
0.12580052760311014
0.125817921949980482
0.125835316296850852
0.125852710643721194
0.125870104990591536
0.125887499337461878
0.125904893684332247
0.125922288031202589
0.125939682378072931
0.125957076724943301
0.125974471071813643
0.125991865418683985
0.126009259765554327
0.126026654112424696
0.126044048459295038
0.12606144280616538
0.126078837153035722
0.126096231499906092
0.126113625846776434
0.126131020193646776
0.126148414540517145
0.126165808887387487
0.126183203234257829
0.126200597581128171
0.126217991927998541
0.126235386274868883
0.126252780621739225
0.126270174968609594
0.126287569315479936
0.126304963662350278
0.12632235800922062
0.12633975235609099
0.126357146702961332
0.126374541049831673
0.126391935396702015
0.126409329743572385
0.126426724090442727
0.126444118437313069
0.126461512784183439
0.12647890713105378
0.126496301477924122
0.126513695824794464
0.126531090171664834
0.126548484518535176
0.126565878865405518
0.126583273212275887
0.126600667559146229
0.126618061906016571
0.126635456252886913
0.126652850599757283
0.126670244946627625
0.126687639293497967
0.126705033640368309
0.126722427987238678
0.12673982233410902
0.126757216680979362
0.126774611027849732
0.126792005374720074
0.126809399721590416
0.126826794068460758
0.126844188415331127
0.126861582762201469
0.126878977109071811
0.126896371455942181
0.126913765802812523
0.126931160149682865
0.126948554496553206
0.126965948843423576
0.126983343190293918
0.12700073753716426
0.127018131884034602
0.127035526230904972
0.127052920577775313
0.127070314924645655
0.127087709271516025
0.127105103618386367
0.127122497965256709
0.127139892312127051
0.12715728665899742
0.127174681005867762
0.127192075352738104
0.127209469699608474
0.127226864046478816
0.127244258393349158
0.1272616527402195
0.127279047087089869
0.127296441433960211
0.127313835780830553
0.127331230127700923
0.127348624474571265
0.127366018821441607
0.127383413168311949
0.127400807515182318
0.12741820186205266
0.127435596208923002
0.127452990555793344
0.127470384902663714
0.127487779249534056
0.127505173596404398
0.127522567943274767
0.127539962290145109
0.127557356637015451
0.127574750983885793
0.127592145330756163
0.127609539677626505
0.127626934024496846
0.127644328371367216
0.127661722718237558
0.1276791170651079
0.127696511411978242
0.127713905758848612
0.127731300105718953
0.127748694452589295
0.127766088799459637
0.127783483146330007
0.127800877493200349
0.127818271840070691
0.12783566618694106
0.127853060533811402
0.127870454880681744
0.127887849227552086
0.127905243574422456
0.127922637921292798
0.12794003226816314
0.127957426615033509
0.127974820961903851
0.127992215308774193
0.128009609655644535
0.128027004002514905
0.128044398349385247
0.128061792696255589
0.128079187043125931
0.1280965813899963
0.128113975736866642
0.128131370083736984
0.128148764430607354
0.128166158777477696
0.128183553124348037
0.128200947471218379
0.128218341818088749
0.128235736164959091
0.128253130511829433
0.128270524858699803
0.128287919205570144
0.128305313552440486
0.128322707899310828
0.128340102246181198
0.12835749659305154
0.128374890939921882
0.128392285286792224
0.128409679633662593
0.128427073980532935
0.128444468327403277
0.128461862674273647
0.128479257021143989
0.128496651368014331
0.128514045714884673
0.128531440061755042
0.128548834408625384
0.128566228755495726
0.128583623102366096
0.128601017449236438
0.12861841179610678
0.128635806142977122
0.128653200489847491
0.128670594836717833
0.128687989183588175
0.128705383530458517
0.128722777877328887
0.128740172224199229
0.12875756657106957
0.12877496091793994
0.128792355264810282
0.128809749611680624
0.128827143958550966
0.128844538305421336
0.128861932652291677
0.128879326999162019
0.128896721346032389
0.128914115692902731
0.128931510039773073
0.128948904386643415
0.128966298733513784
0.128983693080384126
0.129001087427254468
0.12901848177412481
0.12903587612099518
0.129053270467865522
0.129070664814735864
0.129088059161606233
0.129105453508476575
0.129122847855346917
0.129140242202217259
0.129157636549087629
0.129175030895957971
0.129192425242828313
0.129209819589698682
0.129227213936569024
0.129244608283439366
0.129262002630309708
0.129279396977180078
0.12929679132405042
0.129314185670920762
0.129331580017791131
0.129348974364661473
0.129366368711531815
0.129383763058402157
0.129401157405272527
0.129418551752142869
0.12943594609901321
0.129453340445883552
0.129470734792753922
0.129488129139624264
0.129505523486494606
0.129522917833364976
0.129540312180235317
0.129557706527105659
0.129575100873976001
0.129592495220846371
0.129609889567716713
0.129627283914587055
0.129644678261457424
0.129662072608327766
0.129679466955198108
0.12969686130206845
0.12971425564893882
0.129731649995809162
0.129749044342679504
0.129766438689549846
0.129783833036420215
0.129801227383290557
0.129818621730160899
0.129836016077031269
0.129853410423901611
0.129870804770771953
0.129888199117642295
0.129905593464512664
0.129922987811383006
0.129940382158253348
0.129957776505123718
0.12997517085199406
0.129992565198864402
0.130009959545734743
0.130027353892605113
0.130044748239475455
0.130062142586345797
0.130079536933216139
0.130096931280086509
0.13011432562695685
0.130131719973827192
0.130149114320697562
0.130166508667567904
0.130183903014438246
0.130201297361308588
0.130218691708178957
0.130236086055049299
0.130253480401919641
0.130270874748790011
0.130288269095660353
0.130305663442530695
0.130323057789401037
0.130340452136271406
0.130357846483141748
0.13037524083001209
0.130392635176882432
0.130410029523752802
0.130427423870623144
0.130444818217493486
0.130462212564363855
0.130479606911234197
0.130497001258104539
0.130514395604974881
0.130531789951845251
0.130549184298715593
0.130566578645585935
0.130583972992456304
0.130601367339326646
0.130618761686196988
0.13063615603306733
0.1306535503799377
0.130670944726808042
0.130688339073678383
0.130705733420548725
0.130723127767419095
0.130740522114289437
0.130757916461159779
0.130775310808030149
0.13079270515490049
0.130810099501770832
0.130827493848641174
0.130844888195511544
0.130862282542381886
0.130879676889252228
0.130897071236122597
0.130914465582992939
0.130931859929863281
0.130949254276733623
0.130966648623603993
0.130984042970474335
0.131001437317344677
0.131018831664215019
0.131036226011085388
0.13105362035795573
0.131071014704826072
0.131088409051696442
0.131105803398566784
0.131123197745437126
0.131140592092307467
0.131157986439177837
0.131175380786048179
0.131192775132918521
0.131210169479788891
0.131227563826659233
0.131244958173529574
0.131262352520399916
0.131279746867270286
0.131297141214140628
0.13131453556101097
0.13133192990788134
0.131349324254751681
0.131366718601622023
0.131384112948492365
0.131401507295362735
0.131418901642233077
0.131436295989103419
0.131453690335973761
0.13147108468284413
0.131488479029714472
0.131505873376584814
0.131523267723455184
0.131540662070325526
0.131558056417195868
0.13157545076406621
0.131592845110936579
0.131610239457806921
0.131627633804677263
0.131645028151547633
0.131662422498417975
0.131679816845288317
0.131697211192158659
0.131714605539029028
0.13173199988589937
0.131749394232769712
0.131766788579640054
0.131784182926510424
0.131801577273380766
0.131818971620251107
0.131836365967121477
0.131853760313991819
0.131871154660862161
0.131888549007732503
0.131905943354602873
0.131923337701473214
0.131940732048343556
0.131958126395213926
0.131975520742084268
0.13199291508895461
0.132010309435824952
0.132027703782695321
0.132045098129565663
0.132062492476436005
0.132079886823306347
0.132097281170176717
0.132114675517047059
0.132132069863917401
0.13214946421078777
0.132166858557658112
0.132184252904528454
0.132201647251398796
0.132219041598269166
0.132236435945139508
0.13225383029200985
0.132271224638880219
0.132288618985750561
0.132306013332620903
0.132323407679491245
0.132340802026361615
0.132358196373231957
0.132375590720102299
0.13239298506697264
0.13241037941384301
0.132427773760713352
0.132445168107583694
0.132462562454454064
0.132479956801324406
0.132497351148194747
0.132514745495065089
0.132532139841935459
0.132549534188805801
0.132566928535676143
0.132584322882546513
0.132601717229416854
0.132619111576287196
0.132636505923157538
0.132653900270027908
0.13267129461689825
0.132688688963768592
0.132706083310638934
0.132723477657509303
0.132740872004379645
0.132758266351249987
0.132775660698120357
0.132793055044990699
0.132810449391861041
0.132827843738731383
0.132845238085601752
0.132862632432472094
0.132880026779342436
0.132897421126212806
0.132914815473083148
0.13293220981995349
0.132949604166823832
0.132966998513694201
0.132984392860564543
0.133001787207434885
0.133019181554305255
0.133036575901175597
0.133053970248045939
0.13307136459491628
0.13308875894178665
0.133106153288656992
0.133123547635527334
0.133140941982397676
0.133158336329268046
0.133175730676138387
0.133193125023008729
0.133210519369879099
0.133227913716749441
0.133245308063619783
0.133262702410490125
0.133280096757360494
0.133297491104230836
0.133314885451101178
0.133332279797971548
0.13334967414484189
0.133367068491712232
0.133384462838582574
0.133401857185452943
0.133419251532323285
0.133436645879193627
0.133454040226063969
0.133471434572934339
0.133488828919804681
0.133506223266675023
0.133523617613545392
0.133541011960415734
0.133558406307286076
0.133575800654156418
0.133593195001026788
0.13361058934789713
0.133627983694767472
0.133645378041637841
0.133662772388508183
0.133680166735378525
0.133697561082248867
0.133714955429119237
0.133732349775989579
0.13374974412285992
0.133767138469730262
0.133784532816600632
0.133801927163470974
0.133819321510341316
0.133836715857211686
0.133854110204082027
0.133871504550952369
0.133888898897822711
0.133906293244693081
0.133923687591563423
0.133941081938433765
0.133958476285304134
0.133975870632174476
0.133993264979044818
0.13401065932591516
0.13402805367278553
0.134045448019655872
0.134062842366526214
0.134080236713396556
0.134097631060266925
0.134115025407137267
0.134132419754007609
0.134149814100877979
0.134167208447748321
0.134184602794618663
0.134201997141489004
0.134219391488359374
0.134236785835229716
0.134254180182100058
0.134271574528970428
0.13428896887584077
0.134306363222711111
0.134323757569581453
0.134341151916451823
0.134358546263322165
0.134375940610192507
0.134393334957062849
0.134410729303933218
0.13442812365080356
0.134445517997673902
0.134462912344544272
0.134480306691414614
0.134497701038284956
0.134515095385155298
0.134532489732025667
0.134549884078896009
0.134611064472364039
0.134672244865832069
0.134733425259300099
0.134794605652768157
0.134855786046236187
0.134916966439704217
0.134978146833172247
0.135039327226640277
0.135100507620108307
0.135161688013576337
0.135222868407044367
0.135284048800512424
0.135345229193980454
0.135406409587448484
0.135467589980916514
0.135528770374384544
0.135589950767852574
0.135651131161320604
0.135712311554788662
0.135773491948256692
0.135834672341724721
0.135895852735192751
0.135957033128660781
0.136018213522128811
0.136079393915596841
0.136140574309064899
0.136201754702532929
0.136262935096000959
0.136324115489468989
0.136385295882937019
0.136481299801024136
0.136577303719111254
0.136673307637198371
0.136769311555285489
0.136865315473372634
0.136961319391459752
0.137057323309546869
0.137153327227633987
0.137249331145721104
0.137345335063808222
0.137441338981895339
0.137537342899982457
0.137633346818069574
0.137729350736156719
0.137825354654243837
0.137921358572330954
0.138017362490418072
0.138113366408505189
0.138209370326592307
0.138305374244679424
0.138401378162766542
0.138497382080853659
0.138593385998940777
0.138689389917027922
0.13878539383511504
0.138881397753202157
0.138977401671289275
0.139073405589376392
0.13916940950746351
0.139265413425550627
0.139361417343637745
0.139457421261724862
0.13955342517981198
0.139649429097899125
0.139745433015986242
0.13984143693407336
0.139937440852160477
0.140033444770247595
0.140129448688334712
0.14022545260642183
0.140321456524508947
0.140417460442596065
0.140513464360683182
0.140609468278770328
0.140705472196857445
0.140801476114944563
0.14089748003303168
0.140993483951118798
0.141089487869205915
0.141185491787293033
0.14128149570538015
0.141377499623467268
0.141473503541554413
0.14156950745964153
0.141665511377728648
0.141761515295815765
0.141857519213902883
0.14195352313199
0.142049527050077118
0.142145530968164235
0.142241534886251353
0.14233753880433847
0.142433542722425616
0.142529546640512733
0.142625550558599851
0.142721554476686968
0.142817558394774086
0.142913562312861203
0.143009566230948321
0.143105570149035438
0.143201574067122556
0.143297577985209673
0.143393581903296818
0.143489585821383936
0.143585589739471053
0.143681593657558171
0.143777597575645288
0.143873601493732406
0.143969605411819523
0.144065609329906641
0.144161613247993758
0.144257617166080876
0.144353621084168021
0.144449625002255139
0.144545628920342256
0.144641632838429374
0.144737636756516491
0.144833640674603609
0.144929644592690726
0.145025648510777844
0.145121652428864961
0.145217656346952079
0.145313660265039224
0.145409664183126341
0.145505668101213459
0.145601672019300576
0.145697675937387694
0.145793679855474811
0.145889683773561929
0.145985687691649046
0.146081691609736164
0.146177695527823309
0.146273699445910427
0.146369703363997544
0.146465707282084662
0.146561711200171779
0.146657715118258897
0.146753719036346014
0.146849722954433132
0.146945726872520249
0.147041730790607367
0.147137734708694512
0.147233738626781629
0.147329742544868747
0.147425746462955864
0.147521750381042982
0.147617754299130099
0.147713758217217217
0.147809762135304334
0.147905766053391452
0.148001769971478569
0.148097773889565715
0.148193777807652832
0.14828978172573995
0.148385785643827067
0.148481789561914185
0.148577793480001302
0.14867379739808842
0.148769801316175537
0.148865805234262655
0.148961809152349772
0.149057813070436918
0.149153816988524035
0.149249820906611153
0.14934582482469827
0.149441828742785388
0.149537832660872505
0.149633836578959623
0.14972984049704674
0.149825844415133858
0.149921848333220975
0.15001785225130812
0.150113856169395238
0.150209860087482355
0.150305864005569473
0.15040186792365659
0.150497871841743708
0.150593875759830825
0.150689879677917943
0.15078588359600506
0.150881887514092206
0.150977891432179323
0.151073895350266441
0.151169899268353558
0.151265903186440676
0.151361907104527793
0.151457911022614911
0.151553914940702028
0.151649918858789146
0.151745922776876263
0.151841926694963408
0.151937930613050526
0.152033934531137643
0.152129938449224761
0.152225942367311878
0.152321946285398996
0.152417950203486113
0.152513954121573231
0.152609958039660348
0.152705961957747466
0.152801965875834611
0.152897969793921729
0.152993973712008846
0.153089977630095964
0.153185981548183081
0.153281985466270199
0.153377989384357316
0.153473993302444434
0.153569997220531551
0.153666001138618669
0.153762005056705814
0.153858008974792931
0.153954012892880049
0.154050016810967166
0.154146020729054284
0.154242024647141401
0.154338028565228519
0.154434032483315636
0.154530036401402754
0.154626040319489899
0.154722044237577017
0.154818048155664134
0.154914052073751252
0.155010055991838369
0.155106059909925487
0.155202063828012604
0.155298067746099722
0.155394071664186839
0.155490075582273957
0.155586079500361102
0.155682083418448219
0.155778087336535337
0.155874091254622454
0.155970095172709572
0.156066099090796689
0.156162103008883807
0.156258106926970924
0.156354110845058042
0.156450114763145159
0.156546118681232305
0.156642122599319422
0.15673812651740654
0.156834130435493657
0.156930134353580775
0.157026138271667892
0.15712214218975501
0.157218146107842127
0.157314150025929245
0.157410153944016362
0.157506157862103507
0.157602161780190625
0.157698165698277742
0.15779416961636486
0.157890173534451977
0.157986177452539095
0.158082181370626212
0.15817818528871333
0.158274189206800447
0.158370193124887565
0.15846619704297471
0.158562200961061828
0.158658204879148945
0.158754208797236063
0.15885021271532318
0.158946216633410298
0.159050835844935678
0.159155455056461059
0.15926007426798644
0.159364693479511793
0.159469312691037174
0.159573931902562555
0.159678551114087935
0.159783170325613316
0.159887789537138697
0.159992408748664078
0.160097027960189431
0.160201647171714812
0.160306266383240192
0.160410885594765573
0.160515504806290954
0.160620124017816335
0.160724743229341688
0.160829362440867069
0.160933981652392449
0.16103860086391783
0.161143220075443211
0.161247839286968592
0.161352458498493972
0.161457077710019326
0.161561696921544706
0.161666316133070087
0.161770935344595468
0.161875554556120849
0.161980173767646229
0.162084792979171582
0.162189412190696963
0.162294031402222344
0.162398650613747725
0.162503269825273106
0.162607889036798486
0.162712508248323867
0.16281712745984922
0.162921746671374601
0.163026365882899982
0.163130985094425363
0.163235604305950743
0.163340223517476124
0.163444842729001477
0.163549461940526858
0.163654081152052239
0.163758700363577619
0.163863319575103
0.163967938786628381
0.164072557998153762
0.164177177209679115
0.164281796421204496
0.164386415632729876
0.164491034844255257
0.164595654055780638
0.164700273267306019
0.164804892478831372
0.164909511690356753
0.165014130901882133
0.165118750113407514
0.165223369324932895
0.165327988536458276
0.165432607747983657
0.16553722695950901
0.16564184617103439
0.165746465382559771
0.165851084594085152
0.165955703805610533
0.166060323017135913
0.166164942228661267
0.166269561440186647
0.166374180651712028
0.166478799863237409
0.16658341907476279
0.16668803828628817
0.166792657497813551
0.166897276709338904
0.167001895920864285
0.167106515132389666
0.167211134343915047
0.167315753555440427
0.167420372766965808
0.167524991978491161
0.167629611190016542
0.167734230401541923
0.167838849613067304
0.167943468824592684
0.168048088036118065
0.168152707247643446
0.168257326459168799
0.16836194567069418
0.16846656488221956
0.168571184093744941
0.168675803305270322
0.168780422516795703
0.168885041728321056
0.168989660939846437
0.169094280151371817
0.169198899362897198
0.169303518574422579
0.16940813778594796
0.169512756997473341
0.169617376208998694
0.169721995420524074
0.169826614632049455
0.169942838531896762
0.170059062431744068
0.170175286331591374
0.170291510231438681
0.170407734131285987
0.170523958031133294
0.1706401819309806
0.170756405830827934
0.170872629730675241
0.170988853630522547
0.171105077530369853
0.17122130143021716
0.171337525330064466
0.171453749229911773
0.171569973129759079
0.171686197029606386
0.171802420929453692
0.171918644829300998
0.172034868729148305
0.172151092628995611
0.172267316528842918
0.172383540428690224
0.17249976432853753
0.172615988228384837
0.172732212128232143
0.172848436028079477
0.172964659927926784
0.17308088382777409
0.173197107727621397
0.173313331627468703
0.173429555527316009
0.173545779427163316
0.173662003327010622
0.173778227226857929
0.173894451126705235
0.174010675026552541
0.174126898926399848
0.174243122826247154
0.174359346726094461
0.174475570625941767
0.174591794525789074
0.17470801842563638
0.174824242325483714
0.174940466225331021
0.175056690125178327
0.175172914025025633
0.17528913792487294
0.175405361824720246
0.175521585724567553
0.175637809624414859
0.175754033524262165
0.175870257424109472
0.175986481323956778
0.176102705223804085
0.176218929123651391
0.176335153023498697
0.176451376923346004
0.17656760082319331
0.176683824723040617
0.176800048622887923
0.176916272522735257
0.177032496422582564
0.17714872032242987
0.177264944222277177
0.177381168122124483
0.177497392021971789
0.177613615921819096
0.177729839821666402
0.177846063721513709
0.177962287621361015
0.178078511521208321
0.178194735421055628
0.178310959320902934
0.178427183220750241
0.178543407120597547
0.178659631020444853
0.17877585492029216
0.178892078820139494
0.1790083027199868
0.179124526619834107
0.179240750519681413
0.17935697441952872
0.179473198319376026
0.179589422219223332
0.179705646119070639
0.179821870018917945
0.179938093918765252
0.180054317818612558
0.180170541718459865
0.180286765618307171
0.180402989518154477
0.180519213418001784
0.18063543731784909
0.180751661217696397
0.180867885117543703
0.180984109017391037
0.181100332917238344
0.18121655681708565
0.181332780716932956
0.181449004616780263
0.181565228516627569
0.181681452416474876
0.181797676316322182
0.181913900216169488
0.182030124116016795
0.182146348015864101
0.182262571915711408
0.182378795815558714
0.182495019715406021
0.182611243615253327
0.182727467515100633
0.18284369141494794
0.182959915314795274
0.18307613921464258
0.183192363114489887
0.183308587014337193
0.1834248109141845
0.183541034814031806
0.183657258713879112
0.183773482613726419
0.183889706513573725
0.184005930413421032
0.184122154313268338
0.184238378213115644
0.184354602112962951
0.184470826012810257
0.184587049912657564
0.18470327381250487
0.184819497712352176
0.184935721612199483
0.185051945512046817
0.185168169411894123
0.18528439331174143
0.185400617211588736
0.185516841111436043
0.185633065011283349
0.185749288911130656
0.185865512810977962
0.185981736710825268
0.186097960610672575
0.186214184510519881
0.186330408410367188
0.186446632310214494
0.1865628562100618
0.186679080109909107
0.186795304009756413
0.18691152790960372
0.187027751809451054
0.18714397570929836
0.187260199609145667
0.187376423508992973
0.187492647408840279
0.187608871308687586
0.187725095208534892
0.187841319108382199
0.187957543008229505
0.188073766908076812
0.188189990807924118
0.188306214707771424
0.188422438607618731
0.188538662507466037
0.188654886407313344
0.18877111030716065
0.188887334207007956
0.189003558106855263
0.189119782006702597
0.189236005906549903
0.18935222980639721
0.189468453706244516
0.189584677606091823
0.189700901505939129
0.189817125405786435
0.189933349305633742
0.190049573205481048
0.190165797105328355
0.190282021005175661
0.190398244905022967
0.190514468804870274
0.19063069270471758
0.190746916604564887
0.190863140504412193
0.1909793644042595
0.191095588304106834
0.19121181220395414
0.191328036103801447
0.191444260003648753
0.191560483903496059
0.191676707803343366
0.191792931703190672
0.191909155603037979
0.192025379502885285
0.192141603402732591
0.192257827302579898
0.192374051202427204
0.192490275102274511
0.192606499002121817
0.192722722901969123
0.19283894680181643
0.192955170701663736
0.193071394601511043
0.193187618501358377
0.193303842401205683
0.19342006630105299
0.193536290200900296
0.193652514100747603
0.193768738000594909
0.193884961900442215
0.194001185800289522
0.194117409700136828
0.194233633599984135
0.194349857499831441
0.194466081399678747
0.194582305299526054
0.19469852919937336
0.194814753099220667
0.194930976999067973
0.195047200898915279
0.195163424798762614
0.19527964869860992
0.195395872598457226
0.195512096498304533
0.195628320398151839
0.195744544297999146
0.195860768197846452
0.195976992097693758
0.196093215997541065
0.196209439897388371
0.196325663797235678
0.196441887697082984
0.196558111596930291
0.196674335496777597
0.196790559396624903
0.19690678329647221
0.197023007196319516
0.197139231096166823
0.197255454996014157
0.197371678895861463
0.19748790279570877
0.197604126695556076
0.197720350595403382
0.197836574495250689
0.197952798395097995
0.198069022294945302
0.198185246194792608
0.198301470094639914
0.198417693994487221
0.198533917894334527
0.198650141794181834
0.19876636569402914
0.198882589593876447
0.198998813493723753
0.199115037393571059
0.199231261293418394
0.1993474851932657
0.199463709093113006
0.199579932992960313
0.199696156892807619
0.199812380792654926
0.199928604692502232
0.200044828592349538
0.200161052492196845
0.200277276392044151
0.200393500291891458
0.200509724191738764
0.20062594809158607
0.200742171991433377
0.200858395891280683
0.20097461979112799
0.201090843690975296
0.201207067590822603
0.201323291490669937
0.201439515390517243
0.201555739290364549
0.201671963190211856
0.201788187090059162
0.201904410989906469
0.202020634889753775
0.202136858789601082
0.202253082689448388
0.202369306589295694
0.202485530489143001
0.202601754388990307
0.202717978288837614
0.20283420218868492
0.202950426088532226
0.203066649988379533
0.203182873888226839
0.203299097788074173
0.20341532168792148
0.203531545587768786
0.203647769487616093
0.203763993387463399
0.203880217287310705
0.203996441187158012
0.204112665087005318
0.204228888986852625
0.204345112886699931
0.204461336786547238
0.204577560686394544
0.20469378458624185
0.204810008486089157
0.204926232385936463
0.20504245628578377
0.205158680185631076
0.205274904085478382
0.205391127985325717
0.205507351885173023
0.205623575785020329
0.205739799684867636
0.205856023584714942
0.205972247484562249
0.206088471384409555
0.206204695284256861
0.206320919184104168
0.206437143083951474
0.206553366983798781
0.206669590883646087
0.206785814783493394
0.2069020386833407
0.207018262583188006
0.207134486483035313
0.207250710382882619
0.207366934282729953
0.20748315818257726
0.207599382082424566
0.207715605982271873
0.207831829882119179
0.207948053781966485
0.208075143438042287
0.208202233094118061
0.208329322750193863
0.208456412406269664
0.208583502062345466
0.208710591718421268
0.208837681374497042
0.208964771030572843
0.209091860686648645
0.209218950342724447
0.209346039998800248
0.209473129654876022
0.209600219310951824
0.209727308967027626
0.209854398623103428
0.209981488279179229
0.210108577935255003
0.210235667591330805
0.210362757247406607
0.210489846903482408
0.21061693655955821
0.210744026215633984
0.210871115871709786
0.210998205527785587
0.211125295183861389
0.211252384839937191
0.211379474496012992
0.211506564152088766
0.211633653808164568
0.21176074346424037
0.211887833120316171
0.212014922776391973
0.212142012432467747
0.212269102088543549
0.21239619174461935
0.212523281400695152
0.212650371056770954
0.212777460712846728
0.212904550368922529
0.213031640024998331
0.213158729681074133
0.213285819337149934
0.213412908993225708
0.21353999864930151
0.213667088305377312
0.213794177961453113
0.213921267617528915
0.214048357273604689
0.214175446929680491
0.214302536585756292
0.214429626241832094
0.214556715897907896
0.21468380555398367
0.214810895210059472
0.214937984866135273
0.215065074522211075
0.215192164178286877
0.215319253834362651
0.215446343490438452
0.215573433146514254
0.215700522802590056
0.215827612458665857
0.215954702114741631
0.216081791770817433
0.216208881426893235
0.216335971082969036
0.216463060739044838
0.21659015039512064
0.216717240051196414
0.216844329707272215
0.216971419363348017
0.217098509019423819
0.21722559867549962
0.217352688331575394
0.217479777987651196
0.217606867643726998
0.217733957299802799
0.217861046955878601
0.217988136611954375
0.218115226268030177
0.218242315924105978
0.21836940558018178
0.218496495236257582
0.218623584892333356
0.218750674548409157
0.218877764204484959
0.219004853860560761
0.219131943516636563
0.219259033172712337
0.219386122828788138
0.21951321248486394
0.219640302140939742
0.219767391797015543
0.219894481453091317
0.220021571109167119
0.220148660765242921
0.220275750421318722
0.220402840077394524
0.220529929733470298
0.2206570193895461
0.220784109045621901
0.220911198701697703
0.221038288357773505
0.221165378013849279
0.22129246766992508
0.221419557326000882
0.221546646982076684
0.221673736638152485
0.221800826294228287
0.221927915950304061
0.222055005606379863
0.222182095262455664
0.222309184918531466
0.222436274574607268
0.222563364230683042
0.222690453886758843
0.222817543542834645
0.222944633198910447
0.223071722854986249
0.223198812511062022
0.223325902167137824
0.223452991823213626
0.223580081479289428
0.223707171135365229
0.223834260791441003
0.223961350447516805
0.224088440103592607
0.224215529759668408
0.22434261941574421
0.224469709071819984
0.224596798727895786
0.224723888383971587
0.224850978040047389
0.224978067696123191
0.225105157352198965
0.225232247008274766
0.225359336664350568
0.22548642632042637
0.225613515976502171
0.225740605632577945
0.225867695288653747
0.225994784944729549
0.22612187460080535
0.226248964256881152
0.226376053912956954
0.226503143569032728
0.226630233225108529
0.226757322881184331
0.226884412537260133
0.227011502193335934
0.227138591849411708
0.22726568150548751
0.227392771161563312
0.227519860817639114
0.227646950473714915
0.227774040129790689
0.227901129785866491
0.228028219441942293
0.228155309098018094
0.228282398754093896
0.22840948841016967
0.228536578066245472
0.228663667722321273
0.228790757378397075
0.228917847034472877
0.229044936690548651
0.229172026346624452
0.229299116002700254
0.229426205658776056
0.229553295314851857
0.229680384970927631
0.229807474627003433
0.229934564283079235
0.230061653939155036
0.230188743595230838
0.230315833251306612
0.230442922907382414
0.230570012563458215
0.230697102219534017
0.230824191875609819
0.230951281531685593
0.231078371187761394
0.231205460843837196
0.231332550499912998
0.231459640155988799
0.231586729812064601
0.231713819468140375
0.231840909124216177
0.231967998780291979
0.23209508843636778
0.232222178092443582
0.232349267748519356
0.232476357404595158
0.232603447060670959
0.232730536716746761
0.232857626372822563
0.232984716028898337
0.233111805684974138
0.23323889534104994
0.233365984997125742
0.233493074653201543
0.233620164309277317
0.233747253965353119
0.233874343621428921
0.234001433277504722
0.234128522933580524
0.234255612589656298
0.2343827022457321
0.234509791901807901
0.234636881557883703
0.234763971213959505
0.234891060870035279
0.23501815052611108
0.235145240182186882
0.235272329838262684
0.235399419494338485
0.235526509150414259
0.235653598806490061
0.235780688462565863
0.235907778118641664
0.236034867774717466
0.23616195743079324
0.236289047086869042
0.236416136742944843
0.236543226399020645
0.236670316055096447
0.236797405711172249
0.236924495367248023
0.237051585023323824
0.237178674679399626
0.237305764335475428
0.237432853991551229
0.237559943647627003
0.237687033303702805
0.237814122959778607
0.237941212615854408
0.23806830227193021
0.238195391928005984
0.238322481584081786
0.238449571240157587
0.238576660896233389
0.238703750552309191
0.238830840208384965
0.238957929864460766
0.239085019520536568
0.23921210917661237
0.239339198832688171
0.239466288488763945
0.239593378144839747
0.239720467800915549
0.23984755745699135
0.239974647113067152
0.240101736769142926
0.240228826425218728
0.240355916081294529
0.240483005737370331
0.240610095393446133
0.240737185049521907
0.240864274705597708
0.24099136436167351
0.241118454017749312
0.241245543673825114
0.241372633329900887
0.241499722985976689
0.241626812642052491
0.241753902298128293
0.241880991954204094
0.242008081610279896
0.24213517126635567
0.242262260922431472
0.242389350578507273
0.242516440234583075
0.242643529890658877
0.242770619546734651
0.242897709202810452
0.243024798858886254
0.243151888514962056
0.243278978171037857
0.243406067827113631
0.243533157483189433
0.243660247139265235
0.243787336795341036
0.243914426451416838
0.244041516107492612
0.244168605763568414
0.244295695419644215
0.244422785075720017
0.244549874731795819
0.244676964387871593
0.244804054043947394
0.244931143700023196
0.245058233356098998
0.2451853230121748
0.245312412668250573
0.245439502324326375
0.245566591980402177
0.245693681636477979
0.24582077129255378
0.245947860948629554
0.246074950604705356
0.246202040260781158
0.246329129916856959
0.246456219572932761
0.246583309229008535
0.246710398885084337
0.246837488541160138
0.24696457819723594
0.247091667853311742
0.247218757509387543
0.247345847165463317
0.247472936821539119
0.247600026477614921
0.247727116133690722
0.247854205789766524
0.247981295445842298
0.2481083851019181
0.248235474757993901
0.248362564414069703
0.248489654070145505
0.248616743726221279
0.24874383338229708
0.248870923038372882
0.248998012694448684
0.249125102350524485
0.249252192006600259
0.249379281662676061
0.249506371318751863
0.249633460974827665
0.249760550630903466
0.24988764028697924
0.25001472994305507
0.250141819599130844
0.250268909255206617
0.250395998911282447
0.250523088567358221
0.25065017822343405
0.250777267879509824
0.250904357535585598
0.251031447191661428
0.251158536847737202
0.251285626503813031
0.251412716159888805
0.251539805815964579
0.251679682152472328
0.251819558488980078
0.251959434825487827
0.252099311161995576
0.252239187498503326
0.252379063835011075
0.252518940171518769
0.252658816508026518
0.252798692844534267
0.252938569181042017
0.253078445517549766
0.253218321854057515
0.253358198190565265
0.253498074527073014
0.253637950863580708
0.253777827200088457
0.253917703536596207
0.254057579873103956
0.254197456209611705
0.254337332546119455
0.254477208882627204
0.254617085219134898
0.254756961555642647
0.254896837892150396
0.255036714228658146
0.255176590565165895
0.255316466901673644
0.255456343238181394
0.255596219574689087
0.255736095911196837
0.255875972247704586
0.256015848584212335
0.256155724920720085
0.256295601257227834
0.256435477593735583
0.256575353930243277
0.256715230266751027
0.256855106603258776
0.256994982939766525
0.257134859276274275
0.257274735612782024
0.257414611949289773
0.257554488285797523
0.257694364622305216
0.257834240958812966
0.257974117295320715
0.258113993631828464
0.258253869968336214
0.258393746304843963
0.258533622641351712
0.258673498977859406
0.258813375314367156
0.258953251650874905
0.259093127987382654
0.259233004323890404
0.259372880660398153
0.259512756996905902
0.259652633333413596
0.259792509669921345
0.259932386006429095
0.260072262342936844
0.260212138679444593
0.260352015015952343
0.260491891352460092
0.260631767688967786
0.260771644025475535
0.260911520361983285
0.261051396698491034
0.261191273034998783
0.261331149371506533
0.261471025708014282
0.261610902044522031
0.261750778381029725
0.261890654717537474
0.262030531054045224
0.262170407390552973
0.262310283727060722
0.262450160063568472
0.262590036400076221
0.262729912736583915
0.262869789073091664
0.263009665409599414
0.263149541746107163
0.263289418082614912
0.263429294419122662
0.263569170755630411
0.263709047092138105
0.263848923428645854
0.263988799765153603
0.264128676101661353
0.264268552438169102
0.264408428774676851
0.264548305111184601
0.264688181447692295
0.264828057784200044
0.264967934120707793
0.265107810457215542
0.265247686793723292
0.265387563130231041
0.26552743946673879
0.26566731580324654
0.265807192139754234
0.265947068476261983
0.266086944812769732
0.266226821149277482
0.266366697485785231
0.26650657382229298
0.26664645015880073
0.266786326495308423
0.266926202831816173
0.267066079168323922
0.267205955504831671
0.267345831841339421
0.26748570817784717
0.267625584514354919
0.267765460850862613
0.267905337187370363
0.268045213523878112
0.268185089860385861
0.268324966196893611
0.26846484253340136
0.268604718869909109
0.268744595206416803
0.268884471542924552
0.269024347879432302
0.269164224215940051
0.2693041005524478
0.26944397688895555
0.269583853225463299
0.269723729561971048
0.269863605898478742
0.270003482234986492
0.270143358571494241
0.27028323490800199
0.27042311124450974
0.270562987581017489
0.270702863917525238
0.270842740254032932
0.270982616590540681
0.271122492927048431
0.27126236926355618
0.271402245600063929
0.271542121936571679
0.271681998273079428
0.271821874609587122
0.271961750946094871
0.272101627282602621
0.27224150361911037
0.272381379955618119
0.272521256292125869
0.272661132628633618
0.272801008965141312
0.272940885301649061
0.27308076163815681
0.27322063797466456
0.273360514311172309
0.273500390647680058
0.273640266984187808
0.273780143320695557
0.273920019657203251
0.274059895993711
0.27419977233021875
0.274339648666726499
0.274479525003234248
0.274619401339741998
0.274759277676249747
0.274899154012757441
0.27503903034926519
0.275178906685772939
0.275318783022280689
0.275458659358788438
0.275598535695296187
0.275738412031803937
0.27587828836831163
0.27601816470481938
0.276158041041327129
0.276297917377834878
0.276437793714342628
0.276577670050850377
0.276717546387358126
0.27685742272386582
0.27699729906037357
0.277137175396881319
0.277277051733389068
0.277416928069896818
0.277556804406404567
0.277696680742912316
0.277836557079420066
0.277976433415927759
0.278116309752435509
0.278256186088943258
0.278396062425451007
0.278535938761958757
0.278675815098466506
0.278815691434974255
0.278955567771481949
0.279095444107989699
0.279235320444497448
0.279375196781005197
0.279515073117512947
0.279654949454020696
0.279794825790528445
0.279934702127036139
0.280074578463543888
0.280214454800051638
0.280354331136559387
0.280494207473067136
0.280634083809574886
0.280773960146082635
0.280913836482590329
0.281053712819098078
0.281193589155605828
0.281333465492113577
0.281473341828621326
0.281613218165129076
0.281753094501636825
0.281892970838144574
0.282032847174652268
0.282172723511160017
0.282312599847667767
0.282452476184175516
0.282592352520683265
0.282732228857191015
0.282872105193698764
0.283011981530206458
0.283151857866714207
0.283291734203221957
0.283431610539729706
0.283571486876237455
0.283711363212745205
0.283851239549252954
0.283991115885760648
0.284130992222268397
0.284270868558776146
0.284410744895283896
0.284550621231791645
0.284690497568299394
0.284830373904807144
0.284970250241314838
0.285110126577822587
0.285250002914330336
0.285389879250838086
0.285529755587345835
0.285669631923853584
0.285809508260361333
0.285949384596869083
0.286089260933376777
0.286229137269884526
0.286369013606392275
0.286508889942900025
0.286648766279407774
0.286788642615915523
0.286928518952423273
0.287068395288930966
0.287208271625438716
0.287348147961946465
0.287488024298454214
0.287627900634961964
0.287767776971469713
0.287907653307977462
0.288047529644485156
0.288187405980992906
0.288327282317500655
0.288467158654008404
0.288607034990516154
0.288746911327023903
0.288886787663531652
0.289026664000039402
0.289166540336547095
0.289306416673054845
0.289446293009562594
0.289586169346070343
0.289726045682578093
0.289865922019085842
0.290005798355593591
0.290145674692101285
0.290285551028609035
0.290425427365116784
0.290565303701624533
0.290705180038132283
0.290845056374640032
0.290984932711147781
0.291124809047655475
0.291264685384163224
0.291404561720670974
0.291544438057178723
0.291684314393686472
0.291824190730194222
0.291964067066701971
0.292103943403209665
0.292243819739717414
0.292383696076225164
0.292523572412732913
0.292663448749240662
0.292803325085748412
0.292943201422256161
0.29308307775876391
0.293222954095271604
0.293362830431779353
0.293502706768287103
0.293642583104794852
0.293782459441302601
0.293922335777810351
0.2940622121143181
0.294202088450825794
0.294341964787333543
0.294481841123841293
0.294621717460349042
0.294761593796856791
0.294901470133364541
0.29504134646987229
0.295181222806379984
0.295321099142887733
0.295460975479395482
0.295600851815903232
0.295740728152410981
0.29588060448891873
0.29602048082542648
0.296160357161934173
0.296300233498441923
0.296440109834949672
0.296579986171457421
0.296719862507965171
0.29685973884447292
0.296999615180980669
0.297139491517488419
0.297279367853996113
0.297419244190503862
0.297559120527011611
0.297698996863519361
0.29783887320002711
0.297978749536534859
0.298118625873042609
0.298258502209550302
0.298398378546058052
0.298538254882565801
0.29867813121907355
0.2988180075555813
0.298957883892089049
0.299097760228596798
0.299237636565104492
0.299377512901612242
0.299517389238119991
0.29965726557462774
0.29979714191113549
0.299937018247643239
0.300076894584150988
0.300216770920658682
0.300356647257166431
0.300496523593674181
0.30063639993018193
0.300776276266689679
0.300916152603197429
0.301056028939705178
0.301195905276212927
0.301335781612720621
0.301475657949228371
0.30161553428573612
0.301755410622243869
0.301895286958751619
0.302035163295259368
0.302175039631767117
0.302314915968274811
0.30245479230478256
0.30259466864129031
0.302734544977798059
0.302874421314305808
0.303014297650813558
0.303154173987321307
0.303294050323829001
0.30343392666033675
0.3035738029968445
0.303713679333352249
0.303853555669859998
0.303993432006367748
0.304133308342875497
0.304273184679383191
0.30441306101589094
0.304552937352398689
0.304692813688906439
0.304832690025414188
0.304972566361921937
0.305112442698429687
0.305252319034937436
0.30539219537144513
0.305532071707952879
0.305671948044460629
0.305811824380968378
0.305951700717476127
0.306091577053983876
0.306231453390491626
0.30637132972699932
0.306511206063507069
0.306651082400014818
0.306790958736522568
0.306930835073030317
0.307070711409538066
0.307210587746045816
0.307350464082553509
0.307490340419061259
0.307630216755569008
0.307770093092076757
0.307909969428584507
0.308049845765092256
0.308189722101600005
0.308329598438107699
0.308469474774615449
0.308609351111123198
0.308749227447630947
0.308889103784138697
0.309028980120646446
0.309168856457154195
0.309308732793661945
0.309448609130169638
0.309588485466677388
0.309728361803185137
0.309868238139692886
0.310008114476200636
0.310147990812708385
0.310287867149216134
0.310427743485723828
0.310567619822231578
0.310707496158739327
0.310847372495247076
0.310987248831754826
0.311127125168262575
0.311267001504770324
0.311406877841278018
0.311546754177785767
0.311686630514293517
0.311826506850801266
0.311966383187309015
0.312106259523816765
0.312246135860324514
0.312386012196832208
0.312525888533339957
0.312665764869847707
0.312805641206355456
0.312945517542863205
0.313085393879370955
0.313225270215878704
0.313365146552386453
0.313505022888894147
0.313644899225401896
0.313784775561909646
0.313924651898417395
0.314064528234925144
0.314204404571432894
0.314344280907940643
0.314484157244448337
0.314624033580956086
0.314763909917463836
0.314903786253971585
0.315043662590479334
0.315183538926987084
0.315323415263494833
0.315463291600002527
0.315603167936510276
0.315743044273018025
0.315882920609525775
0.316022796946033524
0.316162673282541273
0.316302549619049023
0.316442425955556716
0.316582302292064466
0.316722178628572215
0.316862054965079964
0.317001931301587714
0.317141807638095463
0.317281683974603212
0.317421560311110962
0.317561436647618656
0.317701312984126405
0.317841189320634154
0.317981065657141904
0.318120941993649653
0.318260818330157402
0.318400694666665152
0.318541693996787945
0.318682693326910793
0.318823692657033642
0.31896469198715649
0.319105691317279339
0.319246690647402187
0.319387689977525036
0.319528689307647884
0.319669688637770733
0.319810687967893581
0.319951687298016429
0.320092686628139278
0.320233685958262126
0.320374685288384975
0.320515684618507823
0.320656683948630672
0.32079768327875352
0.320938682608876369
0.321079681938999162
0.32122068126912201
0.321361680599244859
0.321502679929367707
0.321643679259490556
0.321784678589613404
0.321925677919736253
0.322066677249859101
0.32220767657998195
0.322348675910104798
0.322489675240227647
0.322630674570350495
0.322771673900473344
0.322912673230596192
0.323053672560719041
0.323194671890841889
0.323335671220964738
0.323476670551087531
0.323617669881210379
0.323758669211333228
0.323899668541456076
0.324040667871578925
0.324181667201701773
0.324322666531824622
0.32446366586194747
0.324604665192070319
0.324745664522193167
0.324886663852316016
0.325027663182438864
0.325168662512561712
0.325309661842684561
0.325450661172807409
0.325591660502930258
0.325732659833053106
0.325873659163175899
0.326014658493298748
0.326155657823421596
0.326296657153544445
0.326437656483667293
0.326578655813790142
0.32671965514391299
0.326860654474035839
0.327001653804158687
0.327142653134281536
0.327283652464404384
0.327424651794527233
0.327565651124650081
0.32770665045477293
0.327847649784895778
0.327988649115018627
0.328129648445141475
0.328270647775264268
0.328411647105387117
0.328552646435509965
0.328693645765632814
0.328834645095755662
0.328975644425878511
0.329116643756001359
0.329257643086124208
0.329398642416247056
0.329539641746369905
0.329680641076492753
0.329821640406615602
0.32996263973673845
0.330103639066861299
0.330244638396984147
0.330385637727106996
0.330526637057229844
0.330667636387352637
0.330808635717475485
0.330949635047598334
0.331090634377721182
0.331231633707844031
0.331372633037966879
0.331513632368089728
0.331654631698212576
0.331795631028335425
0.331936630358458273
0.332077629688581122
0.33221862901870397
0.332359628348826819
0.332500627678949667
0.332641627009072516
0.332782626339195364
0.332923625669318213
0.333064624999441006
0.333205624329563854
0.333346623659686703
0.333487622989809551
0.3336286223199324
0.333769621650055248
0.333910620980178097
0.334051620310300945
0.334192619640423794
0.334333618970546642
0.334474618300669491
0.334615617630792339
0.334756616960915188
0.334897616291038036
0.335038615621160885
0.335179614951283733
0.335320614281406582
0.335461613611529375
0.335602612941652223
0.335743612271775071
0.33588461160189792
0.336025610932020768
0.336166610262143617
0.336307609592266465
0.336448608922389314
0.336589608252512162
0.336730607582635011
0.336871606912757859
0.337012606242880708
0.337153605573003556
0.337294604903126405
0.337435604233249253
0.337576603563372102
0.33771760289349495
0.337858602223617743
0.337999601553740592
0.33814060088386344
0.338281600213986289
0.338422599544109137
0.338563598874231986
0.338704598204354834
0.338845597534477683
0.338986596864600531
0.33912759619472338
0.339268595524846228
0.339409594854969077
0.339550594185091925
0.339691593515214774
0.339832592845337622
0.339973592175460471
0.340114591505583319
0.340255590835706112
0.340396590165828961
0.340537589495951809
0.340678588826074658
0.340819588156197506
0.340960587486320355
0.341101586816443203
0.341242586146566051
0.3413835854766889
0.341524584806811748
0.341665584136934597
0.341806583467057445
0.341947582797180294
0.342088582127303142
0.342229581457425991
0.342370580787548839
0.342511580117671688
0.342652579447794481
0.342793578777917329
0.342934578108040178
0.343075577438163026
0.343216576768285875
0.343357576098408723
0.343498575428531572
0.34363957475865442
0.343780574088777269
0.343921573418900117
0.344062572749022966
0.344203572079145814
0.344344571409268663
0.344485570739391511
0.34462657006951436
0.344767569399637208
0.344908568729760057
0.34504956805988285
0.345190567390005698
0.345331566720128547
0.345472566050251395
0.345613565380374244
0.345754564710497092
0.345895564040619941
0.346036563370742789
0.346177562700865638
0.346318562030988486
0.346459561361111334
0.346600560691234183
0.346741560021357031
0.34688255935147988
0.347023558681602728
0.347164558011725577
0.347305557341848425
0.347446556671971218
0.347587556002094067
0.347728555332216915
0.347869554662339764
0.348010553992462612
0.348151553322585461
0.348292552652708309
0.348433551982831158
0.348574551312954006
0.348715550643076855
0.348856549973199703
0.348997549303322552
0.3491385486334454
0.349279547963568249
0.349420547293691097
0.349561546623813946
0.349702545953936794
0.349843545284059587
0.349984544614182436
0.350125543944305284
0.350266543274428133
0.350407542604550981
0.35054854193467383
0.350689541264796678
0.350830540594919527
0.350971539925042375
0.351112539255165224
0.351253538585288072
0.351394537915410921
0.351535537245533769
0.351676536575656618
0.351817535905779466
0.351958535235902314
0.352099534566025163
0.352240533896147956
0.352381533226270804
0.352522532556393653
0.352663531886516501
0.35280453121663935
0.352945530546762198
0.353086529876885047
0.353227529207007895
0.353368528537130744
0.353509527867253592
0.353650527197376441
0.353791526527499289
0.353932525857622138
0.354073525187744986
0.354214524517867835
0.354355523847990683
0.354496523178113532
0.354637522508236325
0.354778521838359173
0.354919521168482022
0.35506052049860487
0.355201519828727719
0.355342519158850567
0.355483518488973416
0.355624517819096264
0.355765517149219113
0.355906516479341961
0.35604751580946481
0.356188515139587658
0.356329514469710507
0.356470513799833355
0.356611513129956204
0.356752512460079052
0.356893511790201901
0.357034511120324694
0.357175510450447542
0.35731650978057039
0.357457509110693239
0.357598508440816087
0.357739507770938936
0.357880507101061784
0.358021506431184633
0.358162505761307481
0.35830350509143033
0.358444504421553178
0.358585503751676027
0.358726503081798875
0.358867502411921724
0.359008501742044572
0.359149501072167421
0.359290500402290269
0.359431499732413062
0.359572499062535911
0.359713498392658759
0.359854497722781608
0.359995497052904456
0.360136496383027305
0.360277495713150153
0.360418495043273002
0.36055949437339585
0.360700493703518699
0.360841493033641547
0.360982492363764396
0.361123491693887244
0.361264491024010093
0.361405490354132941
0.36154648968425579
0.361687489014378638
0.361828488344501431
0.36196948767462428
0.362110487004747128
0.362251486334869977
0.362392485664992825
0.362533484995115673
0.362674484325238522
0.36281548365536137
0.362956482985484219
0.363097482315607067
0.363238481645729916
0.363379480975852764
0.363520480305975613
0.363661479636098461
0.36380247896622131
0.363943478296344158
0.364084477626467007
0.3642254769565898
0.364366476286712648
0.364507475616835497
0.364648474946958345
0.364789474277081194
0.364930473607204042
0.365071472937326891
0.365212472267449739
0.365353471597572588
0.365494470927695436
0.365635470257818285
0.365776469587941133
0.365917468918063982
0.36605846824818683
0.366199467578309679
0.366340466908432527
0.366481466238555376
0.366622465568678169
0.366763464898801017
0.366904464228923866
0.367045463559046714
0.367186462889169563
0.367327462219292411
0.36746846154941526
0.367609460879538108
0.367750460209660957
0.367891459539783805
0.368032458869906653
0.368173458200029502
0.36831445753015235
0.368455456860275199
0.368596456190398047
0.368737455520520896
0.368878454850643744
0.369019454180766537
0.369160453510889386
0.369301452841012234
0.369442452171135083
0.369583451501257931
0.36972445083138078
0.369865450161503628
0.370006449491626477
0.370147448821749325
0.370288448151872174
0.370429447481995022
0.370570446812117871
0.370711446142240719
0.370852445472363568
0.370993444802486416
0.371134444132609265
0.371275443462732113
0.371416442792854906
0.371557442122977755
0.371698441453100603
0.371839440783223452
0.3719804401133463
0.372121439443469149
0.372262438773591997
0.372403438103714846
0.372544437433837694
0.372685436763960543
0.372826436094083391
0.37296743542420624
0.373108434754329088
0.373249434084451936
0.373390433414574785
0.373531432744697633
0.373672432074820482
0.373813431404943275
0.373954430735066123
0.374095430065188972
0.37423642939531182
0.374377428725434669
0.374518428055557517
0.374659427385680366
0.374800426715803214
0.374941426045926063
0.375082425376048911
0.37522342470617176
0.375364424036294608
0.375505423366417457
0.375646422696540305
0.375787422026663154
0.375928421356786002
0.376069420686908851
0.376210420017031644
0.376351419347154492
0.376492418677277341
0.376633418007400189
0.376774417337523038
0.376915416667645886
0.377056415997768735
0.377197415327891583
0.377338414658014432
0.37747941398813728
0.377620413318260129
0.377761412648382977
0.377902411978505826
0.378043411308628674
0.378184410638751523
0.378325409968874371
0.37846640929899722
0.378607408629120012
0.378748407959242861
0.378889407289365709
0.379030406619488558
0.379171405949611406
0.379312405279734255
0.379453404609857103
0.379594403939979952
0.3797354032701028
0.379876402600225649
0.380017401930348497
0.380158401260471346
0.380299400590594194
0.380440399920717043
0.380581399250839891
0.38072239858096274
0.380863397911085588
0.381004397241208381
0.38114539657133123
0.381286395901454078
0.381427395231576927
0.381568394561699775
0.381709393891822624
0.381850393221945472
0.381991392552068321
0.382132391882191169
0.382273391212314018
0.382414390542436866
0.382555389872559715
0.382696389202682563
0.382837388532805412
0.38297838786292826
0.383119387193051109
0.383260386523173957
0.38340138585329675
0.383542385183419599
0.383683384513542447
0.383824383843665295
0.383965383173788144
0.384106382503910992
0.384247381834033841
0.384388381164156689
0.384529380494279538
0.384670379824402386
0.384811379154525235
0.384952378484648083
0.385093377814770932
0.38523437714489378
0.385375376475016629
0.385516375805139477
0.385657375135262326
0.385798374465385119
0.385939373795507967
0.386080373125630816
0.386221372455753664
0.386362371785876513
0.386503371115999361
0.38664437044612221
0.386785369776245058
0.386926369106367907
0.387067368436490755
0.387208367766613604
0.387349367096736452
0.387490366426859301
0.387631365756982149
0.387772365087104998
0.387913364417227846
0.388054363747350695
0.388195363077473488
0.388336362407596336
0.388477361737719185
0.388618361067842033
0.388759360397964882
0.38890035972808773
0.389041359058210579
0.389182358388333427
0.389323357718456275
0.389464357048579124
0.389605356378701972
0.389746355708824821
0.389887355038947669
0.390028354369070518
0.390169353699193366
0.390310353029316215
0.390451352359439063
0.390592351689561856
0.390733351019684705
0.390874350349807553
0.391015349679930402
0.39115634901005325
0.391297348340176099
0.391438347670298947
0.391579347000421796
0.391720346330544644
0.391861345660667493
0.392002344990790341
0.39214334432091319
0.392284343651036038
0.392425342981158887
0.392566342311281735
0.392707341641404584
0.392848340971527432
0.392989340301650225
0.393130339631773074
0.393271338961895922
0.393412338292018771
0.393553337622141619
0.393694336952264468
0.393835336282387316
0.393976335612510165
0.394117334942633013
0.394258334272755862
0.39439933360287871
0.394540332933001558
0.394681332263124407
0.394822331593247255
0.394963330923370104
0.395104330253492952
0.395245329583615801
0.395386328913738594
0.395527328243861442
0.395668327573984291
0.395809326904107139
0.395950326234229988
0.396091325564352836
0.396232324894475685
0.396373324224598533
0.396514323554721382
0.39665532288484423
0.396796322214967079
0.396937321545089927
0.397078320875212776
0.397219320205335624
0.397360319535458473
0.397501318865581321
0.39764231819570417
0.397783317525826963
0.397924316855949811
0.39806531618607266
0.398206315516195508
0.398347314846318357
0.398488314176441205
0.398629313506564054
0.398770312836686902
0.398911312166809751
0.399052311496932599
0.399193310827055448
0.399334310157178296
0.399475309487301145
0.399616308817423993
0.399757308147546842
0.39989830747766969
0.400039306807792538
0.400180306137915331
0.40032130546803818
0.400462304798161028
0.400603304128283877
0.400744303458406725
0.400885302788529574
0.401026302118652422
0.401167301448775271
0.401308300778898119
0.401449300109020968
0.401590299439143816
0.401731298769266665
0.401872298099389513
0.402013297429512362
0.40215429675963521
0.402295296089758059
0.402436295419880907
0.4025772947500037
0.402718294080126549
0.402859293410249397
0.403000292740372246
0.403141292070495094
0.403282291400617943
0.403423290730740791
0.40356429006086364
0.403705289390986488
0.403846288721109337
0.403987288051232185
0.404128287381355034
0.404269286711477882
0.404410286041600731
0.404551285371723579
0.404692284701846428
0.404833284031969276
0.404974283362092069
0.405115282692214917
0.405256282022337766
0.405397281352460614
0.405538280682583463
0.405679280012706311
0.40582027934282916
0.405961278672952008
0.406102278003074857
0.406243277333197705
0.406384276663320554
0.406525275993443402
0.406666275323566251
0.406807274653689099
0.406948273983811948
0.407089273313934796
0.407230272644057645
0.407371271974180438
0.407512271304303286
0.407653270634426135
0.407794269964548983
0.407935269294671832
0.40807626862479468
0.408217267954917529
0.408358267285040377
0.408499266615163226
0.408640265945286074
0.408781265275408923
0.408922264605531771
0.40906326393565462
0.409204263265777468
0.409345262595900317
0.409486261926023165
0.409627261256146014
0.409768260586268807
0.409909259916391655
0.410050259246514504
0.410191258576637352
0.410332257906760201
0.410473257236883049
0.410614256567005897
0.410755255897128746
0.410896255227251594
0.411037254557374443
0.411178253887497291
0.41131925321762014
0.411460252547742988
0.411601251877865837
0.411742251207988685
0.411883250538111534
0.412024249868234382
0.412165249198357175
0.412306248528480024
0.412447247858602872
0.412588247188725721
0.412729246518848569
0.412870245848971418
0.413011245179094266
0.413152244509217115
0.413293243839339963
0.413434243169462812
0.41357524249958566
0.413716241829708509
0.413857241159831357
0.413998240489954206
0.414139239820077054
0.414280239150199903
0.414421238480322751
0.414562237810445544
0.414703237140568393
0.414844236470691241
0.41498523580081409
0.415126235130936938
0.415267234461059787
0.415408233791182635
0.415549233121305484
0.415690232451428332
0.41583123178155118
0.415972231111674029
0.416113230441796877
0.416254229771919726
0.416395229102042574
0.416536228432165423
0.416677227762288271
0.41681822709241112
0.416959226422533913
0.417100225752656761
0.41724122508277961
0.417382224412902458
0.417523223743025307
0.417664223073148155
0.417805222403271004
0.417946221733393852
0.418087221063516701
0.418228220393639549
0.418369219723762398
0.418510219053885246
0.418651218384008095
0.418792217714130943
0.418933217044253792
0.41907421637437664
0.419215215704499489
0.419356215034622282
0.41949721436474513
0.419638213694867979
0.419779213024990827
0.419920212355113676
0.420061211685236524
0.420202211015359373
0.420343210345482221
0.42048420967560507
0.420625209005727918
0.420766208335850767
0.420907207665973615
0.421048206996096464
0.421189206326219312
0.42133020565634216
0.421471204986465009
0.421612204316587857
0.42175320364671065
0.421894202976833499
0.422035202306956347
0.422176201637079196
0.422317200967202044
0.422458200297324893
0.422599199627447741
0.42274019895757059
0.422881198287693438
0.423022197617816287
0.423163196947939135
0.423304196278061984
0.423445195608184832
0.423586194938307681
0.423727194268430529
0.423868193598553378
0.424009192928676226
0.424150192258799019
0.424291191588921868
0.424432190919044716
0.424573190249167565
0.424714189579290413
0.424855188909413262
0.42499618823953611
0.425137187569658959
0.425278186899781807
0.425419186229904656
0.425560185560027504
0.425701184890150353
0.425842184220273201
0.42598318355039605
0.426124182880518898
0.426265182210641747
0.426406181540764595
0.426547180870887388
0.426688180201010236
0.426829179531133085
0.426970178861255933
0.427111178191378782
0.42725217752150163
0.427393176851624479
0.427534176181747327
0.427675175511870176
0.427816174841993024
0.427957174172115873
0.428098173502238721
0.42823917283236157
0.428380172162484418
0.428521171492607267
0.428662170822730115
0.428803170152852964
0.428944169482975757
0.429085168813098605
0.429226168143221454
0.429367167473344302
0.429508166803467151
0.429649166133589999
0.429790165463712848
0.429931164793835696
0.430072164123958545
0.430213163454081393
0.430354162784204242
0.43049516211432709
0.430636161444449939
0.430777160774572787
0.430918160104695636
0.431059159434818484
0.431200158764941333
0.431341158095064126
0.431482157425186974
0.431623156755309823
0.431764156085432671
0.431905155415555519
0.432046154745678368
0.432187154075801216
0.432328153405924065
0.432469152736046913
0.432610152066169762
0.43275115139629261
0.432892150726415459
0.433033150056538307
0.433174149386661156
0.433315148716784004
0.433456148046906853
0.433597147377029701
0.433738146707152494
0.433879146037275343
0.434020145367398191
0.43416114469752104
0.434302144027643888
0.434443143357766737
0.434584142687889585
0.434725142018012434
0.434866141348135282
0.435007140678258131
0.435148140008380979
0.435289139338503828
0.435430138668626676
0.435571137998749525
0.435712137328872373
0.435853136658995222
0.43599413598911807
0.436135135319240863
0.436276134649363712
0.43641713397948656
0.436558133309609409
0.436699132639732257
0.436840131969855106
0.436981131299977954
0.437122130630100802
0.437263129960223651
0.437404129290346499
0.437545128620469348
0.437686127950592196
0.437827127280715045
0.437968126610837893
0.438109125940960742
0.43825012527108359
0.438391124601206439
0.438532123931329232
0.43867312326145208
0.438814122591574929
0.438955121921697777
0.439096121251820626
0.439237120581943474
0.439378119912066323
0.439519119242189171
0.43966011857231202
0.439801117902434868
0.439942117232557717
0.440083116562680565
0.440224115892803414
0.440365115222926262
0.440506114553049111
0.440647113883171959
0.440788113213294808
0.440929112543417601
0.441070111873540449
0.441211111203663298
0.441352110533786146
0.441493109863908995
0.441634109194031843
0.441775108524154692
0.44191610785427754
0.442057107184400389
0.442198106514523237
0.442339105844646086
0.442480105174768934
0.442621104504891782
0.442762103835014631
0.442903103165137479
0.443044102495260328
0.443185101825383176
0.443326101155505969
0.443467100485628818
0.443608099815751666
0.443749099145874515
0.443890098475997363
0.444031097806120212
0.44417209713624306
0.444313096466365909
0.444454095796488757
0.444595095126611606
0.444736094456734454
0.444877093786857303
0.445018093116980151
0.445159092447103
0.445300091777225848
0.445441091107348697
0.445582090437471545
0.445723089767594338
0.445864089097717187
0.446005088427840035
0.446146087757962884
0.446287087088085732
0.446428086418208581
0.446569085748331429
0.446710085078454278
0.446851084408577126
0.446992083738699975
0.447133083068822823
0.447274082398945672
0.44741508172906852
0.447556081059191369
0.447697080389314217
0.447838079719437065
0.447979079049559914
0.448120078379682707
0.448261077709805555
0.448402077039928404
0.448543076370051252
0.448684075700174101
0.448825075030296949
0.448966074360419798
0.449107073690542646
0.449248073020665495
0.449389072350788343
0.449530071680911192
0.44967107101103404
0.449812070341156889
0.449953069671279737
0.450094069001402586
0.450235068331525434
0.450376067661648283
0.450517066991771076
0.450658066321893924
0.450799065652016773
0.450940064982139621
0.45108106431226247
0.451222063642385318
0.451363062972508167
0.451504062302631015
0.451645061632753864
0.451786060962876712
0.451927060292999561
0.452068059623122409
0.452209058953245258
0.452350058283368106
0.452491057613490955
0.452632056943613803
0.452773056273736652
0.452914055603859445
0.453055054933982293
0.453196054264105141
0.45333705359422799
0.453478052924350838
0.453619052254473687
0.453760051584596535
0.453901050914719384
0.454042050244842232
0.454183049574965081
0.454324048905087929
0.454465048235210778
0.454606047565333626
0.454747046895456475
0.454888046225579323
0.455029045555702172
0.45517004488582502
0.455311044215947813
0.455452043546070662
0.45559304287619351
0.455734042206316359
0.455875041536439207
0.456016040866562056
0.456157040196684904
0.456298039526807753
0.456439038856930601
0.45658003818705345
0.456721037517176298
0.456862036847299147
0.457003036177421995
0.457144035507544844
0.457285034837667692
0.457426034167790541
0.457567033497913389
0.457708032828036182
0.457849032158159031
0.457990031488281879
0.458131030818404728
0.458272030148527576
0.458413029478650424
0.458554028808773273
0.458695028138896121
0.45883602746901897
0.458977026799141818
0.459118026129264667
0.459259025459387515
0.459400024789510364
0.459541024119633212
0.459682023449756061
0.459823022779878909
0.459964022110001758
0.460105021440124551
0.460246020770247399
0.460387020100370248
0.460528019430493096
0.460669018760615945
0.460810018090738793
0.460951017420861642
0.46109201675098449
0.461233016081107339
0.461374015411230187
0.461515014741353036
0.461656014071475884
0.461797013401598733
0.461938012731721581
0.46207901206184443
0.462220011391967278
0.462361010722090127
0.46250201005221292
0.462643009382335768
0.462784008712458617
0.462925008042581465
0.463066007372704314
0.463207006702827162
0.463348006032950011
0.463489005363072859
0.463630004693195708
0.463771004023318556
0.463912003353441404
0.464053002683564253
0.464194002013687101
0.46433500134380995
0.464476000673932798
0.464617000004055647
0.464757999334178495
0.464898998664301288
0.465039997994424137
0.465180997324546985
0.465321996654669834
0.465462995984792682
0.465603995314915531
0.465744994645038379
0.465885993975161228
0.466026993305284076
0.466167992635406925
0.466308991965529773
0.466449991295652622
0.46659099062577547
0.467689885622301682
0.468788780618827894
0.469887675615354161
